Municipios;Sexo;Periodo;Total
17001 Agullana;Total;2025;880
17001 Agullana;Total;2024;909
17001 Agullana;Total;2023;923
17001 Agullana;Total;2022;903
17001 Agullana;Total;2021;885
17001 Agullana;Total;2020;863
17001 Agullana;Total;2019;831
17001 Agullana;Total;2018;841
17001 Agullana;Total;2017;831
17001 Agullana;Total;2016;841
17001 Agullana;Total;2015;828
17001 Agullana;Total;2014;826
17001 Agullana;Total;2013;853
17001 Agullana;Total;2012;858
17001 Agullana;Total;2011;839
17001 Agullana;Total;2010;840
17001 Agullana;Total;2009;812
17001 Agullana;Total;2008;806
17001 Agullana;Total;2007;753
17001 Agullana;Total;2006;756
17001 Agullana;Total;2005;759
17001 Agullana;Total;2004;746
17001 Agullana;Total;2003;723
17001 Agullana;Total;2002;672
17001 Agullana;Total;2001;666
17001 Agullana;Total;2000;655
17001 Agullana;Total;1999;624
17001 Agullana;Total;1998;622
17001 Agullana;Total;1997;""
17001 Agullana;Total;1996;619
17001 Agullana;Hombres;2025;435
17001 Agullana;Hombres;2024;448
17001 Agullana;Hombres;2023;455
17001 Agullana;Hombres;2022;455
17001 Agullana;Hombres;2021;445
17001 Agullana;Hombres;2020;431
17001 Agullana;Hombres;2019;411
17001 Agullana;Hombres;2018;418
17001 Agullana;Hombres;2017;414
17001 Agullana;Hombres;2016;419
17001 Agullana;Hombres;2015;418
17001 Agullana;Hombres;2014;414
17001 Agullana;Hombres;2013;434
17001 Agullana;Hombres;2012;439
17001 Agullana;Hombres;2011;430
17001 Agullana;Hombres;2010;438
17001 Agullana;Hombres;2009;429
17001 Agullana;Hombres;2008;421
17001 Agullana;Hombres;2007;397
17001 Agullana;Hombres;2006;394
17001 Agullana;Hombres;2005;393
17001 Agullana;Hombres;2004;382
17001 Agullana;Hombres;2003;369
17001 Agullana;Hombres;2002;343
17001 Agullana;Hombres;2001;336
17001 Agullana;Hombres;2000;332
17001 Agullana;Hombres;1999;322
17001 Agullana;Hombres;1998;325
17001 Agullana;Hombres;1997;""
17001 Agullana;Hombres;1996;329
17001 Agullana;Mujeres;2025;445
17001 Agullana;Mujeres;2024;461
17001 Agullana;Mujeres;2023;468
17001 Agullana;Mujeres;2022;448
17001 Agullana;Mujeres;2021;440
17001 Agullana;Mujeres;2020;432
17001 Agullana;Mujeres;2019;420
17001 Agullana;Mujeres;2018;423
17001 Agullana;Mujeres;2017;417
17001 Agullana;Mujeres;2016;422
17001 Agullana;Mujeres;2015;410
17001 Agullana;Mujeres;2014;412
17001 Agullana;Mujeres;2013;419
17001 Agullana;Mujeres;2012;419
17001 Agullana;Mujeres;2011;409
17001 Agullana;Mujeres;2010;402
17001 Agullana;Mujeres;2009;383
17001 Agullana;Mujeres;2008;385
17001 Agullana;Mujeres;2007;356
17001 Agullana;Mujeres;2006;362
17001 Agullana;Mujeres;2005;366
17001 Agullana;Mujeres;2004;364
17001 Agullana;Mujeres;2003;354
17001 Agullana;Mujeres;2002;329
17001 Agullana;Mujeres;2001;330
17001 Agullana;Mujeres;2000;323
17001 Agullana;Mujeres;1999;302
17001 Agullana;Mujeres;1998;297
17001 Agullana;Mujeres;1997;""
17001 Agullana;Mujeres;1996;290
17002 Aiguaviva;Total;2025;804
17002 Aiguaviva;Total;2024;802
17002 Aiguaviva;Total;2023;770
17002 Aiguaviva;Total;2022;780
17002 Aiguaviva;Total;2021;789
17002 Aiguaviva;Total;2020;765
17002 Aiguaviva;Total;2019;756
17002 Aiguaviva;Total;2018;767
17002 Aiguaviva;Total;2017;779
17002 Aiguaviva;Total;2016;763
17002 Aiguaviva;Total;2015;775
17002 Aiguaviva;Total;2014;783
17002 Aiguaviva;Total;2013;792
17002 Aiguaviva;Total;2012;774
17002 Aiguaviva;Total;2011;754
17002 Aiguaviva;Total;2010;727
17002 Aiguaviva;Total;2009;714
17002 Aiguaviva;Total;2008;678
17002 Aiguaviva;Total;2007;614
17002 Aiguaviva;Total;2006;594
17002 Aiguaviva;Total;2005;601
17002 Aiguaviva;Total;2004;593
17002 Aiguaviva;Total;2003;587
17002 Aiguaviva;Total;2002;571
17002 Aiguaviva;Total;2001;537
17002 Aiguaviva;Total;2000;515
17002 Aiguaviva;Total;1999;471
17002 Aiguaviva;Total;1998;455
17002 Aiguaviva;Total;1997;""
17002 Aiguaviva;Total;1996;432
17002 Aiguaviva;Hombres;2025;416
17002 Aiguaviva;Hombres;2024;403
17002 Aiguaviva;Hombres;2023;384
17002 Aiguaviva;Hombres;2022;387
17002 Aiguaviva;Hombres;2021;395
17002 Aiguaviva;Hombres;2020;385
17002 Aiguaviva;Hombres;2019;383
17002 Aiguaviva;Hombres;2018;388
17002 Aiguaviva;Hombres;2017;395
17002 Aiguaviva;Hombres;2016;391
17002 Aiguaviva;Hombres;2015;391
17002 Aiguaviva;Hombres;2014;392
17002 Aiguaviva;Hombres;2013;393
17002 Aiguaviva;Hombres;2012;383
17002 Aiguaviva;Hombres;2011;380
17002 Aiguaviva;Hombres;2010;368
17002 Aiguaviva;Hombres;2009;362
17002 Aiguaviva;Hombres;2008;346
17002 Aiguaviva;Hombres;2007;310
17002 Aiguaviva;Hombres;2006;292
17002 Aiguaviva;Hombres;2005;304
17002 Aiguaviva;Hombres;2004;301
17002 Aiguaviva;Hombres;2003;295
17002 Aiguaviva;Hombres;2002;291
17002 Aiguaviva;Hombres;2001;270
17002 Aiguaviva;Hombres;2000;261
17002 Aiguaviva;Hombres;1999;236
17002 Aiguaviva;Hombres;1998;230
17002 Aiguaviva;Hombres;1997;""
17002 Aiguaviva;Hombres;1996;215
17002 Aiguaviva;Mujeres;2025;388
17002 Aiguaviva;Mujeres;2024;399
17002 Aiguaviva;Mujeres;2023;386
17002 Aiguaviva;Mujeres;2022;393
17002 Aiguaviva;Mujeres;2021;394
17002 Aiguaviva;Mujeres;2020;380
17002 Aiguaviva;Mujeres;2019;373
17002 Aiguaviva;Mujeres;2018;379
17002 Aiguaviva;Mujeres;2017;384
17002 Aiguaviva;Mujeres;2016;372
17002 Aiguaviva;Mujeres;2015;384
17002 Aiguaviva;Mujeres;2014;391
17002 Aiguaviva;Mujeres;2013;399
17002 Aiguaviva;Mujeres;2012;391
17002 Aiguaviva;Mujeres;2011;374
17002 Aiguaviva;Mujeres;2010;359
17002 Aiguaviva;Mujeres;2009;352
17002 Aiguaviva;Mujeres;2008;332
17002 Aiguaviva;Mujeres;2007;304
17002 Aiguaviva;Mujeres;2006;302
17002 Aiguaviva;Mujeres;2005;297
17002 Aiguaviva;Mujeres;2004;292
17002 Aiguaviva;Mujeres;2003;292
17002 Aiguaviva;Mujeres;2002;280
17002 Aiguaviva;Mujeres;2001;267
17002 Aiguaviva;Mujeres;2000;254
17002 Aiguaviva;Mujeres;1999;235
17002 Aiguaviva;Mujeres;1998;225
17002 Aiguaviva;Mujeres;1997;""
17002 Aiguaviva;Mujeres;1996;217
17003 Albanyà;Total;2025;157
17003 Albanyà;Total;2024;168
17003 Albanyà;Total;2023;171
17003 Albanyà;Total;2022;180
17003 Albanyà;Total;2021;178
17003 Albanyà;Total;2020;155
17003 Albanyà;Total;2019;157
17003 Albanyà;Total;2018;139
17003 Albanyà;Total;2017;141
17003 Albanyà;Total;2016;147
17003 Albanyà;Total;2015;149
17003 Albanyà;Total;2014;155
17003 Albanyà;Total;2013;164
17003 Albanyà;Total;2012;153
17003 Albanyà;Total;2011;150
17003 Albanyà;Total;2010;149
17003 Albanyà;Total;2009;152
17003 Albanyà;Total;2008;143
17003 Albanyà;Total;2007;137
17003 Albanyà;Total;2006;137
17003 Albanyà;Total;2005;131
17003 Albanyà;Total;2004;135
17003 Albanyà;Total;2003;116
17003 Albanyà;Total;2002;110
17003 Albanyà;Total;2001;125
17003 Albanyà;Total;2000;128
17003 Albanyà;Total;1999;137
17003 Albanyà;Total;1998;131
17003 Albanyà;Total;1997;""
17003 Albanyà;Total;1996;123
17003 Albanyà;Hombres;2025;79
17003 Albanyà;Hombres;2024;85
17003 Albanyà;Hombres;2023;88
17003 Albanyà;Hombres;2022;94
17003 Albanyà;Hombres;2021;90
17003 Albanyà;Hombres;2020;79
17003 Albanyà;Hombres;2019;80
17003 Albanyà;Hombres;2018;72
17003 Albanyà;Hombres;2017;75
17003 Albanyà;Hombres;2016;82
17003 Albanyà;Hombres;2015;85
17003 Albanyà;Hombres;2014;85
17003 Albanyà;Hombres;2013;90
17003 Albanyà;Hombres;2012;85
17003 Albanyà;Hombres;2011;84
17003 Albanyà;Hombres;2010;83
17003 Albanyà;Hombres;2009;81
17003 Albanyà;Hombres;2008;76
17003 Albanyà;Hombres;2007;70
17003 Albanyà;Hombres;2006;72
17003 Albanyà;Hombres;2005;72
17003 Albanyà;Hombres;2004;71
17003 Albanyà;Hombres;2003;62
17003 Albanyà;Hombres;2002;59
17003 Albanyà;Hombres;2001;66
17003 Albanyà;Hombres;2000;68
17003 Albanyà;Hombres;1999;73
17003 Albanyà;Hombres;1998;69
17003 Albanyà;Hombres;1997;""
17003 Albanyà;Hombres;1996;64
17003 Albanyà;Mujeres;2025;78
17003 Albanyà;Mujeres;2024;83
17003 Albanyà;Mujeres;2023;83
17003 Albanyà;Mujeres;2022;86
17003 Albanyà;Mujeres;2021;88
17003 Albanyà;Mujeres;2020;76
17003 Albanyà;Mujeres;2019;77
17003 Albanyà;Mujeres;2018;67
17003 Albanyà;Mujeres;2017;66
17003 Albanyà;Mujeres;2016;65
17003 Albanyà;Mujeres;2015;64
17003 Albanyà;Mujeres;2014;70
17003 Albanyà;Mujeres;2013;74
17003 Albanyà;Mujeres;2012;68
17003 Albanyà;Mujeres;2011;66
17003 Albanyà;Mujeres;2010;66
17003 Albanyà;Mujeres;2009;71
17003 Albanyà;Mujeres;2008;67
17003 Albanyà;Mujeres;2007;67
17003 Albanyà;Mujeres;2006;65
17003 Albanyà;Mujeres;2005;59
17003 Albanyà;Mujeres;2004;64
17003 Albanyà;Mujeres;2003;54
17003 Albanyà;Mujeres;2002;51
17003 Albanyà;Mujeres;2001;59
17003 Albanyà;Mujeres;2000;60
17003 Albanyà;Mujeres;1999;64
17003 Albanyà;Mujeres;1998;62
17003 Albanyà;Mujeres;1997;""
17003 Albanyà;Mujeres;1996;59
17004 Albons;Total;2025;845
17004 Albons;Total;2024;830
17004 Albons;Total;2023;819
17004 Albons;Total;2022;797
17004 Albons;Total;2021;798
17004 Albons;Total;2020;759
17004 Albons;Total;2019;776
17004 Albons;Total;2018;765
17004 Albons;Total;2017;769
17004 Albons;Total;2016;765
17004 Albons;Total;2015;745
17004 Albons;Total;2014;727
17004 Albons;Total;2013;739
17004 Albons;Total;2012;714
17004 Albons;Total;2011;709
17004 Albons;Total;2010;710
17004 Albons;Total;2009;687
17004 Albons;Total;2008;666
17004 Albons;Total;2007;625
17004 Albons;Total;2006;620
17004 Albons;Total;2005;589
17004 Albons;Total;2004;574
17004 Albons;Total;2003;607
17004 Albons;Total;2002;588
17004 Albons;Total;2001;596
17004 Albons;Total;2000;572
17004 Albons;Total;1999;564
17004 Albons;Total;1998;528
17004 Albons;Total;1997;""
17004 Albons;Total;1996;513
17004 Albons;Hombres;2025;428
17004 Albons;Hombres;2024;425
17004 Albons;Hombres;2023;425
17004 Albons;Hombres;2022;415
17004 Albons;Hombres;2021;407
17004 Albons;Hombres;2020;391
17004 Albons;Hombres;2019;401
17004 Albons;Hombres;2018;396
17004 Albons;Hombres;2017;381
17004 Albons;Hombres;2016;387
17004 Albons;Hombres;2015;382
17004 Albons;Hombres;2014;375
17004 Albons;Hombres;2013;387
17004 Albons;Hombres;2012;370
17004 Albons;Hombres;2011;368
17004 Albons;Hombres;2010;369
17004 Albons;Hombres;2009;358
17004 Albons;Hombres;2008;345
17004 Albons;Hombres;2007;327
17004 Albons;Hombres;2006;329
17004 Albons;Hombres;2005;308
17004 Albons;Hombres;2004;304
17004 Albons;Hombres;2003;322
17004 Albons;Hombres;2002;307
17004 Albons;Hombres;2001;316
17004 Albons;Hombres;2000;300
17004 Albons;Hombres;1999;293
17004 Albons;Hombres;1998;273
17004 Albons;Hombres;1997;""
17004 Albons;Hombres;1996;264
17004 Albons;Mujeres;2025;417
17004 Albons;Mujeres;2024;405
17004 Albons;Mujeres;2023;394
17004 Albons;Mujeres;2022;382
17004 Albons;Mujeres;2021;391
17004 Albons;Mujeres;2020;368
17004 Albons;Mujeres;2019;375
17004 Albons;Mujeres;2018;369
17004 Albons;Mujeres;2017;388
17004 Albons;Mujeres;2016;378
17004 Albons;Mujeres;2015;363
17004 Albons;Mujeres;2014;352
17004 Albons;Mujeres;2013;352
17004 Albons;Mujeres;2012;344
17004 Albons;Mujeres;2011;341
17004 Albons;Mujeres;2010;341
17004 Albons;Mujeres;2009;329
17004 Albons;Mujeres;2008;321
17004 Albons;Mujeres;2007;298
17004 Albons;Mujeres;2006;291
17004 Albons;Mujeres;2005;281
17004 Albons;Mujeres;2004;270
17004 Albons;Mujeres;2003;285
17004 Albons;Mujeres;2002;281
17004 Albons;Mujeres;2001;280
17004 Albons;Mujeres;2000;272
17004 Albons;Mujeres;1999;271
17004 Albons;Mujeres;1998;255
17004 Albons;Mujeres;1997;""
17004 Albons;Mujeres;1996;249
17006 Alp;Total;2025;1.724
17006 Alp;Total;2024;1.728
17006 Alp;Total;2023;1.719
17006 Alp;Total;2022;1.717
17006 Alp;Total;2021;1.645
17006 Alp;Total;2020;1.593
17006 Alp;Total;2019;1.580
17006 Alp;Total;2018;1.559
17006 Alp;Total;2017;1.499
17006 Alp;Total;2016;1.536
17006 Alp;Total;2015;1.595
17006 Alp;Total;2014;1.661
17006 Alp;Total;2013;1.712
17006 Alp;Total;2012;1.745
17006 Alp;Total;2011;1.743
17006 Alp;Total;2010;1.733
17006 Alp;Total;2009;1.735
17006 Alp;Total;2008;1.686
17006 Alp;Total;2007;1.576
17006 Alp;Total;2006;1.467
17006 Alp;Total;2005;1.389
17006 Alp;Total;2004;1.315
17006 Alp;Total;2003;1.297
17006 Alp;Total;2002;1.272
17006 Alp;Total;2001;1.231
17006 Alp;Total;2000;1.194
17006 Alp;Total;1999;1.127
17006 Alp;Total;1998;1.105
17006 Alp;Total;1997;""
17006 Alp;Total;1996;1.012
17006 Alp;Hombres;2025;901
17006 Alp;Hombres;2024;892
17006 Alp;Hombres;2023;899
17006 Alp;Hombres;2022;894
17006 Alp;Hombres;2021;849
17006 Alp;Hombres;2020;823
17006 Alp;Hombres;2019;828
17006 Alp;Hombres;2018;809
17006 Alp;Hombres;2017;775
17006 Alp;Hombres;2016;800
17006 Alp;Hombres;2015;835
17006 Alp;Hombres;2014;876
17006 Alp;Hombres;2013;908
17006 Alp;Hombres;2012;927
17006 Alp;Hombres;2011;927
17006 Alp;Hombres;2010;928
17006 Alp;Hombres;2009;918
17006 Alp;Hombres;2008;885
17006 Alp;Hombres;2007;823
17006 Alp;Hombres;2006;771
17006 Alp;Hombres;2005;726
17006 Alp;Hombres;2004;691
17006 Alp;Hombres;2003;685
17006 Alp;Hombres;2002;673
17006 Alp;Hombres;2001;651
17006 Alp;Hombres;2000;620
17006 Alp;Hombres;1999;582
17006 Alp;Hombres;1998;570
17006 Alp;Hombres;1997;""
17006 Alp;Hombres;1996;525
17006 Alp;Mujeres;2025;823
17006 Alp;Mujeres;2024;836
17006 Alp;Mujeres;2023;820
17006 Alp;Mujeres;2022;823
17006 Alp;Mujeres;2021;796
17006 Alp;Mujeres;2020;770
17006 Alp;Mujeres;2019;752
17006 Alp;Mujeres;2018;750
17006 Alp;Mujeres;2017;724
17006 Alp;Mujeres;2016;736
17006 Alp;Mujeres;2015;760
17006 Alp;Mujeres;2014;785
17006 Alp;Mujeres;2013;804
17006 Alp;Mujeres;2012;818
17006 Alp;Mujeres;2011;816
17006 Alp;Mujeres;2010;805
17006 Alp;Mujeres;2009;817
17006 Alp;Mujeres;2008;801
17006 Alp;Mujeres;2007;753
17006 Alp;Mujeres;2006;696
17006 Alp;Mujeres;2005;663
17006 Alp;Mujeres;2004;624
17006 Alp;Mujeres;2003;612
17006 Alp;Mujeres;2002;599
17006 Alp;Mujeres;2001;580
17006 Alp;Mujeres;2000;574
17006 Alp;Mujeres;1999;545
17006 Alp;Mujeres;1998;535
17006 Alp;Mujeres;1997;""
17006 Alp;Mujeres;1996;487
17007 Amer;Total;2025;2.422
17007 Amer;Total;2024;2.415
17007 Amer;Total;2023;2.423
17007 Amer;Total;2022;2.422
17007 Amer;Total;2021;2.383
17007 Amer;Total;2020;2.332
17007 Amer;Total;2019;2.298
17007 Amer;Total;2018;2.256
17007 Amer;Total;2017;2.242
17007 Amer;Total;2016;2.260
17007 Amer;Total;2015;2.250
17007 Amer;Total;2014;2.281
17007 Amer;Total;2013;2.283
17007 Amer;Total;2012;2.277
17007 Amer;Total;2011;2.277
17007 Amer;Total;2010;2.306
17007 Amer;Total;2009;2.304
17007 Amer;Total;2008;2.270
17007 Amer;Total;2007;2.266
17007 Amer;Total;2006;2.258
17007 Amer;Total;2005;2.237
17007 Amer;Total;2004;2.184
17007 Amer;Total;2003;2.189
17007 Amer;Total;2002;2.196
17007 Amer;Total;2001;2.205
17007 Amer;Total;2000;2.220
17007 Amer;Total;1999;2.246
17007 Amer;Total;1998;2.241
17007 Amer;Total;1997;""
17007 Amer;Total;1996;2.276
17007 Amer;Hombres;2025;1.205
17007 Amer;Hombres;2024;1.206
17007 Amer;Hombres;2023;1.198
17007 Amer;Hombres;2022;1.185
17007 Amer;Hombres;2021;1.170
17007 Amer;Hombres;2020;1.144
17007 Amer;Hombres;2019;1.122
17007 Amer;Hombres;2018;1.106
17007 Amer;Hombres;2017;1.090
17007 Amer;Hombres;2016;1.107
17007 Amer;Hombres;2015;1.095
17007 Amer;Hombres;2014;1.095
17007 Amer;Hombres;2013;1.099
17007 Amer;Hombres;2012;1.105
17007 Amer;Hombres;2011;1.127
17007 Amer;Hombres;2010;1.144
17007 Amer;Hombres;2009;1.146
17007 Amer;Hombres;2008;1.109
17007 Amer;Hombres;2007;1.132
17007 Amer;Hombres;2006;1.127
17007 Amer;Hombres;2005;1.111
17007 Amer;Hombres;2004;1.077
17007 Amer;Hombres;2003;1.075
17007 Amer;Hombres;2002;1.080
17007 Amer;Hombres;2001;1.089
17007 Amer;Hombres;2000;1.092
17007 Amer;Hombres;1999;1.114
17007 Amer;Hombres;1998;1.108
17007 Amer;Hombres;1997;""
17007 Amer;Hombres;1996;1.126
17007 Amer;Mujeres;2025;1.217
17007 Amer;Mujeres;2024;1.209
17007 Amer;Mujeres;2023;1.225
17007 Amer;Mujeres;2022;1.237
17007 Amer;Mujeres;2021;1.213
17007 Amer;Mujeres;2020;1.188
17007 Amer;Mujeres;2019;1.176
17007 Amer;Mujeres;2018;1.150
17007 Amer;Mujeres;2017;1.152
17007 Amer;Mujeres;2016;1.153
17007 Amer;Mujeres;2015;1.155
17007 Amer;Mujeres;2014;1.186
17007 Amer;Mujeres;2013;1.184
17007 Amer;Mujeres;2012;1.172
17007 Amer;Mujeres;2011;1.150
17007 Amer;Mujeres;2010;1.162
17007 Amer;Mujeres;2009;1.158
17007 Amer;Mujeres;2008;1.161
17007 Amer;Mujeres;2007;1.134
17007 Amer;Mujeres;2006;1.131
17007 Amer;Mujeres;2005;1.126
17007 Amer;Mujeres;2004;1.107
17007 Amer;Mujeres;2003;1.114
17007 Amer;Mujeres;2002;1.116
17007 Amer;Mujeres;2001;1.116
17007 Amer;Mujeres;2000;1.128
17007 Amer;Mujeres;1999;1.132
17007 Amer;Mujeres;1998;1.133
17007 Amer;Mujeres;1997;""
17007 Amer;Mujeres;1996;1.150
17008 Anglès;Total;2025;5.944
17008 Anglès;Total;2024;5.969
17008 Anglès;Total;2023;5.884
17008 Anglès;Total;2022;5.682
17008 Anglès;Total;2021;5.709
17008 Anglès;Total;2020;5.654
17008 Anglès;Total;2019;5.599
17008 Anglès;Total;2018;5.519
17008 Anglès;Total;2017;5.479
17008 Anglès;Total;2016;5.473
17008 Anglès;Total;2015;5.540
17008 Anglès;Total;2014;5.606
17008 Anglès;Total;2013;5.662
17008 Anglès;Total;2012;5.719
17008 Anglès;Total;2011;5.637
17008 Anglès;Total;2010;5.560
17008 Anglès;Total;2009;5.569
17008 Anglès;Total;2008;5.446
17008 Anglès;Total;2007;5.281
17008 Anglès;Total;2006;5.211
17008 Anglès;Total;2005;5.191
17008 Anglès;Total;2004;5.096
17008 Anglès;Total;2003;5.049
17008 Anglès;Total;2002;5.020
17008 Anglès;Total;2001;4.973
17008 Anglès;Total;2000;5.009
17008 Anglès;Total;1999;4.943
17008 Anglès;Total;1998;4.752
17008 Anglès;Total;1997;""
17008 Anglès;Total;1996;4.785
17008 Anglès;Hombres;2025;2.968
17008 Anglès;Hombres;2024;2.989
17008 Anglès;Hombres;2023;2.958
17008 Anglès;Hombres;2022;2.851
17008 Anglès;Hombres;2021;2.850
17008 Anglès;Hombres;2020;2.817
17008 Anglès;Hombres;2019;2.780
17008 Anglès;Hombres;2018;2.735
17008 Anglès;Hombres;2017;2.713
17008 Anglès;Hombres;2016;2.709
17008 Anglès;Hombres;2015;2.748
17008 Anglès;Hombres;2014;2.786
17008 Anglès;Hombres;2013;2.818
17008 Anglès;Hombres;2012;2.850
17008 Anglès;Hombres;2011;2.828
17008 Anglès;Hombres;2010;2.801
17008 Anglès;Hombres;2009;2.828
17008 Anglès;Hombres;2008;2.792
17008 Anglès;Hombres;2007;2.697
17008 Anglès;Hombres;2006;2.679
17008 Anglès;Hombres;2005;2.687
17008 Anglès;Hombres;2004;2.625
17008 Anglès;Hombres;2003;2.606
17008 Anglès;Hombres;2002;2.572
17008 Anglès;Hombres;2001;2.529
17008 Anglès;Hombres;2000;2.527
17008 Anglès;Hombres;1999;2.471
17008 Anglès;Hombres;1998;2.394
17008 Anglès;Hombres;1997;""
17008 Anglès;Hombres;1996;2.427
17008 Anglès;Mujeres;2025;2.976
17008 Anglès;Mujeres;2024;2.980
17008 Anglès;Mujeres;2023;2.926
17008 Anglès;Mujeres;2022;2.831
17008 Anglès;Mujeres;2021;2.859
17008 Anglès;Mujeres;2020;2.837
17008 Anglès;Mujeres;2019;2.819
17008 Anglès;Mujeres;2018;2.784
17008 Anglès;Mujeres;2017;2.766
17008 Anglès;Mujeres;2016;2.764
17008 Anglès;Mujeres;2015;2.792
17008 Anglès;Mujeres;2014;2.820
17008 Anglès;Mujeres;2013;2.844
17008 Anglès;Mujeres;2012;2.869
17008 Anglès;Mujeres;2011;2.809
17008 Anglès;Mujeres;2010;2.759
17008 Anglès;Mujeres;2009;2.741
17008 Anglès;Mujeres;2008;2.654
17008 Anglès;Mujeres;2007;2.584
17008 Anglès;Mujeres;2006;2.532
17008 Anglès;Mujeres;2005;2.504
17008 Anglès;Mujeres;2004;2.471
17008 Anglès;Mujeres;2003;2.443
17008 Anglès;Mujeres;2002;2.448
17008 Anglès;Mujeres;2001;2.444
17008 Anglès;Mujeres;2000;2.482
17008 Anglès;Mujeres;1999;2.472
17008 Anglès;Mujeres;1998;2.358
17008 Anglès;Mujeres;1997;""
17008 Anglès;Mujeres;1996;2.358
17009 Arbúcies;Total;2025;6.665
17009 Arbúcies;Total;2024;6.574
17009 Arbúcies;Total;2023;6.531
17009 Arbúcies;Total;2022;6.474
17009 Arbúcies;Total;2021;6.507
17009 Arbúcies;Total;2020;6.608
17009 Arbúcies;Total;2019;6.556
17009 Arbúcies;Total;2018;6.515
17009 Arbúcies;Total;2017;6.427
17009 Arbúcies;Total;2016;6.380
17009 Arbúcies;Total;2015;6.297
17009 Arbúcies;Total;2014;6.481
17009 Arbúcies;Total;2013;6.527
17009 Arbúcies;Total;2012;6.741
17009 Arbúcies;Total;2011;6.713
17009 Arbúcies;Total;2010;6.647
17009 Arbúcies;Total;2009;6.595
17009 Arbúcies;Total;2008;6.526
17009 Arbúcies;Total;2007;6.271
17009 Arbúcies;Total;2006;6.232
17009 Arbúcies;Total;2005;6.002
17009 Arbúcies;Total;2004;5.775
17009 Arbúcies;Total;2003;5.599
17009 Arbúcies;Total;2002;5.416
17009 Arbúcies;Total;2001;5.208
17009 Arbúcies;Total;2000;5.026
17009 Arbúcies;Total;1999;4.939
17009 Arbúcies;Total;1998;4.814
17009 Arbúcies;Total;1997;""
17009 Arbúcies;Total;1996;4.317
17009 Arbúcies;Hombres;2025;3.440
17009 Arbúcies;Hombres;2024;3.379
17009 Arbúcies;Hombres;2023;3.349
17009 Arbúcies;Hombres;2022;3.335
17009 Arbúcies;Hombres;2021;3.355
17009 Arbúcies;Hombres;2020;3.416
17009 Arbúcies;Hombres;2019;3.390
17009 Arbúcies;Hombres;2018;3.378
17009 Arbúcies;Hombres;2017;3.307
17009 Arbúcies;Hombres;2016;3.298
17009 Arbúcies;Hombres;2015;3.259
17009 Arbúcies;Hombres;2014;3.377
17009 Arbúcies;Hombres;2013;3.402
17009 Arbúcies;Hombres;2012;3.538
17009 Arbúcies;Hombres;2011;3.541
17009 Arbúcies;Hombres;2010;3.515
17009 Arbúcies;Hombres;2009;3.508
17009 Arbúcies;Hombres;2008;3.479
17009 Arbúcies;Hombres;2007;3.340
17009 Arbúcies;Hombres;2006;3.368
17009 Arbúcies;Hombres;2005;3.208
17009 Arbúcies;Hombres;2004;3.056
17009 Arbúcies;Hombres;2003;2.953
17009 Arbúcies;Hombres;2002;2.787
17009 Arbúcies;Hombres;2001;2.665
17009 Arbúcies;Hombres;2000;2.543
17009 Arbúcies;Hombres;1999;2.481
17009 Arbúcies;Hombres;1998;2.401
17009 Arbúcies;Hombres;1997;""
17009 Arbúcies;Hombres;1996;2.139
17009 Arbúcies;Mujeres;2025;3.225
17009 Arbúcies;Mujeres;2024;3.195
17009 Arbúcies;Mujeres;2023;3.182
17009 Arbúcies;Mujeres;2022;3.139
17009 Arbúcies;Mujeres;2021;3.152
17009 Arbúcies;Mujeres;2020;3.192
17009 Arbúcies;Mujeres;2019;3.166
17009 Arbúcies;Mujeres;2018;3.137
17009 Arbúcies;Mujeres;2017;3.120
17009 Arbúcies;Mujeres;2016;3.082
17009 Arbúcies;Mujeres;2015;3.038
17009 Arbúcies;Mujeres;2014;3.104
17009 Arbúcies;Mujeres;2013;3.125
17009 Arbúcies;Mujeres;2012;3.203
17009 Arbúcies;Mujeres;2011;3.172
17009 Arbúcies;Mujeres;2010;3.132
17009 Arbúcies;Mujeres;2009;3.087
17009 Arbúcies;Mujeres;2008;3.047
17009 Arbúcies;Mujeres;2007;2.931
17009 Arbúcies;Mujeres;2006;2.864
17009 Arbúcies;Mujeres;2005;2.794
17009 Arbúcies;Mujeres;2004;2.719
17009 Arbúcies;Mujeres;2003;2.646
17009 Arbúcies;Mujeres;2002;2.629
17009 Arbúcies;Mujeres;2001;2.543
17009 Arbúcies;Mujeres;2000;2.483
17009 Arbúcies;Mujeres;1999;2.458
17009 Arbúcies;Mujeres;1998;2.413
17009 Arbúcies;Mujeres;1997;""
17009 Arbúcies;Mujeres;1996;2.178
17010 Argelaguer;Total;2025;468
17010 Argelaguer;Total;2024;452
17010 Argelaguer;Total;2023;428
17010 Argelaguer;Total;2022;439
17010 Argelaguer;Total;2021;417
17010 Argelaguer;Total;2020;396
17010 Argelaguer;Total;2019;397
17010 Argelaguer;Total;2018;423
17010 Argelaguer;Total;2017;423
17010 Argelaguer;Total;2016;415
17010 Argelaguer;Total;2015;412
17010 Argelaguer;Total;2014;425
17010 Argelaguer;Total;2013;425
17010 Argelaguer;Total;2012;425
17010 Argelaguer;Total;2011;424
17010 Argelaguer;Total;2010;425
17010 Argelaguer;Total;2009;445
17010 Argelaguer;Total;2008;430
17010 Argelaguer;Total;2007;423
17010 Argelaguer;Total;2006;418
17010 Argelaguer;Total;2005;408
17010 Argelaguer;Total;2004;385
17010 Argelaguer;Total;2003;406
17010 Argelaguer;Total;2002;404
17010 Argelaguer;Total;2001;401
17010 Argelaguer;Total;2000;379
17010 Argelaguer;Total;1999;368
17010 Argelaguer;Total;1998;365
17010 Argelaguer;Total;1997;""
17010 Argelaguer;Total;1996;361
17010 Argelaguer;Hombres;2025;233
17010 Argelaguer;Hombres;2024;234
17010 Argelaguer;Hombres;2023;214
17010 Argelaguer;Hombres;2022;224
17010 Argelaguer;Hombres;2021;212
17010 Argelaguer;Hombres;2020;207
17010 Argelaguer;Hombres;2019;205
17010 Argelaguer;Hombres;2018;219
17010 Argelaguer;Hombres;2017;219
17010 Argelaguer;Hombres;2016;218
17010 Argelaguer;Hombres;2015;221
17010 Argelaguer;Hombres;2014;229
17010 Argelaguer;Hombres;2013;223
17010 Argelaguer;Hombres;2012;223
17010 Argelaguer;Hombres;2011;226
17010 Argelaguer;Hombres;2010;227
17010 Argelaguer;Hombres;2009;233
17010 Argelaguer;Hombres;2008;224
17010 Argelaguer;Hombres;2007;221
17010 Argelaguer;Hombres;2006;225
17010 Argelaguer;Hombres;2005;218
17010 Argelaguer;Hombres;2004;204
17010 Argelaguer;Hombres;2003;217
17010 Argelaguer;Hombres;2002;213
17010 Argelaguer;Hombres;2001;213
17010 Argelaguer;Hombres;2000;206
17010 Argelaguer;Hombres;1999;200
17010 Argelaguer;Hombres;1998;201
17010 Argelaguer;Hombres;1997;""
17010 Argelaguer;Hombres;1996;190
17010 Argelaguer;Mujeres;2025;235
17010 Argelaguer;Mujeres;2024;218
17010 Argelaguer;Mujeres;2023;214
17010 Argelaguer;Mujeres;2022;215
17010 Argelaguer;Mujeres;2021;205
17010 Argelaguer;Mujeres;2020;189
17010 Argelaguer;Mujeres;2019;192
17010 Argelaguer;Mujeres;2018;204
17010 Argelaguer;Mujeres;2017;204
17010 Argelaguer;Mujeres;2016;197
17010 Argelaguer;Mujeres;2015;191
17010 Argelaguer;Mujeres;2014;196
17010 Argelaguer;Mujeres;2013;202
17010 Argelaguer;Mujeres;2012;202
17010 Argelaguer;Mujeres;2011;198
17010 Argelaguer;Mujeres;2010;198
17010 Argelaguer;Mujeres;2009;212
17010 Argelaguer;Mujeres;2008;206
17010 Argelaguer;Mujeres;2007;202
17010 Argelaguer;Mujeres;2006;193
17010 Argelaguer;Mujeres;2005;190
17010 Argelaguer;Mujeres;2004;181
17010 Argelaguer;Mujeres;2003;189
17010 Argelaguer;Mujeres;2002;191
17010 Argelaguer;Mujeres;2001;188
17010 Argelaguer;Mujeres;2000;173
17010 Argelaguer;Mujeres;1999;168
17010 Argelaguer;Mujeres;1998;164
17010 Argelaguer;Mujeres;1997;""
17010 Argelaguer;Mujeres;1996;171
17011 Armentera, L';Total;2025;1.080
17011 Armentera, L';Total;2024;1.070
17011 Armentera, L';Total;2023;1.061
17011 Armentera, L';Total;2022;1.043
17011 Armentera, L';Total;2021;998
17011 Armentera, L';Total;2020;951
17011 Armentera, L';Total;2019;930
17011 Armentera, L';Total;2018;937
17011 Armentera, L';Total;2017;949
17011 Armentera, L';Total;2016;935
17011 Armentera, L';Total;2015;907
17011 Armentera, L';Total;2014;901
17011 Armentera, L';Total;2013;871
17011 Armentera, L';Total;2012;860
17011 Armentera, L';Total;2011;863
17011 Armentera, L';Total;2010;865
17011 Armentera, L';Total;2009;855
17011 Armentera, L';Total;2008;827
17011 Armentera, L';Total;2007;783
17011 Armentera, L';Total;2006;770
17011 Armentera, L';Total;2005;765
17011 Armentera, L';Total;2004;738
17011 Armentera, L';Total;2003;747
17011 Armentera, L';Total;2002;755
17011 Armentera, L';Total;2001;755
17011 Armentera, L';Total;2000;756
17011 Armentera, L';Total;1999;742
17011 Armentera, L';Total;1998;749
17011 Armentera, L';Total;1997;""
17011 Armentera, L';Total;1996;749
17011 Armentera, L';Hombres;2025;550
17011 Armentera, L';Hombres;2024;540
17011 Armentera, L';Hombres;2023;539
17011 Armentera, L';Hombres;2022;532
17011 Armentera, L';Hombres;2021;503
17011 Armentera, L';Hombres;2020;478
17011 Armentera, L';Hombres;2019;461
17011 Armentera, L';Hombres;2018;468
17011 Armentera, L';Hombres;2017;480
17011 Armentera, L';Hombres;2016;471
17011 Armentera, L';Hombres;2015;451
17011 Armentera, L';Hombres;2014;450
17011 Armentera, L';Hombres;2013;436
17011 Armentera, L';Hombres;2012;426
17011 Armentera, L';Hombres;2011;417
17011 Armentera, L';Hombres;2010;420
17011 Armentera, L';Hombres;2009;411
17011 Armentera, L';Hombres;2008;402
17011 Armentera, L';Hombres;2007;384
17011 Armentera, L';Hombres;2006;382
17011 Armentera, L';Hombres;2005;379
17011 Armentera, L';Hombres;2004;364
17011 Armentera, L';Hombres;2003;373
17011 Armentera, L';Hombres;2002;373
17011 Armentera, L';Hombres;2001;377
17011 Armentera, L';Hombres;2000;375
17011 Armentera, L';Hombres;1999;372
17011 Armentera, L';Hombres;1998;374
17011 Armentera, L';Hombres;1997;""
17011 Armentera, L';Hombres;1996;367
17011 Armentera, L';Mujeres;2025;530
17011 Armentera, L';Mujeres;2024;530
17011 Armentera, L';Mujeres;2023;522
17011 Armentera, L';Mujeres;2022;511
17011 Armentera, L';Mujeres;2021;495
17011 Armentera, L';Mujeres;2020;473
17011 Armentera, L';Mujeres;2019;469
17011 Armentera, L';Mujeres;2018;469
17011 Armentera, L';Mujeres;2017;469
17011 Armentera, L';Mujeres;2016;464
17011 Armentera, L';Mujeres;2015;456
17011 Armentera, L';Mujeres;2014;451
17011 Armentera, L';Mujeres;2013;435
17011 Armentera, L';Mujeres;2012;434
17011 Armentera, L';Mujeres;2011;446
17011 Armentera, L';Mujeres;2010;445
17011 Armentera, L';Mujeres;2009;444
17011 Armentera, L';Mujeres;2008;425
17011 Armentera, L';Mujeres;2007;399
17011 Armentera, L';Mujeres;2006;388
17011 Armentera, L';Mujeres;2005;386
17011 Armentera, L';Mujeres;2004;374
17011 Armentera, L';Mujeres;2003;374
17011 Armentera, L';Mujeres;2002;382
17011 Armentera, L';Mujeres;2001;378
17011 Armentera, L';Mujeres;2000;381
17011 Armentera, L';Mujeres;1999;370
17011 Armentera, L';Mujeres;1998;375
17011 Armentera, L';Mujeres;1997;""
17011 Armentera, L';Mujeres;1996;382
17012 Avinyonet de Puigventós;Total;2025;1.671
17012 Avinyonet de Puigventós;Total;2024;1.684
17012 Avinyonet de Puigventós;Total;2023;1.681
17012 Avinyonet de Puigventós;Total;2022;1.676
17012 Avinyonet de Puigventós;Total;2021;1.657
17012 Avinyonet de Puigventós;Total;2020;1.641
17012 Avinyonet de Puigventós;Total;2019;1.610
17012 Avinyonet de Puigventós;Total;2018;1.604
17012 Avinyonet de Puigventós;Total;2017;1.565
17012 Avinyonet de Puigventós;Total;2016;1.587
17012 Avinyonet de Puigventós;Total;2015;1.565
17012 Avinyonet de Puigventós;Total;2014;1.581
17012 Avinyonet de Puigventós;Total;2013;1.566
17012 Avinyonet de Puigventós;Total;2012;1.523
17012 Avinyonet de Puigventós;Total;2011;1.509
17012 Avinyonet de Puigventós;Total;2010;1.517
17012 Avinyonet de Puigventós;Total;2009;1.449
17012 Avinyonet de Puigventós;Total;2008;1.417
17012 Avinyonet de Puigventós;Total;2007;1.361
17012 Avinyonet de Puigventós;Total;2006;1.241
17012 Avinyonet de Puigventós;Total;2005;1.101
17012 Avinyonet de Puigventós;Total;2004;983
17012 Avinyonet de Puigventós;Total;2003;955
17012 Avinyonet de Puigventós;Total;2002;805
17012 Avinyonet de Puigventós;Total;2001;725
17012 Avinyonet de Puigventós;Total;2000;618
17012 Avinyonet de Puigventós;Total;1999;507
17012 Avinyonet de Puigventós;Total;1998;537
17012 Avinyonet de Puigventós;Total;1997;""
17012 Avinyonet de Puigventós;Total;1996;473
17012 Avinyonet de Puigventós;Hombres;2025;829
17012 Avinyonet de Puigventós;Hombres;2024;841
17012 Avinyonet de Puigventós;Hombres;2023;843
17012 Avinyonet de Puigventós;Hombres;2022;831
17012 Avinyonet de Puigventós;Hombres;2021;825
17012 Avinyonet de Puigventós;Hombres;2020;818
17012 Avinyonet de Puigventós;Hombres;2019;796
17012 Avinyonet de Puigventós;Hombres;2018;803
17012 Avinyonet de Puigventós;Hombres;2017;781
17012 Avinyonet de Puigventós;Hombres;2016;803
17012 Avinyonet de Puigventós;Hombres;2015;795
17012 Avinyonet de Puigventós;Hombres;2014;797
17012 Avinyonet de Puigventós;Hombres;2013;800
17012 Avinyonet de Puigventós;Hombres;2012;764
17012 Avinyonet de Puigventós;Hombres;2011;768
17012 Avinyonet de Puigventós;Hombres;2010;768
17012 Avinyonet de Puigventós;Hombres;2009;745
17012 Avinyonet de Puigventós;Hombres;2008;752
17012 Avinyonet de Puigventós;Hombres;2007;712
17012 Avinyonet de Puigventós;Hombres;2006;646
17012 Avinyonet de Puigventós;Hombres;2005;557
17012 Avinyonet de Puigventós;Hombres;2004;495
17012 Avinyonet de Puigventós;Hombres;2003;481
17012 Avinyonet de Puigventós;Hombres;2002;417
17012 Avinyonet de Puigventós;Hombres;2001;367
17012 Avinyonet de Puigventós;Hombres;2000;315
17012 Avinyonet de Puigventós;Hombres;1999;253
17012 Avinyonet de Puigventós;Hombres;1998;271
17012 Avinyonet de Puigventós;Hombres;1997;""
17012 Avinyonet de Puigventós;Hombres;1996;238
17012 Avinyonet de Puigventós;Mujeres;2025;842
17012 Avinyonet de Puigventós;Mujeres;2024;843
17012 Avinyonet de Puigventós;Mujeres;2023;838
17012 Avinyonet de Puigventós;Mujeres;2022;845
17012 Avinyonet de Puigventós;Mujeres;2021;832
17012 Avinyonet de Puigventós;Mujeres;2020;823
17012 Avinyonet de Puigventós;Mujeres;2019;814
17012 Avinyonet de Puigventós;Mujeres;2018;801
17012 Avinyonet de Puigventós;Mujeres;2017;784
17012 Avinyonet de Puigventós;Mujeres;2016;784
17012 Avinyonet de Puigventós;Mujeres;2015;770
17012 Avinyonet de Puigventós;Mujeres;2014;784
17012 Avinyonet de Puigventós;Mujeres;2013;766
17012 Avinyonet de Puigventós;Mujeres;2012;759
17012 Avinyonet de Puigventós;Mujeres;2011;741
17012 Avinyonet de Puigventós;Mujeres;2010;749
17012 Avinyonet de Puigventós;Mujeres;2009;704
17012 Avinyonet de Puigventós;Mujeres;2008;665
17012 Avinyonet de Puigventós;Mujeres;2007;649
17012 Avinyonet de Puigventós;Mujeres;2006;595
17012 Avinyonet de Puigventós;Mujeres;2005;544
17012 Avinyonet de Puigventós;Mujeres;2004;488
17012 Avinyonet de Puigventós;Mujeres;2003;474
17012 Avinyonet de Puigventós;Mujeres;2002;388
17012 Avinyonet de Puigventós;Mujeres;2001;358
17012 Avinyonet de Puigventós;Mujeres;2000;303
17012 Avinyonet de Puigventós;Mujeres;1999;254
17012 Avinyonet de Puigventós;Mujeres;1998;266
17012 Avinyonet de Puigventós;Mujeres;1997;""
17012 Avinyonet de Puigventós;Mujeres;1996;235
17015 Banyoles;Total;2025;20.865
17015 Banyoles;Total;2024;20.599
17015 Banyoles;Total;2023;20.506
17015 Banyoles;Total;2022;20.187
17015 Banyoles;Total;2021;20.168
17015 Banyoles;Total;2020;20.053
17015 Banyoles;Total;2019;19.826
17015 Banyoles;Total;2018;19.615
17015 Banyoles;Total;2017;19.397
17015 Banyoles;Total;2016;19.239
17015 Banyoles;Total;2015;19.299
17015 Banyoles;Total;2014;19.343
17015 Banyoles;Total;2013;19.119
17015 Banyoles;Total;2012;19.341
17015 Banyoles;Total;2011;19.159
17015 Banyoles;Total;2010;18.780
17015 Banyoles;Total;2009;18.327
17015 Banyoles;Total;2008;17.917
17015 Banyoles;Total;2007;17.451
17015 Banyoles;Total;2006;17.309
17015 Banyoles;Total;2005;16.938
17015 Banyoles;Total;2004;16.423
17015 Banyoles;Total;2003;16.244
17015 Banyoles;Total;2002;15.796
17015 Banyoles;Total;2001;15.436
17015 Banyoles;Total;2000;15.084
17015 Banyoles;Total;1999;14.985
17015 Banyoles;Total;1998;14.748
17015 Banyoles;Total;1997;""
17015 Banyoles;Total;1996;14.395
17015 Banyoles;Hombres;2025;10.325
17015 Banyoles;Hombres;2024;10.188
17015 Banyoles;Hombres;2023;10.175
17015 Banyoles;Hombres;2022;10.012
17015 Banyoles;Hombres;2021;10.040
17015 Banyoles;Hombres;2020;9.986
17015 Banyoles;Hombres;2019;9.873
17015 Banyoles;Hombres;2018;9.741
17015 Banyoles;Hombres;2017;9.644
17015 Banyoles;Hombres;2016;9.608
17015 Banyoles;Hombres;2015;9.652
17015 Banyoles;Hombres;2014;9.709
17015 Banyoles;Hombres;2013;9.582
17015 Banyoles;Hombres;2012;9.697
17015 Banyoles;Hombres;2011;9.618
17015 Banyoles;Hombres;2010;9.410
17015 Banyoles;Hombres;2009;9.187
17015 Banyoles;Hombres;2008;8.975
17015 Banyoles;Hombres;2007;8.687
17015 Banyoles;Hombres;2006;8.705
17015 Banyoles;Hombres;2005;8.499
17015 Banyoles;Hombres;2004;8.175
17015 Banyoles;Hombres;2003;8.077
17015 Banyoles;Hombres;2002;7.824
17015 Banyoles;Hombres;2001;7.583
17015 Banyoles;Hombres;2000;7.410
17015 Banyoles;Hombres;1999;7.358
17015 Banyoles;Hombres;1998;7.218
17015 Banyoles;Hombres;1997;""
17015 Banyoles;Hombres;1996;6.989
17015 Banyoles;Mujeres;2025;10.540
17015 Banyoles;Mujeres;2024;10.411
17015 Banyoles;Mujeres;2023;10.331
17015 Banyoles;Mujeres;2022;10.175
17015 Banyoles;Mujeres;2021;10.128
17015 Banyoles;Mujeres;2020;10.067
17015 Banyoles;Mujeres;2019;9.953
17015 Banyoles;Mujeres;2018;9.874
17015 Banyoles;Mujeres;2017;9.753
17015 Banyoles;Mujeres;2016;9.631
17015 Banyoles;Mujeres;2015;9.647
17015 Banyoles;Mujeres;2014;9.634
17015 Banyoles;Mujeres;2013;9.537
17015 Banyoles;Mujeres;2012;9.644
17015 Banyoles;Mujeres;2011;9.541
17015 Banyoles;Mujeres;2010;9.370
17015 Banyoles;Mujeres;2009;9.140
17015 Banyoles;Mujeres;2008;8.942
17015 Banyoles;Mujeres;2007;8.764
17015 Banyoles;Mujeres;2006;8.604
17015 Banyoles;Mujeres;2005;8.439
17015 Banyoles;Mujeres;2004;8.248
17015 Banyoles;Mujeres;2003;8.167
17015 Banyoles;Mujeres;2002;7.972
17015 Banyoles;Mujeres;2001;7.853
17015 Banyoles;Mujeres;2000;7.674
17015 Banyoles;Mujeres;1999;7.627
17015 Banyoles;Mujeres;1998;7.530
17015 Banyoles;Mujeres;1997;""
17015 Banyoles;Mujeres;1996;7.406
17013 Begur;Total;2025;4.291
17013 Begur;Total;2024;4.245
17013 Begur;Total;2023;4.216
17013 Begur;Total;2022;4.177
17013 Begur;Total;2021;4.039
17013 Begur;Total;2020;3.891
17013 Begur;Total;2019;3.925
17013 Begur;Total;2018;3.934
17013 Begur;Total;2017;3.933
17013 Begur;Total;2016;3.957
17013 Begur;Total;2015;3.985
17013 Begur;Total;2014;3.994
17013 Begur;Total;2013;4.148
17013 Begur;Total;2012;4.221
17013 Begur;Total;2011;4.219
17013 Begur;Total;2010;4.209
17013 Begur;Total;2009;4.258
17013 Begur;Total;2008;4.304
17013 Begur;Total;2007;4.086
17013 Begur;Total;2006;4.076
17013 Begur;Total;2005;3.986
17013 Begur;Total;2004;3.861
17013 Begur;Total;2003;3.748
17013 Begur;Total;2002;3.626
17013 Begur;Total;2001;3.545
17013 Begur;Total;2000;3.411
17013 Begur;Total;1999;3.288
17013 Begur;Total;1998;3.179
17013 Begur;Total;1997;""
17013 Begur;Total;1996;3.039
17013 Begur;Hombres;2025;2.135
17013 Begur;Hombres;2024;2.123
17013 Begur;Hombres;2023;2.098
17013 Begur;Hombres;2022;2.086
17013 Begur;Hombres;2021;2.020
17013 Begur;Hombres;2020;1.955
17013 Begur;Hombres;2019;1.964
17013 Begur;Hombres;2018;1.972
17013 Begur;Hombres;2017;1.974
17013 Begur;Hombres;2016;2.000
17013 Begur;Hombres;2015;2.019
17013 Begur;Hombres;2014;2.027
17013 Begur;Hombres;2013;2.093
17013 Begur;Hombres;2012;2.156
17013 Begur;Hombres;2011;2.143
17013 Begur;Hombres;2010;2.143
17013 Begur;Hombres;2009;2.192
17013 Begur;Hombres;2008;2.226
17013 Begur;Hombres;2007;2.093
17013 Begur;Hombres;2006;2.112
17013 Begur;Hombres;2005;2.051
17013 Begur;Hombres;2004;1.986
17013 Begur;Hombres;2003;1.913
17013 Begur;Hombres;2002;1.840
17013 Begur;Hombres;2001;1.793
17013 Begur;Hombres;2000;1.729
17013 Begur;Hombres;1999;1.650
17013 Begur;Hombres;1998;1.601
17013 Begur;Hombres;1997;""
17013 Begur;Hombres;1996;1.542
17013 Begur;Mujeres;2025;2.156
17013 Begur;Mujeres;2024;2.122
17013 Begur;Mujeres;2023;2.118
17013 Begur;Mujeres;2022;2.091
17013 Begur;Mujeres;2021;2.019
17013 Begur;Mujeres;2020;1.936
17013 Begur;Mujeres;2019;1.961
17013 Begur;Mujeres;2018;1.962
17013 Begur;Mujeres;2017;1.959
17013 Begur;Mujeres;2016;1.957
17013 Begur;Mujeres;2015;1.966
17013 Begur;Mujeres;2014;1.967
17013 Begur;Mujeres;2013;2.055
17013 Begur;Mujeres;2012;2.065
17013 Begur;Mujeres;2011;2.076
17013 Begur;Mujeres;2010;2.066
17013 Begur;Mujeres;2009;2.066
17013 Begur;Mujeres;2008;2.078
17013 Begur;Mujeres;2007;1.993
17013 Begur;Mujeres;2006;1.964
17013 Begur;Mujeres;2005;1.935
17013 Begur;Mujeres;2004;1.875
17013 Begur;Mujeres;2003;1.835
17013 Begur;Mujeres;2002;1.786
17013 Begur;Mujeres;2001;1.752
17013 Begur;Mujeres;2000;1.682
17013 Begur;Mujeres;1999;1.638
17013 Begur;Mujeres;1998;1.578
17013 Begur;Mujeres;1997;""
17013 Begur;Mujeres;1996;1.497
17018 Bellcaire d'Empordà;Total;2025;723
17018 Bellcaire d'Empordà;Total;2024;737
17018 Bellcaire d'Empordà;Total;2023;730
17018 Bellcaire d'Empordà;Total;2022;713
17018 Bellcaire d'Empordà;Total;2021;699
17018 Bellcaire d'Empordà;Total;2020;678
17018 Bellcaire d'Empordà;Total;2019;693
17018 Bellcaire d'Empordà;Total;2018;671
17018 Bellcaire d'Empordà;Total;2017;668
17018 Bellcaire d'Empordà;Total;2016;647
17018 Bellcaire d'Empordà;Total;2015;652
17018 Bellcaire d'Empordà;Total;2014;650
17018 Bellcaire d'Empordà;Total;2013;664
17018 Bellcaire d'Empordà;Total;2012;661
17018 Bellcaire d'Empordà;Total;2011;664
17018 Bellcaire d'Empordà;Total;2010;673
17018 Bellcaire d'Empordà;Total;2009;664
17018 Bellcaire d'Empordà;Total;2008;651
17018 Bellcaire d'Empordà;Total;2007;651
17018 Bellcaire d'Empordà;Total;2006;672
17018 Bellcaire d'Empordà;Total;2005;668
17018 Bellcaire d'Empordà;Total;2004;645
17018 Bellcaire d'Empordà;Total;2003;619
17018 Bellcaire d'Empordà;Total;2002;595
17018 Bellcaire d'Empordà;Total;2001;559
17018 Bellcaire d'Empordà;Total;2000;535
17018 Bellcaire d'Empordà;Total;1999;516
17018 Bellcaire d'Empordà;Total;1998;502
17018 Bellcaire d'Empordà;Total;1997;""
17018 Bellcaire d'Empordà;Total;1996;487
17018 Bellcaire d'Empordà;Hombres;2025;364
17018 Bellcaire d'Empordà;Hombres;2024;361
17018 Bellcaire d'Empordà;Hombres;2023;355
17018 Bellcaire d'Empordà;Hombres;2022;344
17018 Bellcaire d'Empordà;Hombres;2021;330
17018 Bellcaire d'Empordà;Hombres;2020;325
17018 Bellcaire d'Empordà;Hombres;2019;336
17018 Bellcaire d'Empordà;Hombres;2018;328
17018 Bellcaire d'Empordà;Hombres;2017;328
17018 Bellcaire d'Empordà;Hombres;2016;317
17018 Bellcaire d'Empordà;Hombres;2015;316
17018 Bellcaire d'Empordà;Hombres;2014;309
17018 Bellcaire d'Empordà;Hombres;2013;322
17018 Bellcaire d'Empordà;Hombres;2012;328
17018 Bellcaire d'Empordà;Hombres;2011;333
17018 Bellcaire d'Empordà;Hombres;2010;333
17018 Bellcaire d'Empordà;Hombres;2009;322
17018 Bellcaire d'Empordà;Hombres;2008;317
17018 Bellcaire d'Empordà;Hombres;2007;308
17018 Bellcaire d'Empordà;Hombres;2006;338
17018 Bellcaire d'Empordà;Hombres;2005;346
17018 Bellcaire d'Empordà;Hombres;2004;338
17018 Bellcaire d'Empordà;Hombres;2003;331
17018 Bellcaire d'Empordà;Hombres;2002;314
17018 Bellcaire d'Empordà;Hombres;2001;285
17018 Bellcaire d'Empordà;Hombres;2000;274
17018 Bellcaire d'Empordà;Hombres;1999;265
17018 Bellcaire d'Empordà;Hombres;1998;251
17018 Bellcaire d'Empordà;Hombres;1997;""
17018 Bellcaire d'Empordà;Hombres;1996;243
17018 Bellcaire d'Empordà;Mujeres;2025;359
17018 Bellcaire d'Empordà;Mujeres;2024;376
17018 Bellcaire d'Empordà;Mujeres;2023;375
17018 Bellcaire d'Empordà;Mujeres;2022;369
17018 Bellcaire d'Empordà;Mujeres;2021;369
17018 Bellcaire d'Empordà;Mujeres;2020;353
17018 Bellcaire d'Empordà;Mujeres;2019;357
17018 Bellcaire d'Empordà;Mujeres;2018;343
17018 Bellcaire d'Empordà;Mujeres;2017;340
17018 Bellcaire d'Empordà;Mujeres;2016;330
17018 Bellcaire d'Empordà;Mujeres;2015;336
17018 Bellcaire d'Empordà;Mujeres;2014;341
17018 Bellcaire d'Empordà;Mujeres;2013;342
17018 Bellcaire d'Empordà;Mujeres;2012;333
17018 Bellcaire d'Empordà;Mujeres;2011;331
17018 Bellcaire d'Empordà;Mujeres;2010;340
17018 Bellcaire d'Empordà;Mujeres;2009;342
17018 Bellcaire d'Empordà;Mujeres;2008;334
17018 Bellcaire d'Empordà;Mujeres;2007;343
17018 Bellcaire d'Empordà;Mujeres;2006;334
17018 Bellcaire d'Empordà;Mujeres;2005;322
17018 Bellcaire d'Empordà;Mujeres;2004;307
17018 Bellcaire d'Empordà;Mujeres;2003;288
17018 Bellcaire d'Empordà;Mujeres;2002;281
17018 Bellcaire d'Empordà;Mujeres;2001;274
17018 Bellcaire d'Empordà;Mujeres;2000;261
17018 Bellcaire d'Empordà;Mujeres;1999;251
17018 Bellcaire d'Empordà;Mujeres;1998;251
17018 Bellcaire d'Empordà;Mujeres;1997;""
17018 Bellcaire d'Empordà;Mujeres;1996;244
17019 Besalú;Total;2025;2.592
17019 Besalú;Total;2024;2.583
17019 Besalú;Total;2023;2.518
17019 Besalú;Total;2022;2.480
17019 Besalú;Total;2021;2.502
17019 Besalú;Total;2020;2.487
17019 Besalú;Total;2019;2.492
17019 Besalú;Total;2018;2.467
17019 Besalú;Total;2017;2.443
17019 Besalú;Total;2016;2.438
17019 Besalú;Total;2015;2.437
17019 Besalú;Total;2014;2.400
17019 Besalú;Total;2013;2.406
17019 Besalú;Total;2012;2.427
17019 Besalú;Total;2011;2.372
17019 Besalú;Total;2010;2.360
17019 Besalú;Total;2009;2.361
17019 Besalú;Total;2008;2.290
17019 Besalú;Total;2007;2.265
17019 Besalú;Total;2006;2.257
17019 Besalú;Total;2005;2.211
17019 Besalú;Total;2004;2.165
17019 Besalú;Total;2003;2.112
17019 Besalú;Total;2002;2.073
17019 Besalú;Total;2001;1.988
17019 Besalú;Total;2000;1.996
17019 Besalú;Total;1999;1.983
17019 Besalú;Total;1998;1.991
17019 Besalú;Total;1997;""
17019 Besalú;Total;1996;2.031
17019 Besalú;Hombres;2025;1.255
17019 Besalú;Hombres;2024;1.234
17019 Besalú;Hombres;2023;1.186
17019 Besalú;Hombres;2022;1.182
17019 Besalú;Hombres;2021;1.175
17019 Besalú;Hombres;2020;1.181
17019 Besalú;Hombres;2019;1.170
17019 Besalú;Hombres;2018;1.161
17019 Besalú;Hombres;2017;1.153
17019 Besalú;Hombres;2016;1.146
17019 Besalú;Hombres;2015;1.154
17019 Besalú;Hombres;2014;1.154
17019 Besalú;Hombres;2013;1.153
17019 Besalú;Hombres;2012;1.163
17019 Besalú;Hombres;2011;1.130
17019 Besalú;Hombres;2010;1.133
17019 Besalú;Hombres;2009;1.144
17019 Besalú;Hombres;2008;1.107
17019 Besalú;Hombres;2007;1.114
17019 Besalú;Hombres;2006;1.107
17019 Besalú;Hombres;2005;1.088
17019 Besalú;Hombres;2004;1.057
17019 Besalú;Hombres;2003;1.029
17019 Besalú;Hombres;2002;1.021
17019 Besalú;Hombres;2001;971
17019 Besalú;Hombres;2000;971
17019 Besalú;Hombres;1999;965
17019 Besalú;Hombres;1998;966
17019 Besalú;Hombres;1997;""
17019 Besalú;Hombres;1996;991
17019 Besalú;Mujeres;2025;1.337
17019 Besalú;Mujeres;2024;1.349
17019 Besalú;Mujeres;2023;1.332
17019 Besalú;Mujeres;2022;1.298
17019 Besalú;Mujeres;2021;1.327
17019 Besalú;Mujeres;2020;1.306
17019 Besalú;Mujeres;2019;1.322
17019 Besalú;Mujeres;2018;1.306
17019 Besalú;Mujeres;2017;1.290
17019 Besalú;Mujeres;2016;1.292
17019 Besalú;Mujeres;2015;1.283
17019 Besalú;Mujeres;2014;1.246
17019 Besalú;Mujeres;2013;1.253
17019 Besalú;Mujeres;2012;1.264
17019 Besalú;Mujeres;2011;1.242
17019 Besalú;Mujeres;2010;1.227
17019 Besalú;Mujeres;2009;1.217
17019 Besalú;Mujeres;2008;1.183
17019 Besalú;Mujeres;2007;1.151
17019 Besalú;Mujeres;2006;1.150
17019 Besalú;Mujeres;2005;1.123
17019 Besalú;Mujeres;2004;1.108
17019 Besalú;Mujeres;2003;1.083
17019 Besalú;Mujeres;2002;1.052
17019 Besalú;Mujeres;2001;1.017
17019 Besalú;Mujeres;2000;1.025
17019 Besalú;Mujeres;1999;1.018
17019 Besalú;Mujeres;1998;1.025
17019 Besalú;Mujeres;1997;""
17019 Besalú;Mujeres;1996;1.040
17020 Bescanó;Total;2025;5.088
17020 Bescanó;Total;2024;5.141
17020 Bescanó;Total;2023;5.178
17020 Bescanó;Total;2022;5.156
17020 Bescanó;Total;2021;5.094
17020 Bescanó;Total;2020;4.991
17020 Bescanó;Total;2019;4.960
17020 Bescanó;Total;2018;4.941
17020 Bescanó;Total;2017;4.929
17020 Bescanó;Total;2016;4.854
17020 Bescanó;Total;2015;4.807
17020 Bescanó;Total;2014;4.874
17020 Bescanó;Total;2013;4.839
17020 Bescanó;Total;2012;4.705
17020 Bescanó;Total;2011;4.601
17020 Bescanó;Total;2010;4.555
17020 Bescanó;Total;2009;4.450
17020 Bescanó;Total;2008;4.242
17020 Bescanó;Total;2007;4.121
17020 Bescanó;Total;2006;3.859
17020 Bescanó;Total;2005;3.762
17020 Bescanó;Total;2004;3.648
17020 Bescanó;Total;2003;3.525
17020 Bescanó;Total;2002;3.419
17020 Bescanó;Total;2001;3.259
17020 Bescanó;Total;2000;3.187
17020 Bescanó;Total;1999;3.159
17020 Bescanó;Total;1998;3.063
17020 Bescanó;Total;1997;""
17020 Bescanó;Total;1996;2.970
17020 Bescanó;Hombres;2025;2.539
17020 Bescanó;Hombres;2024;2.588
17020 Bescanó;Hombres;2023;2.596
17020 Bescanó;Hombres;2022;2.605
17020 Bescanó;Hombres;2021;2.567
17020 Bescanó;Hombres;2020;2.522
17020 Bescanó;Hombres;2019;2.505
17020 Bescanó;Hombres;2018;2.493
17020 Bescanó;Hombres;2017;2.479
17020 Bescanó;Hombres;2016;2.432
17020 Bescanó;Hombres;2015;2.411
17020 Bescanó;Hombres;2014;2.427
17020 Bescanó;Hombres;2013;2.401
17020 Bescanó;Hombres;2012;2.335
17020 Bescanó;Hombres;2011;2.284
17020 Bescanó;Hombres;2010;2.269
17020 Bescanó;Hombres;2009;2.227
17020 Bescanó;Hombres;2008;2.120
17020 Bescanó;Hombres;2007;2.075
17020 Bescanó;Hombres;2006;1.940
17020 Bescanó;Hombres;2005;1.893
17020 Bescanó;Hombres;2004;1.827
17020 Bescanó;Hombres;2003;1.762
17020 Bescanó;Hombres;2002;1.715
17020 Bescanó;Hombres;2001;1.639
17020 Bescanó;Hombres;2000;1.603
17020 Bescanó;Hombres;1999;1.592
17020 Bescanó;Hombres;1998;1.536
17020 Bescanó;Hombres;1997;""
17020 Bescanó;Hombres;1996;1.493
17020 Bescanó;Mujeres;2025;2.549
17020 Bescanó;Mujeres;2024;2.553
17020 Bescanó;Mujeres;2023;2.582
17020 Bescanó;Mujeres;2022;2.551
17020 Bescanó;Mujeres;2021;2.527
17020 Bescanó;Mujeres;2020;2.469
17020 Bescanó;Mujeres;2019;2.455
17020 Bescanó;Mujeres;2018;2.448
17020 Bescanó;Mujeres;2017;2.450
17020 Bescanó;Mujeres;2016;2.422
17020 Bescanó;Mujeres;2015;2.396
17020 Bescanó;Mujeres;2014;2.447
17020 Bescanó;Mujeres;2013;2.438
17020 Bescanó;Mujeres;2012;2.370
17020 Bescanó;Mujeres;2011;2.317
17020 Bescanó;Mujeres;2010;2.286
17020 Bescanó;Mujeres;2009;2.223
17020 Bescanó;Mujeres;2008;2.122
17020 Bescanó;Mujeres;2007;2.046
17020 Bescanó;Mujeres;2006;1.919
17020 Bescanó;Mujeres;2005;1.869
17020 Bescanó;Mujeres;2004;1.821
17020 Bescanó;Mujeres;2003;1.763
17020 Bescanó;Mujeres;2002;1.704
17020 Bescanó;Mujeres;2001;1.620
17020 Bescanó;Mujeres;2000;1.584
17020 Bescanó;Mujeres;1999;1.567
17020 Bescanó;Mujeres;1998;1.527
17020 Bescanó;Mujeres;1997;""
17020 Bescanó;Mujeres;1996;1.477
17021 Beuda;Total;2025;203
17021 Beuda;Total;2024;204
17021 Beuda;Total;2023;212
17021 Beuda;Total;2022;202
17021 Beuda;Total;2021;187
17021 Beuda;Total;2020;186
17021 Beuda;Total;2019;190
17021 Beuda;Total;2018;187
17021 Beuda;Total;2017;181
17021 Beuda;Total;2016;199
17021 Beuda;Total;2015;193
17021 Beuda;Total;2014;200
17021 Beuda;Total;2013;188
17021 Beuda;Total;2012;170
17021 Beuda;Total;2011;170
17021 Beuda;Total;2010;161
17021 Beuda;Total;2009;163
17021 Beuda;Total;2008;158
17021 Beuda;Total;2007;153
17021 Beuda;Total;2006;164
17021 Beuda;Total;2005;147
17021 Beuda;Total;2004;146
17021 Beuda;Total;2003;139
17021 Beuda;Total;2002;139
17021 Beuda;Total;2001;140
17021 Beuda;Total;2000;133
17021 Beuda;Total;1999;128
17021 Beuda;Total;1998;130
17021 Beuda;Total;1997;""
17021 Beuda;Total;1996;120
17021 Beuda;Hombres;2025;102
17021 Beuda;Hombres;2024;104
17021 Beuda;Hombres;2023;109
17021 Beuda;Hombres;2022;106
17021 Beuda;Hombres;2021;96
17021 Beuda;Hombres;2020;99
17021 Beuda;Hombres;2019;100
17021 Beuda;Hombres;2018;101
17021 Beuda;Hombres;2017;101
17021 Beuda;Hombres;2016;112
17021 Beuda;Hombres;2015;100
17021 Beuda;Hombres;2014;108
17021 Beuda;Hombres;2013;100
17021 Beuda;Hombres;2012;92
17021 Beuda;Hombres;2011;86
17021 Beuda;Hombres;2010;83
17021 Beuda;Hombres;2009;81
17021 Beuda;Hombres;2008;80
17021 Beuda;Hombres;2007;78
17021 Beuda;Hombres;2006;80
17021 Beuda;Hombres;2005;75
17021 Beuda;Hombres;2004;78
17021 Beuda;Hombres;2003;76
17021 Beuda;Hombres;2002;79
17021 Beuda;Hombres;2001;76
17021 Beuda;Hombres;2000;73
17021 Beuda;Hombres;1999;71
17021 Beuda;Hombres;1998;73
17021 Beuda;Hombres;1997;""
17021 Beuda;Hombres;1996;65
17021 Beuda;Mujeres;2025;101
17021 Beuda;Mujeres;2024;100
17021 Beuda;Mujeres;2023;103
17021 Beuda;Mujeres;2022;96
17021 Beuda;Mujeres;2021;91
17021 Beuda;Mujeres;2020;87
17021 Beuda;Mujeres;2019;90
17021 Beuda;Mujeres;2018;86
17021 Beuda;Mujeres;2017;80
17021 Beuda;Mujeres;2016;87
17021 Beuda;Mujeres;2015;93
17021 Beuda;Mujeres;2014;92
17021 Beuda;Mujeres;2013;88
17021 Beuda;Mujeres;2012;78
17021 Beuda;Mujeres;2011;84
17021 Beuda;Mujeres;2010;78
17021 Beuda;Mujeres;2009;82
17021 Beuda;Mujeres;2008;78
17021 Beuda;Mujeres;2007;75
17021 Beuda;Mujeres;2006;84
17021 Beuda;Mujeres;2005;72
17021 Beuda;Mujeres;2004;68
17021 Beuda;Mujeres;2003;63
17021 Beuda;Mujeres;2002;60
17021 Beuda;Mujeres;2001;64
17021 Beuda;Mujeres;2000;60
17021 Beuda;Mujeres;1999;57
17021 Beuda;Mujeres;1998;57
17021 Beuda;Mujeres;1997;""
17021 Beuda;Mujeres;1996;55
17022 Bisbal d'Empordà, La;Total;2025;11.757
17022 Bisbal d'Empordà, La;Total;2024;11.683
17022 Bisbal d'Empordà, La;Total;2023;11.383
17022 Bisbal d'Empordà, La;Total;2022;11.163
17022 Bisbal d'Empordà, La;Total;2021;11.190
17022 Bisbal d'Empordà, La;Total;2020;11.159
17022 Bisbal d'Empordà, La;Total;2019;10.974
17022 Bisbal d'Empordà, La;Total;2018;10.859
17022 Bisbal d'Empordà, La;Total;2017;10.775
17022 Bisbal d'Empordà, La;Total;2016;10.742
17022 Bisbal d'Empordà, La;Total;2015;10.759
17022 Bisbal d'Empordà, La;Total;2014;10.761
17022 Bisbal d'Empordà, La;Total;2013;10.793
17022 Bisbal d'Empordà, La;Total;2012;10.679
17022 Bisbal d'Empordà, La;Total;2011;10.435
17022 Bisbal d'Empordà, La;Total;2010;10.397
17022 Bisbal d'Empordà, La;Total;2009;10.385
17022 Bisbal d'Empordà, La;Total;2008;10.173
17022 Bisbal d'Empordà, La;Total;2007;9.593
17022 Bisbal d'Empordà, La;Total;2006;9.261
17022 Bisbal d'Empordà, La;Total;2005;9.196
17022 Bisbal d'Empordà, La;Total;2004;8.885
17022 Bisbal d'Empordà, La;Total;2003;8.651
17022 Bisbal d'Empordà, La;Total;2002;8.288
17022 Bisbal d'Empordà, La;Total;2001;8.318
17022 Bisbal d'Empordà, La;Total;2000;8.264
17022 Bisbal d'Empordà, La;Total;1999;8.182
17022 Bisbal d'Empordà, La;Total;1998;8.107
17022 Bisbal d'Empordà, La;Total;1997;""
17022 Bisbal d'Empordà, La;Total;1996;8.007
17022 Bisbal d'Empordà, La;Hombres;2025;5.886
17022 Bisbal d'Empordà, La;Hombres;2024;5.870
17022 Bisbal d'Empordà, La;Hombres;2023;5.696
17022 Bisbal d'Empordà, La;Hombres;2022;5.592
17022 Bisbal d'Empordà, La;Hombres;2021;5.596
17022 Bisbal d'Empordà, La;Hombres;2020;5.565
17022 Bisbal d'Empordà, La;Hombres;2019;5.446
17022 Bisbal d'Empordà, La;Hombres;2018;5.407
17022 Bisbal d'Empordà, La;Hombres;2017;5.365
17022 Bisbal d'Empordà, La;Hombres;2016;5.346
17022 Bisbal d'Empordà, La;Hombres;2015;5.370
17022 Bisbal d'Empordà, La;Hombres;2014;5.419
17022 Bisbal d'Empordà, La;Hombres;2013;5.452
17022 Bisbal d'Empordà, La;Hombres;2012;5.419
17022 Bisbal d'Empordà, La;Hombres;2011;5.267
17022 Bisbal d'Empordà, La;Hombres;2010;5.259
17022 Bisbal d'Empordà, La;Hombres;2009;5.285
17022 Bisbal d'Empordà, La;Hombres;2008;5.160
17022 Bisbal d'Empordà, La;Hombres;2007;4.819
17022 Bisbal d'Empordà, La;Hombres;2006;4.608
17022 Bisbal d'Empordà, La;Hombres;2005;4.594
17022 Bisbal d'Empordà, La;Hombres;2004;4.426
17022 Bisbal d'Empordà, La;Hombres;2003;4.317
17022 Bisbal d'Empordà, La;Hombres;2002;4.114
17022 Bisbal d'Empordà, La;Hombres;2001;4.103
17022 Bisbal d'Empordà, La;Hombres;2000;4.070
17022 Bisbal d'Empordà, La;Hombres;1999;4.001
17022 Bisbal d'Empordà, La;Hombres;1998;3.954
17022 Bisbal d'Empordà, La;Hombres;1997;""
17022 Bisbal d'Empordà, La;Hombres;1996;3.901
17022 Bisbal d'Empordà, La;Mujeres;2025;5.871
17022 Bisbal d'Empordà, La;Mujeres;2024;5.813
17022 Bisbal d'Empordà, La;Mujeres;2023;5.687
17022 Bisbal d'Empordà, La;Mujeres;2022;5.571
17022 Bisbal d'Empordà, La;Mujeres;2021;5.594
17022 Bisbal d'Empordà, La;Mujeres;2020;5.594
17022 Bisbal d'Empordà, La;Mujeres;2019;5.528
17022 Bisbal d'Empordà, La;Mujeres;2018;5.452
17022 Bisbal d'Empordà, La;Mujeres;2017;5.410
17022 Bisbal d'Empordà, La;Mujeres;2016;5.396
17022 Bisbal d'Empordà, La;Mujeres;2015;5.389
17022 Bisbal d'Empordà, La;Mujeres;2014;5.342
17022 Bisbal d'Empordà, La;Mujeres;2013;5.341
17022 Bisbal d'Empordà, La;Mujeres;2012;5.260
17022 Bisbal d'Empordà, La;Mujeres;2011;5.168
17022 Bisbal d'Empordà, La;Mujeres;2010;5.138
17022 Bisbal d'Empordà, La;Mujeres;2009;5.100
17022 Bisbal d'Empordà, La;Mujeres;2008;5.013
17022 Bisbal d'Empordà, La;Mujeres;2007;4.774
17022 Bisbal d'Empordà, La;Mujeres;2006;4.653
17022 Bisbal d'Empordà, La;Mujeres;2005;4.602
17022 Bisbal d'Empordà, La;Mujeres;2004;4.459
17022 Bisbal d'Empordà, La;Mujeres;2003;4.334
17022 Bisbal d'Empordà, La;Mujeres;2002;4.174
17022 Bisbal d'Empordà, La;Mujeres;2001;4.215
17022 Bisbal d'Empordà, La;Mujeres;2000;4.194
17022 Bisbal d'Empordà, La;Mujeres;1999;4.181
17022 Bisbal d'Empordà, La;Mujeres;1998;4.153
17022 Bisbal d'Empordà, La;Mujeres;1997;""
17022 Bisbal d'Empordà, La;Mujeres;1996;4.106
17234 Biure;Total;2025;226
17234 Biure;Total;2024;223
17234 Biure;Total;2023;240
17234 Biure;Total;2022;249
17234 Biure;Total;2021;244
17234 Biure;Total;2020;241
17234 Biure;Total;2019;232
17234 Biure;Total;2018;238
17234 Biure;Total;2017;230
17234 Biure;Total;2016;233
17234 Biure;Total;2015;242
17234 Biure;Total;2014;245
17234 Biure;Total;2013;244
17234 Biure;Total;2012;249
17234 Biure;Total;2011;248
17234 Biure;Total;2010;242
17234 Biure;Total;2009;243
17234 Biure;Total;2008;244
17234 Biure;Total;2007;245
17234 Biure;Total;2006;236
17234 Biure;Total;2005;237
17234 Biure;Total;2004;234
17234 Biure;Total;2003;232
17234 Biure;Total;2002;227
17234 Biure;Total;2001;216
17234 Biure;Total;2000;217
17234 Biure;Total;1999;218
17234 Biure;Total;1998;211
17234 Biure;Total;1997;""
17234 Biure;Total;1996;223
17234 Biure;Hombres;2025;118
17234 Biure;Hombres;2024;121
17234 Biure;Hombres;2023;130
17234 Biure;Hombres;2022;135
17234 Biure;Hombres;2021;127
17234 Biure;Hombres;2020;125
17234 Biure;Hombres;2019;118
17234 Biure;Hombres;2018;120
17234 Biure;Hombres;2017;118
17234 Biure;Hombres;2016;122
17234 Biure;Hombres;2015;129
17234 Biure;Hombres;2014;132
17234 Biure;Hombres;2013;130
17234 Biure;Hombres;2012;128
17234 Biure;Hombres;2011;127
17234 Biure;Hombres;2010;124
17234 Biure;Hombres;2009;122
17234 Biure;Hombres;2008;125
17234 Biure;Hombres;2007;124
17234 Biure;Hombres;2006;120
17234 Biure;Hombres;2005;120
17234 Biure;Hombres;2004;120
17234 Biure;Hombres;2003;116
17234 Biure;Hombres;2002;112
17234 Biure;Hombres;2001;107
17234 Biure;Hombres;2000;107
17234 Biure;Hombres;1999;110
17234 Biure;Hombres;1998;105
17234 Biure;Hombres;1997;""
17234 Biure;Hombres;1996;112
17234 Biure;Mujeres;2025;108
17234 Biure;Mujeres;2024;102
17234 Biure;Mujeres;2023;110
17234 Biure;Mujeres;2022;114
17234 Biure;Mujeres;2021;117
17234 Biure;Mujeres;2020;116
17234 Biure;Mujeres;2019;114
17234 Biure;Mujeres;2018;118
17234 Biure;Mujeres;2017;112
17234 Biure;Mujeres;2016;111
17234 Biure;Mujeres;2015;113
17234 Biure;Mujeres;2014;113
17234 Biure;Mujeres;2013;114
17234 Biure;Mujeres;2012;121
17234 Biure;Mujeres;2011;121
17234 Biure;Mujeres;2010;118
17234 Biure;Mujeres;2009;121
17234 Biure;Mujeres;2008;119
17234 Biure;Mujeres;2007;121
17234 Biure;Mujeres;2006;116
17234 Biure;Mujeres;2005;117
17234 Biure;Mujeres;2004;114
17234 Biure;Mujeres;2003;116
17234 Biure;Mujeres;2002;115
17234 Biure;Mujeres;2001;109
17234 Biure;Mujeres;2000;110
17234 Biure;Mujeres;1999;108
17234 Biure;Mujeres;1998;106
17234 Biure;Mujeres;1997;""
17234 Biure;Mujeres;1996;111
17023 Blanes;Total;2025;42.699
17023 Blanes;Total;2024;42.198
17023 Blanes;Total;2023;41.653
17023 Blanes;Total;2022;40.579
17023 Blanes;Total;2021;40.274
17023 Blanes;Total;2020;39.914
17023 Blanes;Total;2019;39.028
17023 Blanes;Total;2018;38.790
17023 Blanes;Total;2017;38.813
17023 Blanes;Total;2016;39.060
17023 Blanes;Total;2015;39.132
17023 Blanes;Total;2014;39.293
17023 Blanes;Total;2013;39.660
17023 Blanes;Total;2012;39.785
17023 Blanes;Total;2011;39.834
17023 Blanes;Total;2010;40.010
17023 Blanes;Total;2009;40.047
17023 Blanes;Total;2008;39.107
17023 Blanes;Total;2007;38.368
17023 Blanes;Total;2006;37.819
17023 Blanes;Total;2005;36.711
17023 Blanes;Total;2004;35.577
17023 Blanes;Total;2003;34.477
17023 Blanes;Total;2002;32.926
17023 Blanes;Total;2001;31.532
17023 Blanes;Total;2000;30.441
17023 Blanes;Total;1999;29.615
17023 Blanes;Total;1998;28.826
17023 Blanes;Total;1997;""
17023 Blanes;Total;1996;27.713
17023 Blanes;Hombres;2025;21.297
17023 Blanes;Hombres;2024;20.955
17023 Blanes;Hombres;2023;20.715
17023 Blanes;Hombres;2022;20.198
17023 Blanes;Hombres;2021;20.054
17023 Blanes;Hombres;2020;19.846
17023 Blanes;Hombres;2019;19.356
17023 Blanes;Hombres;2018;19.272
17023 Blanes;Hombres;2017;19.333
17023 Blanes;Hombres;2016;19.491
17023 Blanes;Hombres;2015;19.561
17023 Blanes;Hombres;2014;19.703
17023 Blanes;Hombres;2013;19.927
17023 Blanes;Hombres;2012;20.036
17023 Blanes;Hombres;2011;20.064
17023 Blanes;Hombres;2010;20.184
17023 Blanes;Hombres;2009;20.297
17023 Blanes;Hombres;2008;19.719
17023 Blanes;Hombres;2007;19.399
17023 Blanes;Hombres;2006;19.190
17023 Blanes;Hombres;2005;18.503
17023 Blanes;Hombres;2004;17.940
17023 Blanes;Hombres;2003;17.386
17023 Blanes;Hombres;2002;16.595
17023 Blanes;Hombres;2001;15.868
17023 Blanes;Hombres;2000;15.272
17023 Blanes;Hombres;1999;14.871
17023 Blanes;Hombres;1998;14.463
17023 Blanes;Hombres;1997;""
17023 Blanes;Hombres;1996;13.902
17023 Blanes;Mujeres;2025;21.402
17023 Blanes;Mujeres;2024;21.243
17023 Blanes;Mujeres;2023;20.938
17023 Blanes;Mujeres;2022;20.381
17023 Blanes;Mujeres;2021;20.220
17023 Blanes;Mujeres;2020;20.068
17023 Blanes;Mujeres;2019;19.672
17023 Blanes;Mujeres;2018;19.518
17023 Blanes;Mujeres;2017;19.480
17023 Blanes;Mujeres;2016;19.569
17023 Blanes;Mujeres;2015;19.571
17023 Blanes;Mujeres;2014;19.590
17023 Blanes;Mujeres;2013;19.733
17023 Blanes;Mujeres;2012;19.749
17023 Blanes;Mujeres;2011;19.770
17023 Blanes;Mujeres;2010;19.826
17023 Blanes;Mujeres;2009;19.750
17023 Blanes;Mujeres;2008;19.388
17023 Blanes;Mujeres;2007;18.969
17023 Blanes;Mujeres;2006;18.629
17023 Blanes;Mujeres;2005;18.208
17023 Blanes;Mujeres;2004;17.637
17023 Blanes;Mujeres;2003;17.091
17023 Blanes;Mujeres;2002;16.331
17023 Blanes;Mujeres;2001;15.664
17023 Blanes;Mujeres;2000;15.169
17023 Blanes;Mujeres;1999;14.744
17023 Blanes;Mujeres;1998;14.363
17023 Blanes;Mujeres;1997;""
17023 Blanes;Mujeres;1996;13.811
17029 Boadella i les Escaules;Total;2025;262
17029 Boadella i les Escaules;Total;2024;260
17029 Boadella i les Escaules;Total;2023;262
17029 Boadella i les Escaules;Total;2022;258
17029 Boadella i les Escaules;Total;2021;271
17029 Boadella i les Escaules;Total;2020;272
17029 Boadella i les Escaules;Total;2019;252
17029 Boadella i les Escaules;Total;2018;269
17029 Boadella i les Escaules;Total;2017;267
17029 Boadella i les Escaules;Total;2016;266
17029 Boadella i les Escaules;Total;2015;261
17029 Boadella i les Escaules;Total;2014;248
17029 Boadella i les Escaules;Total;2013;248
17029 Boadella i les Escaules;Total;2012;256
17029 Boadella i les Escaules;Total;2011;253
17029 Boadella i les Escaules;Total;2010;255
17029 Boadella i les Escaules;Total;2009;241
17029 Boadella i les Escaules;Total;2008;233
17029 Boadella i les Escaules;Total;2007;228
17029 Boadella i les Escaules;Total;2006;230
17029 Boadella i les Escaules;Total;2005;240
17029 Boadella i les Escaules;Total;2004;234
17029 Boadella i les Escaules;Total;2003;236
17029 Boadella i les Escaules;Total;2002;226
17029 Boadella i les Escaules;Total;2001;234
17029 Boadella i les Escaules;Total;2000;219
17029 Boadella i les Escaules;Total;1999;225
17029 Boadella i les Escaules;Total;1998;227
17029 Boadella i les Escaules;Total;1997;""
17029 Boadella i les Escaules;Total;1996;220
17029 Boadella i les Escaules;Hombres;2025;129
17029 Boadella i les Escaules;Hombres;2024;130
17029 Boadella i les Escaules;Hombres;2023;131
17029 Boadella i les Escaules;Hombres;2022;129
17029 Boadella i les Escaules;Hombres;2021;138
17029 Boadella i les Escaules;Hombres;2020;137
17029 Boadella i les Escaules;Hombres;2019;130
17029 Boadella i les Escaules;Hombres;2018;139
17029 Boadella i les Escaules;Hombres;2017;140
17029 Boadella i les Escaules;Hombres;2016;138
17029 Boadella i les Escaules;Hombres;2015;134
17029 Boadella i les Escaules;Hombres;2014;129
17029 Boadella i les Escaules;Hombres;2013;123
17029 Boadella i les Escaules;Hombres;2012;123
17029 Boadella i les Escaules;Hombres;2011;121
17029 Boadella i les Escaules;Hombres;2010;126
17029 Boadella i les Escaules;Hombres;2009;118
17029 Boadella i les Escaules;Hombres;2008;113
17029 Boadella i les Escaules;Hombres;2007;109
17029 Boadella i les Escaules;Hombres;2006;112
17029 Boadella i les Escaules;Hombres;2005;116
17029 Boadella i les Escaules;Hombres;2004;113
17029 Boadella i les Escaules;Hombres;2003;115
17029 Boadella i les Escaules;Hombres;2002;110
17029 Boadella i les Escaules;Hombres;2001;115
17029 Boadella i les Escaules;Hombres;2000;110
17029 Boadella i les Escaules;Hombres;1999;113
17029 Boadella i les Escaules;Hombres;1998;113
17029 Boadella i les Escaules;Hombres;1997;""
17029 Boadella i les Escaules;Hombres;1996;109
17029 Boadella i les Escaules;Mujeres;2025;133
17029 Boadella i les Escaules;Mujeres;2024;130
17029 Boadella i les Escaules;Mujeres;2023;131
17029 Boadella i les Escaules;Mujeres;2022;129
17029 Boadella i les Escaules;Mujeres;2021;133
17029 Boadella i les Escaules;Mujeres;2020;135
17029 Boadella i les Escaules;Mujeres;2019;122
17029 Boadella i les Escaules;Mujeres;2018;130
17029 Boadella i les Escaules;Mujeres;2017;127
17029 Boadella i les Escaules;Mujeres;2016;128
17029 Boadella i les Escaules;Mujeres;2015;127
17029 Boadella i les Escaules;Mujeres;2014;119
17029 Boadella i les Escaules;Mujeres;2013;125
17029 Boadella i les Escaules;Mujeres;2012;133
17029 Boadella i les Escaules;Mujeres;2011;132
17029 Boadella i les Escaules;Mujeres;2010;129
17029 Boadella i les Escaules;Mujeres;2009;123
17029 Boadella i les Escaules;Mujeres;2008;120
17029 Boadella i les Escaules;Mujeres;2007;119
17029 Boadella i les Escaules;Mujeres;2006;118
17029 Boadella i les Escaules;Mujeres;2005;124
17029 Boadella i les Escaules;Mujeres;2004;121
17029 Boadella i les Escaules;Mujeres;2003;121
17029 Boadella i les Escaules;Mujeres;2002;116
17029 Boadella i les Escaules;Mujeres;2001;119
17029 Boadella i les Escaules;Mujeres;2000;109
17029 Boadella i les Escaules;Mujeres;1999;112
17029 Boadella i les Escaules;Mujeres;1998;114
17029 Boadella i les Escaules;Mujeres;1997;""
17029 Boadella i les Escaules;Mujeres;1996;111
17024 Bolvir;Total;2025;493
17024 Bolvir;Total;2024;497
17024 Bolvir;Total;2023;506
17024 Bolvir;Total;2022;518
17024 Bolvir;Total;2021;489
17024 Bolvir;Total;2020;375
17024 Bolvir;Total;2019;369
17024 Bolvir;Total;2018;383
17024 Bolvir;Total;2017;380
17024 Bolvir;Total;2016;375
17024 Bolvir;Total;2015;380
17024 Bolvir;Total;2014;373
17024 Bolvir;Total;2013;373
17024 Bolvir;Total;2012;400
17024 Bolvir;Total;2011;393
17024 Bolvir;Total;2010;395
17024 Bolvir;Total;2009;378
17024 Bolvir;Total;2008;363
17024 Bolvir;Total;2007;329
17024 Bolvir;Total;2006;295
17024 Bolvir;Total;2005;287
17024 Bolvir;Total;2004;276
17024 Bolvir;Total;2003;271
17024 Bolvir;Total;2002;277
17024 Bolvir;Total;2001;279
17024 Bolvir;Total;2000;284
17024 Bolvir;Total;1999;264
17024 Bolvir;Total;1998;247
17024 Bolvir;Total;1997;""
17024 Bolvir;Total;1996;245
17024 Bolvir;Hombres;2025;256
17024 Bolvir;Hombres;2024;255
17024 Bolvir;Hombres;2023;257
17024 Bolvir;Hombres;2022;267
17024 Bolvir;Hombres;2021;256
17024 Bolvir;Hombres;2020;197
17024 Bolvir;Hombres;2019;191
17024 Bolvir;Hombres;2018;200
17024 Bolvir;Hombres;2017;199
17024 Bolvir;Hombres;2016;198
17024 Bolvir;Hombres;2015;195
17024 Bolvir;Hombres;2014;197
17024 Bolvir;Hombres;2013;200
17024 Bolvir;Hombres;2012;214
17024 Bolvir;Hombres;2011;213
17024 Bolvir;Hombres;2010;209
17024 Bolvir;Hombres;2009;199
17024 Bolvir;Hombres;2008;197
17024 Bolvir;Hombres;2007;177
17024 Bolvir;Hombres;2006;155
17024 Bolvir;Hombres;2005;148
17024 Bolvir;Hombres;2004;141
17024 Bolvir;Hombres;2003;140
17024 Bolvir;Hombres;2002;139
17024 Bolvir;Hombres;2001;140
17024 Bolvir;Hombres;2000;144
17024 Bolvir;Hombres;1999;134
17024 Bolvir;Hombres;1998;123
17024 Bolvir;Hombres;1997;""
17024 Bolvir;Hombres;1996;118
17024 Bolvir;Mujeres;2025;237
17024 Bolvir;Mujeres;2024;242
17024 Bolvir;Mujeres;2023;249
17024 Bolvir;Mujeres;2022;251
17024 Bolvir;Mujeres;2021;233
17024 Bolvir;Mujeres;2020;178
17024 Bolvir;Mujeres;2019;178
17024 Bolvir;Mujeres;2018;183
17024 Bolvir;Mujeres;2017;181
17024 Bolvir;Mujeres;2016;177
17024 Bolvir;Mujeres;2015;185
17024 Bolvir;Mujeres;2014;176
17024 Bolvir;Mujeres;2013;173
17024 Bolvir;Mujeres;2012;186
17024 Bolvir;Mujeres;2011;180
17024 Bolvir;Mujeres;2010;186
17024 Bolvir;Mujeres;2009;179
17024 Bolvir;Mujeres;2008;166
17024 Bolvir;Mujeres;2007;152
17024 Bolvir;Mujeres;2006;140
17024 Bolvir;Mujeres;2005;139
17024 Bolvir;Mujeres;2004;135
17024 Bolvir;Mujeres;2003;131
17024 Bolvir;Mujeres;2002;138
17024 Bolvir;Mujeres;2001;139
17024 Bolvir;Mujeres;2000;140
17024 Bolvir;Mujeres;1999;130
17024 Bolvir;Mujeres;1998;124
17024 Bolvir;Mujeres;1997;""
17024 Bolvir;Mujeres;1996;127
17025 Bordils;Total;2025;1.841
17025 Bordils;Total;2024;1.804
17025 Bordils;Total;2023;1.794
17025 Bordils;Total;2022;1.815
17025 Bordils;Total;2021;1.796
17025 Bordils;Total;2020;1.761
17025 Bordils;Total;2019;1.779
17025 Bordils;Total;2018;1.701
17025 Bordils;Total;2017;1.693
17025 Bordils;Total;2016;1.680
17025 Bordils;Total;2015;1.710
17025 Bordils;Total;2014;1.690
17025 Bordils;Total;2013;1.742
17025 Bordils;Total;2012;1.737
17025 Bordils;Total;2011;1.736
17025 Bordils;Total;2010;1.715
17025 Bordils;Total;2009;1.732
17025 Bordils;Total;2008;1.703
17025 Bordils;Total;2007;1.625
17025 Bordils;Total;2006;1.554
17025 Bordils;Total;2005;1.501
17025 Bordils;Total;2004;1.425
17025 Bordils;Total;2003;1.422
17025 Bordils;Total;2002;1.393
17025 Bordils;Total;2001;1.398
17025 Bordils;Total;2000;1.383
17025 Bordils;Total;1999;1.416
17025 Bordils;Total;1998;1.386
17025 Bordils;Total;1997;""
17025 Bordils;Total;1996;1.309
17025 Bordils;Hombres;2025;917
17025 Bordils;Hombres;2024;906
17025 Bordils;Hombres;2023;902
17025 Bordils;Hombres;2022;912
17025 Bordils;Hombres;2021;904
17025 Bordils;Hombres;2020;885
17025 Bordils;Hombres;2019;887
17025 Bordils;Hombres;2018;851
17025 Bordils;Hombres;2017;854
17025 Bordils;Hombres;2016;836
17025 Bordils;Hombres;2015;844
17025 Bordils;Hombres;2014;852
17025 Bordils;Hombres;2013;886
17025 Bordils;Hombres;2012;877
17025 Bordils;Hombres;2011;869
17025 Bordils;Hombres;2010;860
17025 Bordils;Hombres;2009;884
17025 Bordils;Hombres;2008;873
17025 Bordils;Hombres;2007;834
17025 Bordils;Hombres;2006;795
17025 Bordils;Hombres;2005;776
17025 Bordils;Hombres;2004;723
17025 Bordils;Hombres;2003;711
17025 Bordils;Hombres;2002;685
17025 Bordils;Hombres;2001;704
17025 Bordils;Hombres;2000;697
17025 Bordils;Hombres;1999;706
17025 Bordils;Hombres;1998;696
17025 Bordils;Hombres;1997;""
17025 Bordils;Hombres;1996;642
17025 Bordils;Mujeres;2025;924
17025 Bordils;Mujeres;2024;898
17025 Bordils;Mujeres;2023;892
17025 Bordils;Mujeres;2022;903
17025 Bordils;Mujeres;2021;892
17025 Bordils;Mujeres;2020;876
17025 Bordils;Mujeres;2019;892
17025 Bordils;Mujeres;2018;850
17025 Bordils;Mujeres;2017;839
17025 Bordils;Mujeres;2016;844
17025 Bordils;Mujeres;2015;866
17025 Bordils;Mujeres;2014;838
17025 Bordils;Mujeres;2013;856
17025 Bordils;Mujeres;2012;860
17025 Bordils;Mujeres;2011;867
17025 Bordils;Mujeres;2010;855
17025 Bordils;Mujeres;2009;848
17025 Bordils;Mujeres;2008;830
17025 Bordils;Mujeres;2007;791
17025 Bordils;Mujeres;2006;759
17025 Bordils;Mujeres;2005;725
17025 Bordils;Mujeres;2004;702
17025 Bordils;Mujeres;2003;711
17025 Bordils;Mujeres;2002;708
17025 Bordils;Mujeres;2001;694
17025 Bordils;Mujeres;2000;686
17025 Bordils;Mujeres;1999;710
17025 Bordils;Mujeres;1998;690
17025 Bordils;Mujeres;1997;""
17025 Bordils;Mujeres;1996;667
17026 Borrassà;Total;2025;804
17026 Borrassà;Total;2024;773
17026 Borrassà;Total;2023;797
17026 Borrassà;Total;2022;776
17026 Borrassà;Total;2021;752
17026 Borrassà;Total;2020;733
17026 Borrassà;Total;2019;714
17026 Borrassà;Total;2018;702
17026 Borrassà;Total;2017;715
17026 Borrassà;Total;2016;711
17026 Borrassà;Total;2015;711
17026 Borrassà;Total;2014;728
17026 Borrassà;Total;2013;701
17026 Borrassà;Total;2012;714
17026 Borrassà;Total;2011;709
17026 Borrassà;Total;2010;684
17026 Borrassà;Total;2009;665
17026 Borrassà;Total;2008;682
17026 Borrassà;Total;2007;613
17026 Borrassà;Total;2006;614
17026 Borrassà;Total;2005;586
17026 Borrassà;Total;2004;557
17026 Borrassà;Total;2003;524
17026 Borrassà;Total;2002;534
17026 Borrassà;Total;2001;549
17026 Borrassà;Total;2000;533
17026 Borrassà;Total;1999;518
17026 Borrassà;Total;1998;489
17026 Borrassà;Total;1997;""
17026 Borrassà;Total;1996;503
17026 Borrassà;Hombres;2025;415
17026 Borrassà;Hombres;2024;399
17026 Borrassà;Hombres;2023;410
17026 Borrassà;Hombres;2022;403
17026 Borrassà;Hombres;2021;388
17026 Borrassà;Hombres;2020;380
17026 Borrassà;Hombres;2019;374
17026 Borrassà;Hombres;2018;369
17026 Borrassà;Hombres;2017;367
17026 Borrassà;Hombres;2016;369
17026 Borrassà;Hombres;2015;368
17026 Borrassà;Hombres;2014;374
17026 Borrassà;Hombres;2013;357
17026 Borrassà;Hombres;2012;364
17026 Borrassà;Hombres;2011;365
17026 Borrassà;Hombres;2010;354
17026 Borrassà;Hombres;2009;353
17026 Borrassà;Hombres;2008;360
17026 Borrassà;Hombres;2007;316
17026 Borrassà;Hombres;2006;327
17026 Borrassà;Hombres;2005;308
17026 Borrassà;Hombres;2004;292
17026 Borrassà;Hombres;2003;265
17026 Borrassà;Hombres;2002;267
17026 Borrassà;Hombres;2001;275
17026 Borrassà;Hombres;2000;268
17026 Borrassà;Hombres;1999;257
17026 Borrassà;Hombres;1998;239
17026 Borrassà;Hombres;1997;""
17026 Borrassà;Hombres;1996;246
17026 Borrassà;Mujeres;2025;389
17026 Borrassà;Mujeres;2024;374
17026 Borrassà;Mujeres;2023;387
17026 Borrassà;Mujeres;2022;373
17026 Borrassà;Mujeres;2021;364
17026 Borrassà;Mujeres;2020;353
17026 Borrassà;Mujeres;2019;340
17026 Borrassà;Mujeres;2018;333
17026 Borrassà;Mujeres;2017;348
17026 Borrassà;Mujeres;2016;342
17026 Borrassà;Mujeres;2015;343
17026 Borrassà;Mujeres;2014;354
17026 Borrassà;Mujeres;2013;344
17026 Borrassà;Mujeres;2012;350
17026 Borrassà;Mujeres;2011;344
17026 Borrassà;Mujeres;2010;330
17026 Borrassà;Mujeres;2009;312
17026 Borrassà;Mujeres;2008;322
17026 Borrassà;Mujeres;2007;297
17026 Borrassà;Mujeres;2006;287
17026 Borrassà;Mujeres;2005;278
17026 Borrassà;Mujeres;2004;265
17026 Borrassà;Mujeres;2003;259
17026 Borrassà;Mujeres;2002;267
17026 Borrassà;Mujeres;2001;274
17026 Borrassà;Mujeres;2000;265
17026 Borrassà;Mujeres;1999;261
17026 Borrassà;Mujeres;1998;250
17026 Borrassà;Mujeres;1997;""
17026 Borrassà;Mujeres;1996;257
17027 Breda;Total;2025;3.969
17027 Breda;Total;2024;3.930
17027 Breda;Total;2023;3.898
17027 Breda;Total;2022;3.842
17027 Breda;Total;2021;3.836
17027 Breda;Total;2020;3.762
17027 Breda;Total;2019;3.740
17027 Breda;Total;2018;3.733
17027 Breda;Total;2017;3.740
17027 Breda;Total;2016;3.722
17027 Breda;Total;2015;3.728
17027 Breda;Total;2014;3.751
17027 Breda;Total;2013;3.755
17027 Breda;Total;2012;3.767
17027 Breda;Total;2011;3.781
17027 Breda;Total;2010;3.771
17027 Breda;Total;2009;3.784
17027 Breda;Total;2008;3.753
17027 Breda;Total;2007;3.707
17027 Breda;Total;2006;3.685
17027 Breda;Total;2005;3.625
17027 Breda;Total;2004;3.566
17027 Breda;Total;2003;3.543
17027 Breda;Total;2002;3.484
17027 Breda;Total;2001;3.408
17027 Breda;Total;2000;3.345
17027 Breda;Total;1999;3.325
17027 Breda;Total;1998;3.254
17027 Breda;Total;1997;""
17027 Breda;Total;1996;3.243
17027 Breda;Hombres;2025;1.947
17027 Breda;Hombres;2024;1.918
17027 Breda;Hombres;2023;1.909
17027 Breda;Hombres;2022;1.895
17027 Breda;Hombres;2021;1.894
17027 Breda;Hombres;2020;1.842
17027 Breda;Hombres;2019;1.836
17027 Breda;Hombres;2018;1.855
17027 Breda;Hombres;2017;1.844
17027 Breda;Hombres;2016;1.849
17027 Breda;Hombres;2015;1.862
17027 Breda;Hombres;2014;1.876
17027 Breda;Hombres;2013;1.883
17027 Breda;Hombres;2012;1.900
17027 Breda;Hombres;2011;1.905
17027 Breda;Hombres;2010;1.914
17027 Breda;Hombres;2009;1.917
17027 Breda;Hombres;2008;1.913
17027 Breda;Hombres;2007;1.882
17027 Breda;Hombres;2006;1.878
17027 Breda;Hombres;2005;1.853
17027 Breda;Hombres;2004;1.821
17027 Breda;Hombres;2003;1.816
17027 Breda;Hombres;2002;1.780
17027 Breda;Hombres;2001;1.743
17027 Breda;Hombres;2000;1.717
17027 Breda;Hombres;1999;1.706
17027 Breda;Hombres;1998;1.664
17027 Breda;Hombres;1997;""
17027 Breda;Hombres;1996;1.651
17027 Breda;Mujeres;2025;2.022
17027 Breda;Mujeres;2024;2.012
17027 Breda;Mujeres;2023;1.989
17027 Breda;Mujeres;2022;1.947
17027 Breda;Mujeres;2021;1.942
17027 Breda;Mujeres;2020;1.920
17027 Breda;Mujeres;2019;1.904
17027 Breda;Mujeres;2018;1.878
17027 Breda;Mujeres;2017;1.896
17027 Breda;Mujeres;2016;1.873
17027 Breda;Mujeres;2015;1.866
17027 Breda;Mujeres;2014;1.875
17027 Breda;Mujeres;2013;1.872
17027 Breda;Mujeres;2012;1.867
17027 Breda;Mujeres;2011;1.876
17027 Breda;Mujeres;2010;1.857
17027 Breda;Mujeres;2009;1.867
17027 Breda;Mujeres;2008;1.840
17027 Breda;Mujeres;2007;1.825
17027 Breda;Mujeres;2006;1.807
17027 Breda;Mujeres;2005;1.772
17027 Breda;Mujeres;2004;1.745
17027 Breda;Mujeres;2003;1.727
17027 Breda;Mujeres;2002;1.704
17027 Breda;Mujeres;2001;1.665
17027 Breda;Mujeres;2000;1.628
17027 Breda;Mujeres;1999;1.619
17027 Breda;Mujeres;1998;1.590
17027 Breda;Mujeres;1997;""
17027 Breda;Mujeres;1996;1.592
17028 Brunyola i Sant Martí Sapresa;Total;2025;401
17028 Brunyola i Sant Martí Sapresa;Total;2024;395
17028 Brunyola i Sant Martí Sapresa;Total;2023;398
17028 Brunyola i Sant Martí Sapresa;Total;2022;388
17028 Brunyola i Sant Martí Sapresa;Total;2021;390
17028 Brunyola i Sant Martí Sapresa;Total;2020;389
17028 Brunyola i Sant Martí Sapresa;Total;2019;383
17028 Brunyola i Sant Martí Sapresa;Total;2018;369
17028 Brunyola i Sant Martí Sapresa;Total;2017;369
17028 Brunyola i Sant Martí Sapresa;Total;2016;375
17028 Brunyola i Sant Martí Sapresa;Total;2015;394
17028 Brunyola i Sant Martí Sapresa;Total;2014;391
17028 Brunyola i Sant Martí Sapresa;Total;2013;393
17028 Brunyola i Sant Martí Sapresa;Total;2012;397
17028 Brunyola i Sant Martí Sapresa;Total;2011;388
17028 Brunyola i Sant Martí Sapresa;Total;2010;367
17028 Brunyola i Sant Martí Sapresa;Total;2009;373
17028 Brunyola i Sant Martí Sapresa;Total;2008;363
17028 Brunyola i Sant Martí Sapresa;Total;2007;365
17028 Brunyola i Sant Martí Sapresa;Total;2006;362
17028 Brunyola i Sant Martí Sapresa;Total;2005;353
17028 Brunyola i Sant Martí Sapresa;Total;2004;348
17028 Brunyola i Sant Martí Sapresa;Total;2003;362
17028 Brunyola i Sant Martí Sapresa;Total;2002;364
17028 Brunyola i Sant Martí Sapresa;Total;2001;376
17028 Brunyola i Sant Martí Sapresa;Total;2000;383
17028 Brunyola i Sant Martí Sapresa;Total;1999;395
17028 Brunyola i Sant Martí Sapresa;Total;1998;405
17028 Brunyola i Sant Martí Sapresa;Total;1997;""
17028 Brunyola i Sant Martí Sapresa;Total;1996;376
17028 Brunyola i Sant Martí Sapresa;Hombres;2025;212
17028 Brunyola i Sant Martí Sapresa;Hombres;2024;205
17028 Brunyola i Sant Martí Sapresa;Hombres;2023;204
17028 Brunyola i Sant Martí Sapresa;Hombres;2022;201
17028 Brunyola i Sant Martí Sapresa;Hombres;2021;200
17028 Brunyola i Sant Martí Sapresa;Hombres;2020;203
17028 Brunyola i Sant Martí Sapresa;Hombres;2019;195
17028 Brunyola i Sant Martí Sapresa;Hombres;2018;185
17028 Brunyola i Sant Martí Sapresa;Hombres;2017;185
17028 Brunyola i Sant Martí Sapresa;Hombres;2016;196
17028 Brunyola i Sant Martí Sapresa;Hombres;2015;199
17028 Brunyola i Sant Martí Sapresa;Hombres;2014;197
17028 Brunyola i Sant Martí Sapresa;Hombres;2013;199
17028 Brunyola i Sant Martí Sapresa;Hombres;2012;195
17028 Brunyola i Sant Martí Sapresa;Hombres;2011;187
17028 Brunyola i Sant Martí Sapresa;Hombres;2010;183
17028 Brunyola i Sant Martí Sapresa;Hombres;2009;189
17028 Brunyola i Sant Martí Sapresa;Hombres;2008;181
17028 Brunyola i Sant Martí Sapresa;Hombres;2007;184
17028 Brunyola i Sant Martí Sapresa;Hombres;2006;185
17028 Brunyola i Sant Martí Sapresa;Hombres;2005;178
17028 Brunyola i Sant Martí Sapresa;Hombres;2004;173
17028 Brunyola i Sant Martí Sapresa;Hombres;2003;184
17028 Brunyola i Sant Martí Sapresa;Hombres;2002;185
17028 Brunyola i Sant Martí Sapresa;Hombres;2001;190
17028 Brunyola i Sant Martí Sapresa;Hombres;2000;195
17028 Brunyola i Sant Martí Sapresa;Hombres;1999;200
17028 Brunyola i Sant Martí Sapresa;Hombres;1998;207
17028 Brunyola i Sant Martí Sapresa;Hombres;1997;""
17028 Brunyola i Sant Martí Sapresa;Hombres;1996;190
17028 Brunyola i Sant Martí Sapresa;Mujeres;2025;189
17028 Brunyola i Sant Martí Sapresa;Mujeres;2024;190
17028 Brunyola i Sant Martí Sapresa;Mujeres;2023;194
17028 Brunyola i Sant Martí Sapresa;Mujeres;2022;187
17028 Brunyola i Sant Martí Sapresa;Mujeres;2021;190
17028 Brunyola i Sant Martí Sapresa;Mujeres;2020;186
17028 Brunyola i Sant Martí Sapresa;Mujeres;2019;188
17028 Brunyola i Sant Martí Sapresa;Mujeres;2018;184
17028 Brunyola i Sant Martí Sapresa;Mujeres;2017;184
17028 Brunyola i Sant Martí Sapresa;Mujeres;2016;179
17028 Brunyola i Sant Martí Sapresa;Mujeres;2015;195
17028 Brunyola i Sant Martí Sapresa;Mujeres;2014;194
17028 Brunyola i Sant Martí Sapresa;Mujeres;2013;194
17028 Brunyola i Sant Martí Sapresa;Mujeres;2012;202
17028 Brunyola i Sant Martí Sapresa;Mujeres;2011;201
17028 Brunyola i Sant Martí Sapresa;Mujeres;2010;184
17028 Brunyola i Sant Martí Sapresa;Mujeres;2009;184
17028 Brunyola i Sant Martí Sapresa;Mujeres;2008;182
17028 Brunyola i Sant Martí Sapresa;Mujeres;2007;181
17028 Brunyola i Sant Martí Sapresa;Mujeres;2006;177
17028 Brunyola i Sant Martí Sapresa;Mujeres;2005;175
17028 Brunyola i Sant Martí Sapresa;Mujeres;2004;175
17028 Brunyola i Sant Martí Sapresa;Mujeres;2003;178
17028 Brunyola i Sant Martí Sapresa;Mujeres;2002;179
17028 Brunyola i Sant Martí Sapresa;Mujeres;2001;186
17028 Brunyola i Sant Martí Sapresa;Mujeres;2000;188
17028 Brunyola i Sant Martí Sapresa;Mujeres;1999;195
17028 Brunyola i Sant Martí Sapresa;Mujeres;1998;198
17028 Brunyola i Sant Martí Sapresa;Mujeres;1997;""
17028 Brunyola i Sant Martí Sapresa;Mujeres;1996;186
17016 Bàscara;Total;2025;1.049
17016 Bàscara;Total;2024;1.057
17016 Bàscara;Total;2023;1.059
17016 Bàscara;Total;2022;1.034
17016 Bàscara;Total;2021;1.015
17016 Bàscara;Total;2020;1.001
17016 Bàscara;Total;2019;1.004
17016 Bàscara;Total;2018;1.000
17016 Bàscara;Total;2017;989
17016 Bàscara;Total;2016;980
17016 Bàscara;Total;2015;943
17016 Bàscara;Total;2014;949
17016 Bàscara;Total;2013;974
17016 Bàscara;Total;2012;968
17016 Bàscara;Total;2011;985
17016 Bàscara;Total;2010;963
17016 Bàscara;Total;2009;946
17016 Bàscara;Total;2008;915
17016 Bàscara;Total;2007;915
17016 Bàscara;Total;2006;900
17016 Bàscara;Total;2005;877
17016 Bàscara;Total;2004;870
17016 Bàscara;Total;2003;844
17016 Bàscara;Total;2002;845
17016 Bàscara;Total;2001;832
17016 Bàscara;Total;2000;822
17016 Bàscara;Total;1999;803
17016 Bàscara;Total;1998;778
17016 Bàscara;Total;1997;""
17016 Bàscara;Total;1996;770
17016 Bàscara;Hombres;2025;526
17016 Bàscara;Hombres;2024;539
17016 Bàscara;Hombres;2023;541
17016 Bàscara;Hombres;2022;535
17016 Bàscara;Hombres;2021;523
17016 Bàscara;Hombres;2020;521
17016 Bàscara;Hombres;2019;520
17016 Bàscara;Hombres;2018;521
17016 Bàscara;Hombres;2017;514
17016 Bàscara;Hombres;2016;514
17016 Bàscara;Hombres;2015;479
17016 Bàscara;Hombres;2014;482
17016 Bàscara;Hombres;2013;499
17016 Bàscara;Hombres;2012;498
17016 Bàscara;Hombres;2011;514
17016 Bàscara;Hombres;2010;505
17016 Bàscara;Hombres;2009;500
17016 Bàscara;Hombres;2008;489
17016 Bàscara;Hombres;2007;490
17016 Bàscara;Hombres;2006;478
17016 Bàscara;Hombres;2005;464
17016 Bàscara;Hombres;2004;454
17016 Bàscara;Hombres;2003;436
17016 Bàscara;Hombres;2002;443
17016 Bàscara;Hombres;2001;435
17016 Bàscara;Hombres;2000;422
17016 Bàscara;Hombres;1999;413
17016 Bàscara;Hombres;1998;404
17016 Bàscara;Hombres;1997;""
17016 Bàscara;Hombres;1996;397
17016 Bàscara;Mujeres;2025;523
17016 Bàscara;Mujeres;2024;518
17016 Bàscara;Mujeres;2023;518
17016 Bàscara;Mujeres;2022;499
17016 Bàscara;Mujeres;2021;492
17016 Bàscara;Mujeres;2020;480
17016 Bàscara;Mujeres;2019;484
17016 Bàscara;Mujeres;2018;479
17016 Bàscara;Mujeres;2017;475
17016 Bàscara;Mujeres;2016;466
17016 Bàscara;Mujeres;2015;464
17016 Bàscara;Mujeres;2014;467
17016 Bàscara;Mujeres;2013;475
17016 Bàscara;Mujeres;2012;470
17016 Bàscara;Mujeres;2011;471
17016 Bàscara;Mujeres;2010;458
17016 Bàscara;Mujeres;2009;446
17016 Bàscara;Mujeres;2008;426
17016 Bàscara;Mujeres;2007;425
17016 Bàscara;Mujeres;2006;422
17016 Bàscara;Mujeres;2005;413
17016 Bàscara;Mujeres;2004;416
17016 Bàscara;Mujeres;2003;408
17016 Bàscara;Mujeres;2002;402
17016 Bàscara;Mujeres;2001;397
17016 Bàscara;Mujeres;2000;400
17016 Bàscara;Mujeres;1999;390
17016 Bàscara;Mujeres;1998;374
17016 Bàscara;Mujeres;1997;""
17016 Bàscara;Mujeres;1996;373
17031 Cabanelles;Total;2025;286
17031 Cabanelles;Total;2024;281
17031 Cabanelles;Total;2023;276
17031 Cabanelles;Total;2022;279
17031 Cabanelles;Total;2021;266
17031 Cabanelles;Total;2020;267
17031 Cabanelles;Total;2019;279
17031 Cabanelles;Total;2018;273
17031 Cabanelles;Total;2017;265
17031 Cabanelles;Total;2016;257
17031 Cabanelles;Total;2015;237
17031 Cabanelles;Total;2014;243
17031 Cabanelles;Total;2013;248
17031 Cabanelles;Total;2012;244
17031 Cabanelles;Total;2011;247
17031 Cabanelles;Total;2010;237
17031 Cabanelles;Total;2009;236
17031 Cabanelles;Total;2008;236
17031 Cabanelles;Total;2007;242
17031 Cabanelles;Total;2006;240
17031 Cabanelles;Total;2005;249
17031 Cabanelles;Total;2004;244
17031 Cabanelles;Total;2003;240
17031 Cabanelles;Total;2002;230
17031 Cabanelles;Total;2001;217
17031 Cabanelles;Total;2000;226
17031 Cabanelles;Total;1999;230
17031 Cabanelles;Total;1998;220
17031 Cabanelles;Total;1997;""
17031 Cabanelles;Total;1996;227
17031 Cabanelles;Hombres;2025;155
17031 Cabanelles;Hombres;2024;154
17031 Cabanelles;Hombres;2023;152
17031 Cabanelles;Hombres;2022;151
17031 Cabanelles;Hombres;2021;148
17031 Cabanelles;Hombres;2020;150
17031 Cabanelles;Hombres;2019;154
17031 Cabanelles;Hombres;2018;153
17031 Cabanelles;Hombres;2017;150
17031 Cabanelles;Hombres;2016;146
17031 Cabanelles;Hombres;2015;130
17031 Cabanelles;Hombres;2014;136
17031 Cabanelles;Hombres;2013;137
17031 Cabanelles;Hombres;2012;137
17031 Cabanelles;Hombres;2011;141
17031 Cabanelles;Hombres;2010;136
17031 Cabanelles;Hombres;2009;137
17031 Cabanelles;Hombres;2008;135
17031 Cabanelles;Hombres;2007;138
17031 Cabanelles;Hombres;2006;135
17031 Cabanelles;Hombres;2005;141
17031 Cabanelles;Hombres;2004;141
17031 Cabanelles;Hombres;2003;136
17031 Cabanelles;Hombres;2002;134
17031 Cabanelles;Hombres;2001;127
17031 Cabanelles;Hombres;2000;129
17031 Cabanelles;Hombres;1999;132
17031 Cabanelles;Hombres;1998;122
17031 Cabanelles;Hombres;1997;""
17031 Cabanelles;Hombres;1996;126
17031 Cabanelles;Mujeres;2025;131
17031 Cabanelles;Mujeres;2024;127
17031 Cabanelles;Mujeres;2023;124
17031 Cabanelles;Mujeres;2022;128
17031 Cabanelles;Mujeres;2021;118
17031 Cabanelles;Mujeres;2020;117
17031 Cabanelles;Mujeres;2019;125
17031 Cabanelles;Mujeres;2018;120
17031 Cabanelles;Mujeres;2017;115
17031 Cabanelles;Mujeres;2016;111
17031 Cabanelles;Mujeres;2015;107
17031 Cabanelles;Mujeres;2014;107
17031 Cabanelles;Mujeres;2013;111
17031 Cabanelles;Mujeres;2012;107
17031 Cabanelles;Mujeres;2011;106
17031 Cabanelles;Mujeres;2010;101
17031 Cabanelles;Mujeres;2009;99
17031 Cabanelles;Mujeres;2008;101
17031 Cabanelles;Mujeres;2007;104
17031 Cabanelles;Mujeres;2006;105
17031 Cabanelles;Mujeres;2005;108
17031 Cabanelles;Mujeres;2004;103
17031 Cabanelles;Mujeres;2003;104
17031 Cabanelles;Mujeres;2002;96
17031 Cabanelles;Mujeres;2001;90
17031 Cabanelles;Mujeres;2000;97
17031 Cabanelles;Mujeres;1999;98
17031 Cabanelles;Mujeres;1998;98
17031 Cabanelles;Mujeres;1997;""
17031 Cabanelles;Mujeres;1996;101
17030 Cabanes;Total;2025;995
17030 Cabanes;Total;2024;978
17030 Cabanes;Total;2023;941
17030 Cabanes;Total;2022;949
17030 Cabanes;Total;2021;941
17030 Cabanes;Total;2020;968
17030 Cabanes;Total;2019;948
17030 Cabanes;Total;2018;944
17030 Cabanes;Total;2017;903
17030 Cabanes;Total;2016;915
17030 Cabanes;Total;2015;931
17030 Cabanes;Total;2014;921
17030 Cabanes;Total;2013;930
17030 Cabanes;Total;2012;931
17030 Cabanes;Total;2011;912
17030 Cabanes;Total;2010;915
17030 Cabanes;Total;2009;932
17030 Cabanes;Total;2008;903
17030 Cabanes;Total;2007;916
17030 Cabanes;Total;2006;917
17030 Cabanes;Total;2005;911
17030 Cabanes;Total;2004;852
17030 Cabanes;Total;2003;811
17030 Cabanes;Total;2002;796
17030 Cabanes;Total;2001;769
17030 Cabanes;Total;2000;798
17030 Cabanes;Total;1999;777
17030 Cabanes;Total;1998;783
17030 Cabanes;Total;1997;""
17030 Cabanes;Total;1996;770
17030 Cabanes;Hombres;2025;543
17030 Cabanes;Hombres;2024;513
17030 Cabanes;Hombres;2023;492
17030 Cabanes;Hombres;2022;498
17030 Cabanes;Hombres;2021;504
17030 Cabanes;Hombres;2020;520
17030 Cabanes;Hombres;2019;500
17030 Cabanes;Hombres;2018;502
17030 Cabanes;Hombres;2017;490
17030 Cabanes;Hombres;2016;494
17030 Cabanes;Hombres;2015;499
17030 Cabanes;Hombres;2014;489
17030 Cabanes;Hombres;2013;494
17030 Cabanes;Hombres;2012;496
17030 Cabanes;Hombres;2011;482
17030 Cabanes;Hombres;2010;481
17030 Cabanes;Hombres;2009;486
17030 Cabanes;Hombres;2008;478
17030 Cabanes;Hombres;2007;481
17030 Cabanes;Hombres;2006;474
17030 Cabanes;Hombres;2005;475
17030 Cabanes;Hombres;2004;447
17030 Cabanes;Hombres;2003;428
17030 Cabanes;Hombres;2002;414
17030 Cabanes;Hombres;2001;399
17030 Cabanes;Hombres;2000;409
17030 Cabanes;Hombres;1999;393
17030 Cabanes;Hombres;1998;394
17030 Cabanes;Hombres;1997;""
17030 Cabanes;Hombres;1996;386
17030 Cabanes;Mujeres;2025;452
17030 Cabanes;Mujeres;2024;465
17030 Cabanes;Mujeres;2023;449
17030 Cabanes;Mujeres;2022;451
17030 Cabanes;Mujeres;2021;437
17030 Cabanes;Mujeres;2020;448
17030 Cabanes;Mujeres;2019;448
17030 Cabanes;Mujeres;2018;442
17030 Cabanes;Mujeres;2017;413
17030 Cabanes;Mujeres;2016;421
17030 Cabanes;Mujeres;2015;432
17030 Cabanes;Mujeres;2014;432
17030 Cabanes;Mujeres;2013;436
17030 Cabanes;Mujeres;2012;435
17030 Cabanes;Mujeres;2011;430
17030 Cabanes;Mujeres;2010;434
17030 Cabanes;Mujeres;2009;446
17030 Cabanes;Mujeres;2008;425
17030 Cabanes;Mujeres;2007;435
17030 Cabanes;Mujeres;2006;443
17030 Cabanes;Mujeres;2005;436
17030 Cabanes;Mujeres;2004;405
17030 Cabanes;Mujeres;2003;383
17030 Cabanes;Mujeres;2002;382
17030 Cabanes;Mujeres;2001;370
17030 Cabanes;Mujeres;2000;389
17030 Cabanes;Mujeres;1999;384
17030 Cabanes;Mujeres;1998;389
17030 Cabanes;Mujeres;1997;""
17030 Cabanes;Mujeres;1996;384
17032 Cadaqués;Total;2025;2.918
17032 Cadaqués;Total;2024;2.918
17032 Cadaqués;Total;2023;2.912
17032 Cadaqués;Total;2022;2.889
17032 Cadaqués;Total;2021;2.820
17032 Cadaqués;Total;2020;2.695
17032 Cadaqués;Total;2019;2.712
17032 Cadaqués;Total;2018;2.752
17032 Cadaqués;Total;2017;2.794
17032 Cadaqués;Total;2016;2.837
17032 Cadaqués;Total;2015;2.840
17032 Cadaqués;Total;2014;2.820
17032 Cadaqués;Total;2013;2.938
17032 Cadaqués;Total;2012;2.935
17032 Cadaqués;Total;2011;2.902
17032 Cadaqués;Total;2010;2.892
17032 Cadaqués;Total;2009;2.860
17032 Cadaqués;Total;2008;2.873
17032 Cadaqués;Total;2007;2.806
17032 Cadaqués;Total;2006;2.922
17032 Cadaqués;Total;2005;2.623
17032 Cadaqués;Total;2004;2.730
17032 Cadaqués;Total;2003;2.612
17032 Cadaqués;Total;2002;2.487
17032 Cadaqués;Total;2001;2.390
17032 Cadaqués;Total;2000;2.301
17032 Cadaqués;Total;1999;2.280
17032 Cadaqués;Total;1998;1.878
17032 Cadaqués;Total;1997;""
17032 Cadaqués;Total;1996;1.852
17032 Cadaqués;Hombres;2025;1.440
17032 Cadaqués;Hombres;2024;1.430
17032 Cadaqués;Hombres;2023;1.419
17032 Cadaqués;Hombres;2022;1.415
17032 Cadaqués;Hombres;2021;1.378
17032 Cadaqués;Hombres;2020;1.300
17032 Cadaqués;Hombres;2019;1.322
17032 Cadaqués;Hombres;2018;1.344
17032 Cadaqués;Hombres;2017;1.359
17032 Cadaqués;Hombres;2016;1.379
17032 Cadaqués;Hombres;2015;1.371
17032 Cadaqués;Hombres;2014;1.368
17032 Cadaqués;Hombres;2013;1.448
17032 Cadaqués;Hombres;2012;1.440
17032 Cadaqués;Hombres;2011;1.431
17032 Cadaqués;Hombres;2010;1.432
17032 Cadaqués;Hombres;2009;1.416
17032 Cadaqués;Hombres;2008;1.431
17032 Cadaqués;Hombres;2007;1.384
17032 Cadaqués;Hombres;2006;1.431
17032 Cadaqués;Hombres;2005;1.266
17032 Cadaqués;Hombres;2004;1.322
17032 Cadaqués;Hombres;2003;1.271
17032 Cadaqués;Hombres;2002;1.217
17032 Cadaqués;Hombres;2001;1.163
17032 Cadaqués;Hombres;2000;1.117
17032 Cadaqués;Hombres;1999;1.123
17032 Cadaqués;Hombres;1998;908
17032 Cadaqués;Hombres;1997;""
17032 Cadaqués;Hombres;1996;895
17032 Cadaqués;Mujeres;2025;1.478
17032 Cadaqués;Mujeres;2024;1.488
17032 Cadaqués;Mujeres;2023;1.493
17032 Cadaqués;Mujeres;2022;1.474
17032 Cadaqués;Mujeres;2021;1.442
17032 Cadaqués;Mujeres;2020;1.395
17032 Cadaqués;Mujeres;2019;1.390
17032 Cadaqués;Mujeres;2018;1.408
17032 Cadaqués;Mujeres;2017;1.435
17032 Cadaqués;Mujeres;2016;1.458
17032 Cadaqués;Mujeres;2015;1.469
17032 Cadaqués;Mujeres;2014;1.452
17032 Cadaqués;Mujeres;2013;1.490
17032 Cadaqués;Mujeres;2012;1.495
17032 Cadaqués;Mujeres;2011;1.471
17032 Cadaqués;Mujeres;2010;1.460
17032 Cadaqués;Mujeres;2009;1.444
17032 Cadaqués;Mujeres;2008;1.442
17032 Cadaqués;Mujeres;2007;1.422
17032 Cadaqués;Mujeres;2006;1.491
17032 Cadaqués;Mujeres;2005;1.357
17032 Cadaqués;Mujeres;2004;1.408
17032 Cadaqués;Mujeres;2003;1.341
17032 Cadaqués;Mujeres;2002;1.270
17032 Cadaqués;Mujeres;2001;1.227
17032 Cadaqués;Mujeres;2000;1.184
17032 Cadaqués;Mujeres;1999;1.157
17032 Cadaqués;Mujeres;1998;970
17032 Cadaqués;Mujeres;1997;""
17032 Cadaqués;Mujeres;1996;957
17033 Caldes de Malavella;Total;2025;8.673
17033 Caldes de Malavella;Total;2024;8.509
17033 Caldes de Malavella;Total;2023;8.418
17033 Caldes de Malavella;Total;2022;8.196
17033 Caldes de Malavella;Total;2021;8.051
17033 Caldes de Malavella;Total;2020;7.872
17033 Caldes de Malavella;Total;2019;7.641
17033 Caldes de Malavella;Total;2018;7.458
17033 Caldes de Malavella;Total;2017;7.351
17033 Caldes de Malavella;Total;2016;7.220
17033 Caldes de Malavella;Total;2015;7.166
17033 Caldes de Malavella;Total;2014;7.130
17033 Caldes de Malavella;Total;2013;7.032
17033 Caldes de Malavella;Total;2012;7.071
17033 Caldes de Malavella;Total;2011;6.998
17033 Caldes de Malavella;Total;2010;6.920
17033 Caldes de Malavella;Total;2009;6.710
17033 Caldes de Malavella;Total;2008;6.459
17033 Caldes de Malavella;Total;2007;6.067
17033 Caldes de Malavella;Total;2006;5.674
17033 Caldes de Malavella;Total;2005;5.280
17033 Caldes de Malavella;Total;2004;4.925
17033 Caldes de Malavella;Total;2003;4.602
17033 Caldes de Malavella;Total;2002;4.365
17033 Caldes de Malavella;Total;2001;4.173
17033 Caldes de Malavella;Total;2000;4.031
17033 Caldes de Malavella;Total;1999;3.867
17033 Caldes de Malavella;Total;1998;3.752
17033 Caldes de Malavella;Total;1997;""
17033 Caldes de Malavella;Total;1996;3.598
17033 Caldes de Malavella;Hombres;2025;4.295
17033 Caldes de Malavella;Hombres;2024;4.227
17033 Caldes de Malavella;Hombres;2023;4.183
17033 Caldes de Malavella;Hombres;2022;4.099
17033 Caldes de Malavella;Hombres;2021;4.024
17033 Caldes de Malavella;Hombres;2020;3.935
17033 Caldes de Malavella;Hombres;2019;3.828
17033 Caldes de Malavella;Hombres;2018;3.716
17033 Caldes de Malavella;Hombres;2017;3.646
17033 Caldes de Malavella;Hombres;2016;3.611
17033 Caldes de Malavella;Hombres;2015;3.559
17033 Caldes de Malavella;Hombres;2014;3.555
17033 Caldes de Malavella;Hombres;2013;3.521
17033 Caldes de Malavella;Hombres;2012;3.515
17033 Caldes de Malavella;Hombres;2011;3.481
17033 Caldes de Malavella;Hombres;2010;3.431
17033 Caldes de Malavella;Hombres;2009;3.337
17033 Caldes de Malavella;Hombres;2008;3.202
17033 Caldes de Malavella;Hombres;2007;3.028
17033 Caldes de Malavella;Hombres;2006;2.843
17033 Caldes de Malavella;Hombres;2005;2.664
17033 Caldes de Malavella;Hombres;2004;2.469
17033 Caldes de Malavella;Hombres;2003;2.322
17033 Caldes de Malavella;Hombres;2002;2.201
17033 Caldes de Malavella;Hombres;2001;2.113
17033 Caldes de Malavella;Hombres;2000;2.038
17033 Caldes de Malavella;Hombres;1999;1.945
17033 Caldes de Malavella;Hombres;1998;1.888
17033 Caldes de Malavella;Hombres;1997;""
17033 Caldes de Malavella;Hombres;1996;1.795
17033 Caldes de Malavella;Mujeres;2025;4.378
17033 Caldes de Malavella;Mujeres;2024;4.282
17033 Caldes de Malavella;Mujeres;2023;4.235
17033 Caldes de Malavella;Mujeres;2022;4.097
17033 Caldes de Malavella;Mujeres;2021;4.027
17033 Caldes de Malavella;Mujeres;2020;3.937
17033 Caldes de Malavella;Mujeres;2019;3.813
17033 Caldes de Malavella;Mujeres;2018;3.742
17033 Caldes de Malavella;Mujeres;2017;3.705
17033 Caldes de Malavella;Mujeres;2016;3.609
17033 Caldes de Malavella;Mujeres;2015;3.607
17033 Caldes de Malavella;Mujeres;2014;3.575
17033 Caldes de Malavella;Mujeres;2013;3.511
17033 Caldes de Malavella;Mujeres;2012;3.556
17033 Caldes de Malavella;Mujeres;2011;3.517
17033 Caldes de Malavella;Mujeres;2010;3.489
17033 Caldes de Malavella;Mujeres;2009;3.373
17033 Caldes de Malavella;Mujeres;2008;3.257
17033 Caldes de Malavella;Mujeres;2007;3.039
17033 Caldes de Malavella;Mujeres;2006;2.831
17033 Caldes de Malavella;Mujeres;2005;2.616
17033 Caldes de Malavella;Mujeres;2004;2.456
17033 Caldes de Malavella;Mujeres;2003;2.280
17033 Caldes de Malavella;Mujeres;2002;2.164
17033 Caldes de Malavella;Mujeres;2001;2.060
17033 Caldes de Malavella;Mujeres;2000;1.993
17033 Caldes de Malavella;Mujeres;1999;1.922
17033 Caldes de Malavella;Mujeres;1998;1.864
17033 Caldes de Malavella;Mujeres;1997;""
17033 Caldes de Malavella;Mujeres;1996;1.803
17034 Calonge i Sant Antoni;Total;2025;12.335
17034 Calonge i Sant Antoni;Total;2024;12.316
17034 Calonge i Sant Antoni;Total;2023;12.043
17034 Calonge i Sant Antoni;Total;2022;11.712
17034 Calonge i Sant Antoni;Total;2021;11.484
17034 Calonge i Sant Antoni;Total;2020;11.331
17034 Calonge i Sant Antoni;Total;2019;11.092
17034 Calonge i Sant Antoni;Total;2018;10.897
17034 Calonge i Sant Antoni;Total;2017;10.804
17034 Calonge i Sant Antoni;Total;2016;10.709
17034 Calonge i Sant Antoni;Total;2015;10.520
17034 Calonge i Sant Antoni;Total;2014;10.541
17034 Calonge i Sant Antoni;Total;2013;10.596
17034 Calonge i Sant Antoni;Total;2012;10.851
17034 Calonge i Sant Antoni;Total;2011;10.761
17034 Calonge i Sant Antoni;Total;2010;10.789
17034 Calonge i Sant Antoni;Total;2009;10.637
17034 Calonge i Sant Antoni;Total;2008;10.428
17034 Calonge i Sant Antoni;Total;2007;10.009
17034 Calonge i Sant Antoni;Total;2006;9.458
17034 Calonge i Sant Antoni;Total;2005;9.162
17034 Calonge i Sant Antoni;Total;2004;8.757
17034 Calonge i Sant Antoni;Total;2003;8.282
17034 Calonge i Sant Antoni;Total;2002;7.684
17034 Calonge i Sant Antoni;Total;2001;7.190
17034 Calonge i Sant Antoni;Total;2000;6.783
17034 Calonge i Sant Antoni;Total;1999;6.663
17034 Calonge i Sant Antoni;Total;1998;6.226
17034 Calonge i Sant Antoni;Total;1997;""
17034 Calonge i Sant Antoni;Total;1996;5.832
17034 Calonge i Sant Antoni;Hombres;2025;6.159
17034 Calonge i Sant Antoni;Hombres;2024;6.131
17034 Calonge i Sant Antoni;Hombres;2023;6.001
17034 Calonge i Sant Antoni;Hombres;2022;5.838
17034 Calonge i Sant Antoni;Hombres;2021;5.762
17034 Calonge i Sant Antoni;Hombres;2020;5.681
17034 Calonge i Sant Antoni;Hombres;2019;5.571
17034 Calonge i Sant Antoni;Hombres;2018;5.457
17034 Calonge i Sant Antoni;Hombres;2017;5.409
17034 Calonge i Sant Antoni;Hombres;2016;5.368
17034 Calonge i Sant Antoni;Hombres;2015;5.272
17034 Calonge i Sant Antoni;Hombres;2014;5.298
17034 Calonge i Sant Antoni;Hombres;2013;5.320
17034 Calonge i Sant Antoni;Hombres;2012;5.431
17034 Calonge i Sant Antoni;Hombres;2011;5.395
17034 Calonge i Sant Antoni;Hombres;2010;5.433
17034 Calonge i Sant Antoni;Hombres;2009;5.376
17034 Calonge i Sant Antoni;Hombres;2008;5.308
17034 Calonge i Sant Antoni;Hombres;2007;5.100
17034 Calonge i Sant Antoni;Hombres;2006;4.827
17034 Calonge i Sant Antoni;Hombres;2005;4.671
17034 Calonge i Sant Antoni;Hombres;2004;4.440
17034 Calonge i Sant Antoni;Hombres;2003;4.192
17034 Calonge i Sant Antoni;Hombres;2002;3.884
17034 Calonge i Sant Antoni;Hombres;2001;3.611
17034 Calonge i Sant Antoni;Hombres;2000;3.398
17034 Calonge i Sant Antoni;Hombres;1999;3.334
17034 Calonge i Sant Antoni;Hombres;1998;3.126
17034 Calonge i Sant Antoni;Hombres;1997;""
17034 Calonge i Sant Antoni;Hombres;1996;2.898
17034 Calonge i Sant Antoni;Mujeres;2025;6.176
17034 Calonge i Sant Antoni;Mujeres;2024;6.185
17034 Calonge i Sant Antoni;Mujeres;2023;6.042
17034 Calonge i Sant Antoni;Mujeres;2022;5.874
17034 Calonge i Sant Antoni;Mujeres;2021;5.722
17034 Calonge i Sant Antoni;Mujeres;2020;5.650
17034 Calonge i Sant Antoni;Mujeres;2019;5.521
17034 Calonge i Sant Antoni;Mujeres;2018;5.440
17034 Calonge i Sant Antoni;Mujeres;2017;5.395
17034 Calonge i Sant Antoni;Mujeres;2016;5.341
17034 Calonge i Sant Antoni;Mujeres;2015;5.248
17034 Calonge i Sant Antoni;Mujeres;2014;5.243
17034 Calonge i Sant Antoni;Mujeres;2013;5.276
17034 Calonge i Sant Antoni;Mujeres;2012;5.420
17034 Calonge i Sant Antoni;Mujeres;2011;5.366
17034 Calonge i Sant Antoni;Mujeres;2010;5.356
17034 Calonge i Sant Antoni;Mujeres;2009;5.261
17034 Calonge i Sant Antoni;Mujeres;2008;5.120
17034 Calonge i Sant Antoni;Mujeres;2007;4.909
17034 Calonge i Sant Antoni;Mujeres;2006;4.631
17034 Calonge i Sant Antoni;Mujeres;2005;4.491
17034 Calonge i Sant Antoni;Mujeres;2004;4.317
17034 Calonge i Sant Antoni;Mujeres;2003;4.090
17034 Calonge i Sant Antoni;Mujeres;2002;3.800
17034 Calonge i Sant Antoni;Mujeres;2001;3.579
17034 Calonge i Sant Antoni;Mujeres;2000;3.385
17034 Calonge i Sant Antoni;Mujeres;1999;3.329
17034 Calonge i Sant Antoni;Mujeres;1998;3.100
17034 Calonge i Sant Antoni;Mujeres;1997;""
17034 Calonge i Sant Antoni;Mujeres;1996;2.934
17036 Campdevànol;Total;2025;3.241
17036 Campdevànol;Total;2024;3.262
17036 Campdevànol;Total;2023;3.212
17036 Campdevànol;Total;2022;3.217
17036 Campdevànol;Total;2021;3.225
17036 Campdevànol;Total;2020;3.232
17036 Campdevànol;Total;2019;3.223
17036 Campdevànol;Total;2018;3.204
17036 Campdevànol;Total;2017;3.243
17036 Campdevànol;Total;2016;3.314
17036 Campdevànol;Total;2015;3.352
17036 Campdevànol;Total;2014;3.395
17036 Campdevànol;Total;2013;3.422
17036 Campdevànol;Total;2012;3.469
17036 Campdevànol;Total;2011;3.477
17036 Campdevànol;Total;2010;3.499
17036 Campdevànol;Total;2009;3.505
17036 Campdevànol;Total;2008;3.501
17036 Campdevànol;Total;2007;3.519
17036 Campdevànol;Total;2006;3.499
17036 Campdevànol;Total;2005;3.432
17036 Campdevànol;Total;2004;3.361
17036 Campdevànol;Total;2003;3.374
17036 Campdevànol;Total;2002;3.412
17036 Campdevànol;Total;2001;3.433
17036 Campdevànol;Total;2000;3.370
17036 Campdevànol;Total;1999;3.349
17036 Campdevànol;Total;1998;3.342
17036 Campdevànol;Total;1997;""
17036 Campdevànol;Total;1996;3.347
17036 Campdevànol;Hombres;2025;1.591
17036 Campdevànol;Hombres;2024;1.604
17036 Campdevànol;Hombres;2023;1.584
17036 Campdevànol;Hombres;2022;1.576
17036 Campdevànol;Hombres;2021;1.567
17036 Campdevànol;Hombres;2020;1.560
17036 Campdevànol;Hombres;2019;1.566
17036 Campdevànol;Hombres;2018;1.556
17036 Campdevànol;Hombres;2017;1.585
17036 Campdevànol;Hombres;2016;1.630
17036 Campdevànol;Hombres;2015;1.653
17036 Campdevànol;Hombres;2014;1.660
17036 Campdevànol;Hombres;2013;1.682
17036 Campdevànol;Hombres;2012;1.710
17036 Campdevànol;Hombres;2011;1.716
17036 Campdevànol;Hombres;2010;1.731
17036 Campdevànol;Hombres;2009;1.748
17036 Campdevànol;Hombres;2008;1.766
17036 Campdevànol;Hombres;2007;1.783
17036 Campdevànol;Hombres;2006;1.766
17036 Campdevànol;Hombres;2005;1.711
17036 Campdevànol;Hombres;2004;1.668
17036 Campdevànol;Hombres;2003;1.661
17036 Campdevànol;Hombres;2002;1.682
17036 Campdevànol;Hombres;2001;1.676
17036 Campdevànol;Hombres;2000;1.652
17036 Campdevànol;Hombres;1999;1.638
17036 Campdevànol;Hombres;1998;1.636
17036 Campdevànol;Hombres;1997;""
17036 Campdevànol;Hombres;1996;1.642
17036 Campdevànol;Mujeres;2025;1.650
17036 Campdevànol;Mujeres;2024;1.658
17036 Campdevànol;Mujeres;2023;1.628
17036 Campdevànol;Mujeres;2022;1.641
17036 Campdevànol;Mujeres;2021;1.658
17036 Campdevànol;Mujeres;2020;1.672
17036 Campdevànol;Mujeres;2019;1.657
17036 Campdevànol;Mujeres;2018;1.648
17036 Campdevànol;Mujeres;2017;1.658
17036 Campdevànol;Mujeres;2016;1.684
17036 Campdevànol;Mujeres;2015;1.699
17036 Campdevànol;Mujeres;2014;1.735
17036 Campdevànol;Mujeres;2013;1.740
17036 Campdevànol;Mujeres;2012;1.759
17036 Campdevànol;Mujeres;2011;1.761
17036 Campdevànol;Mujeres;2010;1.768
17036 Campdevànol;Mujeres;2009;1.757
17036 Campdevànol;Mujeres;2008;1.735
17036 Campdevànol;Mujeres;2007;1.736
17036 Campdevànol;Mujeres;2006;1.733
17036 Campdevànol;Mujeres;2005;1.721
17036 Campdevànol;Mujeres;2004;1.693
17036 Campdevànol;Mujeres;2003;1.713
17036 Campdevànol;Mujeres;2002;1.730
17036 Campdevànol;Mujeres;2001;1.757
17036 Campdevànol;Mujeres;2000;1.718
17036 Campdevànol;Mujeres;1999;1.711
17036 Campdevànol;Mujeres;1998;1.706
17036 Campdevànol;Mujeres;1997;""
17036 Campdevànol;Mujeres;1996;1.705
17037 Campelles;Total;2025;163
17037 Campelles;Total;2024;165
17037 Campelles;Total;2023;164
17037 Campelles;Total;2022;162
17037 Campelles;Total;2021;149
17037 Campelles;Total;2020;140
17037 Campelles;Total;2019;139
17037 Campelles;Total;2018;133
17037 Campelles;Total;2017;135
17037 Campelles;Total;2016;137
17037 Campelles;Total;2015;127
17037 Campelles;Total;2014;132
17037 Campelles;Total;2013;137
17037 Campelles;Total;2012;136
17037 Campelles;Total;2011;136
17037 Campelles;Total;2010;127
17037 Campelles;Total;2009;125
17037 Campelles;Total;2008;128
17037 Campelles;Total;2007;111
17037 Campelles;Total;2006;106
17037 Campelles;Total;2005;114
17037 Campelles;Total;2004;122
17037 Campelles;Total;2003;124
17037 Campelles;Total;2002;128
17037 Campelles;Total;2001;127
17037 Campelles;Total;2000;125
17037 Campelles;Total;1999;117
17037 Campelles;Total;1998;123
17037 Campelles;Total;1997;""
17037 Campelles;Total;1996;127
17037 Campelles;Hombres;2025;84
17037 Campelles;Hombres;2024;86
17037 Campelles;Hombres;2023;89
17037 Campelles;Hombres;2022;87
17037 Campelles;Hombres;2021;76
17037 Campelles;Hombres;2020;73
17037 Campelles;Hombres;2019;71
17037 Campelles;Hombres;2018;70
17037 Campelles;Hombres;2017;70
17037 Campelles;Hombres;2016;70
17037 Campelles;Hombres;2015;64
17037 Campelles;Hombres;2014;67
17037 Campelles;Hombres;2013;66
17037 Campelles;Hombres;2012;66
17037 Campelles;Hombres;2011;67
17037 Campelles;Hombres;2010;65
17037 Campelles;Hombres;2009;63
17037 Campelles;Hombres;2008;64
17037 Campelles;Hombres;2007;58
17037 Campelles;Hombres;2006;56
17037 Campelles;Hombres;2005;60
17037 Campelles;Hombres;2004;67
17037 Campelles;Hombres;2003;66
17037 Campelles;Hombres;2002;68
17037 Campelles;Hombres;2001;67
17037 Campelles;Hombres;2000;67
17037 Campelles;Hombres;1999;61
17037 Campelles;Hombres;1998;63
17037 Campelles;Hombres;1997;""
17037 Campelles;Hombres;1996;65
17037 Campelles;Mujeres;2025;79
17037 Campelles;Mujeres;2024;79
17037 Campelles;Mujeres;2023;75
17037 Campelles;Mujeres;2022;75
17037 Campelles;Mujeres;2021;73
17037 Campelles;Mujeres;2020;67
17037 Campelles;Mujeres;2019;68
17037 Campelles;Mujeres;2018;63
17037 Campelles;Mujeres;2017;65
17037 Campelles;Mujeres;2016;67
17037 Campelles;Mujeres;2015;63
17037 Campelles;Mujeres;2014;65
17037 Campelles;Mujeres;2013;71
17037 Campelles;Mujeres;2012;70
17037 Campelles;Mujeres;2011;69
17037 Campelles;Mujeres;2010;62
17037 Campelles;Mujeres;2009;62
17037 Campelles;Mujeres;2008;64
17037 Campelles;Mujeres;2007;53
17037 Campelles;Mujeres;2006;50
17037 Campelles;Mujeres;2005;54
17037 Campelles;Mujeres;2004;55
17037 Campelles;Mujeres;2003;58
17037 Campelles;Mujeres;2002;60
17037 Campelles;Mujeres;2001;60
17037 Campelles;Mujeres;2000;58
17037 Campelles;Mujeres;1999;56
17037 Campelles;Mujeres;1998;60
17037 Campelles;Mujeres;1997;""
17037 Campelles;Mujeres;1996;62
17038 Campllong;Total;2025;534
17038 Campllong;Total;2024;544
17038 Campllong;Total;2023;535
17038 Campllong;Total;2022;535
17038 Campllong;Total;2021;533
17038 Campllong;Total;2020;537
17038 Campllong;Total;2019;547
17038 Campllong;Total;2018;535
17038 Campllong;Total;2017;525
17038 Campllong;Total;2016;516
17038 Campllong;Total;2015;499
17038 Campllong;Total;2014;515
17038 Campllong;Total;2013;515
17038 Campllong;Total;2012;525
17038 Campllong;Total;2011;497
17038 Campllong;Total;2010;467
17038 Campllong;Total;2009;423
17038 Campllong;Total;2008;423
17038 Campllong;Total;2007;400
17038 Campllong;Total;2006;381
17038 Campllong;Total;2005;368
17038 Campllong;Total;2004;352
17038 Campllong;Total;2003;338
17038 Campllong;Total;2002;317
17038 Campllong;Total;2001;310
17038 Campllong;Total;2000;307
17038 Campllong;Total;1999;311
17038 Campllong;Total;1998;293
17038 Campllong;Total;1997;""
17038 Campllong;Total;1996;280
17038 Campllong;Hombres;2025;264
17038 Campllong;Hombres;2024;271
17038 Campllong;Hombres;2023;266
17038 Campllong;Hombres;2022;267
17038 Campllong;Hombres;2021;264
17038 Campllong;Hombres;2020;264
17038 Campllong;Hombres;2019;272
17038 Campllong;Hombres;2018;263
17038 Campllong;Hombres;2017;257
17038 Campllong;Hombres;2016;258
17038 Campllong;Hombres;2015;247
17038 Campllong;Hombres;2014;257
17038 Campllong;Hombres;2013;255
17038 Campllong;Hombres;2012;266
17038 Campllong;Hombres;2011;254
17038 Campllong;Hombres;2010;241
17038 Campllong;Hombres;2009;216
17038 Campllong;Hombres;2008;212
17038 Campllong;Hombres;2007;201
17038 Campllong;Hombres;2006;194
17038 Campllong;Hombres;2005;188
17038 Campllong;Hombres;2004;180
17038 Campllong;Hombres;2003;173
17038 Campllong;Hombres;2002;166
17038 Campllong;Hombres;2001;166
17038 Campllong;Hombres;2000;158
17038 Campllong;Hombres;1999;160
17038 Campllong;Hombres;1998;147
17038 Campllong;Hombres;1997;""
17038 Campllong;Hombres;1996;144
17038 Campllong;Mujeres;2025;270
17038 Campllong;Mujeres;2024;273
17038 Campllong;Mujeres;2023;269
17038 Campllong;Mujeres;2022;268
17038 Campllong;Mujeres;2021;269
17038 Campllong;Mujeres;2020;273
17038 Campllong;Mujeres;2019;275
17038 Campllong;Mujeres;2018;272
17038 Campllong;Mujeres;2017;268
17038 Campllong;Mujeres;2016;258
17038 Campllong;Mujeres;2015;252
17038 Campllong;Mujeres;2014;258
17038 Campllong;Mujeres;2013;260
17038 Campllong;Mujeres;2012;259
17038 Campllong;Mujeres;2011;243
17038 Campllong;Mujeres;2010;226
17038 Campllong;Mujeres;2009;207
17038 Campllong;Mujeres;2008;211
17038 Campllong;Mujeres;2007;199
17038 Campllong;Mujeres;2006;187
17038 Campllong;Mujeres;2005;180
17038 Campllong;Mujeres;2004;172
17038 Campllong;Mujeres;2003;165
17038 Campllong;Mujeres;2002;151
17038 Campllong;Mujeres;2001;144
17038 Campllong;Mujeres;2000;149
17038 Campllong;Mujeres;1999;151
17038 Campllong;Mujeres;1998;146
17038 Campllong;Mujeres;1997;""
17038 Campllong;Mujeres;1996;136
17039 Camprodon;Total;2025;2.570
17039 Camprodon;Total;2024;2.527
17039 Camprodon;Total;2023;2.487
17039 Camprodon;Total;2022;2.469
17039 Camprodon;Total;2021;2.435
17039 Camprodon;Total;2020;2.298
17039 Camprodon;Total;2019;2.281
17039 Camprodon;Total;2018;2.261
17039 Camprodon;Total;2017;2.214
17039 Camprodon;Total;2016;2.221
17039 Camprodon;Total;2015;2.299
17039 Camprodon;Total;2014;2.359
17039 Camprodon;Total;2013;2.466
17039 Camprodon;Total;2012;2.466
17039 Camprodon;Total;2011;2.450
17039 Camprodon;Total;2010;2.479
17039 Camprodon;Total;2009;2.542
17039 Camprodon;Total;2008;2.578
17039 Camprodon;Total;2007;2.516
17039 Camprodon;Total;2006;2.438
17039 Camprodon;Total;2005;2.446
17039 Camprodon;Total;2004;2.390
17039 Camprodon;Total;2003;2.343
17039 Camprodon;Total;2002;2.312
17039 Camprodon;Total;2001;2.289
17039 Camprodon;Total;2000;2.319
17039 Camprodon;Total;1999;2.350
17039 Camprodon;Total;1998;2.344
17039 Camprodon;Total;1997;""
17039 Camprodon;Total;1996;2.308
17039 Camprodon;Hombres;2025;1.243
17039 Camprodon;Hombres;2024;1.228
17039 Camprodon;Hombres;2023;1.209
17039 Camprodon;Hombres;2022;1.200
17039 Camprodon;Hombres;2021;1.193
17039 Camprodon;Hombres;2020;1.124
17039 Camprodon;Hombres;2019;1.117
17039 Camprodon;Hombres;2018;1.111
17039 Camprodon;Hombres;2017;1.091
17039 Camprodon;Hombres;2016;1.097
17039 Camprodon;Hombres;2015;1.126
17039 Camprodon;Hombres;2014;1.149
17039 Camprodon;Hombres;2013;1.219
17039 Camprodon;Hombres;2012;1.207
17039 Camprodon;Hombres;2011;1.201
17039 Camprodon;Hombres;2010;1.226
17039 Camprodon;Hombres;2009;1.255
17039 Camprodon;Hombres;2008;1.280
17039 Camprodon;Hombres;2007;1.246
17039 Camprodon;Hombres;2006;1.217
17039 Camprodon;Hombres;2005;1.208
17039 Camprodon;Hombres;2004;1.175
17039 Camprodon;Hombres;2003;1.154
17039 Camprodon;Hombres;2002;1.141
17039 Camprodon;Hombres;2001;1.133
17039 Camprodon;Hombres;2000;1.138
17039 Camprodon;Hombres;1999;1.161
17039 Camprodon;Hombres;1998;1.169
17039 Camprodon;Hombres;1997;""
17039 Camprodon;Hombres;1996;1.141
17039 Camprodon;Mujeres;2025;1.327
17039 Camprodon;Mujeres;2024;1.299
17039 Camprodon;Mujeres;2023;1.278
17039 Camprodon;Mujeres;2022;1.269
17039 Camprodon;Mujeres;2021;1.242
17039 Camprodon;Mujeres;2020;1.174
17039 Camprodon;Mujeres;2019;1.164
17039 Camprodon;Mujeres;2018;1.150
17039 Camprodon;Mujeres;2017;1.123
17039 Camprodon;Mujeres;2016;1.124
17039 Camprodon;Mujeres;2015;1.173
17039 Camprodon;Mujeres;2014;1.210
17039 Camprodon;Mujeres;2013;1.247
17039 Camprodon;Mujeres;2012;1.259
17039 Camprodon;Mujeres;2011;1.249
17039 Camprodon;Mujeres;2010;1.253
17039 Camprodon;Mujeres;2009;1.287
17039 Camprodon;Mujeres;2008;1.298
17039 Camprodon;Mujeres;2007;1.270
17039 Camprodon;Mujeres;2006;1.221
17039 Camprodon;Mujeres;2005;1.238
17039 Camprodon;Mujeres;2004;1.215
17039 Camprodon;Mujeres;2003;1.189
17039 Camprodon;Mujeres;2002;1.171
17039 Camprodon;Mujeres;2001;1.156
17039 Camprodon;Mujeres;2000;1.181
17039 Camprodon;Mujeres;1999;1.189
17039 Camprodon;Mujeres;1998;1.175
17039 Camprodon;Mujeres;1997;""
17039 Camprodon;Mujeres;1996;1.167
17035 Camós;Total;2025;701
17035 Camós;Total;2024;711
17035 Camós;Total;2023;719
17035 Camós;Total;2022;715
17035 Camós;Total;2021;711
17035 Camós;Total;2020;677
17035 Camós;Total;2019;693
17035 Camós;Total;2018;690
17035 Camós;Total;2017;687
17035 Camós;Total;2016;683
17035 Camós;Total;2015;683
17035 Camós;Total;2014;686
17035 Camós;Total;2013;692
17035 Camós;Total;2012;677
17035 Camós;Total;2011;684
17035 Camós;Total;2010;681
17035 Camós;Total;2009;692
17035 Camós;Total;2008;696
17035 Camós;Total;2007;698
17035 Camós;Total;2006;677
17035 Camós;Total;2005;673
17035 Camós;Total;2004;659
17035 Camós;Total;2003;661
17035 Camós;Total;2002;639
17035 Camós;Total;2001;626
17035 Camós;Total;2000;637
17035 Camós;Total;1999;631
17035 Camós;Total;1998;618
17035 Camós;Total;1997;""
17035 Camós;Total;1996;621
17035 Camós;Hombres;2025;343
17035 Camós;Hombres;2024;347
17035 Camós;Hombres;2023;354
17035 Camós;Hombres;2022;355
17035 Camós;Hombres;2021;354
17035 Camós;Hombres;2020;340
17035 Camós;Hombres;2019;341
17035 Camós;Hombres;2018;347
17035 Camós;Hombres;2017;343
17035 Camós;Hombres;2016;340
17035 Camós;Hombres;2015;346
17035 Camós;Hombres;2014;345
17035 Camós;Hombres;2013;354
17035 Camós;Hombres;2012;343
17035 Camós;Hombres;2011;348
17035 Camós;Hombres;2010;349
17035 Camós;Hombres;2009;350
17035 Camós;Hombres;2008;352
17035 Camós;Hombres;2007;351
17035 Camós;Hombres;2006;341
17035 Camós;Hombres;2005;350
17035 Camós;Hombres;2004;339
17035 Camós;Hombres;2003;344
17035 Camós;Hombres;2002;331
17035 Camós;Hombres;2001;322
17035 Camós;Hombres;2000;327
17035 Camós;Hombres;1999;323
17035 Camós;Hombres;1998;314
17035 Camós;Hombres;1997;""
17035 Camós;Hombres;1996;311
17035 Camós;Mujeres;2025;358
17035 Camós;Mujeres;2024;364
17035 Camós;Mujeres;2023;365
17035 Camós;Mujeres;2022;360
17035 Camós;Mujeres;2021;357
17035 Camós;Mujeres;2020;337
17035 Camós;Mujeres;2019;352
17035 Camós;Mujeres;2018;343
17035 Camós;Mujeres;2017;344
17035 Camós;Mujeres;2016;343
17035 Camós;Mujeres;2015;337
17035 Camós;Mujeres;2014;341
17035 Camós;Mujeres;2013;338
17035 Camós;Mujeres;2012;334
17035 Camós;Mujeres;2011;336
17035 Camós;Mujeres;2010;332
17035 Camós;Mujeres;2009;342
17035 Camós;Mujeres;2008;344
17035 Camós;Mujeres;2007;347
17035 Camós;Mujeres;2006;336
17035 Camós;Mujeres;2005;323
17035 Camós;Mujeres;2004;320
17035 Camós;Mujeres;2003;317
17035 Camós;Mujeres;2002;308
17035 Camós;Mujeres;2001;304
17035 Camós;Mujeres;2000;310
17035 Camós;Mujeres;1999;308
17035 Camós;Mujeres;1998;304
17035 Camós;Mujeres;1997;""
17035 Camós;Mujeres;1996;310
17040 Canet d'Adri;Total;2025;744
17040 Canet d'Adri;Total;2024;744
17040 Canet d'Adri;Total;2023;749
17040 Canet d'Adri;Total;2022;750
17040 Canet d'Adri;Total;2021;749
17040 Canet d'Adri;Total;2020;729
17040 Canet d'Adri;Total;2019;723
17040 Canet d'Adri;Total;2018;708
17040 Canet d'Adri;Total;2017;703
17040 Canet d'Adri;Total;2016;702
17040 Canet d'Adri;Total;2015;671
17040 Canet d'Adri;Total;2014;644
17040 Canet d'Adri;Total;2013;627
17040 Canet d'Adri;Total;2012;624
17040 Canet d'Adri;Total;2011;609
17040 Canet d'Adri;Total;2010;618
17040 Canet d'Adri;Total;2009;605
17040 Canet d'Adri;Total;2008;601
17040 Canet d'Adri;Total;2007;599
17040 Canet d'Adri;Total;2006;576
17040 Canet d'Adri;Total;2005;564
17040 Canet d'Adri;Total;2004;538
17040 Canet d'Adri;Total;2003;519
17040 Canet d'Adri;Total;2002;527
17040 Canet d'Adri;Total;2001;519
17040 Canet d'Adri;Total;2000;519
17040 Canet d'Adri;Total;1999;522
17040 Canet d'Adri;Total;1998;519
17040 Canet d'Adri;Total;1997;""
17040 Canet d'Adri;Total;1996;503
17040 Canet d'Adri;Hombres;2025;372
17040 Canet d'Adri;Hombres;2024;373
17040 Canet d'Adri;Hombres;2023;382
17040 Canet d'Adri;Hombres;2022;388
17040 Canet d'Adri;Hombres;2021;387
17040 Canet d'Adri;Hombres;2020;382
17040 Canet d'Adri;Hombres;2019;371
17040 Canet d'Adri;Hombres;2018;364
17040 Canet d'Adri;Hombres;2017;358
17040 Canet d'Adri;Hombres;2016;353
17040 Canet d'Adri;Hombres;2015;340
17040 Canet d'Adri;Hombres;2014;331
17040 Canet d'Adri;Hombres;2013;321
17040 Canet d'Adri;Hombres;2012;317
17040 Canet d'Adri;Hombres;2011;307
17040 Canet d'Adri;Hombres;2010;314
17040 Canet d'Adri;Hombres;2009;307
17040 Canet d'Adri;Hombres;2008;309
17040 Canet d'Adri;Hombres;2007;312
17040 Canet d'Adri;Hombres;2006;297
17040 Canet d'Adri;Hombres;2005;292
17040 Canet d'Adri;Hombres;2004;280
17040 Canet d'Adri;Hombres;2003;271
17040 Canet d'Adri;Hombres;2002;274
17040 Canet d'Adri;Hombres;2001;273
17040 Canet d'Adri;Hombres;2000;270
17040 Canet d'Adri;Hombres;1999;266
17040 Canet d'Adri;Hombres;1998;266
17040 Canet d'Adri;Hombres;1997;""
17040 Canet d'Adri;Hombres;1996;255
17040 Canet d'Adri;Mujeres;2025;372
17040 Canet d'Adri;Mujeres;2024;371
17040 Canet d'Adri;Mujeres;2023;367
17040 Canet d'Adri;Mujeres;2022;362
17040 Canet d'Adri;Mujeres;2021;362
17040 Canet d'Adri;Mujeres;2020;347
17040 Canet d'Adri;Mujeres;2019;352
17040 Canet d'Adri;Mujeres;2018;344
17040 Canet d'Adri;Mujeres;2017;345
17040 Canet d'Adri;Mujeres;2016;349
17040 Canet d'Adri;Mujeres;2015;331
17040 Canet d'Adri;Mujeres;2014;313
17040 Canet d'Adri;Mujeres;2013;306
17040 Canet d'Adri;Mujeres;2012;307
17040 Canet d'Adri;Mujeres;2011;302
17040 Canet d'Adri;Mujeres;2010;304
17040 Canet d'Adri;Mujeres;2009;298
17040 Canet d'Adri;Mujeres;2008;292
17040 Canet d'Adri;Mujeres;2007;287
17040 Canet d'Adri;Mujeres;2006;279
17040 Canet d'Adri;Mujeres;2005;272
17040 Canet d'Adri;Mujeres;2004;258
17040 Canet d'Adri;Mujeres;2003;248
17040 Canet d'Adri;Mujeres;2002;253
17040 Canet d'Adri;Mujeres;2001;246
17040 Canet d'Adri;Mujeres;2000;249
17040 Canet d'Adri;Mujeres;1999;256
17040 Canet d'Adri;Mujeres;1998;253
17040 Canet d'Adri;Mujeres;1997;""
17040 Canet d'Adri;Mujeres;1996;248
17041 Cantallops;Total;2025;366
17041 Cantallops;Total;2024;346
17041 Cantallops;Total;2023;325
17041 Cantallops;Total;2022;330
17041 Cantallops;Total;2021;305
17041 Cantallops;Total;2020;309
17041 Cantallops;Total;2019;313
17041 Cantallops;Total;2018;313
17041 Cantallops;Total;2017;322
17041 Cantallops;Total;2016;317
17041 Cantallops;Total;2015;328
17041 Cantallops;Total;2014;324
17041 Cantallops;Total;2013;335
17041 Cantallops;Total;2012;333
17041 Cantallops;Total;2011;326
17041 Cantallops;Total;2010;319
17041 Cantallops;Total;2009;319
17041 Cantallops;Total;2008;320
17041 Cantallops;Total;2007;295
17041 Cantallops;Total;2006;287
17041 Cantallops;Total;2005;271
17041 Cantallops;Total;2004;267
17041 Cantallops;Total;2003;265
17041 Cantallops;Total;2002;263
17041 Cantallops;Total;2001;264
17041 Cantallops;Total;2000;267
17041 Cantallops;Total;1999;264
17041 Cantallops;Total;1998;257
17041 Cantallops;Total;1997;""
17041 Cantallops;Total;1996;265
17041 Cantallops;Hombres;2025;179
17041 Cantallops;Hombres;2024;169
17041 Cantallops;Hombres;2023;168
17041 Cantallops;Hombres;2022;168
17041 Cantallops;Hombres;2021;154
17041 Cantallops;Hombres;2020;153
17041 Cantallops;Hombres;2019;153
17041 Cantallops;Hombres;2018;155
17041 Cantallops;Hombres;2017;162
17041 Cantallops;Hombres;2016;160
17041 Cantallops;Hombres;2015;166
17041 Cantallops;Hombres;2014;163
17041 Cantallops;Hombres;2013;169
17041 Cantallops;Hombres;2012;171
17041 Cantallops;Hombres;2011;168
17041 Cantallops;Hombres;2010;163
17041 Cantallops;Hombres;2009;164
17041 Cantallops;Hombres;2008;164
17041 Cantallops;Hombres;2007;151
17041 Cantallops;Hombres;2006;148
17041 Cantallops;Hombres;2005;137
17041 Cantallops;Hombres;2004;131
17041 Cantallops;Hombres;2003;126
17041 Cantallops;Hombres;2002;128
17041 Cantallops;Hombres;2001;135
17041 Cantallops;Hombres;2000;136
17041 Cantallops;Hombres;1999;135
17041 Cantallops;Hombres;1998;129
17041 Cantallops;Hombres;1997;""
17041 Cantallops;Hombres;1996;131
17041 Cantallops;Mujeres;2025;187
17041 Cantallops;Mujeres;2024;177
17041 Cantallops;Mujeres;2023;157
17041 Cantallops;Mujeres;2022;162
17041 Cantallops;Mujeres;2021;151
17041 Cantallops;Mujeres;2020;156
17041 Cantallops;Mujeres;2019;160
17041 Cantallops;Mujeres;2018;158
17041 Cantallops;Mujeres;2017;160
17041 Cantallops;Mujeres;2016;157
17041 Cantallops;Mujeres;2015;162
17041 Cantallops;Mujeres;2014;161
17041 Cantallops;Mujeres;2013;166
17041 Cantallops;Mujeres;2012;162
17041 Cantallops;Mujeres;2011;158
17041 Cantallops;Mujeres;2010;156
17041 Cantallops;Mujeres;2009;155
17041 Cantallops;Mujeres;2008;156
17041 Cantallops;Mujeres;2007;144
17041 Cantallops;Mujeres;2006;139
17041 Cantallops;Mujeres;2005;134
17041 Cantallops;Mujeres;2004;136
17041 Cantallops;Mujeres;2003;139
17041 Cantallops;Mujeres;2002;135
17041 Cantallops;Mujeres;2001;129
17041 Cantallops;Mujeres;2000;131
17041 Cantallops;Mujeres;1999;129
17041 Cantallops;Mujeres;1998;128
17041 Cantallops;Mujeres;1997;""
17041 Cantallops;Mujeres;1996;134
17042 Capmany;Total;2025;680
17042 Capmany;Total;2024;693
17042 Capmany;Total;2023;668
17042 Capmany;Total;2022;672
17042 Capmany;Total;2021;618
17042 Capmany;Total;2020;611
17042 Capmany;Total;2019;613
17042 Capmany;Total;2018;613
17042 Capmany;Total;2017;623
17042 Capmany;Total;2016;596
17042 Capmany;Total;2015;590
17042 Capmany;Total;2014;612
17042 Capmany;Total;2013;608
17042 Capmany;Total;2012;633
17042 Capmany;Total;2011;623
17042 Capmany;Total;2010;620
17042 Capmany;Total;2009;593
17042 Capmany;Total;2008;560
17042 Capmany;Total;2007;518
17042 Capmany;Total;2006;494
17042 Capmany;Total;2005;500
17042 Capmany;Total;2004;485
17042 Capmany;Total;2003;481
17042 Capmany;Total;2002;493
17042 Capmany;Total;2001;460
17042 Capmany;Total;2000;409
17042 Capmany;Total;1999;407
17042 Capmany;Total;1998;397
17042 Capmany;Total;1997;""
17042 Capmany;Total;1996;394
17042 Capmany;Hombres;2025;344
17042 Capmany;Hombres;2024;357
17042 Capmany;Hombres;2023;342
17042 Capmany;Hombres;2022;350
17042 Capmany;Hombres;2021;313
17042 Capmany;Hombres;2020;305
17042 Capmany;Hombres;2019;307
17042 Capmany;Hombres;2018;308
17042 Capmany;Hombres;2017;316
17042 Capmany;Hombres;2016;306
17042 Capmany;Hombres;2015;307
17042 Capmany;Hombres;2014;323
17042 Capmany;Hombres;2013;316
17042 Capmany;Hombres;2012;341
17042 Capmany;Hombres;2011;336
17042 Capmany;Hombres;2010;333
17042 Capmany;Hombres;2009;316
17042 Capmany;Hombres;2008;301
17042 Capmany;Hombres;2007;270
17042 Capmany;Hombres;2006;254
17042 Capmany;Hombres;2005;264
17042 Capmany;Hombres;2004;254
17042 Capmany;Hombres;2003;250
17042 Capmany;Hombres;2002;247
17042 Capmany;Hombres;2001;236
17042 Capmany;Hombres;2000;203
17042 Capmany;Hombres;1999;202
17042 Capmany;Hombres;1998;200
17042 Capmany;Hombres;1997;""
17042 Capmany;Hombres;1996;200
17042 Capmany;Mujeres;2025;336
17042 Capmany;Mujeres;2024;336
17042 Capmany;Mujeres;2023;326
17042 Capmany;Mujeres;2022;322
17042 Capmany;Mujeres;2021;305
17042 Capmany;Mujeres;2020;306
17042 Capmany;Mujeres;2019;306
17042 Capmany;Mujeres;2018;305
17042 Capmany;Mujeres;2017;307
17042 Capmany;Mujeres;2016;290
17042 Capmany;Mujeres;2015;283
17042 Capmany;Mujeres;2014;289
17042 Capmany;Mujeres;2013;292
17042 Capmany;Mujeres;2012;292
17042 Capmany;Mujeres;2011;287
17042 Capmany;Mujeres;2010;287
17042 Capmany;Mujeres;2009;277
17042 Capmany;Mujeres;2008;259
17042 Capmany;Mujeres;2007;248
17042 Capmany;Mujeres;2006;240
17042 Capmany;Mujeres;2005;236
17042 Capmany;Mujeres;2004;231
17042 Capmany;Mujeres;2003;231
17042 Capmany;Mujeres;2002;246
17042 Capmany;Mujeres;2001;224
17042 Capmany;Mujeres;2000;206
17042 Capmany;Mujeres;1999;205
17042 Capmany;Mujeres;1998;197
17042 Capmany;Mujeres;1997;""
17042 Capmany;Mujeres;1996;194
17044 Cassà de la Selva;Total;2025;11.131
17044 Cassà de la Selva;Total;2024;10.943
17044 Cassà de la Selva;Total;2023;10.836
17044 Cassà de la Selva;Total;2022;10.680
17044 Cassà de la Selva;Total;2021;10.505
17044 Cassà de la Selva;Total;2020;10.410
17044 Cassà de la Selva;Total;2019;10.380
17044 Cassà de la Selva;Total;2018;10.359
17044 Cassà de la Selva;Total;2017;10.231
17044 Cassà de la Selva;Total;2016;10.025
17044 Cassà de la Selva;Total;2015;10.030
17044 Cassà de la Selva;Total;2014;9.922
17044 Cassà de la Selva;Total;2013;9.899
17044 Cassà de la Selva;Total;2012;9.925
17044 Cassà de la Selva;Total;2011;9.789
17044 Cassà de la Selva;Total;2010;9.637
17044 Cassà de la Selva;Total;2009;9.537
17044 Cassà de la Selva;Total;2008;9.256
17044 Cassà de la Selva;Total;2007;8.994
17044 Cassà de la Selva;Total;2006;8.780
17044 Cassà de la Selva;Total;2005;8.612
17044 Cassà de la Selva;Total;2004;8.325
17044 Cassà de la Selva;Total;2003;8.150
17044 Cassà de la Selva;Total;2002;8.016
17044 Cassà de la Selva;Total;2001;7.874
17044 Cassà de la Selva;Total;2000;7.692
17044 Cassà de la Selva;Total;1999;7.583
17044 Cassà de la Selva;Total;1998;7.445
17044 Cassà de la Selva;Total;1997;""
17044 Cassà de la Selva;Total;1996;7.428
17044 Cassà de la Selva;Hombres;2025;5.690
17044 Cassà de la Selva;Hombres;2024;5.573
17044 Cassà de la Selva;Hombres;2023;5.548
17044 Cassà de la Selva;Hombres;2022;5.471
17044 Cassà de la Selva;Hombres;2021;5.346
17044 Cassà de la Selva;Hombres;2020;5.293
17044 Cassà de la Selva;Hombres;2019;5.301
17044 Cassà de la Selva;Hombres;2018;5.285
17044 Cassà de la Selva;Hombres;2017;5.199
17044 Cassà de la Selva;Hombres;2016;5.101
17044 Cassà de la Selva;Hombres;2015;5.132
17044 Cassà de la Selva;Hombres;2014;5.062
17044 Cassà de la Selva;Hombres;2013;5.100
17044 Cassà de la Selva;Hombres;2012;5.112
17044 Cassà de la Selva;Hombres;2011;5.075
17044 Cassà de la Selva;Hombres;2010;4.981
17044 Cassà de la Selva;Hombres;2009;4.934
17044 Cassà de la Selva;Hombres;2008;4.774
17044 Cassà de la Selva;Hombres;2007;4.622
17044 Cassà de la Selva;Hombres;2006;4.510
17044 Cassà de la Selva;Hombres;2005;4.422
17044 Cassà de la Selva;Hombres;2004;4.226
17044 Cassà de la Selva;Hombres;2003;4.124
17044 Cassà de la Selva;Hombres;2002;4.026
17044 Cassà de la Selva;Hombres;2001;3.947
17044 Cassà de la Selva;Hombres;2000;3.834
17044 Cassà de la Selva;Hombres;1999;3.764
17044 Cassà de la Selva;Hombres;1998;3.693
17044 Cassà de la Selva;Hombres;1997;""
17044 Cassà de la Selva;Hombres;1996;3.674
17044 Cassà de la Selva;Mujeres;2025;5.441
17044 Cassà de la Selva;Mujeres;2024;5.370
17044 Cassà de la Selva;Mujeres;2023;5.288
17044 Cassà de la Selva;Mujeres;2022;5.209
17044 Cassà de la Selva;Mujeres;2021;5.159
17044 Cassà de la Selva;Mujeres;2020;5.117
17044 Cassà de la Selva;Mujeres;2019;5.079
17044 Cassà de la Selva;Mujeres;2018;5.074
17044 Cassà de la Selva;Mujeres;2017;5.032
17044 Cassà de la Selva;Mujeres;2016;4.924
17044 Cassà de la Selva;Mujeres;2015;4.898
17044 Cassà de la Selva;Mujeres;2014;4.860
17044 Cassà de la Selva;Mujeres;2013;4.799
17044 Cassà de la Selva;Mujeres;2012;4.813
17044 Cassà de la Selva;Mujeres;2011;4.714
17044 Cassà de la Selva;Mujeres;2010;4.656
17044 Cassà de la Selva;Mujeres;2009;4.603
17044 Cassà de la Selva;Mujeres;2008;4.482
17044 Cassà de la Selva;Mujeres;2007;4.372
17044 Cassà de la Selva;Mujeres;2006;4.270
17044 Cassà de la Selva;Mujeres;2005;4.190
17044 Cassà de la Selva;Mujeres;2004;4.099
17044 Cassà de la Selva;Mujeres;2003;4.026
17044 Cassà de la Selva;Mujeres;2002;3.990
17044 Cassà de la Selva;Mujeres;2001;3.927
17044 Cassà de la Selva;Mujeres;2000;3.858
17044 Cassà de la Selva;Mujeres;1999;3.819
17044 Cassà de la Selva;Mujeres;1998;3.752
17044 Cassà de la Selva;Mujeres;1997;""
17044 Cassà de la Selva;Mujeres;1996;3.754
17048 Castell d'Aro, Platja d'Aro i s'Agaró;Total;2025;12.982
17048 Castell d'Aro, Platja d'Aro i s'Agaró;Total;2024;12.981
17048 Castell d'Aro, Platja d'Aro i s'Agaró;Total;2023;12.566
17048 Castell d'Aro, Platja d'Aro i s'Agaró;Total;2022;11.757
17048 Castell d'Aro, Platja d'Aro i s'Agaró;Total;2021;11.455
17048 Castell d'Aro, Platja d'Aro i s'Agaró;Total;2020;11.030
17048 Castell d'Aro, Platja d'Aro i s'Agaró;Total;2019;10.860
17048 Castell d'Aro, Platja d'Aro i s'Agaró;Total;2018;10.585
17048 Castell d'Aro, Platja d'Aro i s'Agaró;Total;2017;10.593
17048 Castell d'Aro, Platja d'Aro i s'Agaró;Total;2016;10.567
17048 Castell d'Aro, Platja d'Aro i s'Agaró;Total;2015;10.589
17048 Castell d'Aro, Platja d'Aro i s'Agaró;Total;2014;10.721
17048 Castell d'Aro, Platja d'Aro i s'Agaró;Total;2013;10.765
17048 Castell d'Aro, Platja d'Aro i s'Agaró;Total;2012;10.527
17048 Castell d'Aro, Platja d'Aro i s'Agaró;Total;2011;10.420
17048 Castell d'Aro, Platja d'Aro i s'Agaró;Total;2010;10.445
17048 Castell d'Aro, Platja d'Aro i s'Agaró;Total;2009;10.376
17048 Castell d'Aro, Platja d'Aro i s'Agaró;Total;2008;10.150
17048 Castell d'Aro, Platja d'Aro i s'Agaró;Total;2007;9.766
17048 Castell d'Aro, Platja d'Aro i s'Agaró;Total;2006;9.768
17048 Castell d'Aro, Platja d'Aro i s'Agaró;Total;2005;9.239
17048 Castell d'Aro, Platja d'Aro i s'Agaró;Total;2004;8.470
17048 Castell d'Aro, Platja d'Aro i s'Agaró;Total;2003;7.905
17048 Castell d'Aro, Platja d'Aro i s'Agaró;Total;2002;7.691
17048 Castell d'Aro, Platja d'Aro i s'Agaró;Total;2001;7.112
17048 Castell d'Aro, Platja d'Aro i s'Agaró;Total;2000;6.688
17048 Castell d'Aro, Platja d'Aro i s'Agaró;Total;1999;6.185
17048 Castell d'Aro, Platja d'Aro i s'Agaró;Total;1998;5.785
17048 Castell d'Aro, Platja d'Aro i s'Agaró;Total;1997;""
17048 Castell d'Aro, Platja d'Aro i s'Agaró;Total;1996;5.177
17048 Castell d'Aro, Platja d'Aro i s'Agaró;Hombres;2025;6.294
17048 Castell d'Aro, Platja d'Aro i s'Agaró;Hombres;2024;6.372
17048 Castell d'Aro, Platja d'Aro i s'Agaró;Hombres;2023;6.094
17048 Castell d'Aro, Platja d'Aro i s'Agaró;Hombres;2022;5.809
17048 Castell d'Aro, Platja d'Aro i s'Agaró;Hombres;2021;5.654
17048 Castell d'Aro, Platja d'Aro i s'Agaró;Hombres;2020;5.426
17048 Castell d'Aro, Platja d'Aro i s'Agaró;Hombres;2019;5.357
17048 Castell d'Aro, Platja d'Aro i s'Agaró;Hombres;2018;5.215
17048 Castell d'Aro, Platja d'Aro i s'Agaró;Hombres;2017;5.214
17048 Castell d'Aro, Platja d'Aro i s'Agaró;Hombres;2016;5.215
17048 Castell d'Aro, Platja d'Aro i s'Agaró;Hombres;2015;5.251
17048 Castell d'Aro, Platja d'Aro i s'Agaró;Hombres;2014;5.309
17048 Castell d'Aro, Platja d'Aro i s'Agaró;Hombres;2013;5.343
17048 Castell d'Aro, Platja d'Aro i s'Agaró;Hombres;2012;5.236
17048 Castell d'Aro, Platja d'Aro i s'Agaró;Hombres;2011;5.198
17048 Castell d'Aro, Platja d'Aro i s'Agaró;Hombres;2010;5.280
17048 Castell d'Aro, Platja d'Aro i s'Agaró;Hombres;2009;5.278
17048 Castell d'Aro, Platja d'Aro i s'Agaró;Hombres;2008;5.168
17048 Castell d'Aro, Platja d'Aro i s'Agaró;Hombres;2007;4.988
17048 Castell d'Aro, Platja d'Aro i s'Agaró;Hombres;2006;5.035
17048 Castell d'Aro, Platja d'Aro i s'Agaró;Hombres;2005;4.781
17048 Castell d'Aro, Platja d'Aro i s'Agaró;Hombres;2004;4.328
17048 Castell d'Aro, Platja d'Aro i s'Agaró;Hombres;2003;4.013
17048 Castell d'Aro, Platja d'Aro i s'Agaró;Hombres;2002;3.903
17048 Castell d'Aro, Platja d'Aro i s'Agaró;Hombres;2001;3.588
17048 Castell d'Aro, Platja d'Aro i s'Agaró;Hombres;2000;3.382
17048 Castell d'Aro, Platja d'Aro i s'Agaró;Hombres;1999;3.116
17048 Castell d'Aro, Platja d'Aro i s'Agaró;Hombres;1998;2.925
17048 Castell d'Aro, Platja d'Aro i s'Agaró;Hombres;1997;""
17048 Castell d'Aro, Platja d'Aro i s'Agaró;Hombres;1996;2.627
17048 Castell d'Aro, Platja d'Aro i s'Agaró;Mujeres;2025;6.688
17048 Castell d'Aro, Platja d'Aro i s'Agaró;Mujeres;2024;6.609
17048 Castell d'Aro, Platja d'Aro i s'Agaró;Mujeres;2023;6.472
17048 Castell d'Aro, Platja d'Aro i s'Agaró;Mujeres;2022;5.948
17048 Castell d'Aro, Platja d'Aro i s'Agaró;Mujeres;2021;5.801
17048 Castell d'Aro, Platja d'Aro i s'Agaró;Mujeres;2020;5.604
17048 Castell d'Aro, Platja d'Aro i s'Agaró;Mujeres;2019;5.503
17048 Castell d'Aro, Platja d'Aro i s'Agaró;Mujeres;2018;5.370
17048 Castell d'Aro, Platja d'Aro i s'Agaró;Mujeres;2017;5.379
17048 Castell d'Aro, Platja d'Aro i s'Agaró;Mujeres;2016;5.352
17048 Castell d'Aro, Platja d'Aro i s'Agaró;Mujeres;2015;5.338
17048 Castell d'Aro, Platja d'Aro i s'Agaró;Mujeres;2014;5.412
17048 Castell d'Aro, Platja d'Aro i s'Agaró;Mujeres;2013;5.422
17048 Castell d'Aro, Platja d'Aro i s'Agaró;Mujeres;2012;5.291
17048 Castell d'Aro, Platja d'Aro i s'Agaró;Mujeres;2011;5.222
17048 Castell d'Aro, Platja d'Aro i s'Agaró;Mujeres;2010;5.165
17048 Castell d'Aro, Platja d'Aro i s'Agaró;Mujeres;2009;5.098
17048 Castell d'Aro, Platja d'Aro i s'Agaró;Mujeres;2008;4.982
17048 Castell d'Aro, Platja d'Aro i s'Agaró;Mujeres;2007;4.778
17048 Castell d'Aro, Platja d'Aro i s'Agaró;Mujeres;2006;4.733
17048 Castell d'Aro, Platja d'Aro i s'Agaró;Mujeres;2005;4.458
17048 Castell d'Aro, Platja d'Aro i s'Agaró;Mujeres;2004;4.142
17048 Castell d'Aro, Platja d'Aro i s'Agaró;Mujeres;2003;3.892
17048 Castell d'Aro, Platja d'Aro i s'Agaró;Mujeres;2002;3.788
17048 Castell d'Aro, Platja d'Aro i s'Agaró;Mujeres;2001;3.524
17048 Castell d'Aro, Platja d'Aro i s'Agaró;Mujeres;2000;3.306
17048 Castell d'Aro, Platja d'Aro i s'Agaró;Mujeres;1999;3.069
17048 Castell d'Aro, Platja d'Aro i s'Agaró;Mujeres;1998;2.860
17048 Castell d'Aro, Platja d'Aro i s'Agaró;Mujeres;1997;""
17048 Castell d'Aro, Platja d'Aro i s'Agaró;Mujeres;1996;2.550
17046 Castellfollit de la Roca;Total;2025;966
17046 Castellfollit de la Roca;Total;2024;957
17046 Castellfollit de la Roca;Total;2023;941
17046 Castellfollit de la Roca;Total;2022;926
17046 Castellfollit de la Roca;Total;2021;939
17046 Castellfollit de la Roca;Total;2020;947
17046 Castellfollit de la Roca;Total;2019;961
17046 Castellfollit de la Roca;Total;2018;956
17046 Castellfollit de la Roca;Total;2017;951
17046 Castellfollit de la Roca;Total;2016;970
17046 Castellfollit de la Roca;Total;2015;992
17046 Castellfollit de la Roca;Total;2014;1.013
17046 Castellfollit de la Roca;Total;2013;1.025
17046 Castellfollit de la Roca;Total;2012;999
17046 Castellfollit de la Roca;Total;2011;1.002
17046 Castellfollit de la Roca;Total;2010;1.048
17046 Castellfollit de la Roca;Total;2009;1.043
17046 Castellfollit de la Roca;Total;2008;1.014
17046 Castellfollit de la Roca;Total;2007;997
17046 Castellfollit de la Roca;Total;2006;993
17046 Castellfollit de la Roca;Total;2005;964
17046 Castellfollit de la Roca;Total;2004;979
17046 Castellfollit de la Roca;Total;2003;984
17046 Castellfollit de la Roca;Total;2002;1.001
17046 Castellfollit de la Roca;Total;2001;982
17046 Castellfollit de la Roca;Total;2000;963
17046 Castellfollit de la Roca;Total;1999;968
17046 Castellfollit de la Roca;Total;1998;981
17046 Castellfollit de la Roca;Total;1997;""
17046 Castellfollit de la Roca;Total;1996;1.006
17046 Castellfollit de la Roca;Hombres;2025;491
17046 Castellfollit de la Roca;Hombres;2024;489
17046 Castellfollit de la Roca;Hombres;2023;480
17046 Castellfollit de la Roca;Hombres;2022;476
17046 Castellfollit de la Roca;Hombres;2021;486
17046 Castellfollit de la Roca;Hombres;2020;488
17046 Castellfollit de la Roca;Hombres;2019;493
17046 Castellfollit de la Roca;Hombres;2018;486
17046 Castellfollit de la Roca;Hombres;2017;486
17046 Castellfollit de la Roca;Hombres;2016;494
17046 Castellfollit de la Roca;Hombres;2015;498
17046 Castellfollit de la Roca;Hombres;2014;518
17046 Castellfollit de la Roca;Hombres;2013;525
17046 Castellfollit de la Roca;Hombres;2012;509
17046 Castellfollit de la Roca;Hombres;2011;512
17046 Castellfollit de la Roca;Hombres;2010;530
17046 Castellfollit de la Roca;Hombres;2009;525
17046 Castellfollit de la Roca;Hombres;2008;514
17046 Castellfollit de la Roca;Hombres;2007;516
17046 Castellfollit de la Roca;Hombres;2006;513
17046 Castellfollit de la Roca;Hombres;2005;490
17046 Castellfollit de la Roca;Hombres;2004;498
17046 Castellfollit de la Roca;Hombres;2003;500
17046 Castellfollit de la Roca;Hombres;2002;512
17046 Castellfollit de la Roca;Hombres;2001;498
17046 Castellfollit de la Roca;Hombres;2000;478
17046 Castellfollit de la Roca;Hombres;1999;471
17046 Castellfollit de la Roca;Hombres;1998;475
17046 Castellfollit de la Roca;Hombres;1997;""
17046 Castellfollit de la Roca;Hombres;1996;485
17046 Castellfollit de la Roca;Mujeres;2025;475
17046 Castellfollit de la Roca;Mujeres;2024;468
17046 Castellfollit de la Roca;Mujeres;2023;461
17046 Castellfollit de la Roca;Mujeres;2022;450
17046 Castellfollit de la Roca;Mujeres;2021;453
17046 Castellfollit de la Roca;Mujeres;2020;459
17046 Castellfollit de la Roca;Mujeres;2019;468
17046 Castellfollit de la Roca;Mujeres;2018;470
17046 Castellfollit de la Roca;Mujeres;2017;465
17046 Castellfollit de la Roca;Mujeres;2016;476
17046 Castellfollit de la Roca;Mujeres;2015;494
17046 Castellfollit de la Roca;Mujeres;2014;495
17046 Castellfollit de la Roca;Mujeres;2013;500
17046 Castellfollit de la Roca;Mujeres;2012;490
17046 Castellfollit de la Roca;Mujeres;2011;490
17046 Castellfollit de la Roca;Mujeres;2010;518
17046 Castellfollit de la Roca;Mujeres;2009;518
17046 Castellfollit de la Roca;Mujeres;2008;500
17046 Castellfollit de la Roca;Mujeres;2007;481
17046 Castellfollit de la Roca;Mujeres;2006;480
17046 Castellfollit de la Roca;Mujeres;2005;474
17046 Castellfollit de la Roca;Mujeres;2004;481
17046 Castellfollit de la Roca;Mujeres;2003;484
17046 Castellfollit de la Roca;Mujeres;2002;489
17046 Castellfollit de la Roca;Mujeres;2001;484
17046 Castellfollit de la Roca;Mujeres;2000;485
17046 Castellfollit de la Roca;Mujeres;1999;497
17046 Castellfollit de la Roca;Mujeres;1998;506
17046 Castellfollit de la Roca;Mujeres;1997;""
17046 Castellfollit de la Roca;Mujeres;1996;521
17047 Castelló d'Empúries;Total;2025;12.201
17047 Castelló d'Empúries;Total;2024;12.163
17047 Castelló d'Empúries;Total;2023;11.731
17047 Castelló d'Empúries;Total;2022;11.611
17047 Castelló d'Empúries;Total;2021;11.154
17047 Castelló d'Empúries;Total;2020;11.100
17047 Castelló d'Empúries;Total;2019;10.906
17047 Castelló d'Empúries;Total;2018;10.820
17047 Castelló d'Empúries;Total;2017;10.791
17047 Castelló d'Empúries;Total;2016;10.784
17047 Castelló d'Empúries;Total;2015;10.870
17047 Castelló d'Empúries;Total;2014;11.473
17047 Castelló d'Empúries;Total;2013;11.910
17047 Castelló d'Empúries;Total;2012;11.794
17047 Castelló d'Empúries;Total;2011;11.885
17047 Castelló d'Empúries;Total;2010;12.220
17047 Castelló d'Empúries;Total;2009;12.111
17047 Castelló d'Empúries;Total;2008;11.653
17047 Castelló d'Empúries;Total;2007;10.629
17047 Castelló d'Empúries;Total;2006;10.021
17047 Castelló d'Empúries;Total;2005;9.167
17047 Castelló d'Empúries;Total;2004;7.777
17047 Castelló d'Empúries;Total;2003;8.165
17047 Castelló d'Empúries;Total;2002;7.530
17047 Castelló d'Empúries;Total;2001;6.883
17047 Castelló d'Empúries;Total;2000;6.266
17047 Castelló d'Empúries;Total;1999;5.816
17047 Castelló d'Empúries;Total;1998;5.283
17047 Castelló d'Empúries;Total;1997;""
17047 Castelló d'Empúries;Total;1996;4.830
17047 Castelló d'Empúries;Hombres;2025;6.331
17047 Castelló d'Empúries;Hombres;2024;6.249
17047 Castelló d'Empúries;Hombres;2023;5.922
17047 Castelló d'Empúries;Hombres;2022;5.893
17047 Castelló d'Empúries;Hombres;2021;5.629
17047 Castelló d'Empúries;Hombres;2020;5.604
17047 Castelló d'Empúries;Hombres;2019;5.508
17047 Castelló d'Empúries;Hombres;2018;5.495
17047 Castelló d'Empúries;Hombres;2017;5.474
17047 Castelló d'Empúries;Hombres;2016;5.441
17047 Castelló d'Empúries;Hombres;2015;5.502
17047 Castelló d'Empúries;Hombres;2014;5.835
17047 Castelló d'Empúries;Hombres;2013;6.049
17047 Castelló d'Empúries;Hombres;2012;6.037
17047 Castelló d'Empúries;Hombres;2011;6.081
17047 Castelló d'Empúries;Hombres;2010;6.300
17047 Castelló d'Empúries;Hombres;2009;6.273
17047 Castelló d'Empúries;Hombres;2008;6.054
17047 Castelló d'Empúries;Hombres;2007;5.476
17047 Castelló d'Empúries;Hombres;2006;5.180
17047 Castelló d'Empúries;Hombres;2005;4.743
17047 Castelló d'Empúries;Hombres;2004;4.031
17047 Castelló d'Empúries;Hombres;2003;4.232
17047 Castelló d'Empúries;Hombres;2002;3.910
17047 Castelló d'Empúries;Hombres;2001;3.540
17047 Castelló d'Empúries;Hombres;2000;3.202
17047 Castelló d'Empúries;Hombres;1999;2.960
17047 Castelló d'Empúries;Hombres;1998;2.699
17047 Castelló d'Empúries;Hombres;1997;""
17047 Castelló d'Empúries;Hombres;1996;2.467
17047 Castelló d'Empúries;Mujeres;2025;5.870
17047 Castelló d'Empúries;Mujeres;2024;5.914
17047 Castelló d'Empúries;Mujeres;2023;5.809
17047 Castelló d'Empúries;Mujeres;2022;5.718
17047 Castelló d'Empúries;Mujeres;2021;5.525
17047 Castelló d'Empúries;Mujeres;2020;5.496
17047 Castelló d'Empúries;Mujeres;2019;5.398
17047 Castelló d'Empúries;Mujeres;2018;5.325
17047 Castelló d'Empúries;Mujeres;2017;5.317
17047 Castelló d'Empúries;Mujeres;2016;5.343
17047 Castelló d'Empúries;Mujeres;2015;5.368
17047 Castelló d'Empúries;Mujeres;2014;5.638
17047 Castelló d'Empúries;Mujeres;2013;5.861
17047 Castelló d'Empúries;Mujeres;2012;5.757
17047 Castelló d'Empúries;Mujeres;2011;5.804
17047 Castelló d'Empúries;Mujeres;2010;5.920
17047 Castelló d'Empúries;Mujeres;2009;5.838
17047 Castelló d'Empúries;Mujeres;2008;5.599
17047 Castelló d'Empúries;Mujeres;2007;5.153
17047 Castelló d'Empúries;Mujeres;2006;4.841
17047 Castelló d'Empúries;Mujeres;2005;4.424
17047 Castelló d'Empúries;Mujeres;2004;3.746
17047 Castelló d'Empúries;Mujeres;2003;3.933
17047 Castelló d'Empúries;Mujeres;2002;3.620
17047 Castelló d'Empúries;Mujeres;2001;3.343
17047 Castelló d'Empúries;Mujeres;2000;3.064
17047 Castelló d'Empúries;Mujeres;1999;2.856
17047 Castelló d'Empúries;Mujeres;1998;2.584
17047 Castelló d'Empúries;Mujeres;1997;""
17047 Castelló d'Empúries;Mujeres;1996;2.363
17189 Cellera de Ter, La;Total;2025;2.027
17189 Cellera de Ter, La;Total;2024;2.014
17189 Cellera de Ter, La;Total;2023;2.012
17189 Cellera de Ter, La;Total;2022;1.967
17189 Cellera de Ter, La;Total;2021;1.973
17189 Cellera de Ter, La;Total;2020;1.950
17189 Cellera de Ter, La;Total;2019;1.946
17189 Cellera de Ter, La;Total;2018;1.976
17189 Cellera de Ter, La;Total;2017;2.006
17189 Cellera de Ter, La;Total;2016;2.054
17189 Cellera de Ter, La;Total;2015;2.071
17189 Cellera de Ter, La;Total;2014;2.071
17189 Cellera de Ter, La;Total;2013;2.062
17189 Cellera de Ter, La;Total;2012;2.066
17189 Cellera de Ter, La;Total;2011;2.105
17189 Cellera de Ter, La;Total;2010;2.141
17189 Cellera de Ter, La;Total;2009;2.186
17189 Cellera de Ter, La;Total;2008;2.162
17189 Cellera de Ter, La;Total;2007;2.124
17189 Cellera de Ter, La;Total;2006;2.096
17189 Cellera de Ter, La;Total;2005;2.064
17189 Cellera de Ter, La;Total;2004;2.038
17189 Cellera de Ter, La;Total;2003;2.064
17189 Cellera de Ter, La;Total;2002;2.062
17189 Cellera de Ter, La;Total;2001;2.055
17189 Cellera de Ter, La;Total;2000;2.019
17189 Cellera de Ter, La;Total;1999;2.028
17189 Cellera de Ter, La;Total;1998;2.019
17189 Cellera de Ter, La;Total;1997;""
17189 Cellera de Ter, La;Total;1996;2.034
17189 Cellera de Ter, La;Hombres;2025;1.020
17189 Cellera de Ter, La;Hombres;2024;1.000
17189 Cellera de Ter, La;Hombres;2023;986
17189 Cellera de Ter, La;Hombres;2022;964
17189 Cellera de Ter, La;Hombres;2021;964
17189 Cellera de Ter, La;Hombres;2020;959
17189 Cellera de Ter, La;Hombres;2019;965
17189 Cellera de Ter, La;Hombres;2018;981
17189 Cellera de Ter, La;Hombres;2017;1.004
17189 Cellera de Ter, La;Hombres;2016;1.023
17189 Cellera de Ter, La;Hombres;2015;1.028
17189 Cellera de Ter, La;Hombres;2014;1.034
17189 Cellera de Ter, La;Hombres;2013;1.033
17189 Cellera de Ter, La;Hombres;2012;1.029
17189 Cellera de Ter, La;Hombres;2011;1.055
17189 Cellera de Ter, La;Hombres;2010;1.076
17189 Cellera de Ter, La;Hombres;2009;1.100
17189 Cellera de Ter, La;Hombres;2008;1.095
17189 Cellera de Ter, La;Hombres;2007;1.074
17189 Cellera de Ter, La;Hombres;2006;1.065
17189 Cellera de Ter, La;Hombres;2005;1.054
17189 Cellera de Ter, La;Hombres;2004;1.035
17189 Cellera de Ter, La;Hombres;2003;1.048
17189 Cellera de Ter, La;Hombres;2002;1.043
17189 Cellera de Ter, La;Hombres;2001;1.035
17189 Cellera de Ter, La;Hombres;2000;1.002
17189 Cellera de Ter, La;Hombres;1999;1.002
17189 Cellera de Ter, La;Hombres;1998;996
17189 Cellera de Ter, La;Hombres;1997;""
17189 Cellera de Ter, La;Hombres;1996;994
17189 Cellera de Ter, La;Mujeres;2025;1.007
17189 Cellera de Ter, La;Mujeres;2024;1.014
17189 Cellera de Ter, La;Mujeres;2023;1.026
17189 Cellera de Ter, La;Mujeres;2022;1.003
17189 Cellera de Ter, La;Mujeres;2021;1.009
17189 Cellera de Ter, La;Mujeres;2020;991
17189 Cellera de Ter, La;Mujeres;2019;981
17189 Cellera de Ter, La;Mujeres;2018;995
17189 Cellera de Ter, La;Mujeres;2017;1.002
17189 Cellera de Ter, La;Mujeres;2016;1.031
17189 Cellera de Ter, La;Mujeres;2015;1.043
17189 Cellera de Ter, La;Mujeres;2014;1.037
17189 Cellera de Ter, La;Mujeres;2013;1.029
17189 Cellera de Ter, La;Mujeres;2012;1.037
17189 Cellera de Ter, La;Mujeres;2011;1.050
17189 Cellera de Ter, La;Mujeres;2010;1.065
17189 Cellera de Ter, La;Mujeres;2009;1.086
17189 Cellera de Ter, La;Mujeres;2008;1.067
17189 Cellera de Ter, La;Mujeres;2007;1.050
17189 Cellera de Ter, La;Mujeres;2006;1.031
17189 Cellera de Ter, La;Mujeres;2005;1.010
17189 Cellera de Ter, La;Mujeres;2004;1.003
17189 Cellera de Ter, La;Mujeres;2003;1.016
17189 Cellera de Ter, La;Mujeres;2002;1.019
17189 Cellera de Ter, La;Mujeres;2001;1.020
17189 Cellera de Ter, La;Mujeres;2000;1.017
17189 Cellera de Ter, La;Mujeres;1999;1.026
17189 Cellera de Ter, La;Mujeres;1998;1.023
17189 Cellera de Ter, La;Mujeres;1997;""
17189 Cellera de Ter, La;Mujeres;1996;1.040
17049 Celrà;Total;2025;5.621
17049 Celrà;Total;2024;5.561
17049 Celrà;Total;2023;5.486
17049 Celrà;Total;2022;5.503
17049 Celrà;Total;2021;5.606
17049 Celrà;Total;2020;5.561
17049 Celrà;Total;2019;5.452
17049 Celrà;Total;2018;5.390
17049 Celrà;Total;2017;5.376
17049 Celrà;Total;2016;5.303
17049 Celrà;Total;2015;5.155
17049 Celrà;Total;2014;5.053
17049 Celrà;Total;2013;5.028
17049 Celrà;Total;2012;4.914
17049 Celrà;Total;2011;4.772
17049 Celrà;Total;2010;4.638
17049 Celrà;Total;2009;4.513
17049 Celrà;Total;2008;4.329
17049 Celrà;Total;2007;3.947
17049 Celrà;Total;2006;3.783
17049 Celrà;Total;2005;3.510
17049 Celrà;Total;2004;3.218
17049 Celrà;Total;2003;3.072
17049 Celrà;Total;2002;2.860
17049 Celrà;Total;2001;2.762
17049 Celrà;Total;2000;2.635
17049 Celrà;Total;1999;2.640
17049 Celrà;Total;1998;2.450
17049 Celrà;Total;1997;""
17049 Celrà;Total;1996;2.522
17049 Celrà;Hombres;2025;2.806
17049 Celrà;Hombres;2024;2.778
17049 Celrà;Hombres;2023;2.745
17049 Celrà;Hombres;2022;2.747
17049 Celrà;Hombres;2021;2.808
17049 Celrà;Hombres;2020;2.796
17049 Celrà;Hombres;2019;2.722
17049 Celrà;Hombres;2018;2.708
17049 Celrà;Hombres;2017;2.695
17049 Celrà;Hombres;2016;2.665
17049 Celrà;Hombres;2015;2.591
17049 Celrà;Hombres;2014;2.519
17049 Celrà;Hombres;2013;2.507
17049 Celrà;Hombres;2012;2.443
17049 Celrà;Hombres;2011;2.378
17049 Celrà;Hombres;2010;2.301
17049 Celrà;Hombres;2009;2.233
17049 Celrà;Hombres;2008;2.155
17049 Celrà;Hombres;2007;1.952
17049 Celrà;Hombres;2006;1.904
17049 Celrà;Hombres;2005;1.774
17049 Celrà;Hombres;2004;1.606
17049 Celrà;Hombres;2003;1.526
17049 Celrà;Hombres;2002;1.416
17049 Celrà;Hombres;2001;1.353
17049 Celrà;Hombres;2000;1.293
17049 Celrà;Hombres;1999;1.279
17049 Celrà;Hombres;1998;1.186
17049 Celrà;Hombres;1997;""
17049 Celrà;Hombres;1996;1.225
17049 Celrà;Mujeres;2025;2.815
17049 Celrà;Mujeres;2024;2.783
17049 Celrà;Mujeres;2023;2.741
17049 Celrà;Mujeres;2022;2.756
17049 Celrà;Mujeres;2021;2.798
17049 Celrà;Mujeres;2020;2.765
17049 Celrà;Mujeres;2019;2.730
17049 Celrà;Mujeres;2018;2.682
17049 Celrà;Mujeres;2017;2.681
17049 Celrà;Mujeres;2016;2.638
17049 Celrà;Mujeres;2015;2.564
17049 Celrà;Mujeres;2014;2.534
17049 Celrà;Mujeres;2013;2.521
17049 Celrà;Mujeres;2012;2.471
17049 Celrà;Mujeres;2011;2.394
17049 Celrà;Mujeres;2010;2.337
17049 Celrà;Mujeres;2009;2.280
17049 Celrà;Mujeres;2008;2.174
17049 Celrà;Mujeres;2007;1.995
17049 Celrà;Mujeres;2006;1.879
17049 Celrà;Mujeres;2005;1.736
17049 Celrà;Mujeres;2004;1.612
17049 Celrà;Mujeres;2003;1.546
17049 Celrà;Mujeres;2002;1.444
17049 Celrà;Mujeres;2001;1.409
17049 Celrà;Mujeres;2000;1.342
17049 Celrà;Mujeres;1999;1.361
17049 Celrà;Mujeres;1998;1.264
17049 Celrà;Mujeres;1997;""
17049 Celrà;Mujeres;1996;1.297
17050 Cervià de Ter;Total;2025;1.029
17050 Cervià de Ter;Total;2024;997
17050 Cervià de Ter;Total;2023;1.007
17050 Cervià de Ter;Total;2022;999
17050 Cervià de Ter;Total;2021;973
17050 Cervià de Ter;Total;2020;966
17050 Cervià de Ter;Total;2019;968
17050 Cervià de Ter;Total;2018;948
17050 Cervià de Ter;Total;2017;923
17050 Cervià de Ter;Total;2016;916
17050 Cervià de Ter;Total;2015;926
17050 Cervià de Ter;Total;2014;934
17050 Cervià de Ter;Total;2013;909
17050 Cervià de Ter;Total;2012;906
17050 Cervià de Ter;Total;2011;895
17050 Cervià de Ter;Total;2010;895
17050 Cervià de Ter;Total;2009;889
17050 Cervià de Ter;Total;2008;863
17050 Cervià de Ter;Total;2007;850
17050 Cervià de Ter;Total;2006;827
17050 Cervià de Ter;Total;2005;796
17050 Cervià de Ter;Total;2004;730
17050 Cervià de Ter;Total;2003;702
17050 Cervià de Ter;Total;2002;672
17050 Cervià de Ter;Total;2001;601
17050 Cervià de Ter;Total;2000;607
17050 Cervià de Ter;Total;1999;624
17050 Cervià de Ter;Total;1998;643
17050 Cervià de Ter;Total;1997;""
17050 Cervià de Ter;Total;1996;657
17050 Cervià de Ter;Hombres;2025;526
17050 Cervià de Ter;Hombres;2024;508
17050 Cervià de Ter;Hombres;2023;514
17050 Cervià de Ter;Hombres;2022;513
17050 Cervià de Ter;Hombres;2021;498
17050 Cervià de Ter;Hombres;2020;494
17050 Cervià de Ter;Hombres;2019;492
17050 Cervià de Ter;Hombres;2018;487
17050 Cervià de Ter;Hombres;2017;473
17050 Cervià de Ter;Hombres;2016;462
17050 Cervià de Ter;Hombres;2015;468
17050 Cervià de Ter;Hombres;2014;470
17050 Cervià de Ter;Hombres;2013;459
17050 Cervià de Ter;Hombres;2012;459
17050 Cervià de Ter;Hombres;2011;449
17050 Cervià de Ter;Hombres;2010;450
17050 Cervià de Ter;Hombres;2009;448
17050 Cervià de Ter;Hombres;2008;432
17050 Cervià de Ter;Hombres;2007;422
17050 Cervià de Ter;Hombres;2006;408
17050 Cervià de Ter;Hombres;2005;396
17050 Cervià de Ter;Hombres;2004;359
17050 Cervià de Ter;Hombres;2003;348
17050 Cervià de Ter;Hombres;2002;337
17050 Cervià de Ter;Hombres;2001;303
17050 Cervià de Ter;Hombres;2000;306
17050 Cervià de Ter;Hombres;1999;311
17050 Cervià de Ter;Hombres;1998;318
17050 Cervià de Ter;Hombres;1997;""
17050 Cervià de Ter;Hombres;1996;321
17050 Cervià de Ter;Mujeres;2025;503
17050 Cervià de Ter;Mujeres;2024;489
17050 Cervià de Ter;Mujeres;2023;493
17050 Cervià de Ter;Mujeres;2022;486
17050 Cervià de Ter;Mujeres;2021;475
17050 Cervià de Ter;Mujeres;2020;472
17050 Cervià de Ter;Mujeres;2019;476
17050 Cervià de Ter;Mujeres;2018;461
17050 Cervià de Ter;Mujeres;2017;450
17050 Cervià de Ter;Mujeres;2016;454
17050 Cervià de Ter;Mujeres;2015;458
17050 Cervià de Ter;Mujeres;2014;464
17050 Cervià de Ter;Mujeres;2013;450
17050 Cervià de Ter;Mujeres;2012;447
17050 Cervià de Ter;Mujeres;2011;446
17050 Cervià de Ter;Mujeres;2010;445
17050 Cervià de Ter;Mujeres;2009;441
17050 Cervià de Ter;Mujeres;2008;431
17050 Cervià de Ter;Mujeres;2007;428
17050 Cervià de Ter;Mujeres;2006;419
17050 Cervià de Ter;Mujeres;2005;400
17050 Cervià de Ter;Mujeres;2004;371
17050 Cervià de Ter;Mujeres;2003;354
17050 Cervià de Ter;Mujeres;2002;335
17050 Cervià de Ter;Mujeres;2001;298
17050 Cervià de Ter;Mujeres;2000;301
17050 Cervià de Ter;Mujeres;1999;313
17050 Cervià de Ter;Mujeres;1998;325
17050 Cervià de Ter;Mujeres;1997;""
17050 Cervià de Ter;Mujeres;1996;336
17051 Cistella;Total;2025;283
17051 Cistella;Total;2024;294
17051 Cistella;Total;2023;298
17051 Cistella;Total;2022;307
17051 Cistella;Total;2021;282
17051 Cistella;Total;2020;282
17051 Cistella;Total;2019;282
17051 Cistella;Total;2018;300
17051 Cistella;Total;2017;304
17051 Cistella;Total;2016;293
17051 Cistella;Total;2015;303
17051 Cistella;Total;2014;293
17051 Cistella;Total;2013;292
17051 Cistella;Total;2012;281
17051 Cistella;Total;2011;272
17051 Cistella;Total;2010;251
17051 Cistella;Total;2009;238
17051 Cistella;Total;2008;253
17051 Cistella;Total;2007;242
17051 Cistella;Total;2006;232
17051 Cistella;Total;2005;239
17051 Cistella;Total;2004;233
17051 Cistella;Total;2003;232
17051 Cistella;Total;2002;222
17051 Cistella;Total;2001;220
17051 Cistella;Total;2000;231
17051 Cistella;Total;1999;223
17051 Cistella;Total;1998;211
17051 Cistella;Total;1997;""
17051 Cistella;Total;1996;211
17051 Cistella;Hombres;2025;143
17051 Cistella;Hombres;2024;147
17051 Cistella;Hombres;2023;149
17051 Cistella;Hombres;2022;149
17051 Cistella;Hombres;2021;137
17051 Cistella;Hombres;2020;137
17051 Cistella;Hombres;2019;138
17051 Cistella;Hombres;2018;148
17051 Cistella;Hombres;2017;152
17051 Cistella;Hombres;2016;140
17051 Cistella;Hombres;2015;146
17051 Cistella;Hombres;2014;143
17051 Cistella;Hombres;2013;143
17051 Cistella;Hombres;2012;143
17051 Cistella;Hombres;2011;136
17051 Cistella;Hombres;2010;125
17051 Cistella;Hombres;2009;120
17051 Cistella;Hombres;2008;132
17051 Cistella;Hombres;2007;127
17051 Cistella;Hombres;2006;118
17051 Cistella;Hombres;2005;120
17051 Cistella;Hombres;2004;118
17051 Cistella;Hombres;2003;117
17051 Cistella;Hombres;2002;112
17051 Cistella;Hombres;2001;110
17051 Cistella;Hombres;2000;115
17051 Cistella;Hombres;1999;111
17051 Cistella;Hombres;1998;105
17051 Cistella;Hombres;1997;""
17051 Cistella;Hombres;1996;105
17051 Cistella;Mujeres;2025;140
17051 Cistella;Mujeres;2024;147
17051 Cistella;Mujeres;2023;149
17051 Cistella;Mujeres;2022;158
17051 Cistella;Mujeres;2021;145
17051 Cistella;Mujeres;2020;145
17051 Cistella;Mujeres;2019;144
17051 Cistella;Mujeres;2018;152
17051 Cistella;Mujeres;2017;152
17051 Cistella;Mujeres;2016;153
17051 Cistella;Mujeres;2015;157
17051 Cistella;Mujeres;2014;150
17051 Cistella;Mujeres;2013;149
17051 Cistella;Mujeres;2012;138
17051 Cistella;Mujeres;2011;136
17051 Cistella;Mujeres;2010;126
17051 Cistella;Mujeres;2009;118
17051 Cistella;Mujeres;2008;121
17051 Cistella;Mujeres;2007;115
17051 Cistella;Mujeres;2006;114
17051 Cistella;Mujeres;2005;119
17051 Cistella;Mujeres;2004;115
17051 Cistella;Mujeres;2003;115
17051 Cistella;Mujeres;2002;110
17051 Cistella;Mujeres;2001;110
17051 Cistella;Mujeres;2000;116
17051 Cistella;Mujeres;1999;112
17051 Cistella;Mujeres;1998;106
17051 Cistella;Mujeres;1997;""
17051 Cistella;Mujeres;1996;106
17054 Colera;Total;2025;494
17054 Colera;Total;2024;491
17054 Colera;Total;2023;479
17054 Colera;Total;2022;468
17054 Colera;Total;2021;462
17054 Colera;Total;2020;445
17054 Colera;Total;2019;448
17054 Colera;Total;2018;465
17054 Colera;Total;2017;481
17054 Colera;Total;2016;522
17054 Colera;Total;2015;533
17054 Colera;Total;2014;532
17054 Colera;Total;2013;559
17054 Colera;Total;2012;574
17054 Colera;Total;2011;593
17054 Colera;Total;2010;576
17054 Colera;Total;2009;573
17054 Colera;Total;2008;578
17054 Colera;Total;2007;592
17054 Colera;Total;2006;601
17054 Colera;Total;2005;606
17054 Colera;Total;2004;655
17054 Colera;Total;2003;613
17054 Colera;Total;2002;575
17054 Colera;Total;2001;569
17054 Colera;Total;2000;592
17054 Colera;Total;1999;581
17054 Colera;Total;1998;493
17054 Colera;Total;1997;""
17054 Colera;Total;1996;422
17054 Colera;Hombres;2025;245
17054 Colera;Hombres;2024;251
17054 Colera;Hombres;2023;247
17054 Colera;Hombres;2022;234
17054 Colera;Hombres;2021;229
17054 Colera;Hombres;2020;217
17054 Colera;Hombres;2019;223
17054 Colera;Hombres;2018;235
17054 Colera;Hombres;2017;242
17054 Colera;Hombres;2016;262
17054 Colera;Hombres;2015;270
17054 Colera;Hombres;2014;274
17054 Colera;Hombres;2013;293
17054 Colera;Hombres;2012;298
17054 Colera;Hombres;2011;308
17054 Colera;Hombres;2010;298
17054 Colera;Hombres;2009;295
17054 Colera;Hombres;2008;301
17054 Colera;Hombres;2007;302
17054 Colera;Hombres;2006;310
17054 Colera;Hombres;2005;312
17054 Colera;Hombres;2004;331
17054 Colera;Hombres;2003;307
17054 Colera;Hombres;2002;288
17054 Colera;Hombres;2001;291
17054 Colera;Hombres;2000;310
17054 Colera;Hombres;1999;293
17054 Colera;Hombres;1998;238
17054 Colera;Hombres;1997;""
17054 Colera;Hombres;1996;212
17054 Colera;Mujeres;2025;249
17054 Colera;Mujeres;2024;240
17054 Colera;Mujeres;2023;232
17054 Colera;Mujeres;2022;234
17054 Colera;Mujeres;2021;233
17054 Colera;Mujeres;2020;228
17054 Colera;Mujeres;2019;225
17054 Colera;Mujeres;2018;230
17054 Colera;Mujeres;2017;239
17054 Colera;Mujeres;2016;260
17054 Colera;Mujeres;2015;263
17054 Colera;Mujeres;2014;258
17054 Colera;Mujeres;2013;266
17054 Colera;Mujeres;2012;276
17054 Colera;Mujeres;2011;285
17054 Colera;Mujeres;2010;278
17054 Colera;Mujeres;2009;278
17054 Colera;Mujeres;2008;277
17054 Colera;Mujeres;2007;290
17054 Colera;Mujeres;2006;291
17054 Colera;Mujeres;2005;294
17054 Colera;Mujeres;2004;324
17054 Colera;Mujeres;2003;306
17054 Colera;Mujeres;2002;287
17054 Colera;Mujeres;2001;278
17054 Colera;Mujeres;2000;282
17054 Colera;Mujeres;1999;288
17054 Colera;Mujeres;1998;255
17054 Colera;Mujeres;1997;""
17054 Colera;Mujeres;1996;210
17055 Colomers;Total;2025;208
17055 Colomers;Total;2024;205
17055 Colomers;Total;2023;207
17055 Colomers;Total;2022;204
17055 Colomers;Total;2021;188
17055 Colomers;Total;2020;174
17055 Colomers;Total;2019;176
17055 Colomers;Total;2018;176
17055 Colomers;Total;2017;179
17055 Colomers;Total;2016;188
17055 Colomers;Total;2015;189
17055 Colomers;Total;2014;195
17055 Colomers;Total;2013;193
17055 Colomers;Total;2012;205
17055 Colomers;Total;2011;196
17055 Colomers;Total;2010;201
17055 Colomers;Total;2009;195
17055 Colomers;Total;2008;203
17055 Colomers;Total;2007;203
17055 Colomers;Total;2006;213
17055 Colomers;Total;2005;207
17055 Colomers;Total;2004;202
17055 Colomers;Total;2003;206
17055 Colomers;Total;2002;199
17055 Colomers;Total;2001;200
17055 Colomers;Total;2000;196
17055 Colomers;Total;1999;204
17055 Colomers;Total;1998;202
17055 Colomers;Total;1997;""
17055 Colomers;Total;1996;212
17055 Colomers;Hombres;2025;104
17055 Colomers;Hombres;2024;107
17055 Colomers;Hombres;2023;104
17055 Colomers;Hombres;2022;98
17055 Colomers;Hombres;2021;92
17055 Colomers;Hombres;2020;84
17055 Colomers;Hombres;2019;87
17055 Colomers;Hombres;2018;88
17055 Colomers;Hombres;2017;88
17055 Colomers;Hombres;2016;94
17055 Colomers;Hombres;2015;91
17055 Colomers;Hombres;2014;95
17055 Colomers;Hombres;2013;94
17055 Colomers;Hombres;2012;99
17055 Colomers;Hombres;2011;97
17055 Colomers;Hombres;2010;98
17055 Colomers;Hombres;2009;96
17055 Colomers;Hombres;2008;98
17055 Colomers;Hombres;2007;102
17055 Colomers;Hombres;2006;109
17055 Colomers;Hombres;2005;104
17055 Colomers;Hombres;2004;101
17055 Colomers;Hombres;2003;104
17055 Colomers;Hombres;2002;101
17055 Colomers;Hombres;2001;102
17055 Colomers;Hombres;2000;100
17055 Colomers;Hombres;1999;102
17055 Colomers;Hombres;1998;100
17055 Colomers;Hombres;1997;""
17055 Colomers;Hombres;1996;104
17055 Colomers;Mujeres;2025;104
17055 Colomers;Mujeres;2024;98
17055 Colomers;Mujeres;2023;103
17055 Colomers;Mujeres;2022;106
17055 Colomers;Mujeres;2021;96
17055 Colomers;Mujeres;2020;90
17055 Colomers;Mujeres;2019;89
17055 Colomers;Mujeres;2018;88
17055 Colomers;Mujeres;2017;91
17055 Colomers;Mujeres;2016;94
17055 Colomers;Mujeres;2015;98
17055 Colomers;Mujeres;2014;100
17055 Colomers;Mujeres;2013;99
17055 Colomers;Mujeres;2012;106
17055 Colomers;Mujeres;2011;99
17055 Colomers;Mujeres;2010;103
17055 Colomers;Mujeres;2009;99
17055 Colomers;Mujeres;2008;105
17055 Colomers;Mujeres;2007;101
17055 Colomers;Mujeres;2006;104
17055 Colomers;Mujeres;2005;103
17055 Colomers;Mujeres;2004;101
17055 Colomers;Mujeres;2003;102
17055 Colomers;Mujeres;2002;98
17055 Colomers;Mujeres;2001;98
17055 Colomers;Mujeres;2000;96
17055 Colomers;Mujeres;1999;102
17055 Colomers;Mujeres;1998;102
17055 Colomers;Mujeres;1997;""
17055 Colomers;Mujeres;1996;108
17056 Cornellà del Terri;Total;2025;2.414
17056 Cornellà del Terri;Total;2024;2.390
17056 Cornellà del Terri;Total;2023;2.401
17056 Cornellà del Terri;Total;2022;2.407
17056 Cornellà del Terri;Total;2021;2.422
17056 Cornellà del Terri;Total;2020;2.399
17056 Cornellà del Terri;Total;2019;2.364
17056 Cornellà del Terri;Total;2018;2.322
17056 Cornellà del Terri;Total;2017;2.280
17056 Cornellà del Terri;Total;2016;2.279
17056 Cornellà del Terri;Total;2015;2.236
17056 Cornellà del Terri;Total;2014;2.235
17056 Cornellà del Terri;Total;2013;2.258
17056 Cornellà del Terri;Total;2012;2.257
17056 Cornellà del Terri;Total;2011;2.233
17056 Cornellà del Terri;Total;2010;2.210
17056 Cornellà del Terri;Total;2009;2.176
17056 Cornellà del Terri;Total;2008;2.189
17056 Cornellà del Terri;Total;2007;2.106
17056 Cornellà del Terri;Total;2006;2.079
17056 Cornellà del Terri;Total;2005;2.017
17056 Cornellà del Terri;Total;2004;1.992
17056 Cornellà del Terri;Total;2003;1.918
17056 Cornellà del Terri;Total;2002;1.918
17056 Cornellà del Terri;Total;2001;1.882
17056 Cornellà del Terri;Total;2000;1.921
17056 Cornellà del Terri;Total;1999;1.889
17056 Cornellà del Terri;Total;1998;1.862
17056 Cornellà del Terri;Total;1997;""
17056 Cornellà del Terri;Total;1996;1.806
17056 Cornellà del Terri;Hombres;2025;1.231
17056 Cornellà del Terri;Hombres;2024;1.190
17056 Cornellà del Terri;Hombres;2023;1.204
17056 Cornellà del Terri;Hombres;2022;1.208
17056 Cornellà del Terri;Hombres;2021;1.227
17056 Cornellà del Terri;Hombres;2020;1.215
17056 Cornellà del Terri;Hombres;2019;1.197
17056 Cornellà del Terri;Hombres;2018;1.182
17056 Cornellà del Terri;Hombres;2017;1.169
17056 Cornellà del Terri;Hombres;2016;1.171
17056 Cornellà del Terri;Hombres;2015;1.147
17056 Cornellà del Terri;Hombres;2014;1.139
17056 Cornellà del Terri;Hombres;2013;1.153
17056 Cornellà del Terri;Hombres;2012;1.147
17056 Cornellà del Terri;Hombres;2011;1.129
17056 Cornellà del Terri;Hombres;2010;1.130
17056 Cornellà del Terri;Hombres;2009;1.102
17056 Cornellà del Terri;Hombres;2008;1.106
17056 Cornellà del Terri;Hombres;2007;1.056
17056 Cornellà del Terri;Hombres;2006;1.040
17056 Cornellà del Terri;Hombres;2005;1.012
17056 Cornellà del Terri;Hombres;2004;1.004
17056 Cornellà del Terri;Hombres;2003;967
17056 Cornellà del Terri;Hombres;2002;964
17056 Cornellà del Terri;Hombres;2001;939
17056 Cornellà del Terri;Hombres;2000;963
17056 Cornellà del Terri;Hombres;1999;946
17056 Cornellà del Terri;Hombres;1998;931
17056 Cornellà del Terri;Hombres;1997;""
17056 Cornellà del Terri;Hombres;1996;905
17056 Cornellà del Terri;Mujeres;2025;1.183
17056 Cornellà del Terri;Mujeres;2024;1.200
17056 Cornellà del Terri;Mujeres;2023;1.197
17056 Cornellà del Terri;Mujeres;2022;1.199
17056 Cornellà del Terri;Mujeres;2021;1.195
17056 Cornellà del Terri;Mujeres;2020;1.184
17056 Cornellà del Terri;Mujeres;2019;1.167
17056 Cornellà del Terri;Mujeres;2018;1.140
17056 Cornellà del Terri;Mujeres;2017;1.111
17056 Cornellà del Terri;Mujeres;2016;1.108
17056 Cornellà del Terri;Mujeres;2015;1.089
17056 Cornellà del Terri;Mujeres;2014;1.096
17056 Cornellà del Terri;Mujeres;2013;1.105
17056 Cornellà del Terri;Mujeres;2012;1.110
17056 Cornellà del Terri;Mujeres;2011;1.104
17056 Cornellà del Terri;Mujeres;2010;1.080
17056 Cornellà del Terri;Mujeres;2009;1.074
17056 Cornellà del Terri;Mujeres;2008;1.083
17056 Cornellà del Terri;Mujeres;2007;1.050
17056 Cornellà del Terri;Mujeres;2006;1.039
17056 Cornellà del Terri;Mujeres;2005;1.005
17056 Cornellà del Terri;Mujeres;2004;988
17056 Cornellà del Terri;Mujeres;2003;951
17056 Cornellà del Terri;Mujeres;2002;954
17056 Cornellà del Terri;Mujeres;2001;943
17056 Cornellà del Terri;Mujeres;2000;958
17056 Cornellà del Terri;Mujeres;1999;943
17056 Cornellà del Terri;Mujeres;1998;931
17056 Cornellà del Terri;Mujeres;1997;""
17056 Cornellà del Terri;Mujeres;1996;901
17057 Corçà;Total;2025;1.283
17057 Corçà;Total;2024;1.282
17057 Corçà;Total;2023;1.295
17057 Corçà;Total;2022;1.268
17057 Corçà;Total;2021;1.275
17057 Corçà;Total;2020;1.268
17057 Corçà;Total;2019;1.267
17057 Corçà;Total;2018;1.253
17057 Corçà;Total;2017;1.245
17057 Corçà;Total;2016;1.249
17057 Corçà;Total;2015;1.244
17057 Corçà;Total;2014;1.257
17057 Corçà;Total;2013;1.273
17057 Corçà;Total;2012;1.279
17057 Corçà;Total;2011;1.317
17057 Corçà;Total;2010;1.296
17057 Corçà;Total;2009;1.280
17057 Corçà;Total;2008;1.270
17057 Corçà;Total;2007;1.255
17057 Corçà;Total;2006;1.261
17057 Corçà;Total;2005;1.232
17057 Corçà;Total;2004;1.201
17057 Corçà;Total;2003;1.174
17057 Corçà;Total;2002;1.158
17057 Corçà;Total;2001;1.173
17057 Corçà;Total;2000;1.153
17057 Corçà;Total;1999;1.122
17057 Corçà;Total;1998;1.110
17057 Corçà;Total;1997;""
17057 Corçà;Total;1996;1.151
17057 Corçà;Hombres;2025;661
17057 Corçà;Hombres;2024;658
17057 Corçà;Hombres;2023;666
17057 Corçà;Hombres;2022;651
17057 Corçà;Hombres;2021;655
17057 Corçà;Hombres;2020;642
17057 Corçà;Hombres;2019;646
17057 Corçà;Hombres;2018;642
17057 Corçà;Hombres;2017;633
17057 Corçà;Hombres;2016;631
17057 Corçà;Hombres;2015;628
17057 Corçà;Hombres;2014;624
17057 Corçà;Hombres;2013;622
17057 Corçà;Hombres;2012;623
17057 Corçà;Hombres;2011;635
17057 Corçà;Hombres;2010;640
17057 Corçà;Hombres;2009;628
17057 Corçà;Hombres;2008;627
17057 Corçà;Hombres;2007;622
17057 Corçà;Hombres;2006;633
17057 Corçà;Hombres;2005;622
17057 Corçà;Hombres;2004;606
17057 Corçà;Hombres;2003;596
17057 Corçà;Hombres;2002;587
17057 Corçà;Hombres;2001;590
17057 Corçà;Hombres;2000;574
17057 Corçà;Hombres;1999;571
17057 Corçà;Hombres;1998;567
17057 Corçà;Hombres;1997;""
17057 Corçà;Hombres;1996;582
17057 Corçà;Mujeres;2025;622
17057 Corçà;Mujeres;2024;624
17057 Corçà;Mujeres;2023;629
17057 Corçà;Mujeres;2022;617
17057 Corçà;Mujeres;2021;620
17057 Corçà;Mujeres;2020;626
17057 Corçà;Mujeres;2019;621
17057 Corçà;Mujeres;2018;611
17057 Corçà;Mujeres;2017;612
17057 Corçà;Mujeres;2016;618
17057 Corçà;Mujeres;2015;616
17057 Corçà;Mujeres;2014;633
17057 Corçà;Mujeres;2013;651
17057 Corçà;Mujeres;2012;656
17057 Corçà;Mujeres;2011;682
17057 Corçà;Mujeres;2010;656
17057 Corçà;Mujeres;2009;652
17057 Corçà;Mujeres;2008;643
17057 Corçà;Mujeres;2007;633
17057 Corçà;Mujeres;2006;628
17057 Corçà;Mujeres;2005;610
17057 Corçà;Mujeres;2004;595
17057 Corçà;Mujeres;2003;578
17057 Corçà;Mujeres;2002;571
17057 Corçà;Mujeres;2001;583
17057 Corçà;Mujeres;2000;579
17057 Corçà;Mujeres;1999;551
17057 Corçà;Mujeres;1998;543
17057 Corçà;Mujeres;1997;""
17057 Corçà;Mujeres;1996;569
17058 Crespià;Total;2025;254
17058 Crespià;Total;2024;250
17058 Crespià;Total;2023;242
17058 Crespià;Total;2022;276
17058 Crespià;Total;2021;270
17058 Crespià;Total;2020;254
17058 Crespià;Total;2019;246
17058 Crespià;Total;2018;251
17058 Crespià;Total;2017;259
17058 Crespià;Total;2016;267
17058 Crespià;Total;2015;256
17058 Crespià;Total;2014;245
17058 Crespià;Total;2013;256
17058 Crespià;Total;2012;266
17058 Crespià;Total;2011;260
17058 Crespià;Total;2010;253
17058 Crespià;Total;2009;253
17058 Crespià;Total;2008;257
17058 Crespià;Total;2007;247
17058 Crespià;Total;2006;242
17058 Crespià;Total;2005;241
17058 Crespià;Total;2004;227
17058 Crespià;Total;2003;231
17058 Crespià;Total;2002;226
17058 Crespià;Total;2001;224
17058 Crespià;Total;2000;205
17058 Crespià;Total;1999;194
17058 Crespià;Total;1998;205
17058 Crespià;Total;1997;""
17058 Crespià;Total;1996;213
17058 Crespià;Hombres;2025;136
17058 Crespià;Hombres;2024;132
17058 Crespià;Hombres;2023;125
17058 Crespià;Hombres;2022;143
17058 Crespià;Hombres;2021;138
17058 Crespià;Hombres;2020;127
17058 Crespià;Hombres;2019;127
17058 Crespià;Hombres;2018;130
17058 Crespià;Hombres;2017;131
17058 Crespià;Hombres;2016;136
17058 Crespià;Hombres;2015;133
17058 Crespià;Hombres;2014;124
17058 Crespià;Hombres;2013;130
17058 Crespià;Hombres;2012;134
17058 Crespià;Hombres;2011;133
17058 Crespià;Hombres;2010;127
17058 Crespià;Hombres;2009;129
17058 Crespià;Hombres;2008;132
17058 Crespià;Hombres;2007;130
17058 Crespià;Hombres;2006;127
17058 Crespià;Hombres;2005;123
17058 Crespià;Hombres;2004;112
17058 Crespià;Hombres;2003;110
17058 Crespià;Hombres;2002;106
17058 Crespià;Hombres;2001;105
17058 Crespià;Hombres;2000;102
17058 Crespià;Hombres;1999;94
17058 Crespià;Hombres;1998;99
17058 Crespià;Hombres;1997;""
17058 Crespià;Hombres;1996;103
17058 Crespià;Mujeres;2025;118
17058 Crespià;Mujeres;2024;118
17058 Crespià;Mujeres;2023;117
17058 Crespià;Mujeres;2022;133
17058 Crespià;Mujeres;2021;132
17058 Crespià;Mujeres;2020;127
17058 Crespià;Mujeres;2019;119
17058 Crespià;Mujeres;2018;121
17058 Crespià;Mujeres;2017;128
17058 Crespià;Mujeres;2016;131
17058 Crespià;Mujeres;2015;123
17058 Crespià;Mujeres;2014;121
17058 Crespià;Mujeres;2013;126
17058 Crespià;Mujeres;2012;132
17058 Crespià;Mujeres;2011;127
17058 Crespià;Mujeres;2010;126
17058 Crespià;Mujeres;2009;124
17058 Crespià;Mujeres;2008;125
17058 Crespià;Mujeres;2007;117
17058 Crespià;Mujeres;2006;115
17058 Crespià;Mujeres;2005;118
17058 Crespià;Mujeres;2004;115
17058 Crespià;Mujeres;2003;121
17058 Crespià;Mujeres;2002;120
17058 Crespià;Mujeres;2001;119
17058 Crespià;Mujeres;2000;103
17058 Crespià;Mujeres;1999;100
17058 Crespià;Mujeres;1998;106
17058 Crespià;Mujeres;1997;""
17058 Crespià;Mujeres;1996;110
17901 Cruïlles, Monells i Sant Sadurní de l'Heura;Total;2025;1.350
17901 Cruïlles, Monells i Sant Sadurní de l'Heura;Total;2024;1.329
17901 Cruïlles, Monells i Sant Sadurní de l'Heura;Total;2023;1.323
17901 Cruïlles, Monells i Sant Sadurní de l'Heura;Total;2022;1.338
17901 Cruïlles, Monells i Sant Sadurní de l'Heura;Total;2021;1.327
17901 Cruïlles, Monells i Sant Sadurní de l'Heura;Total;2020;1.270
17901 Cruïlles, Monells i Sant Sadurní de l'Heura;Total;2019;1.279
17901 Cruïlles, Monells i Sant Sadurní de l'Heura;Total;2018;1.274
17901 Cruïlles, Monells i Sant Sadurní de l'Heura;Total;2017;1.296
17901 Cruïlles, Monells i Sant Sadurní de l'Heura;Total;2016;1.292
17901 Cruïlles, Monells i Sant Sadurní de l'Heura;Total;2015;1.304
17901 Cruïlles, Monells i Sant Sadurní de l'Heura;Total;2014;1.284
17901 Cruïlles, Monells i Sant Sadurní de l'Heura;Total;2013;1.273
17901 Cruïlles, Monells i Sant Sadurní de l'Heura;Total;2012;1.253
17901 Cruïlles, Monells i Sant Sadurní de l'Heura;Total;2011;1.282
17901 Cruïlles, Monells i Sant Sadurní de l'Heura;Total;2010;1.250
17901 Cruïlles, Monells i Sant Sadurní de l'Heura;Total;2009;1.272
17901 Cruïlles, Monells i Sant Sadurní de l'Heura;Total;2008;1.270
17901 Cruïlles, Monells i Sant Sadurní de l'Heura;Total;2007;1.291
17901 Cruïlles, Monells i Sant Sadurní de l'Heura;Total;2006;1.271
17901 Cruïlles, Monells i Sant Sadurní de l'Heura;Total;2005;1.233
17901 Cruïlles, Monells i Sant Sadurní de l'Heura;Total;2004;1.201
17901 Cruïlles, Monells i Sant Sadurní de l'Heura;Total;2003;1.168
17901 Cruïlles, Monells i Sant Sadurní de l'Heura;Total;2002;1.150
17901 Cruïlles, Monells i Sant Sadurní de l'Heura;Total;2001;1.110
17901 Cruïlles, Monells i Sant Sadurní de l'Heura;Total;2000;1.096
17901 Cruïlles, Monells i Sant Sadurní de l'Heura;Total;1999;1.100
17901 Cruïlles, Monells i Sant Sadurní de l'Heura;Total;1998;1.071
17901 Cruïlles, Monells i Sant Sadurní de l'Heura;Total;1997;""
17901 Cruïlles, Monells i Sant Sadurní de l'Heura;Total;1996;1.099
17901 Cruïlles, Monells i Sant Sadurní de l'Heura;Hombres;2025;684
17901 Cruïlles, Monells i Sant Sadurní de l'Heura;Hombres;2024;680
17901 Cruïlles, Monells i Sant Sadurní de l'Heura;Hombres;2023;675
17901 Cruïlles, Monells i Sant Sadurní de l'Heura;Hombres;2022;676
17901 Cruïlles, Monells i Sant Sadurní de l'Heura;Hombres;2021;664
17901 Cruïlles, Monells i Sant Sadurní de l'Heura;Hombres;2020;632
17901 Cruïlles, Monells i Sant Sadurní de l'Heura;Hombres;2019;640
17901 Cruïlles, Monells i Sant Sadurní de l'Heura;Hombres;2018;639
17901 Cruïlles, Monells i Sant Sadurní de l'Heura;Hombres;2017;660
17901 Cruïlles, Monells i Sant Sadurní de l'Heura;Hombres;2016;653
17901 Cruïlles, Monells i Sant Sadurní de l'Heura;Hombres;2015;664
17901 Cruïlles, Monells i Sant Sadurní de l'Heura;Hombres;2014;654
17901 Cruïlles, Monells i Sant Sadurní de l'Heura;Hombres;2013;647
17901 Cruïlles, Monells i Sant Sadurní de l'Heura;Hombres;2012;637
17901 Cruïlles, Monells i Sant Sadurní de l'Heura;Hombres;2011;651
17901 Cruïlles, Monells i Sant Sadurní de l'Heura;Hombres;2010;636
17901 Cruïlles, Monells i Sant Sadurní de l'Heura;Hombres;2009;639
17901 Cruïlles, Monells i Sant Sadurní de l'Heura;Hombres;2008;633
17901 Cruïlles, Monells i Sant Sadurní de l'Heura;Hombres;2007;645
17901 Cruïlles, Monells i Sant Sadurní de l'Heura;Hombres;2006;641
17901 Cruïlles, Monells i Sant Sadurní de l'Heura;Hombres;2005;614
17901 Cruïlles, Monells i Sant Sadurní de l'Heura;Hombres;2004;594
17901 Cruïlles, Monells i Sant Sadurní de l'Heura;Hombres;2003;584
17901 Cruïlles, Monells i Sant Sadurní de l'Heura;Hombres;2002;576
17901 Cruïlles, Monells i Sant Sadurní de l'Heura;Hombres;2001;556
17901 Cruïlles, Monells i Sant Sadurní de l'Heura;Hombres;2000;543
17901 Cruïlles, Monells i Sant Sadurní de l'Heura;Hombres;1999;540
17901 Cruïlles, Monells i Sant Sadurní de l'Heura;Hombres;1998;525
17901 Cruïlles, Monells i Sant Sadurní de l'Heura;Hombres;1997;""
17901 Cruïlles, Monells i Sant Sadurní de l'Heura;Hombres;1996;540
17901 Cruïlles, Monells i Sant Sadurní de l'Heura;Mujeres;2025;666
17901 Cruïlles, Monells i Sant Sadurní de l'Heura;Mujeres;2024;649
17901 Cruïlles, Monells i Sant Sadurní de l'Heura;Mujeres;2023;648
17901 Cruïlles, Monells i Sant Sadurní de l'Heura;Mujeres;2022;662
17901 Cruïlles, Monells i Sant Sadurní de l'Heura;Mujeres;2021;663
17901 Cruïlles, Monells i Sant Sadurní de l'Heura;Mujeres;2020;638
17901 Cruïlles, Monells i Sant Sadurní de l'Heura;Mujeres;2019;639
17901 Cruïlles, Monells i Sant Sadurní de l'Heura;Mujeres;2018;635
17901 Cruïlles, Monells i Sant Sadurní de l'Heura;Mujeres;2017;636
17901 Cruïlles, Monells i Sant Sadurní de l'Heura;Mujeres;2016;639
17901 Cruïlles, Monells i Sant Sadurní de l'Heura;Mujeres;2015;640
17901 Cruïlles, Monells i Sant Sadurní de l'Heura;Mujeres;2014;630
17901 Cruïlles, Monells i Sant Sadurní de l'Heura;Mujeres;2013;626
17901 Cruïlles, Monells i Sant Sadurní de l'Heura;Mujeres;2012;616
17901 Cruïlles, Monells i Sant Sadurní de l'Heura;Mujeres;2011;631
17901 Cruïlles, Monells i Sant Sadurní de l'Heura;Mujeres;2010;614
17901 Cruïlles, Monells i Sant Sadurní de l'Heura;Mujeres;2009;633
17901 Cruïlles, Monells i Sant Sadurní de l'Heura;Mujeres;2008;637
17901 Cruïlles, Monells i Sant Sadurní de l'Heura;Mujeres;2007;646
17901 Cruïlles, Monells i Sant Sadurní de l'Heura;Mujeres;2006;630
17901 Cruïlles, Monells i Sant Sadurní de l'Heura;Mujeres;2005;619
17901 Cruïlles, Monells i Sant Sadurní de l'Heura;Mujeres;2004;607
17901 Cruïlles, Monells i Sant Sadurní de l'Heura;Mujeres;2003;584
17901 Cruïlles, Monells i Sant Sadurní de l'Heura;Mujeres;2002;574
17901 Cruïlles, Monells i Sant Sadurní de l'Heura;Mujeres;2001;554
17901 Cruïlles, Monells i Sant Sadurní de l'Heura;Mujeres;2000;553
17901 Cruïlles, Monells i Sant Sadurní de l'Heura;Mujeres;1999;560
17901 Cruïlles, Monells i Sant Sadurní de l'Heura;Mujeres;1998;546
17901 Cruïlles, Monells i Sant Sadurní de l'Heura;Mujeres;1997;""
17901 Cruïlles, Monells i Sant Sadurní de l'Heura;Mujeres;1996;559
17060 Darnius;Total;2025;563
17060 Darnius;Total;2024;548
17060 Darnius;Total;2023;546
17060 Darnius;Total;2022;535
17060 Darnius;Total;2021;540
17060 Darnius;Total;2020;537
17060 Darnius;Total;2019;546
17060 Darnius;Total;2018;557
17060 Darnius;Total;2017;564
17060 Darnius;Total;2016;550
17060 Darnius;Total;2015;554
17060 Darnius;Total;2014;534
17060 Darnius;Total;2013;551
17060 Darnius;Total;2012;532
17060 Darnius;Total;2011;528
17060 Darnius;Total;2010;529
17060 Darnius;Total;2009;536
17060 Darnius;Total;2008;534
17060 Darnius;Total;2007;537
17060 Darnius;Total;2006;547
17060 Darnius;Total;2005;543
17060 Darnius;Total;2004;516
17060 Darnius;Total;2003;519
17060 Darnius;Total;2002;519
17060 Darnius;Total;2001;522
17060 Darnius;Total;2000;517
17060 Darnius;Total;1999;515
17060 Darnius;Total;1998;525
17060 Darnius;Total;1997;""
17060 Darnius;Total;1996;531
17060 Darnius;Hombres;2025;296
17060 Darnius;Hombres;2024;292
17060 Darnius;Hombres;2023;287
17060 Darnius;Hombres;2022;277
17060 Darnius;Hombres;2021;274
17060 Darnius;Hombres;2020;272
17060 Darnius;Hombres;2019;273
17060 Darnius;Hombres;2018;276
17060 Darnius;Hombres;2017;279
17060 Darnius;Hombres;2016;279
17060 Darnius;Hombres;2015;282
17060 Darnius;Hombres;2014;271
17060 Darnius;Hombres;2013;275
17060 Darnius;Hombres;2012;267
17060 Darnius;Hombres;2011;273
17060 Darnius;Hombres;2010;269
17060 Darnius;Hombres;2009;272
17060 Darnius;Hombres;2008;270
17060 Darnius;Hombres;2007;270
17060 Darnius;Hombres;2006;276
17060 Darnius;Hombres;2005;279
17060 Darnius;Hombres;2004;260
17060 Darnius;Hombres;2003;269
17060 Darnius;Hombres;2002;277
17060 Darnius;Hombres;2001;278
17060 Darnius;Hombres;2000;275
17060 Darnius;Hombres;1999;272
17060 Darnius;Hombres;1998;279
17060 Darnius;Hombres;1997;""
17060 Darnius;Hombres;1996;282
17060 Darnius;Mujeres;2025;267
17060 Darnius;Mujeres;2024;256
17060 Darnius;Mujeres;2023;259
17060 Darnius;Mujeres;2022;258
17060 Darnius;Mujeres;2021;266
17060 Darnius;Mujeres;2020;265
17060 Darnius;Mujeres;2019;273
17060 Darnius;Mujeres;2018;281
17060 Darnius;Mujeres;2017;285
17060 Darnius;Mujeres;2016;271
17060 Darnius;Mujeres;2015;272
17060 Darnius;Mujeres;2014;263
17060 Darnius;Mujeres;2013;276
17060 Darnius;Mujeres;2012;265
17060 Darnius;Mujeres;2011;255
17060 Darnius;Mujeres;2010;260
17060 Darnius;Mujeres;2009;264
17060 Darnius;Mujeres;2008;264
17060 Darnius;Mujeres;2007;267
17060 Darnius;Mujeres;2006;271
17060 Darnius;Mujeres;2005;264
17060 Darnius;Mujeres;2004;256
17060 Darnius;Mujeres;2003;250
17060 Darnius;Mujeres;2002;242
17060 Darnius;Mujeres;2001;244
17060 Darnius;Mujeres;2000;242
17060 Darnius;Mujeres;1999;243
17060 Darnius;Mujeres;1998;246
17060 Darnius;Mujeres;1997;""
17060 Darnius;Mujeres;1996;249
17061 Das;Total;2025;261
17061 Das;Total;2024;270
17061 Das;Total;2023;257
17061 Das;Total;2022;267
17061 Das;Total;2021;248
17061 Das;Total;2020;234
17061 Das;Total;2019;253
17061 Das;Total;2018;227
17061 Das;Total;2017;223
17061 Das;Total;2016;215
17061 Das;Total;2015;222
17061 Das;Total;2014;220
17061 Das;Total;2013;216
17061 Das;Total;2012;222
17061 Das;Total;2011;219
17061 Das;Total;2010;224
17061 Das;Total;2009;227
17061 Das;Total;2008;214
17061 Das;Total;2007;193
17061 Das;Total;2006;176
17061 Das;Total;2005;171
17061 Das;Total;2004;165
17061 Das;Total;2003;159
17061 Das;Total;2002;157
17061 Das;Total;2001;162
17061 Das;Total;2000;158
17061 Das;Total;1999;155
17061 Das;Total;1998;151
17061 Das;Total;1997;""
17061 Das;Total;1996;145
17061 Das;Hombres;2025;141
17061 Das;Hombres;2024;144
17061 Das;Hombres;2023;132
17061 Das;Hombres;2022;141
17061 Das;Hombres;2021;129
17061 Das;Hombres;2020;121
17061 Das;Hombres;2019;131
17061 Das;Hombres;2018;122
17061 Das;Hombres;2017;121
17061 Das;Hombres;2016;117
17061 Das;Hombres;2015;122
17061 Das;Hombres;2014;119
17061 Das;Hombres;2013;120
17061 Das;Hombres;2012;126
17061 Das;Hombres;2011;126
17061 Das;Hombres;2010;125
17061 Das;Hombres;2009;124
17061 Das;Hombres;2008;113
17061 Das;Hombres;2007;107
17061 Das;Hombres;2006;98
17061 Das;Hombres;2005;92
17061 Das;Hombres;2004;89
17061 Das;Hombres;2003;87
17061 Das;Hombres;2002;87
17061 Das;Hombres;2001;87
17061 Das;Hombres;2000;85
17061 Das;Hombres;1999;84
17061 Das;Hombres;1998;84
17061 Das;Hombres;1997;""
17061 Das;Hombres;1996;79
17061 Das;Mujeres;2025;120
17061 Das;Mujeres;2024;126
17061 Das;Mujeres;2023;125
17061 Das;Mujeres;2022;126
17061 Das;Mujeres;2021;119
17061 Das;Mujeres;2020;113
17061 Das;Mujeres;2019;122
17061 Das;Mujeres;2018;105
17061 Das;Mujeres;2017;102
17061 Das;Mujeres;2016;98
17061 Das;Mujeres;2015;100
17061 Das;Mujeres;2014;101
17061 Das;Mujeres;2013;96
17061 Das;Mujeres;2012;96
17061 Das;Mujeres;2011;93
17061 Das;Mujeres;2010;99
17061 Das;Mujeres;2009;103
17061 Das;Mujeres;2008;101
17061 Das;Mujeres;2007;86
17061 Das;Mujeres;2006;78
17061 Das;Mujeres;2005;79
17061 Das;Mujeres;2004;76
17061 Das;Mujeres;2003;72
17061 Das;Mujeres;2002;70
17061 Das;Mujeres;2001;75
17061 Das;Mujeres;2000;73
17061 Das;Mujeres;1999;71
17061 Das;Mujeres;1998;67
17061 Das;Mujeres;1997;""
17061 Das;Mujeres;1996;66
17062 Escala, L';Total;2025;10.374
17062 Escala, L';Total;2024;10.429
17062 Escala, L';Total;2023;10.478
17062 Escala, L';Total;2022;10.520
17062 Escala, L';Total;2021;10.497
17062 Escala, L';Total;2020;10.244
17062 Escala, L';Total;2019;10.339
17062 Escala, L';Total;2018;10.417
17062 Escala, L';Total;2017;10.407
17062 Escala, L';Total;2016;10.400
17062 Escala, L';Total;2015;10.276
17062 Escala, L';Total;2014;10.143
17062 Escala, L';Total;2013;10.513
17062 Escala, L';Total;2012;10.508
17062 Escala, L';Total;2011;10.554
17062 Escala, L';Total;2010;10.387
17062 Escala, L';Total;2009;10.140
17062 Escala, L';Total;2008;9.829
17062 Escala, L';Total;2007;9.330
17062 Escala, L';Total;2006;8.795
17062 Escala, L';Total;2005;8.311
17062 Escala, L';Total;2004;7.455
17062 Escala, L';Total;2003;6.997
17062 Escala, L';Total;2002;6.398
17062 Escala, L';Total;2001;6.240
17062 Escala, L';Total;2000;6.285
17062 Escala, L';Total;1999;5.926
17062 Escala, L';Total;1998;5.942
17062 Escala, L';Total;1997;""
17062 Escala, L';Total;1996;5.266
17062 Escala, L';Hombres;2025;5.203
17062 Escala, L';Hombres;2024;5.201
17062 Escala, L';Hombres;2023;5.267
17062 Escala, L';Hombres;2022;5.322
17062 Escala, L';Hombres;2021;5.324
17062 Escala, L';Hombres;2020;5.187
17062 Escala, L';Hombres;2019;5.267
17062 Escala, L';Hombres;2018;5.308
17062 Escala, L';Hombres;2017;5.313
17062 Escala, L';Hombres;2016;5.291
17062 Escala, L';Hombres;2015;5.210
17062 Escala, L';Hombres;2014;5.149
17062 Escala, L';Hombres;2013;5.345
17062 Escala, L';Hombres;2012;5.370
17062 Escala, L';Hombres;2011;5.404
17062 Escala, L';Hombres;2010;5.324
17062 Escala, L';Hombres;2009;5.208
17062 Escala, L';Hombres;2008;5.079
17062 Escala, L';Hombres;2007;4.855
17062 Escala, L';Hombres;2006;4.552
17062 Escala, L';Hombres;2005;4.283
17062 Escala, L';Hombres;2004;3.785
17062 Escala, L';Hombres;2003;3.545
17062 Escala, L';Hombres;2002;3.220
17062 Escala, L';Hombres;2001;3.140
17062 Escala, L';Hombres;2000;3.155
17062 Escala, L';Hombres;1999;2.956
17062 Escala, L';Hombres;1998;2.955
17062 Escala, L';Hombres;1997;""
17062 Escala, L';Hombres;1996;2.616
17062 Escala, L';Mujeres;2025;5.171
17062 Escala, L';Mujeres;2024;5.228
17062 Escala, L';Mujeres;2023;5.211
17062 Escala, L';Mujeres;2022;5.198
17062 Escala, L';Mujeres;2021;5.173
17062 Escala, L';Mujeres;2020;5.057
17062 Escala, L';Mujeres;2019;5.072
17062 Escala, L';Mujeres;2018;5.109
17062 Escala, L';Mujeres;2017;5.094
17062 Escala, L';Mujeres;2016;5.109
17062 Escala, L';Mujeres;2015;5.066
17062 Escala, L';Mujeres;2014;4.994
17062 Escala, L';Mujeres;2013;5.168
17062 Escala, L';Mujeres;2012;5.138
17062 Escala, L';Mujeres;2011;5.150
17062 Escala, L';Mujeres;2010;5.063
17062 Escala, L';Mujeres;2009;4.932
17062 Escala, L';Mujeres;2008;4.750
17062 Escala, L';Mujeres;2007;4.475
17062 Escala, L';Mujeres;2006;4.243
17062 Escala, L';Mujeres;2005;4.028
17062 Escala, L';Mujeres;2004;3.670
17062 Escala, L';Mujeres;2003;3.452
17062 Escala, L';Mujeres;2002;3.178
17062 Escala, L';Mujeres;2001;3.100
17062 Escala, L';Mujeres;2000;3.130
17062 Escala, L';Mujeres;1999;2.970
17062 Escala, L';Mujeres;1998;2.987
17062 Escala, L';Mujeres;1997;""
17062 Escala, L';Mujeres;1996;2.650
17063 Espinelves;Total;2025;261
17063 Espinelves;Total;2024;254
17063 Espinelves;Total;2023;248
17063 Espinelves;Total;2022;248
17063 Espinelves;Total;2021;239
17063 Espinelves;Total;2020;221
17063 Espinelves;Total;2019;215
17063 Espinelves;Total;2018;206
17063 Espinelves;Total;2017;203
17063 Espinelves;Total;2016;201
17063 Espinelves;Total;2015;196
17063 Espinelves;Total;2014;196
17063 Espinelves;Total;2013;193
17063 Espinelves;Total;2012;201
17063 Espinelves;Total;2011;199
17063 Espinelves;Total;2010;192
17063 Espinelves;Total;2009;190
17063 Espinelves;Total;2008;191
17063 Espinelves;Total;2007;183
17063 Espinelves;Total;2006;199
17063 Espinelves;Total;2005;193
17063 Espinelves;Total;2004;189
17063 Espinelves;Total;2003;191
17063 Espinelves;Total;2002;182
17063 Espinelves;Total;2001;185
17063 Espinelves;Total;2000;179
17063 Espinelves;Total;1999;188
17063 Espinelves;Total;1998;180
17063 Espinelves;Total;1997;""
17063 Espinelves;Total;1996;175
17063 Espinelves;Hombres;2025;122
17063 Espinelves;Hombres;2024;119
17063 Espinelves;Hombres;2023;121
17063 Espinelves;Hombres;2022;125
17063 Espinelves;Hombres;2021;120
17063 Espinelves;Hombres;2020;112
17063 Espinelves;Hombres;2019;110
17063 Espinelves;Hombres;2018;106
17063 Espinelves;Hombres;2017;99
17063 Espinelves;Hombres;2016;93
17063 Espinelves;Hombres;2015;95
17063 Espinelves;Hombres;2014;97
17063 Espinelves;Hombres;2013;94
17063 Espinelves;Hombres;2012;98
17063 Espinelves;Hombres;2011;95
17063 Espinelves;Hombres;2010;95
17063 Espinelves;Hombres;2009;96
17063 Espinelves;Hombres;2008;97
17063 Espinelves;Hombres;2007;94
17063 Espinelves;Hombres;2006;108
17063 Espinelves;Hombres;2005;104
17063 Espinelves;Hombres;2004;100
17063 Espinelves;Hombres;2003;101
17063 Espinelves;Hombres;2002;93
17063 Espinelves;Hombres;2001;94
17063 Espinelves;Hombres;2000;90
17063 Espinelves;Hombres;1999;95
17063 Espinelves;Hombres;1998;93
17063 Espinelves;Hombres;1997;""
17063 Espinelves;Hombres;1996;92
17063 Espinelves;Mujeres;2025;139
17063 Espinelves;Mujeres;2024;135
17063 Espinelves;Mujeres;2023;127
17063 Espinelves;Mujeres;2022;123
17063 Espinelves;Mujeres;2021;119
17063 Espinelves;Mujeres;2020;109
17063 Espinelves;Mujeres;2019;105
17063 Espinelves;Mujeres;2018;100
17063 Espinelves;Mujeres;2017;104
17063 Espinelves;Mujeres;2016;108
17063 Espinelves;Mujeres;2015;101
17063 Espinelves;Mujeres;2014;99
17063 Espinelves;Mujeres;2013;99
17063 Espinelves;Mujeres;2012;103
17063 Espinelves;Mujeres;2011;104
17063 Espinelves;Mujeres;2010;97
17063 Espinelves;Mujeres;2009;94
17063 Espinelves;Mujeres;2008;94
17063 Espinelves;Mujeres;2007;89
17063 Espinelves;Mujeres;2006;91
17063 Espinelves;Mujeres;2005;89
17063 Espinelves;Mujeres;2004;89
17063 Espinelves;Mujeres;2003;90
17063 Espinelves;Mujeres;2002;89
17063 Espinelves;Mujeres;2001;91
17063 Espinelves;Mujeres;2000;89
17063 Espinelves;Mujeres;1999;93
17063 Espinelves;Mujeres;1998;87
17063 Espinelves;Mujeres;1997;""
17063 Espinelves;Mujeres;1996;83
17064 Espolla;Total;2025;398
17064 Espolla;Total;2024;412
17064 Espolla;Total;2023;409
17064 Espolla;Total;2022;408
17064 Espolla;Total;2021;412
17064 Espolla;Total;2020;412
17064 Espolla;Total;2019;416
17064 Espolla;Total;2018;425
17064 Espolla;Total;2017;423
17064 Espolla;Total;2016;421
17064 Espolla;Total;2015;415
17064 Espolla;Total;2014;417
17064 Espolla;Total;2013;407
17064 Espolla;Total;2012;421
17064 Espolla;Total;2011;417
17064 Espolla;Total;2010;408
17064 Espolla;Total;2009;404
17064 Espolla;Total;2008;408
17064 Espolla;Total;2007;404
17064 Espolla;Total;2006;367
17064 Espolla;Total;2005;395
17064 Espolla;Total;2004;380
17064 Espolla;Total;2003;374
17064 Espolla;Total;2002;382
17064 Espolla;Total;2001;375
17064 Espolla;Total;2000;373
17064 Espolla;Total;1999;372
17064 Espolla;Total;1998;376
17064 Espolla;Total;1997;""
17064 Espolla;Total;1996;396
17064 Espolla;Hombres;2025;205
17064 Espolla;Hombres;2024;206
17064 Espolla;Hombres;2023;205
17064 Espolla;Hombres;2022;207
17064 Espolla;Hombres;2021;204
17064 Espolla;Hombres;2020;204
17064 Espolla;Hombres;2019;203
17064 Espolla;Hombres;2018;210
17064 Espolla;Hombres;2017;209
17064 Espolla;Hombres;2016;209
17064 Espolla;Hombres;2015;205
17064 Espolla;Hombres;2014;210
17064 Espolla;Hombres;2013;203
17064 Espolla;Hombres;2012;210
17064 Espolla;Hombres;2011;207
17064 Espolla;Hombres;2010;201
17064 Espolla;Hombres;2009;197
17064 Espolla;Hombres;2008;197
17064 Espolla;Hombres;2007;196
17064 Espolla;Hombres;2006;184
17064 Espolla;Hombres;2005;199
17064 Espolla;Hombres;2004;189
17064 Espolla;Hombres;2003;185
17064 Espolla;Hombres;2002;192
17064 Espolla;Hombres;2001;189
17064 Espolla;Hombres;2000;187
17064 Espolla;Hombres;1999;190
17064 Espolla;Hombres;1998;191
17064 Espolla;Hombres;1997;""
17064 Espolla;Hombres;1996;199
17064 Espolla;Mujeres;2025;193
17064 Espolla;Mujeres;2024;206
17064 Espolla;Mujeres;2023;204
17064 Espolla;Mujeres;2022;201
17064 Espolla;Mujeres;2021;208
17064 Espolla;Mujeres;2020;208
17064 Espolla;Mujeres;2019;213
17064 Espolla;Mujeres;2018;215
17064 Espolla;Mujeres;2017;214
17064 Espolla;Mujeres;2016;212
17064 Espolla;Mujeres;2015;210
17064 Espolla;Mujeres;2014;207
17064 Espolla;Mujeres;2013;204
17064 Espolla;Mujeres;2012;211
17064 Espolla;Mujeres;2011;210
17064 Espolla;Mujeres;2010;207
17064 Espolla;Mujeres;2009;207
17064 Espolla;Mujeres;2008;211
17064 Espolla;Mujeres;2007;208
17064 Espolla;Mujeres;2006;183
17064 Espolla;Mujeres;2005;196
17064 Espolla;Mujeres;2004;191
17064 Espolla;Mujeres;2003;189
17064 Espolla;Mujeres;2002;190
17064 Espolla;Mujeres;2001;186
17064 Espolla;Mujeres;2000;186
17064 Espolla;Mujeres;1999;182
17064 Espolla;Mujeres;1998;185
17064 Espolla;Mujeres;1997;""
17064 Espolla;Mujeres;1996;197
17065 Esponellà;Total;2025;446
17065 Esponellà;Total;2024;438
17065 Esponellà;Total;2023;467
17065 Esponellà;Total;2022;489
17065 Esponellà;Total;2021;469
17065 Esponellà;Total;2020;463
17065 Esponellà;Total;2019;438
17065 Esponellà;Total;2018;433
17065 Esponellà;Total;2017;432
17065 Esponellà;Total;2016;456
17065 Esponellà;Total;2015;444
17065 Esponellà;Total;2014;458
17065 Esponellà;Total;2013;447
17065 Esponellà;Total;2012;446
17065 Esponellà;Total;2011;451
17065 Esponellà;Total;2010;461
17065 Esponellà;Total;2009;462
17065 Esponellà;Total;2008;451
17065 Esponellà;Total;2007;441
17065 Esponellà;Total;2006;437
17065 Esponellà;Total;2005;432
17065 Esponellà;Total;2004;426
17065 Esponellà;Total;2003;422
17065 Esponellà;Total;2002;392
17065 Esponellà;Total;2001;392
17065 Esponellà;Total;2000;402
17065 Esponellà;Total;1999;398
17065 Esponellà;Total;1998;392
17065 Esponellà;Total;1997;""
17065 Esponellà;Total;1996;404
17065 Esponellà;Hombres;2025;229
17065 Esponellà;Hombres;2024;225
17065 Esponellà;Hombres;2023;243
17065 Esponellà;Hombres;2022;256
17065 Esponellà;Hombres;2021;240
17065 Esponellà;Hombres;2020;234
17065 Esponellà;Hombres;2019;224
17065 Esponellà;Hombres;2018;222
17065 Esponellà;Hombres;2017;216
17065 Esponellà;Hombres;2016;226
17065 Esponellà;Hombres;2015;221
17065 Esponellà;Hombres;2014;229
17065 Esponellà;Hombres;2013;226
17065 Esponellà;Hombres;2012;222
17065 Esponellà;Hombres;2011;219
17065 Esponellà;Hombres;2010;225
17065 Esponellà;Hombres;2009;223
17065 Esponellà;Hombres;2008;218
17065 Esponellà;Hombres;2007;213
17065 Esponellà;Hombres;2006;219
17065 Esponellà;Hombres;2005;212
17065 Esponellà;Hombres;2004;207
17065 Esponellà;Hombres;2003;209
17065 Esponellà;Hombres;2002;189
17065 Esponellà;Hombres;2001;192
17065 Esponellà;Hombres;2000;200
17065 Esponellà;Hombres;1999;201
17065 Esponellà;Hombres;1998;198
17065 Esponellà;Hombres;1997;""
17065 Esponellà;Hombres;1996;200
17065 Esponellà;Mujeres;2025;217
17065 Esponellà;Mujeres;2024;213
17065 Esponellà;Mujeres;2023;224
17065 Esponellà;Mujeres;2022;233
17065 Esponellà;Mujeres;2021;229
17065 Esponellà;Mujeres;2020;229
17065 Esponellà;Mujeres;2019;214
17065 Esponellà;Mujeres;2018;211
17065 Esponellà;Mujeres;2017;216
17065 Esponellà;Mujeres;2016;230
17065 Esponellà;Mujeres;2015;223
17065 Esponellà;Mujeres;2014;229
17065 Esponellà;Mujeres;2013;221
17065 Esponellà;Mujeres;2012;224
17065 Esponellà;Mujeres;2011;232
17065 Esponellà;Mujeres;2010;236
17065 Esponellà;Mujeres;2009;239
17065 Esponellà;Mujeres;2008;233
17065 Esponellà;Mujeres;2007;228
17065 Esponellà;Mujeres;2006;218
17065 Esponellà;Mujeres;2005;220
17065 Esponellà;Mujeres;2004;219
17065 Esponellà;Mujeres;2003;213
17065 Esponellà;Mujeres;2002;203
17065 Esponellà;Mujeres;2001;200
17065 Esponellà;Mujeres;2000;202
17065 Esponellà;Mujeres;1999;197
17065 Esponellà;Mujeres;1998;194
17065 Esponellà;Mujeres;1997;""
17065 Esponellà;Mujeres;1996;204
17005 Far d'Empordà, El;Total;2025;628
17005 Far d'Empordà, El;Total;2024;626
17005 Far d'Empordà, El;Total;2023;612
17005 Far d'Empordà, El;Total;2022;625
17005 Far d'Empordà, El;Total;2021;619
17005 Far d'Empordà, El;Total;2020;602
17005 Far d'Empordà, El;Total;2019;599
17005 Far d'Empordà, El;Total;2018;576
17005 Far d'Empordà, El;Total;2017;568
17005 Far d'Empordà, El;Total;2016;553
17005 Far d'Empordà, El;Total;2015;552
17005 Far d'Empordà, El;Total;2014;563
17005 Far d'Empordà, El;Total;2013;568
17005 Far d'Empordà, El;Total;2012;555
17005 Far d'Empordà, El;Total;2011;555
17005 Far d'Empordà, El;Total;2010;545
17005 Far d'Empordà, El;Total;2009;537
17005 Far d'Empordà, El;Total;2008;524
17005 Far d'Empordà, El;Total;2007;510
17005 Far d'Empordà, El;Total;2006;483
17005 Far d'Empordà, El;Total;2005;448
17005 Far d'Empordà, El;Total;2004;440
17005 Far d'Empordà, El;Total;2003;404
17005 Far d'Empordà, El;Total;2002;397
17005 Far d'Empordà, El;Total;2001;387
17005 Far d'Empordà, El;Total;2000;387
17005 Far d'Empordà, El;Total;1999;386
17005 Far d'Empordà, El;Total;1998;401
17005 Far d'Empordà, El;Total;1997;""
17005 Far d'Empordà, El;Total;1996;402
17005 Far d'Empordà, El;Hombres;2025;320
17005 Far d'Empordà, El;Hombres;2024;313
17005 Far d'Empordà, El;Hombres;2023;308
17005 Far d'Empordà, El;Hombres;2022;320
17005 Far d'Empordà, El;Hombres;2021;318
17005 Far d'Empordà, El;Hombres;2020;311
17005 Far d'Empordà, El;Hombres;2019;305
17005 Far d'Empordà, El;Hombres;2018;287
17005 Far d'Empordà, El;Hombres;2017;286
17005 Far d'Empordà, El;Hombres;2016;277
17005 Far d'Empordà, El;Hombres;2015;279
17005 Far d'Empordà, El;Hombres;2014;285
17005 Far d'Empordà, El;Hombres;2013;287
17005 Far d'Empordà, El;Hombres;2012;280
17005 Far d'Empordà, El;Hombres;2011;274
17005 Far d'Empordà, El;Hombres;2010;269
17005 Far d'Empordà, El;Hombres;2009;270
17005 Far d'Empordà, El;Hombres;2008;265
17005 Far d'Empordà, El;Hombres;2007;260
17005 Far d'Empordà, El;Hombres;2006;247
17005 Far d'Empordà, El;Hombres;2005;231
17005 Far d'Empordà, El;Hombres;2004;226
17005 Far d'Empordà, El;Hombres;2003;209
17005 Far d'Empordà, El;Hombres;2002;206
17005 Far d'Empordà, El;Hombres;2001;200
17005 Far d'Empordà, El;Hombres;2000;202
17005 Far d'Empordà, El;Hombres;1999;200
17005 Far d'Empordà, El;Hombres;1998;201
17005 Far d'Empordà, El;Hombres;1997;""
17005 Far d'Empordà, El;Hombres;1996;200
17005 Far d'Empordà, El;Mujeres;2025;308
17005 Far d'Empordà, El;Mujeres;2024;313
17005 Far d'Empordà, El;Mujeres;2023;304
17005 Far d'Empordà, El;Mujeres;2022;305
17005 Far d'Empordà, El;Mujeres;2021;301
17005 Far d'Empordà, El;Mujeres;2020;291
17005 Far d'Empordà, El;Mujeres;2019;294
17005 Far d'Empordà, El;Mujeres;2018;289
17005 Far d'Empordà, El;Mujeres;2017;282
17005 Far d'Empordà, El;Mujeres;2016;276
17005 Far d'Empordà, El;Mujeres;2015;273
17005 Far d'Empordà, El;Mujeres;2014;278
17005 Far d'Empordà, El;Mujeres;2013;281
17005 Far d'Empordà, El;Mujeres;2012;275
17005 Far d'Empordà, El;Mujeres;2011;281
17005 Far d'Empordà, El;Mujeres;2010;276
17005 Far d'Empordà, El;Mujeres;2009;267
17005 Far d'Empordà, El;Mujeres;2008;259
17005 Far d'Empordà, El;Mujeres;2007;250
17005 Far d'Empordà, El;Mujeres;2006;236
17005 Far d'Empordà, El;Mujeres;2005;217
17005 Far d'Empordà, El;Mujeres;2004;214
17005 Far d'Empordà, El;Mujeres;2003;195
17005 Far d'Empordà, El;Mujeres;2002;191
17005 Far d'Empordà, El;Mujeres;2001;187
17005 Far d'Empordà, El;Mujeres;2000;185
17005 Far d'Empordà, El;Mujeres;1999;186
17005 Far d'Empordà, El;Mujeres;1998;200
17005 Far d'Empordà, El;Mujeres;1997;""
17005 Far d'Empordà, El;Mujeres;1996;202
17066 Figueres;Total;2025;49.689
17066 Figueres;Total;2024;48.875
17066 Figueres;Total;2023;47.879
17066 Figueres;Total;2022;47.088
17066 Figueres;Total;2021;47.043
17066 Figueres;Total;2020;47.235
17066 Figueres;Total;2019;46.654
17066 Figueres;Total;2018;46.381
17066 Figueres;Total;2017;45.961
17066 Figueres;Total;2016;45.726
17066 Figueres;Total;2015;45.346
17066 Figueres;Total;2014;45.444
17066 Figueres;Total;2013;45.123
17066 Figueres;Total;2012;45.262
17066 Figueres;Total;2011;44.765
17066 Figueres;Total;2010;44.255
17066 Figueres;Total;2009;43.330
17066 Figueres;Total;2008;42.809
17066 Figueres;Total;2007;41.115
17066 Figueres;Total;2006;39.641
17066 Figueres;Total;2005;38.884
17066 Figueres;Total;2004;37.032
17066 Figueres;Total;2003;36.338
17066 Figueres;Total;2002;35.174
17066 Figueres;Total;2001;34.493
17066 Figueres;Total;2000;34.023
17066 Figueres;Total;1999;33.823
17066 Figueres;Total;1998;33.600
17066 Figueres;Total;1997;""
17066 Figueres;Total;1996;33.157
17066 Figueres;Hombres;2025;24.595
17066 Figueres;Hombres;2024;24.245
17066 Figueres;Hombres;2023;23.669
17066 Figueres;Hombres;2022;23.198
17066 Figueres;Hombres;2021;23.220
17066 Figueres;Hombres;2020;23.363
17066 Figueres;Hombres;2019;23.092
17066 Figueres;Hombres;2018;22.917
17066 Figueres;Hombres;2017;22.733
17066 Figueres;Hombres;2016;22.652
17066 Figueres;Hombres;2015;22.471
17066 Figueres;Hombres;2014;22.489
17066 Figueres;Hombres;2013;22.386
17066 Figueres;Hombres;2012;22.529
17066 Figueres;Hombres;2011;22.286
17066 Figueres;Hombres;2010;22.093
17066 Figueres;Hombres;2009;21.689
17066 Figueres;Hombres;2008;21.419
17066 Figueres;Hombres;2007;20.389
17066 Figueres;Hombres;2006;19.636
17066 Figueres;Hombres;2005;19.160
17066 Figueres;Hombres;2004;18.034
17066 Figueres;Hombres;2003;17.713
17066 Figueres;Hombres;2002;17.109
17066 Figueres;Hombres;2001;16.757
17066 Figueres;Hombres;2000;16.529
17066 Figueres;Hombres;1999;16.408
17066 Figueres;Hombres;1998;16.292
17066 Figueres;Hombres;1997;""
17066 Figueres;Hombres;1996;16.146
17066 Figueres;Mujeres;2025;25.094
17066 Figueres;Mujeres;2024;24.630
17066 Figueres;Mujeres;2023;24.210
17066 Figueres;Mujeres;2022;23.890
17066 Figueres;Mujeres;2021;23.823
17066 Figueres;Mujeres;2020;23.872
17066 Figueres;Mujeres;2019;23.562
17066 Figueres;Mujeres;2018;23.464
17066 Figueres;Mujeres;2017;23.228
17066 Figueres;Mujeres;2016;23.074
17066 Figueres;Mujeres;2015;22.875
17066 Figueres;Mujeres;2014;22.955
17066 Figueres;Mujeres;2013;22.737
17066 Figueres;Mujeres;2012;22.733
17066 Figueres;Mujeres;2011;22.479
17066 Figueres;Mujeres;2010;22.162
17066 Figueres;Mujeres;2009;21.641
17066 Figueres;Mujeres;2008;21.390
17066 Figueres;Mujeres;2007;20.726
17066 Figueres;Mujeres;2006;20.005
17066 Figueres;Mujeres;2005;19.724
17066 Figueres;Mujeres;2004;18.998
17066 Figueres;Mujeres;2003;18.625
17066 Figueres;Mujeres;2002;18.065
17066 Figueres;Mujeres;2001;17.736
17066 Figueres;Mujeres;2000;17.494
17066 Figueres;Mujeres;1999;17.415
17066 Figueres;Mujeres;1998;17.308
17066 Figueres;Mujeres;1997;""
17066 Figueres;Mujeres;1996;17.011
17067 Flaçà;Total;2025;1.175
17067 Flaçà;Total;2024;1.145
17067 Flaçà;Total;2023;1.155
17067 Flaçà;Total;2022;1.130
17067 Flaçà;Total;2021;1.147
17067 Flaçà;Total;2020;1.130
17067 Flaçà;Total;2019;1.093
17067 Flaçà;Total;2018;1.081
17067 Flaçà;Total;2017;1.050
17067 Flaçà;Total;2016;1.018
17067 Flaçà;Total;2015;1.060
17067 Flaçà;Total;2014;1.041
17067 Flaçà;Total;2013;1.049
17067 Flaçà;Total;2012;1.065
17067 Flaçà;Total;2011;1.059
17067 Flaçà;Total;2010;1.070
17067 Flaçà;Total;2009;1.072
17067 Flaçà;Total;2008;1.050
17067 Flaçà;Total;2007;1.018
17067 Flaçà;Total;2006;997
17067 Flaçà;Total;2005;983
17067 Flaçà;Total;2004;932
17067 Flaçà;Total;2003;900
17067 Flaçà;Total;2002;884
17067 Flaçà;Total;2001;862
17067 Flaçà;Total;2000;845
17067 Flaçà;Total;1999;844
17067 Flaçà;Total;1998;840
17067 Flaçà;Total;1997;""
17067 Flaçà;Total;1996;851
17067 Flaçà;Hombres;2025;569
17067 Flaçà;Hombres;2024;548
17067 Flaçà;Hombres;2023;559
17067 Flaçà;Hombres;2022;550
17067 Flaçà;Hombres;2021;556
17067 Flaçà;Hombres;2020;551
17067 Flaçà;Hombres;2019;528
17067 Flaçà;Hombres;2018;525
17067 Flaçà;Hombres;2017;509
17067 Flaçà;Hombres;2016;491
17067 Flaçà;Hombres;2015;506
17067 Flaçà;Hombres;2014;505
17067 Flaçà;Hombres;2013;504
17067 Flaçà;Hombres;2012;514
17067 Flaçà;Hombres;2011;513
17067 Flaçà;Hombres;2010;528
17067 Flaçà;Hombres;2009;524
17067 Flaçà;Hombres;2008;518
17067 Flaçà;Hombres;2007;504
17067 Flaçà;Hombres;2006;494
17067 Flaçà;Hombres;2005;496
17067 Flaçà;Hombres;2004;478
17067 Flaçà;Hombres;2003;457
17067 Flaçà;Hombres;2002;445
17067 Flaçà;Hombres;2001;431
17067 Flaçà;Hombres;2000;417
17067 Flaçà;Hombres;1999;423
17067 Flaçà;Hombres;1998;419
17067 Flaçà;Hombres;1997;""
17067 Flaçà;Hombres;1996;422
17067 Flaçà;Mujeres;2025;606
17067 Flaçà;Mujeres;2024;597
17067 Flaçà;Mujeres;2023;596
17067 Flaçà;Mujeres;2022;580
17067 Flaçà;Mujeres;2021;591
17067 Flaçà;Mujeres;2020;579
17067 Flaçà;Mujeres;2019;565
17067 Flaçà;Mujeres;2018;556
17067 Flaçà;Mujeres;2017;541
17067 Flaçà;Mujeres;2016;527
17067 Flaçà;Mujeres;2015;554
17067 Flaçà;Mujeres;2014;536
17067 Flaçà;Mujeres;2013;545
17067 Flaçà;Mujeres;2012;551
17067 Flaçà;Mujeres;2011;546
17067 Flaçà;Mujeres;2010;542
17067 Flaçà;Mujeres;2009;548
17067 Flaçà;Mujeres;2008;532
17067 Flaçà;Mujeres;2007;514
17067 Flaçà;Mujeres;2006;503
17067 Flaçà;Mujeres;2005;487
17067 Flaçà;Mujeres;2004;454
17067 Flaçà;Mujeres;2003;443
17067 Flaçà;Mujeres;2002;439
17067 Flaçà;Mujeres;2001;431
17067 Flaçà;Mujeres;2000;428
17067 Flaçà;Mujeres;1999;421
17067 Flaçà;Mujeres;1998;421
17067 Flaçà;Mujeres;1997;""
17067 Flaçà;Mujeres;1996;429
17068 Foixà;Total;2025;298
17068 Foixà;Total;2024;292
17068 Foixà;Total;2023;292
17068 Foixà;Total;2022;288
17068 Foixà;Total;2021;299
17068 Foixà;Total;2020;303
17068 Foixà;Total;2019;297
17068 Foixà;Total;2018;305
17068 Foixà;Total;2017;313
17068 Foixà;Total;2016;309
17068 Foixà;Total;2015;306
17068 Foixà;Total;2014;320
17068 Foixà;Total;2013;317
17068 Foixà;Total;2012;311
17068 Foixà;Total;2011;318
17068 Foixà;Total;2010;327
17068 Foixà;Total;2009;336
17068 Foixà;Total;2008;333
17068 Foixà;Total;2007;324
17068 Foixà;Total;2006;325
17068 Foixà;Total;2005;329
17068 Foixà;Total;2004;321
17068 Foixà;Total;2003;303
17068 Foixà;Total;2002;319
17068 Foixà;Total;2001;317
17068 Foixà;Total;2000;322
17068 Foixà;Total;1999;317
17068 Foixà;Total;1998;315
17068 Foixà;Total;1997;""
17068 Foixà;Total;1996;317
17068 Foixà;Hombres;2025;151
17068 Foixà;Hombres;2024;150
17068 Foixà;Hombres;2023;152
17068 Foixà;Hombres;2022;148
17068 Foixà;Hombres;2021;149
17068 Foixà;Hombres;2020;151
17068 Foixà;Hombres;2019;150
17068 Foixà;Hombres;2018;159
17068 Foixà;Hombres;2017;163
17068 Foixà;Hombres;2016;159
17068 Foixà;Hombres;2015;157
17068 Foixà;Hombres;2014;156
17068 Foixà;Hombres;2013;160
17068 Foixà;Hombres;2012;162
17068 Foixà;Hombres;2011;167
17068 Foixà;Hombres;2010;173
17068 Foixà;Hombres;2009;180
17068 Foixà;Hombres;2008;179
17068 Foixà;Hombres;2007;168
17068 Foixà;Hombres;2006;168
17068 Foixà;Hombres;2005;169
17068 Foixà;Hombres;2004;158
17068 Foixà;Hombres;2003;149
17068 Foixà;Hombres;2002;152
17068 Foixà;Hombres;2001;156
17068 Foixà;Hombres;2000;155
17068 Foixà;Hombres;1999;155
17068 Foixà;Hombres;1998;155
17068 Foixà;Hombres;1997;""
17068 Foixà;Hombres;1996;157
17068 Foixà;Mujeres;2025;147
17068 Foixà;Mujeres;2024;142
17068 Foixà;Mujeres;2023;140
17068 Foixà;Mujeres;2022;140
17068 Foixà;Mujeres;2021;150
17068 Foixà;Mujeres;2020;152
17068 Foixà;Mujeres;2019;147
17068 Foixà;Mujeres;2018;146
17068 Foixà;Mujeres;2017;150
17068 Foixà;Mujeres;2016;150
17068 Foixà;Mujeres;2015;149
17068 Foixà;Mujeres;2014;164
17068 Foixà;Mujeres;2013;157
17068 Foixà;Mujeres;2012;149
17068 Foixà;Mujeres;2011;151
17068 Foixà;Mujeres;2010;154
17068 Foixà;Mujeres;2009;156
17068 Foixà;Mujeres;2008;154
17068 Foixà;Mujeres;2007;156
17068 Foixà;Mujeres;2006;157
17068 Foixà;Mujeres;2005;160
17068 Foixà;Mujeres;2004;163
17068 Foixà;Mujeres;2003;154
17068 Foixà;Mujeres;2002;167
17068 Foixà;Mujeres;2001;161
17068 Foixà;Mujeres;2000;167
17068 Foixà;Mujeres;1999;162
17068 Foixà;Mujeres;1998;160
17068 Foixà;Mujeres;1997;""
17068 Foixà;Mujeres;1996;160
17069 Fontanals de Cerdanya;Total;2025;516
17069 Fontanals de Cerdanya;Total;2024;531
17069 Fontanals de Cerdanya;Total;2023;533
17069 Fontanals de Cerdanya;Total;2022;533
17069 Fontanals de Cerdanya;Total;2021;506
17069 Fontanals de Cerdanya;Total;2020;437
17069 Fontanals de Cerdanya;Total;2019;444
17069 Fontanals de Cerdanya;Total;2018;455
17069 Fontanals de Cerdanya;Total;2017;448
17069 Fontanals de Cerdanya;Total;2016;446
17069 Fontanals de Cerdanya;Total;2015;450
17069 Fontanals de Cerdanya;Total;2014;443
17069 Fontanals de Cerdanya;Total;2013;458
17069 Fontanals de Cerdanya;Total;2012;472
17069 Fontanals de Cerdanya;Total;2011;465
17069 Fontanals de Cerdanya;Total;2010;457
17069 Fontanals de Cerdanya;Total;2009;451
17069 Fontanals de Cerdanya;Total;2008;443
17069 Fontanals de Cerdanya;Total;2007;446
17069 Fontanals de Cerdanya;Total;2006;425
17069 Fontanals de Cerdanya;Total;2005;436
17069 Fontanals de Cerdanya;Total;2004;428
17069 Fontanals de Cerdanya;Total;2003;419
17069 Fontanals de Cerdanya;Total;2002;428
17069 Fontanals de Cerdanya;Total;2001;406
17069 Fontanals de Cerdanya;Total;2000;399
17069 Fontanals de Cerdanya;Total;1999;400
17069 Fontanals de Cerdanya;Total;1998;374
17069 Fontanals de Cerdanya;Total;1997;""
17069 Fontanals de Cerdanya;Total;1996;376
17069 Fontanals de Cerdanya;Hombres;2025;269
17069 Fontanals de Cerdanya;Hombres;2024;277
17069 Fontanals de Cerdanya;Hombres;2023;278
17069 Fontanals de Cerdanya;Hombres;2022;275
17069 Fontanals de Cerdanya;Hombres;2021;258
17069 Fontanals de Cerdanya;Hombres;2020;212
17069 Fontanals de Cerdanya;Hombres;2019;220
17069 Fontanals de Cerdanya;Hombres;2018;231
17069 Fontanals de Cerdanya;Hombres;2017;235
17069 Fontanals de Cerdanya;Hombres;2016;232
17069 Fontanals de Cerdanya;Hombres;2015;237
17069 Fontanals de Cerdanya;Hombres;2014;229
17069 Fontanals de Cerdanya;Hombres;2013;231
17069 Fontanals de Cerdanya;Hombres;2012;236
17069 Fontanals de Cerdanya;Hombres;2011;228
17069 Fontanals de Cerdanya;Hombres;2010;218
17069 Fontanals de Cerdanya;Hombres;2009;221
17069 Fontanals de Cerdanya;Hombres;2008;227
17069 Fontanals de Cerdanya;Hombres;2007;226
17069 Fontanals de Cerdanya;Hombres;2006;212
17069 Fontanals de Cerdanya;Hombres;2005;219
17069 Fontanals de Cerdanya;Hombres;2004;208
17069 Fontanals de Cerdanya;Hombres;2003;198
17069 Fontanals de Cerdanya;Hombres;2002;204
17069 Fontanals de Cerdanya;Hombres;2001;197
17069 Fontanals de Cerdanya;Hombres;2000;197
17069 Fontanals de Cerdanya;Hombres;1999;204
17069 Fontanals de Cerdanya;Hombres;1998;189
17069 Fontanals de Cerdanya;Hombres;1997;""
17069 Fontanals de Cerdanya;Hombres;1996;186
17069 Fontanals de Cerdanya;Mujeres;2025;247
17069 Fontanals de Cerdanya;Mujeres;2024;254
17069 Fontanals de Cerdanya;Mujeres;2023;255
17069 Fontanals de Cerdanya;Mujeres;2022;258
17069 Fontanals de Cerdanya;Mujeres;2021;248
17069 Fontanals de Cerdanya;Mujeres;2020;225
17069 Fontanals de Cerdanya;Mujeres;2019;224
17069 Fontanals de Cerdanya;Mujeres;2018;224
17069 Fontanals de Cerdanya;Mujeres;2017;213
17069 Fontanals de Cerdanya;Mujeres;2016;214
17069 Fontanals de Cerdanya;Mujeres;2015;213
17069 Fontanals de Cerdanya;Mujeres;2014;214
17069 Fontanals de Cerdanya;Mujeres;2013;227
17069 Fontanals de Cerdanya;Mujeres;2012;236
17069 Fontanals de Cerdanya;Mujeres;2011;237
17069 Fontanals de Cerdanya;Mujeres;2010;239
17069 Fontanals de Cerdanya;Mujeres;2009;230
17069 Fontanals de Cerdanya;Mujeres;2008;216
17069 Fontanals de Cerdanya;Mujeres;2007;220
17069 Fontanals de Cerdanya;Mujeres;2006;213
17069 Fontanals de Cerdanya;Mujeres;2005;217
17069 Fontanals de Cerdanya;Mujeres;2004;220
17069 Fontanals de Cerdanya;Mujeres;2003;221
17069 Fontanals de Cerdanya;Mujeres;2002;224
17069 Fontanals de Cerdanya;Mujeres;2001;209
17069 Fontanals de Cerdanya;Mujeres;2000;202
17069 Fontanals de Cerdanya;Mujeres;1999;196
17069 Fontanals de Cerdanya;Mujeres;1998;185
17069 Fontanals de Cerdanya;Mujeres;1997;""
17069 Fontanals de Cerdanya;Mujeres;1996;190
17070 Fontanilles;Total;2025;171
17070 Fontanilles;Total;2024;168
17070 Fontanilles;Total;2023;170
17070 Fontanilles;Total;2022;163
17070 Fontanilles;Total;2021;157
17070 Fontanilles;Total;2020;146
17070 Fontanilles;Total;2019;139
17070 Fontanilles;Total;2018;138
17070 Fontanilles;Total;2017;138
17070 Fontanilles;Total;2016;140
17070 Fontanilles;Total;2015;144
17070 Fontanilles;Total;2014;160
17070 Fontanilles;Total;2013;154
17070 Fontanilles;Total;2012;156
17070 Fontanilles;Total;2011;167
17070 Fontanilles;Total;2010;160
17070 Fontanilles;Total;2009;173
17070 Fontanilles;Total;2008;167
17070 Fontanilles;Total;2007;163
17070 Fontanilles;Total;2006;175
17070 Fontanilles;Total;2005;164
17070 Fontanilles;Total;2004;159
17070 Fontanilles;Total;2003;165
17070 Fontanilles;Total;2002;147
17070 Fontanilles;Total;2001;141
17070 Fontanilles;Total;2000;153
17070 Fontanilles;Total;1999;124
17070 Fontanilles;Total;1998;126
17070 Fontanilles;Total;1997;""
17070 Fontanilles;Total;1996;119
17070 Fontanilles;Hombres;2025;95
17070 Fontanilles;Hombres;2024;91
17070 Fontanilles;Hombres;2023;95
17070 Fontanilles;Hombres;2022;93
17070 Fontanilles;Hombres;2021;88
17070 Fontanilles;Hombres;2020;81
17070 Fontanilles;Hombres;2019;80
17070 Fontanilles;Hombres;2018;76
17070 Fontanilles;Hombres;2017;78
17070 Fontanilles;Hombres;2016;77
17070 Fontanilles;Hombres;2015;86
17070 Fontanilles;Hombres;2014;92
17070 Fontanilles;Hombres;2013;87
17070 Fontanilles;Hombres;2012;89
17070 Fontanilles;Hombres;2011;97
17070 Fontanilles;Hombres;2010;94
17070 Fontanilles;Hombres;2009;104
17070 Fontanilles;Hombres;2008;101
17070 Fontanilles;Hombres;2007;96
17070 Fontanilles;Hombres;2006;101
17070 Fontanilles;Hombres;2005;93
17070 Fontanilles;Hombres;2004;91
17070 Fontanilles;Hombres;2003;95
17070 Fontanilles;Hombres;2002;87
17070 Fontanilles;Hombres;2001;79
17070 Fontanilles;Hombres;2000;83
17070 Fontanilles;Hombres;1999;68
17070 Fontanilles;Hombres;1998;69
17070 Fontanilles;Hombres;1997;""
17070 Fontanilles;Hombres;1996;64
17070 Fontanilles;Mujeres;2025;76
17070 Fontanilles;Mujeres;2024;77
17070 Fontanilles;Mujeres;2023;75
17070 Fontanilles;Mujeres;2022;70
17070 Fontanilles;Mujeres;2021;69
17070 Fontanilles;Mujeres;2020;65
17070 Fontanilles;Mujeres;2019;59
17070 Fontanilles;Mujeres;2018;62
17070 Fontanilles;Mujeres;2017;60
17070 Fontanilles;Mujeres;2016;63
17070 Fontanilles;Mujeres;2015;58
17070 Fontanilles;Mujeres;2014;68
17070 Fontanilles;Mujeres;2013;67
17070 Fontanilles;Mujeres;2012;67
17070 Fontanilles;Mujeres;2011;70
17070 Fontanilles;Mujeres;2010;66
17070 Fontanilles;Mujeres;2009;69
17070 Fontanilles;Mujeres;2008;66
17070 Fontanilles;Mujeres;2007;67
17070 Fontanilles;Mujeres;2006;74
17070 Fontanilles;Mujeres;2005;71
17070 Fontanilles;Mujeres;2004;68
17070 Fontanilles;Mujeres;2003;70
17070 Fontanilles;Mujeres;2002;60
17070 Fontanilles;Mujeres;2001;62
17070 Fontanilles;Mujeres;2000;70
17070 Fontanilles;Mujeres;1999;56
17070 Fontanilles;Mujeres;1998;57
17070 Fontanilles;Mujeres;1997;""
17070 Fontanilles;Mujeres;1996;55
17071 Fontcoberta;Total;2025;1.483
17071 Fontcoberta;Total;2024;1.503
17071 Fontcoberta;Total;2023;1.439
17071 Fontcoberta;Total;2022;1.466
17071 Fontcoberta;Total;2021;1.468
17071 Fontcoberta;Total;2020;1.469
17071 Fontcoberta;Total;2019;1.468
17071 Fontcoberta;Total;2018;1.474
17071 Fontcoberta;Total;2017;1.481
17071 Fontcoberta;Total;2016;1.471
17071 Fontcoberta;Total;2015;1.448
17071 Fontcoberta;Total;2014;1.442
17071 Fontcoberta;Total;2013;1.439
17071 Fontcoberta;Total;2012;1.375
17071 Fontcoberta;Total;2011;1.349
17071 Fontcoberta;Total;2010;1.280
17071 Fontcoberta;Total;2009;1.251
17071 Fontcoberta;Total;2008;1.200
17071 Fontcoberta;Total;2007;1.212
17071 Fontcoberta;Total;2006;1.181
17071 Fontcoberta;Total;2005;1.137
17071 Fontcoberta;Total;2004;1.145
17071 Fontcoberta;Total;2003;1.152
17071 Fontcoberta;Total;2002;1.176
17071 Fontcoberta;Total;2001;1.126
17071 Fontcoberta;Total;2000;1.110
17071 Fontcoberta;Total;1999;1.077
17071 Fontcoberta;Total;1998;1.076
17071 Fontcoberta;Total;1997;""
17071 Fontcoberta;Total;1996;1.015
17071 Fontcoberta;Hombres;2025;763
17071 Fontcoberta;Hombres;2024;771
17071 Fontcoberta;Hombres;2023;736
17071 Fontcoberta;Hombres;2022;732
17071 Fontcoberta;Hombres;2021;727
17071 Fontcoberta;Hombres;2020;732
17071 Fontcoberta;Hombres;2019;738
17071 Fontcoberta;Hombres;2018;733
17071 Fontcoberta;Hombres;2017;737
17071 Fontcoberta;Hombres;2016;729
17071 Fontcoberta;Hombres;2015;709
17071 Fontcoberta;Hombres;2014;704
17071 Fontcoberta;Hombres;2013;699
17071 Fontcoberta;Hombres;2012;660
17071 Fontcoberta;Hombres;2011;651
17071 Fontcoberta;Hombres;2010;612
17071 Fontcoberta;Hombres;2009;607
17071 Fontcoberta;Hombres;2008;585
17071 Fontcoberta;Hombres;2007;590
17071 Fontcoberta;Hombres;2006;574
17071 Fontcoberta;Hombres;2005;553
17071 Fontcoberta;Hombres;2004;556
17071 Fontcoberta;Hombres;2003;558
17071 Fontcoberta;Hombres;2002;573
17071 Fontcoberta;Hombres;2001;550
17071 Fontcoberta;Hombres;2000;553
17071 Fontcoberta;Hombres;1999;542
17071 Fontcoberta;Hombres;1998;547
17071 Fontcoberta;Hombres;1997;""
17071 Fontcoberta;Hombres;1996;520
17071 Fontcoberta;Mujeres;2025;720
17071 Fontcoberta;Mujeres;2024;732
17071 Fontcoberta;Mujeres;2023;703
17071 Fontcoberta;Mujeres;2022;734
17071 Fontcoberta;Mujeres;2021;741
17071 Fontcoberta;Mujeres;2020;737
17071 Fontcoberta;Mujeres;2019;730
17071 Fontcoberta;Mujeres;2018;741
17071 Fontcoberta;Mujeres;2017;744
17071 Fontcoberta;Mujeres;2016;742
17071 Fontcoberta;Mujeres;2015;739
17071 Fontcoberta;Mujeres;2014;738
17071 Fontcoberta;Mujeres;2013;740
17071 Fontcoberta;Mujeres;2012;715
17071 Fontcoberta;Mujeres;2011;698
17071 Fontcoberta;Mujeres;2010;668
17071 Fontcoberta;Mujeres;2009;644
17071 Fontcoberta;Mujeres;2008;615
17071 Fontcoberta;Mujeres;2007;622
17071 Fontcoberta;Mujeres;2006;607
17071 Fontcoberta;Mujeres;2005;584
17071 Fontcoberta;Mujeres;2004;589
17071 Fontcoberta;Mujeres;2003;594
17071 Fontcoberta;Mujeres;2002;603
17071 Fontcoberta;Mujeres;2001;576
17071 Fontcoberta;Mujeres;2000;557
17071 Fontcoberta;Mujeres;1999;535
17071 Fontcoberta;Mujeres;1998;529
17071 Fontcoberta;Mujeres;1997;""
17071 Fontcoberta;Mujeres;1996;495
17902 Forallac;Total;2025;1.790
17902 Forallac;Total;2024;1.766
17902 Forallac;Total;2023;1.752
17902 Forallac;Total;2022;1.765
17902 Forallac;Total;2021;1.708
17902 Forallac;Total;2020;1.695
17902 Forallac;Total;2019;1.687
17902 Forallac;Total;2018;1.713
17902 Forallac;Total;2017;1.708
17902 Forallac;Total;2016;1.723
17902 Forallac;Total;2015;1.705
17902 Forallac;Total;2014;1.729
17902 Forallac;Total;2013;1.700
17902 Forallac;Total;2012;1.721
17902 Forallac;Total;2011;1.785
17902 Forallac;Total;2010;1.749
17902 Forallac;Total;2009;1.737
17902 Forallac;Total;2008;1.740
17902 Forallac;Total;2007;1.736
17902 Forallac;Total;2006;1.746
17902 Forallac;Total;2005;1.745
17902 Forallac;Total;2004;1.746
17902 Forallac;Total;2003;1.684
17902 Forallac;Total;2002;1.683
17902 Forallac;Total;2001;1.666
17902 Forallac;Total;2000;1.650
17902 Forallac;Total;1999;1.650
17902 Forallac;Total;1998;1.642
17902 Forallac;Total;1997;""
17902 Forallac;Total;1996;1.633
17902 Forallac;Hombres;2025;870
17902 Forallac;Hombres;2024;857
17902 Forallac;Hombres;2023;852
17902 Forallac;Hombres;2022;853
17902 Forallac;Hombres;2021;842
17902 Forallac;Hombres;2020;827
17902 Forallac;Hombres;2019;828
17902 Forallac;Hombres;2018;843
17902 Forallac;Hombres;2017;848
17902 Forallac;Hombres;2016;859
17902 Forallac;Hombres;2015;832
17902 Forallac;Hombres;2014;846
17902 Forallac;Hombres;2013;832
17902 Forallac;Hombres;2012;834
17902 Forallac;Hombres;2011;875
17902 Forallac;Hombres;2010;863
17902 Forallac;Hombres;2009;871
17902 Forallac;Hombres;2008;863
17902 Forallac;Hombres;2007;857
17902 Forallac;Hombres;2006;864
17902 Forallac;Hombres;2005;863
17902 Forallac;Hombres;2004;857
17902 Forallac;Hombres;2003;818
17902 Forallac;Hombres;2002;833
17902 Forallac;Hombres;2001;822
17902 Forallac;Hombres;2000;809
17902 Forallac;Hombres;1999;805
17902 Forallac;Hombres;1998;794
17902 Forallac;Hombres;1997;""
17902 Forallac;Hombres;1996;793
17902 Forallac;Mujeres;2025;920
17902 Forallac;Mujeres;2024;909
17902 Forallac;Mujeres;2023;900
17902 Forallac;Mujeres;2022;912
17902 Forallac;Mujeres;2021;866
17902 Forallac;Mujeres;2020;868
17902 Forallac;Mujeres;2019;859
17902 Forallac;Mujeres;2018;870
17902 Forallac;Mujeres;2017;860
17902 Forallac;Mujeres;2016;864
17902 Forallac;Mujeres;2015;873
17902 Forallac;Mujeres;2014;883
17902 Forallac;Mujeres;2013;868
17902 Forallac;Mujeres;2012;887
17902 Forallac;Mujeres;2011;910
17902 Forallac;Mujeres;2010;886
17902 Forallac;Mujeres;2009;866
17902 Forallac;Mujeres;2008;877
17902 Forallac;Mujeres;2007;879
17902 Forallac;Mujeres;2006;882
17902 Forallac;Mujeres;2005;882
17902 Forallac;Mujeres;2004;889
17902 Forallac;Mujeres;2003;866
17902 Forallac;Mujeres;2002;850
17902 Forallac;Mujeres;2001;844
17902 Forallac;Mujeres;2000;841
17902 Forallac;Mujeres;1999;845
17902 Forallac;Mujeres;1998;848
17902 Forallac;Mujeres;1997;""
17902 Forallac;Mujeres;1996;840
17073 Fornells de la Selva;Total;2025;2.818
17073 Fornells de la Selva;Total;2024;2.781
17073 Fornells de la Selva;Total;2023;2.732
17073 Fornells de la Selva;Total;2022;2.693
17073 Fornells de la Selva;Total;2021;2.700
17073 Fornells de la Selva;Total;2020;2.670
17073 Fornells de la Selva;Total;2019;2.650
17073 Fornells de la Selva;Total;2018;2.649
17073 Fornells de la Selva;Total;2017;2.613
17073 Fornells de la Selva;Total;2016;2.547
17073 Fornells de la Selva;Total;2015;2.528
17073 Fornells de la Selva;Total;2014;2.479
17073 Fornells de la Selva;Total;2013;2.462
17073 Fornells de la Selva;Total;2012;2.449
17073 Fornells de la Selva;Total;2011;2.380
17073 Fornells de la Selva;Total;2010;2.343
17073 Fornells de la Selva;Total;2009;2.295
17073 Fornells de la Selva;Total;2008;2.110
17073 Fornells de la Selva;Total;2007;1.971
17073 Fornells de la Selva;Total;2006;1.890
17073 Fornells de la Selva;Total;2005;1.884
17073 Fornells de la Selva;Total;2004;1.760
17073 Fornells de la Selva;Total;2003;1.691
17073 Fornells de la Selva;Total;2002;1.616
17073 Fornells de la Selva;Total;2001;1.555
17073 Fornells de la Selva;Total;2000;1.489
17073 Fornells de la Selva;Total;1999;1.410
17073 Fornells de la Selva;Total;1998;1.392
17073 Fornells de la Selva;Total;1997;""
17073 Fornells de la Selva;Total;1996;1.308
17073 Fornells de la Selva;Hombres;2025;1.404
17073 Fornells de la Selva;Hombres;2024;1.387
17073 Fornells de la Selva;Hombres;2023;1.350
17073 Fornells de la Selva;Hombres;2022;1.339
17073 Fornells de la Selva;Hombres;2021;1.339
17073 Fornells de la Selva;Hombres;2020;1.333
17073 Fornells de la Selva;Hombres;2019;1.322
17073 Fornells de la Selva;Hombres;2018;1.316
17073 Fornells de la Selva;Hombres;2017;1.294
17073 Fornells de la Selva;Hombres;2016;1.267
17073 Fornells de la Selva;Hombres;2015;1.244
17073 Fornells de la Selva;Hombres;2014;1.209
17073 Fornells de la Selva;Hombres;2013;1.206
17073 Fornells de la Selva;Hombres;2012;1.197
17073 Fornells de la Selva;Hombres;2011;1.163
17073 Fornells de la Selva;Hombres;2010;1.143
17073 Fornells de la Selva;Hombres;2009;1.109
17073 Fornells de la Selva;Hombres;2008;1.010
17073 Fornells de la Selva;Hombres;2007;952
17073 Fornells de la Selva;Hombres;2006;912
17073 Fornells de la Selva;Hombres;2005;912
17073 Fornells de la Selva;Hombres;2004;854
17073 Fornells de la Selva;Hombres;2003;819
17073 Fornells de la Selva;Hombres;2002;776
17073 Fornells de la Selva;Hombres;2001;751
17073 Fornells de la Selva;Hombres;2000;723
17073 Fornells de la Selva;Hombres;1999;686
17073 Fornells de la Selva;Hombres;1998;682
17073 Fornells de la Selva;Hombres;1997;""
17073 Fornells de la Selva;Hombres;1996;635
17073 Fornells de la Selva;Mujeres;2025;1.414
17073 Fornells de la Selva;Mujeres;2024;1.394
17073 Fornells de la Selva;Mujeres;2023;1.382
17073 Fornells de la Selva;Mujeres;2022;1.354
17073 Fornells de la Selva;Mujeres;2021;1.361
17073 Fornells de la Selva;Mujeres;2020;1.337
17073 Fornells de la Selva;Mujeres;2019;1.328
17073 Fornells de la Selva;Mujeres;2018;1.333
17073 Fornells de la Selva;Mujeres;2017;1.319
17073 Fornells de la Selva;Mujeres;2016;1.280
17073 Fornells de la Selva;Mujeres;2015;1.284
17073 Fornells de la Selva;Mujeres;2014;1.270
17073 Fornells de la Selva;Mujeres;2013;1.256
17073 Fornells de la Selva;Mujeres;2012;1.252
17073 Fornells de la Selva;Mujeres;2011;1.217
17073 Fornells de la Selva;Mujeres;2010;1.200
17073 Fornells de la Selva;Mujeres;2009;1.186
17073 Fornells de la Selva;Mujeres;2008;1.100
17073 Fornells de la Selva;Mujeres;2007;1.019
17073 Fornells de la Selva;Mujeres;2006;978
17073 Fornells de la Selva;Mujeres;2005;972
17073 Fornells de la Selva;Mujeres;2004;906
17073 Fornells de la Selva;Mujeres;2003;872
17073 Fornells de la Selva;Mujeres;2002;840
17073 Fornells de la Selva;Mujeres;2001;804
17073 Fornells de la Selva;Mujeres;2000;766
17073 Fornells de la Selva;Mujeres;1999;724
17073 Fornells de la Selva;Mujeres;1998;710
17073 Fornells de la Selva;Mujeres;1997;""
17073 Fornells de la Selva;Mujeres;1996;673
17074 Fortià;Total;2025;793
17074 Fortià;Total;2024;801
17074 Fortià;Total;2023;786
17074 Fortià;Total;2022;778
17074 Fortià;Total;2021;793
17074 Fortià;Total;2020;787
17074 Fortià;Total;2019;763
17074 Fortià;Total;2018;732
17074 Fortià;Total;2017;726
17074 Fortià;Total;2016;721
17074 Fortià;Total;2015;723
17074 Fortià;Total;2014;710
17074 Fortià;Total;2013;682
17074 Fortià;Total;2012;679
17074 Fortià;Total;2011;658
17074 Fortià;Total;2010;642
17074 Fortià;Total;2009;639
17074 Fortià;Total;2008;628
17074 Fortià;Total;2007;605
17074 Fortià;Total;2006;582
17074 Fortià;Total;2005;572
17074 Fortià;Total;2004;547
17074 Fortià;Total;2003;534
17074 Fortià;Total;2002;531
17074 Fortià;Total;2001;529
17074 Fortià;Total;2000;525
17074 Fortià;Total;1999;507
17074 Fortià;Total;1998;494
17074 Fortià;Total;1997;""
17074 Fortià;Total;1996;485
17074 Fortià;Hombres;2025;384
17074 Fortià;Hombres;2024;387
17074 Fortià;Hombres;2023;380
17074 Fortià;Hombres;2022;389
17074 Fortià;Hombres;2021;396
17074 Fortià;Hombres;2020;395
17074 Fortià;Hombres;2019;389
17074 Fortià;Hombres;2018;362
17074 Fortià;Hombres;2017;352
17074 Fortià;Hombres;2016;346
17074 Fortià;Hombres;2015;347
17074 Fortià;Hombres;2014;346
17074 Fortià;Hombres;2013;334
17074 Fortià;Hombres;2012;337
17074 Fortià;Hombres;2011;333
17074 Fortià;Hombres;2010;328
17074 Fortià;Hombres;2009;328
17074 Fortià;Hombres;2008;320
17074 Fortià;Hombres;2007;313
17074 Fortià;Hombres;2006;295
17074 Fortià;Hombres;2005;291
17074 Fortià;Hombres;2004;267
17074 Fortià;Hombres;2003;262
17074 Fortià;Hombres;2002;259
17074 Fortià;Hombres;2001;255
17074 Fortià;Hombres;2000;259
17074 Fortià;Hombres;1999;249
17074 Fortià;Hombres;1998;239
17074 Fortià;Hombres;1997;""
17074 Fortià;Hombres;1996;232
17074 Fortià;Mujeres;2025;409
17074 Fortià;Mujeres;2024;414
17074 Fortià;Mujeres;2023;406
17074 Fortià;Mujeres;2022;389
17074 Fortià;Mujeres;2021;397
17074 Fortià;Mujeres;2020;392
17074 Fortià;Mujeres;2019;374
17074 Fortià;Mujeres;2018;370
17074 Fortià;Mujeres;2017;374
17074 Fortià;Mujeres;2016;375
17074 Fortià;Mujeres;2015;376
17074 Fortià;Mujeres;2014;364
17074 Fortià;Mujeres;2013;348
17074 Fortià;Mujeres;2012;342
17074 Fortià;Mujeres;2011;325
17074 Fortià;Mujeres;2010;314
17074 Fortià;Mujeres;2009;311
17074 Fortià;Mujeres;2008;308
17074 Fortià;Mujeres;2007;292
17074 Fortià;Mujeres;2006;287
17074 Fortià;Mujeres;2005;281
17074 Fortià;Mujeres;2004;280
17074 Fortià;Mujeres;2003;272
17074 Fortià;Mujeres;2002;272
17074 Fortià;Mujeres;2001;274
17074 Fortià;Mujeres;2000;266
17074 Fortià;Mujeres;1999;258
17074 Fortià;Mujeres;1998;255
17074 Fortià;Mujeres;1997;""
17074 Fortià;Mujeres;1996;253
17076 Garrigoles;Total;2025;182
17076 Garrigoles;Total;2024;185
17076 Garrigoles;Total;2023;190
17076 Garrigoles;Total;2022;177
17076 Garrigoles;Total;2021;170
17076 Garrigoles;Total;2020;167
17076 Garrigoles;Total;2019;162
17076 Garrigoles;Total;2018;175
17076 Garrigoles;Total;2017;172
17076 Garrigoles;Total;2016;163
17076 Garrigoles;Total;2015;160
17076 Garrigoles;Total;2014;159
17076 Garrigoles;Total;2013;157
17076 Garrigoles;Total;2012;167
17076 Garrigoles;Total;2011;164
17076 Garrigoles;Total;2010;157
17076 Garrigoles;Total;2009;160
17076 Garrigoles;Total;2008;167
17076 Garrigoles;Total;2007;166
17076 Garrigoles;Total;2006;155
17076 Garrigoles;Total;2005;156
17076 Garrigoles;Total;2004;141
17076 Garrigoles;Total;2003;144
17076 Garrigoles;Total;2002;150
17076 Garrigoles;Total;2001;147
17076 Garrigoles;Total;2000;150
17076 Garrigoles;Total;1999;151
17076 Garrigoles;Total;1998;147
17076 Garrigoles;Total;1997;""
17076 Garrigoles;Total;1996;149
17076 Garrigoles;Hombres;2025;104
17076 Garrigoles;Hombres;2024;101
17076 Garrigoles;Hombres;2023;100
17076 Garrigoles;Hombres;2022;96
17076 Garrigoles;Hombres;2021;92
17076 Garrigoles;Hombres;2020;88
17076 Garrigoles;Hombres;2019;84
17076 Garrigoles;Hombres;2018;94
17076 Garrigoles;Hombres;2017;96
17076 Garrigoles;Hombres;2016;89
17076 Garrigoles;Hombres;2015;88
17076 Garrigoles;Hombres;2014;87
17076 Garrigoles;Hombres;2013;87
17076 Garrigoles;Hombres;2012;93
17076 Garrigoles;Hombres;2011;89
17076 Garrigoles;Hombres;2010;87
17076 Garrigoles;Hombres;2009;91
17076 Garrigoles;Hombres;2008;89
17076 Garrigoles;Hombres;2007;90
17076 Garrigoles;Hombres;2006;85
17076 Garrigoles;Hombres;2005;84
17076 Garrigoles;Hombres;2004;77
17076 Garrigoles;Hombres;2003;75
17076 Garrigoles;Hombres;2002;82
17076 Garrigoles;Hombres;2001;80
17076 Garrigoles;Hombres;2000;81
17076 Garrigoles;Hombres;1999;83
17076 Garrigoles;Hombres;1998;80
17076 Garrigoles;Hombres;1997;""
17076 Garrigoles;Hombres;1996;84
17076 Garrigoles;Mujeres;2025;78
17076 Garrigoles;Mujeres;2024;84
17076 Garrigoles;Mujeres;2023;90
17076 Garrigoles;Mujeres;2022;81
17076 Garrigoles;Mujeres;2021;78
17076 Garrigoles;Mujeres;2020;79
17076 Garrigoles;Mujeres;2019;78
17076 Garrigoles;Mujeres;2018;81
17076 Garrigoles;Mujeres;2017;76
17076 Garrigoles;Mujeres;2016;74
17076 Garrigoles;Mujeres;2015;72
17076 Garrigoles;Mujeres;2014;72
17076 Garrigoles;Mujeres;2013;70
17076 Garrigoles;Mujeres;2012;74
17076 Garrigoles;Mujeres;2011;75
17076 Garrigoles;Mujeres;2010;70
17076 Garrigoles;Mujeres;2009;69
17076 Garrigoles;Mujeres;2008;78
17076 Garrigoles;Mujeres;2007;76
17076 Garrigoles;Mujeres;2006;70
17076 Garrigoles;Mujeres;2005;72
17076 Garrigoles;Mujeres;2004;64
17076 Garrigoles;Mujeres;2003;69
17076 Garrigoles;Mujeres;2002;68
17076 Garrigoles;Mujeres;2001;67
17076 Garrigoles;Mujeres;2000;69
17076 Garrigoles;Mujeres;1999;68
17076 Garrigoles;Mujeres;1998;67
17076 Garrigoles;Mujeres;1997;""
17076 Garrigoles;Mujeres;1996;65
17077 Garriguella;Total;2025;989
17077 Garriguella;Total;2024;967
17077 Garriguella;Total;2023;972
17077 Garriguella;Total;2022;922
17077 Garriguella;Total;2021;909
17077 Garriguella;Total;2020;853
17077 Garriguella;Total;2019;855
17077 Garriguella;Total;2018;840
17077 Garriguella;Total;2017;851
17077 Garriguella;Total;2016;854
17077 Garriguella;Total;2015;842
17077 Garriguella;Total;2014;857
17077 Garriguella;Total;2013;864
17077 Garriguella;Total;2012;874
17077 Garriguella;Total;2011;863
17077 Garriguella;Total;2010;858
17077 Garriguella;Total;2009;825
17077 Garriguella;Total;2008;821
17077 Garriguella;Total;2007;795
17077 Garriguella;Total;2006;731
17077 Garriguella;Total;2005;735
17077 Garriguella;Total;2004;717
17077 Garriguella;Total;2003;702
17077 Garriguella;Total;2002;725
17077 Garriguella;Total;2001;718
17077 Garriguella;Total;2000;726
17077 Garriguella;Total;1999;687
17077 Garriguella;Total;1998;658
17077 Garriguella;Total;1997;""
17077 Garriguella;Total;1996;666
17077 Garriguella;Hombres;2025;499
17077 Garriguella;Hombres;2024;490
17077 Garriguella;Hombres;2023;495
17077 Garriguella;Hombres;2022;465
17077 Garriguella;Hombres;2021;458
17077 Garriguella;Hombres;2020;425
17077 Garriguella;Hombres;2019;421
17077 Garriguella;Hombres;2018;416
17077 Garriguella;Hombres;2017;418
17077 Garriguella;Hombres;2016;428
17077 Garriguella;Hombres;2015;419
17077 Garriguella;Hombres;2014;432
17077 Garriguella;Hombres;2013;433
17077 Garriguella;Hombres;2012;432
17077 Garriguella;Hombres;2011;431
17077 Garriguella;Hombres;2010;428
17077 Garriguella;Hombres;2009;415
17077 Garriguella;Hombres;2008;417
17077 Garriguella;Hombres;2007;410
17077 Garriguella;Hombres;2006;377
17077 Garriguella;Hombres;2005;390
17077 Garriguella;Hombres;2004;376
17077 Garriguella;Hombres;2003;364
17077 Garriguella;Hombres;2002;375
17077 Garriguella;Hombres;2001;368
17077 Garriguella;Hombres;2000;369
17077 Garriguella;Hombres;1999;349
17077 Garriguella;Hombres;1998;333
17077 Garriguella;Hombres;1997;""
17077 Garriguella;Hombres;1996;333
17077 Garriguella;Mujeres;2025;490
17077 Garriguella;Mujeres;2024;477
17077 Garriguella;Mujeres;2023;477
17077 Garriguella;Mujeres;2022;457
17077 Garriguella;Mujeres;2021;451
17077 Garriguella;Mujeres;2020;428
17077 Garriguella;Mujeres;2019;434
17077 Garriguella;Mujeres;2018;424
17077 Garriguella;Mujeres;2017;433
17077 Garriguella;Mujeres;2016;426
17077 Garriguella;Mujeres;2015;423
17077 Garriguella;Mujeres;2014;425
17077 Garriguella;Mujeres;2013;431
17077 Garriguella;Mujeres;2012;442
17077 Garriguella;Mujeres;2011;432
17077 Garriguella;Mujeres;2010;430
17077 Garriguella;Mujeres;2009;410
17077 Garriguella;Mujeres;2008;404
17077 Garriguella;Mujeres;2007;385
17077 Garriguella;Mujeres;2006;354
17077 Garriguella;Mujeres;2005;345
17077 Garriguella;Mujeres;2004;341
17077 Garriguella;Mujeres;2003;338
17077 Garriguella;Mujeres;2002;350
17077 Garriguella;Mujeres;2001;350
17077 Garriguella;Mujeres;2000;357
17077 Garriguella;Mujeres;1999;338
17077 Garriguella;Mujeres;1998;325
17077 Garriguella;Mujeres;1997;""
17077 Garriguella;Mujeres;1996;333
17075 Garrigàs;Total;2025;480
17075 Garrigàs;Total;2024;472
17075 Garrigàs;Total;2023;463
17075 Garrigàs;Total;2022;458
17075 Garrigàs;Total;2021;464
17075 Garrigàs;Total;2020;451
17075 Garrigàs;Total;2019;437
17075 Garrigàs;Total;2018;439
17075 Garrigàs;Total;2017;436
17075 Garrigàs;Total;2016;435
17075 Garrigàs;Total;2015;423
17075 Garrigàs;Total;2014;398
17075 Garrigàs;Total;2013;409
17075 Garrigàs;Total;2012;382
17075 Garrigàs;Total;2011;386
17075 Garrigàs;Total;2010;382
17075 Garrigàs;Total;2009;395
17075 Garrigàs;Total;2008;395
17075 Garrigàs;Total;2007;355
17075 Garrigàs;Total;2006;346
17075 Garrigàs;Total;2005;332
17075 Garrigàs;Total;2004;321
17075 Garrigàs;Total;2003;313
17075 Garrigàs;Total;2002;311
17075 Garrigàs;Total;2001;332
17075 Garrigàs;Total;2000;339
17075 Garrigàs;Total;1999;316
17075 Garrigàs;Total;1998;310
17075 Garrigàs;Total;1997;""
17075 Garrigàs;Total;1996;319
17075 Garrigàs;Hombres;2025;248
17075 Garrigàs;Hombres;2024;248
17075 Garrigàs;Hombres;2023;242
17075 Garrigàs;Hombres;2022;238
17075 Garrigàs;Hombres;2021;243
17075 Garrigàs;Hombres;2020;234
17075 Garrigàs;Hombres;2019;231
17075 Garrigàs;Hombres;2018;226
17075 Garrigàs;Hombres;2017;230
17075 Garrigàs;Hombres;2016;228
17075 Garrigàs;Hombres;2015;220
17075 Garrigàs;Hombres;2014;211
17075 Garrigàs;Hombres;2013;214
17075 Garrigàs;Hombres;2012;202
17075 Garrigàs;Hombres;2011;201
17075 Garrigàs;Hombres;2010;205
17075 Garrigàs;Hombres;2009;206
17075 Garrigàs;Hombres;2008;216
17075 Garrigàs;Hombres;2007;202
17075 Garrigàs;Hombres;2006;192
17075 Garrigàs;Hombres;2005;181
17075 Garrigàs;Hombres;2004;174
17075 Garrigàs;Hombres;2003;173
17075 Garrigàs;Hombres;2002;174
17075 Garrigàs;Hombres;2001;181
17075 Garrigàs;Hombres;2000;182
17075 Garrigàs;Hombres;1999;169
17075 Garrigàs;Hombres;1998;165
17075 Garrigàs;Hombres;1997;""
17075 Garrigàs;Hombres;1996;169
17075 Garrigàs;Mujeres;2025;232
17075 Garrigàs;Mujeres;2024;224
17075 Garrigàs;Mujeres;2023;221
17075 Garrigàs;Mujeres;2022;220
17075 Garrigàs;Mujeres;2021;221
17075 Garrigàs;Mujeres;2020;217
17075 Garrigàs;Mujeres;2019;206
17075 Garrigàs;Mujeres;2018;213
17075 Garrigàs;Mujeres;2017;206
17075 Garrigàs;Mujeres;2016;207
17075 Garrigàs;Mujeres;2015;203
17075 Garrigàs;Mujeres;2014;187
17075 Garrigàs;Mujeres;2013;195
17075 Garrigàs;Mujeres;2012;180
17075 Garrigàs;Mujeres;2011;185
17075 Garrigàs;Mujeres;2010;177
17075 Garrigàs;Mujeres;2009;189
17075 Garrigàs;Mujeres;2008;179
17075 Garrigàs;Mujeres;2007;153
17075 Garrigàs;Mujeres;2006;154
17075 Garrigàs;Mujeres;2005;151
17075 Garrigàs;Mujeres;2004;147
17075 Garrigàs;Mujeres;2003;140
17075 Garrigàs;Mujeres;2002;137
17075 Garrigàs;Mujeres;2001;151
17075 Garrigàs;Mujeres;2000;157
17075 Garrigàs;Mujeres;1999;147
17075 Garrigàs;Mujeres;1998;145
17075 Garrigàs;Mujeres;1997;""
17075 Garrigàs;Mujeres;1996;150
17078 Ger;Total;2025;501
17078 Ger;Total;2024;494
17078 Ger;Total;2023;507
17078 Ger;Total;2022;512
17078 Ger;Total;2021;502
17078 Ger;Total;2020;449
17078 Ger;Total;2019;448
17078 Ger;Total;2018;429
17078 Ger;Total;2017;423
17078 Ger;Total;2016;436
17078 Ger;Total;2015;430
17078 Ger;Total;2014;432
17078 Ger;Total;2013;456
17078 Ger;Total;2012;481
17078 Ger;Total;2011;467
17078 Ger;Total;2010;461
17078 Ger;Total;2009;450
17078 Ger;Total;2008;449
17078 Ger;Total;2007;444
17078 Ger;Total;2006;450
17078 Ger;Total;2005;433
17078 Ger;Total;2004;409
17078 Ger;Total;2003;376
17078 Ger;Total;2002;401
17078 Ger;Total;2001;395
17078 Ger;Total;2000;375
17078 Ger;Total;1999;356
17078 Ger;Total;1998;330
17078 Ger;Total;1997;""
17078 Ger;Total;1996;288
17078 Ger;Hombres;2025;272
17078 Ger;Hombres;2024;270
17078 Ger;Hombres;2023;277
17078 Ger;Hombres;2022;273
17078 Ger;Hombres;2021;263
17078 Ger;Hombres;2020;222
17078 Ger;Hombres;2019;222
17078 Ger;Hombres;2018;213
17078 Ger;Hombres;2017;219
17078 Ger;Hombres;2016;230
17078 Ger;Hombres;2015;230
17078 Ger;Hombres;2014;233
17078 Ger;Hombres;2013;244
17078 Ger;Hombres;2012;258
17078 Ger;Hombres;2011;253
17078 Ger;Hombres;2010;254
17078 Ger;Hombres;2009;247
17078 Ger;Hombres;2008;239
17078 Ger;Hombres;2007;239
17078 Ger;Hombres;2006;241
17078 Ger;Hombres;2005;225
17078 Ger;Hombres;2004;207
17078 Ger;Hombres;2003;200
17078 Ger;Hombres;2002;209
17078 Ger;Hombres;2001;208
17078 Ger;Hombres;2000;200
17078 Ger;Hombres;1999;183
17078 Ger;Hombres;1998;174
17078 Ger;Hombres;1997;""
17078 Ger;Hombres;1996;153
17078 Ger;Mujeres;2025;229
17078 Ger;Mujeres;2024;224
17078 Ger;Mujeres;2023;230
17078 Ger;Mujeres;2022;239
17078 Ger;Mujeres;2021;239
17078 Ger;Mujeres;2020;227
17078 Ger;Mujeres;2019;226
17078 Ger;Mujeres;2018;216
17078 Ger;Mujeres;2017;204
17078 Ger;Mujeres;2016;206
17078 Ger;Mujeres;2015;200
17078 Ger;Mujeres;2014;199
17078 Ger;Mujeres;2013;212
17078 Ger;Mujeres;2012;223
17078 Ger;Mujeres;2011;214
17078 Ger;Mujeres;2010;207
17078 Ger;Mujeres;2009;203
17078 Ger;Mujeres;2008;210
17078 Ger;Mujeres;2007;205
17078 Ger;Mujeres;2006;209
17078 Ger;Mujeres;2005;208
17078 Ger;Mujeres;2004;202
17078 Ger;Mujeres;2003;176
17078 Ger;Mujeres;2002;192
17078 Ger;Mujeres;2001;187
17078 Ger;Mujeres;2000;175
17078 Ger;Mujeres;1999;173
17078 Ger;Mujeres;1998;156
17078 Ger;Mujeres;1997;""
17078 Ger;Mujeres;1996;135
17079 Girona;Total;2025;108.666
17079 Girona;Total;2024;107.032
17079 Girona;Total;2023;104.320
17079 Girona;Total;2022;102.666
17079 Girona;Total;2021;101.932
17079 Girona;Total;2020;103.369
17079 Girona;Total;2019;101.852
17079 Girona;Total;2018;100.266
17079 Girona;Total;2017;99.013
17079 Girona;Total;2016;98.255
17079 Girona;Total;2015;97.586
17079 Girona;Total;2014;97.227
17079 Girona;Total;2013;97.292
17079 Girona;Total;2012;97.198
17079 Girona;Total;2011;96.722
17079 Girona;Total;2010;96.236
17079 Girona;Total;2009;96.188
17079 Girona;Total;2008;94.484
17079 Girona;Total;2007;92.186
17079 Girona;Total;2006;89.890
17079 Girona;Total;2005;86.672
17079 Girona;Total;2004;83.531
17079 Girona;Total;2003;81.220
17079 Girona;Total;2002;77.475
17079 Girona;Total;2001;75.256
17079 Girona;Total;2000;73.637
17079 Girona;Total;1999;72.682
17079 Girona;Total;1998;71.858
17079 Girona;Total;1997;""
17079 Girona;Total;1996;70.576
17079 Girona;Hombres;2025;52.704
17079 Girona;Hombres;2024;51.654
17079 Girona;Hombres;2023;50.165
17079 Girona;Hombres;2022;49.352
17079 Girona;Hombres;2021;49.050
17079 Girona;Hombres;2020;49.809
17079 Girona;Hombres;2019;48.931
17079 Girona;Hombres;2018;48.030
17079 Girona;Hombres;2017;47.379
17079 Girona;Hombres;2016;47.149
17079 Girona;Hombres;2015;46.761
17079 Girona;Hombres;2014;46.734
17079 Girona;Hombres;2013;46.750
17079 Girona;Hombres;2012;46.865
17079 Girona;Hombres;2011;46.675
17079 Girona;Hombres;2010;46.883
17079 Girona;Hombres;2009;47.161
17079 Girona;Hombres;2008;46.380
17079 Girona;Hombres;2007;45.029
17079 Girona;Hombres;2006;43.863
17079 Girona;Hombres;2005;41.998
17079 Girona;Hombres;2004;40.340
17079 Girona;Hombres;2003;39.266
17079 Girona;Hombres;2002;37.364
17079 Girona;Hombres;2001;36.230
17079 Girona;Hombres;2000;35.415
17079 Girona;Hombres;1999;34.944
17079 Girona;Hombres;1998;34.515
17079 Girona;Hombres;1997;""
17079 Girona;Hombres;1996;33.883
17079 Girona;Mujeres;2025;55.962
17079 Girona;Mujeres;2024;55.378
17079 Girona;Mujeres;2023;54.155
17079 Girona;Mujeres;2022;53.314
17079 Girona;Mujeres;2021;52.882
17079 Girona;Mujeres;2020;53.560
17079 Girona;Mujeres;2019;52.921
17079 Girona;Mujeres;2018;52.236
17079 Girona;Mujeres;2017;51.634
17079 Girona;Mujeres;2016;51.106
17079 Girona;Mujeres;2015;50.825
17079 Girona;Mujeres;2014;50.493
17079 Girona;Mujeres;2013;50.542
17079 Girona;Mujeres;2012;50.333
17079 Girona;Mujeres;2011;50.047
17079 Girona;Mujeres;2010;49.353
17079 Girona;Mujeres;2009;49.027
17079 Girona;Mujeres;2008;48.104
17079 Girona;Mujeres;2007;47.157
17079 Girona;Mujeres;2006;46.027
17079 Girona;Mujeres;2005;44.674
17079 Girona;Mujeres;2004;43.191
17079 Girona;Mujeres;2003;41.954
17079 Girona;Mujeres;2002;40.111
17079 Girona;Mujeres;2001;39.026
17079 Girona;Mujeres;2000;38.222
17079 Girona;Mujeres;1999;37.738
17079 Girona;Mujeres;1998;37.343
17079 Girona;Mujeres;1997;""
17079 Girona;Mujeres;1996;36.693
17 Girona;Total;2025;832.026
17 Girona;Total;2024;822.952
17 Girona;Total;2023;809.266
17 Girona;Total;2022;793.478
17 Girona;Total;2021;786.596
17 Girona;Total;2020;781.788
17 Girona;Total;2019;771.044
17 Girona;Total;2018;761.947
17 Girona;Total;2017;755.716
17 Girona;Total;2016;753.576
17 Girona;Total;2015;753.054
17 Girona;Total;2014;756.156
17 Girona;Total;2013;761.632
17 Girona;Total;2012;761.627
17 Girona;Total;2011;756.810
17 Girona;Total;2010;753.046
17 Girona;Total;2009;747.782
17 Girona;Total;2008;731.864
17 Girona;Total;2007;706.185
17 Girona;Total;2006;687.331
17 Girona;Total;2005;664.506
17 Girona;Total;2004;636.198
17 Girona;Total;2003;619.692
17 Girona;Total;2002;598.112
17 Girona;Total;2001;579.650
17 Girona;Total;2000;565.599
17 Girona;Total;1999;553.348
17 Girona;Total;1998;543.191
17 Girona;Total;1997;""
17 Girona;Total;1996;530.631
17 Girona;Hombres;2025;417.355
17 Girona;Hombres;2024;412.397
17 Girona;Hombres;2023;404.640
17 Girona;Hombres;2022;397.423
17 Girona;Hombres;2021;393.769
17 Girona;Hombres;2020;391.183
17 Girona;Hombres;2019;385.298
17 Girona;Hombres;2018;380.690
17 Girona;Hombres;2017;377.615
17 Girona;Hombres;2016;376.943
17 Girona;Hombres;2015;376.936
17 Girona;Hombres;2014;379.175
17 Girona;Hombres;2013;382.685
17 Girona;Hombres;2012;383.428
17 Girona;Hombres;2011;381.448
17 Girona;Hombres;2010;380.773
17 Girona;Hombres;2009;379.629
17 Girona;Hombres;2008;372.266
17 Girona;Hombres;2007;358.108
17 Girona;Hombres;2006;348.922
17 Girona;Hombres;2005;336.206
17 Girona;Hombres;2004;320.098
17 Girona;Hombres;2003;311.514
17 Girona;Hombres;2002;299.657
17 Girona;Hombres;2001;289.317
17 Girona;Hombres;2000;281.460
17 Girona;Hombres;1999;274.866
17 Girona;Hombres;1998;269.400
17 Girona;Hombres;1997;""
17 Girona;Hombres;1996;262.542
17 Girona;Mujeres;2025;414.671
17 Girona;Mujeres;2024;410.555
17 Girona;Mujeres;2023;404.626
17 Girona;Mujeres;2022;396.055
17 Girona;Mujeres;2021;392.827
17 Girona;Mujeres;2020;390.605
17 Girona;Mujeres;2019;385.746
17 Girona;Mujeres;2018;381.257
17 Girona;Mujeres;2017;378.101
17 Girona;Mujeres;2016;376.633
17 Girona;Mujeres;2015;376.118
17 Girona;Mujeres;2014;376.981
17 Girona;Mujeres;2013;378.947
17 Girona;Mujeres;2012;378.199
17 Girona;Mujeres;2011;375.362
17 Girona;Mujeres;2010;372.273
17 Girona;Mujeres;2009;368.153
17 Girona;Mujeres;2008;359.598
17 Girona;Mujeres;2007;348.077
17 Girona;Mujeres;2006;338.409
17 Girona;Mujeres;2005;328.300
17 Girona;Mujeres;2004;316.100
17 Girona;Mujeres;2003;308.178
17 Girona;Mujeres;2002;298.455
17 Girona;Mujeres;2001;290.333
17 Girona;Mujeres;2000;284.139
17 Girona;Mujeres;1999;278.482
17 Girona;Mujeres;1998;273.791
17 Girona;Mujeres;1997;""
17 Girona;Mujeres;1996;268.089
17080 Gombrèn;Total;2025;206
17080 Gombrèn;Total;2024;196
17080 Gombrèn;Total;2023;200
17080 Gombrèn;Total;2022;200
17080 Gombrèn;Total;2021;196
17080 Gombrèn;Total;2020;192
17080 Gombrèn;Total;2019;188
17080 Gombrèn;Total;2018;186
17080 Gombrèn;Total;2017;185
17080 Gombrèn;Total;2016;184
17080 Gombrèn;Total;2015;185
17080 Gombrèn;Total;2014;195
17080 Gombrèn;Total;2013;199
17080 Gombrèn;Total;2012;209
17080 Gombrèn;Total;2011;209
17080 Gombrèn;Total;2010;224
17080 Gombrèn;Total;2009;232
17080 Gombrèn;Total;2008;239
17080 Gombrèn;Total;2007;229
17080 Gombrèn;Total;2006;222
17080 Gombrèn;Total;2005;229
17080 Gombrèn;Total;2004;236
17080 Gombrèn;Total;2003;239
17080 Gombrèn;Total;2002;232
17080 Gombrèn;Total;2001;222
17080 Gombrèn;Total;2000;235
17080 Gombrèn;Total;1999;237
17080 Gombrèn;Total;1998;235
17080 Gombrèn;Total;1997;""
17080 Gombrèn;Total;1996;241
17080 Gombrèn;Hombres;2025;102
17080 Gombrèn;Hombres;2024;96
17080 Gombrèn;Hombres;2023;99
17080 Gombrèn;Hombres;2022;98
17080 Gombrèn;Hombres;2021;96
17080 Gombrèn;Hombres;2020;95
17080 Gombrèn;Hombres;2019;96
17080 Gombrèn;Hombres;2018;94
17080 Gombrèn;Hombres;2017;95
17080 Gombrèn;Hombres;2016;93
17080 Gombrèn;Hombres;2015;92
17080 Gombrèn;Hombres;2014;95
17080 Gombrèn;Hombres;2013;98
17080 Gombrèn;Hombres;2012;101
17080 Gombrèn;Hombres;2011;100
17080 Gombrèn;Hombres;2010;102
17080 Gombrèn;Hombres;2009;108
17080 Gombrèn;Hombres;2008;115
17080 Gombrèn;Hombres;2007;113
17080 Gombrèn;Hombres;2006;111
17080 Gombrèn;Hombres;2005;110
17080 Gombrèn;Hombres;2004;111
17080 Gombrèn;Hombres;2003;113
17080 Gombrèn;Hombres;2002;108
17080 Gombrèn;Hombres;2001;103
17080 Gombrèn;Hombres;2000;113
17080 Gombrèn;Hombres;1999;112
17080 Gombrèn;Hombres;1998;109
17080 Gombrèn;Hombres;1997;""
17080 Gombrèn;Hombres;1996;110
17080 Gombrèn;Mujeres;2025;104
17080 Gombrèn;Mujeres;2024;100
17080 Gombrèn;Mujeres;2023;101
17080 Gombrèn;Mujeres;2022;102
17080 Gombrèn;Mujeres;2021;100
17080 Gombrèn;Mujeres;2020;97
17080 Gombrèn;Mujeres;2019;92
17080 Gombrèn;Mujeres;2018;92
17080 Gombrèn;Mujeres;2017;90
17080 Gombrèn;Mujeres;2016;91
17080 Gombrèn;Mujeres;2015;93
17080 Gombrèn;Mujeres;2014;100
17080 Gombrèn;Mujeres;2013;101
17080 Gombrèn;Mujeres;2012;108
17080 Gombrèn;Mujeres;2011;109
17080 Gombrèn;Mujeres;2010;122
17080 Gombrèn;Mujeres;2009;124
17080 Gombrèn;Mujeres;2008;124
17080 Gombrèn;Mujeres;2007;116
17080 Gombrèn;Mujeres;2006;111
17080 Gombrèn;Mujeres;2005;119
17080 Gombrèn;Mujeres;2004;125
17080 Gombrèn;Mujeres;2003;126
17080 Gombrèn;Mujeres;2002;124
17080 Gombrèn;Mujeres;2001;119
17080 Gombrèn;Mujeres;2000;122
17080 Gombrèn;Mujeres;1999;125
17080 Gombrèn;Mujeres;1998;126
17080 Gombrèn;Mujeres;1997;""
17080 Gombrèn;Mujeres;1996;131
17081 Gualta;Total;2025;438
17081 Gualta;Total;2024;419
17081 Gualta;Total;2023;430
17081 Gualta;Total;2022;439
17081 Gualta;Total;2021;421
17081 Gualta;Total;2020;402
17081 Gualta;Total;2019;397
17081 Gualta;Total;2018;392
17081 Gualta;Total;2017;392
17081 Gualta;Total;2016;376
17081 Gualta;Total;2015;368
17081 Gualta;Total;2014;362
17081 Gualta;Total;2013;368
17081 Gualta;Total;2012;362
17081 Gualta;Total;2011;358
17081 Gualta;Total;2010;365
17081 Gualta;Total;2009;380
17081 Gualta;Total;2008;347
17081 Gualta;Total;2007;349
17081 Gualta;Total;2006;358
17081 Gualta;Total;2005;359
17081 Gualta;Total;2004;330
17081 Gualta;Total;2003;321
17081 Gualta;Total;2002;334
17081 Gualta;Total;2001;311
17081 Gualta;Total;2000;293
17081 Gualta;Total;1999;284
17081 Gualta;Total;1998;259
17081 Gualta;Total;1997;""
17081 Gualta;Total;1996;270
17081 Gualta;Hombres;2025;266
17081 Gualta;Hombres;2024;250
17081 Gualta;Hombres;2023;250
17081 Gualta;Hombres;2022;254
17081 Gualta;Hombres;2021;242
17081 Gualta;Hombres;2020;234
17081 Gualta;Hombres;2019;229
17081 Gualta;Hombres;2018;220
17081 Gualta;Hombres;2017;219
17081 Gualta;Hombres;2016;201
17081 Gualta;Hombres;2015;203
17081 Gualta;Hombres;2014;195
17081 Gualta;Hombres;2013;199
17081 Gualta;Hombres;2012;195
17081 Gualta;Hombres;2011;196
17081 Gualta;Hombres;2010;202
17081 Gualta;Hombres;2009;216
17081 Gualta;Hombres;2008;192
17081 Gualta;Hombres;2007;198
17081 Gualta;Hombres;2006;210
17081 Gualta;Hombres;2005;212
17081 Gualta;Hombres;2004;183
17081 Gualta;Hombres;2003;181
17081 Gualta;Hombres;2002;187
17081 Gualta;Hombres;2001;165
17081 Gualta;Hombres;2000;150
17081 Gualta;Hombres;1999;141
17081 Gualta;Hombres;1998;130
17081 Gualta;Hombres;1997;""
17081 Gualta;Hombres;1996;136
17081 Gualta;Mujeres;2025;172
17081 Gualta;Mujeres;2024;169
17081 Gualta;Mujeres;2023;180
17081 Gualta;Mujeres;2022;185
17081 Gualta;Mujeres;2021;179
17081 Gualta;Mujeres;2020;168
17081 Gualta;Mujeres;2019;168
17081 Gualta;Mujeres;2018;172
17081 Gualta;Mujeres;2017;173
17081 Gualta;Mujeres;2016;175
17081 Gualta;Mujeres;2015;165
17081 Gualta;Mujeres;2014;167
17081 Gualta;Mujeres;2013;169
17081 Gualta;Mujeres;2012;167
17081 Gualta;Mujeres;2011;162
17081 Gualta;Mujeres;2010;163
17081 Gualta;Mujeres;2009;164
17081 Gualta;Mujeres;2008;155
17081 Gualta;Mujeres;2007;151
17081 Gualta;Mujeres;2006;148
17081 Gualta;Mujeres;2005;147
17081 Gualta;Mujeres;2004;147
17081 Gualta;Mujeres;2003;140
17081 Gualta;Mujeres;2002;147
17081 Gualta;Mujeres;2001;146
17081 Gualta;Mujeres;2000;143
17081 Gualta;Mujeres;1999;143
17081 Gualta;Mujeres;1998;129
17081 Gualta;Mujeres;1997;""
17081 Gualta;Mujeres;1996;134
17082 Guils de Cerdanya;Total;2025;557
17082 Guils de Cerdanya;Total;2024;566
17082 Guils de Cerdanya;Total;2023;598
17082 Guils de Cerdanya;Total;2022;573
17082 Guils de Cerdanya;Total;2021;588
17082 Guils de Cerdanya;Total;2020;549
17082 Guils de Cerdanya;Total;2019;537
17082 Guils de Cerdanya;Total;2018;529
17082 Guils de Cerdanya;Total;2017;525
17082 Guils de Cerdanya;Total;2016;531
17082 Guils de Cerdanya;Total;2015;523
17082 Guils de Cerdanya;Total;2014;536
17082 Guils de Cerdanya;Total;2013;564
17082 Guils de Cerdanya;Total;2012;558
17082 Guils de Cerdanya;Total;2011;565
17082 Guils de Cerdanya;Total;2010;519
17082 Guils de Cerdanya;Total;2009;479
17082 Guils de Cerdanya;Total;2008;467
17082 Guils de Cerdanya;Total;2007;452
17082 Guils de Cerdanya;Total;2006;438
17082 Guils de Cerdanya;Total;2005;392
17082 Guils de Cerdanya;Total;2004;368
17082 Guils de Cerdanya;Total;2003;347
17082 Guils de Cerdanya;Total;2002;338
17082 Guils de Cerdanya;Total;2001;326
17082 Guils de Cerdanya;Total;2000;334
17082 Guils de Cerdanya;Total;1999;331
17082 Guils de Cerdanya;Total;1998;319
17082 Guils de Cerdanya;Total;1997;""
17082 Guils de Cerdanya;Total;1996;304
17082 Guils de Cerdanya;Hombres;2025;290
17082 Guils de Cerdanya;Hombres;2024;302
17082 Guils de Cerdanya;Hombres;2023;319
17082 Guils de Cerdanya;Hombres;2022;303
17082 Guils de Cerdanya;Hombres;2021;314
17082 Guils de Cerdanya;Hombres;2020;294
17082 Guils de Cerdanya;Hombres;2019;288
17082 Guils de Cerdanya;Hombres;2018;278
17082 Guils de Cerdanya;Hombres;2017;278
17082 Guils de Cerdanya;Hombres;2016;281
17082 Guils de Cerdanya;Hombres;2015;275
17082 Guils de Cerdanya;Hombres;2014;282
17082 Guils de Cerdanya;Hombres;2013;300
17082 Guils de Cerdanya;Hombres;2012;295
17082 Guils de Cerdanya;Hombres;2011;294
17082 Guils de Cerdanya;Hombres;2010;273
17082 Guils de Cerdanya;Hombres;2009;249
17082 Guils de Cerdanya;Hombres;2008;247
17082 Guils de Cerdanya;Hombres;2007;241
17082 Guils de Cerdanya;Hombres;2006;226
17082 Guils de Cerdanya;Hombres;2005;206
17082 Guils de Cerdanya;Hombres;2004;186
17082 Guils de Cerdanya;Hombres;2003;172
17082 Guils de Cerdanya;Hombres;2002;172
17082 Guils de Cerdanya;Hombres;2001;164
17082 Guils de Cerdanya;Hombres;2000;164
17082 Guils de Cerdanya;Hombres;1999;163
17082 Guils de Cerdanya;Hombres;1998;160
17082 Guils de Cerdanya;Hombres;1997;""
17082 Guils de Cerdanya;Hombres;1996;155
17082 Guils de Cerdanya;Mujeres;2025;267
17082 Guils de Cerdanya;Mujeres;2024;264
17082 Guils de Cerdanya;Mujeres;2023;279
17082 Guils de Cerdanya;Mujeres;2022;270
17082 Guils de Cerdanya;Mujeres;2021;274
17082 Guils de Cerdanya;Mujeres;2020;255
17082 Guils de Cerdanya;Mujeres;2019;249
17082 Guils de Cerdanya;Mujeres;2018;251
17082 Guils de Cerdanya;Mujeres;2017;247
17082 Guils de Cerdanya;Mujeres;2016;250
17082 Guils de Cerdanya;Mujeres;2015;248
17082 Guils de Cerdanya;Mujeres;2014;254
17082 Guils de Cerdanya;Mujeres;2013;264
17082 Guils de Cerdanya;Mujeres;2012;263
17082 Guils de Cerdanya;Mujeres;2011;271
17082 Guils de Cerdanya;Mujeres;2010;246
17082 Guils de Cerdanya;Mujeres;2009;230
17082 Guils de Cerdanya;Mujeres;2008;220
17082 Guils de Cerdanya;Mujeres;2007;211
17082 Guils de Cerdanya;Mujeres;2006;212
17082 Guils de Cerdanya;Mujeres;2005;186
17082 Guils de Cerdanya;Mujeres;2004;182
17082 Guils de Cerdanya;Mujeres;2003;175
17082 Guils de Cerdanya;Mujeres;2002;166
17082 Guils de Cerdanya;Mujeres;2001;162
17082 Guils de Cerdanya;Mujeres;2000;170
17082 Guils de Cerdanya;Mujeres;1999;168
17082 Guils de Cerdanya;Mujeres;1998;159
17082 Guils de Cerdanya;Mujeres;1997;""
17082 Guils de Cerdanya;Mujeres;1996;149
17083 Hostalric;Total;2025;4.493
17083 Hostalric;Total;2024;4.446
17083 Hostalric;Total;2023;4.410
17083 Hostalric;Total;2022;4.370
17083 Hostalric;Total;2021;4.332
17083 Hostalric;Total;2020;4.291
17083 Hostalric;Total;2019;4.221
17083 Hostalric;Total;2018;4.139
17083 Hostalric;Total;2017;4.106
17083 Hostalric;Total;2016;4.058
17083 Hostalric;Total;2015;4.005
17083 Hostalric;Total;2014;4.010
17083 Hostalric;Total;2013;3.980
17083 Hostalric;Total;2012;4.018
17083 Hostalric;Total;2011;4.030
17083 Hostalric;Total;2010;3.998
17083 Hostalric;Total;2009;3.994
17083 Hostalric;Total;2008;3.882
17083 Hostalric;Total;2007;3.773
17083 Hostalric;Total;2006;3.619
17083 Hostalric;Total;2005;3.459
17083 Hostalric;Total;2004;3.247
17083 Hostalric;Total;2003;3.019
17083 Hostalric;Total;2002;2.905
17083 Hostalric;Total;2001;2.915
17083 Hostalric;Total;2000;2.901
17083 Hostalric;Total;1999;2.894
17083 Hostalric;Total;1998;2.865
17083 Hostalric;Total;1997;""
17083 Hostalric;Total;1996;2.919
17083 Hostalric;Hombres;2025;2.268
17083 Hostalric;Hombres;2024;2.251
17083 Hostalric;Hombres;2023;2.208
17083 Hostalric;Hombres;2022;2.201
17083 Hostalric;Hombres;2021;2.170
17083 Hostalric;Hombres;2020;2.158
17083 Hostalric;Hombres;2019;2.130
17083 Hostalric;Hombres;2018;2.096
17083 Hostalric;Hombres;2017;2.060
17083 Hostalric;Hombres;2016;2.051
17083 Hostalric;Hombres;2015;2.017
17083 Hostalric;Hombres;2014;2.025
17083 Hostalric;Hombres;2013;2.022
17083 Hostalric;Hombres;2012;2.042
17083 Hostalric;Hombres;2011;2.045
17083 Hostalric;Hombres;2010;2.038
17083 Hostalric;Hombres;2009;2.059
17083 Hostalric;Hombres;2008;1.996
17083 Hostalric;Hombres;2007;1.936
17083 Hostalric;Hombres;2006;1.852
17083 Hostalric;Hombres;2005;1.768
17083 Hostalric;Hombres;2004;1.622
17083 Hostalric;Hombres;2003;1.496
17083 Hostalric;Hombres;2002;1.438
17083 Hostalric;Hombres;2001;1.425
17083 Hostalric;Hombres;2000;1.420
17083 Hostalric;Hombres;1999;1.424
17083 Hostalric;Hombres;1998;1.407
17083 Hostalric;Hombres;1997;""
17083 Hostalric;Hombres;1996;1.445
17083 Hostalric;Mujeres;2025;2.225
17083 Hostalric;Mujeres;2024;2.195
17083 Hostalric;Mujeres;2023;2.202
17083 Hostalric;Mujeres;2022;2.169
17083 Hostalric;Mujeres;2021;2.162
17083 Hostalric;Mujeres;2020;2.133
17083 Hostalric;Mujeres;2019;2.091
17083 Hostalric;Mujeres;2018;2.043
17083 Hostalric;Mujeres;2017;2.046
17083 Hostalric;Mujeres;2016;2.007
17083 Hostalric;Mujeres;2015;1.988
17083 Hostalric;Mujeres;2014;1.985
17083 Hostalric;Mujeres;2013;1.958
17083 Hostalric;Mujeres;2012;1.976
17083 Hostalric;Mujeres;2011;1.985
17083 Hostalric;Mujeres;2010;1.960
17083 Hostalric;Mujeres;2009;1.935
17083 Hostalric;Mujeres;2008;1.886
17083 Hostalric;Mujeres;2007;1.837
17083 Hostalric;Mujeres;2006;1.767
17083 Hostalric;Mujeres;2005;1.691
17083 Hostalric;Mujeres;2004;1.625
17083 Hostalric;Mujeres;2003;1.523
17083 Hostalric;Mujeres;2002;1.467
17083 Hostalric;Mujeres;2001;1.490
17083 Hostalric;Mujeres;2000;1.481
17083 Hostalric;Mujeres;1999;1.470
17083 Hostalric;Mujeres;1998;1.458
17083 Hostalric;Mujeres;1997;""
17083 Hostalric;Mujeres;1996;1.474
17084 Isòvol;Total;2025;314
17084 Isòvol;Total;2024;330
17084 Isòvol;Total;2023;341
17084 Isòvol;Total;2022;318
17084 Isòvol;Total;2021;314
17084 Isòvol;Total;2020;281
17084 Isòvol;Total;2019;281
17084 Isòvol;Total;2018;278
17084 Isòvol;Total;2017;270
17084 Isòvol;Total;2016;276
17084 Isòvol;Total;2015;281
17084 Isòvol;Total;2014;301
17084 Isòvol;Total;2013;318
17084 Isòvol;Total;2012;327
17084 Isòvol;Total;2011;322
17084 Isòvol;Total;2010;309
17084 Isòvol;Total;2009;289
17084 Isòvol;Total;2008;268
17084 Isòvol;Total;2007;278
17084 Isòvol;Total;2006;265
17084 Isòvol;Total;2005;231
17084 Isòvol;Total;2004;202
17084 Isòvol;Total;2003;205
17084 Isòvol;Total;2002;198
17084 Isòvol;Total;2001;196
17084 Isòvol;Total;2000;204
17084 Isòvol;Total;1999;198
17084 Isòvol;Total;1998;205
17084 Isòvol;Total;1997;""
17084 Isòvol;Total;1996;189
17084 Isòvol;Hombres;2025;172
17084 Isòvol;Hombres;2024;179
17084 Isòvol;Hombres;2023;188
17084 Isòvol;Hombres;2022;182
17084 Isòvol;Hombres;2021;173
17084 Isòvol;Hombres;2020;163
17084 Isòvol;Hombres;2019;161
17084 Isòvol;Hombres;2018;159
17084 Isòvol;Hombres;2017;152
17084 Isòvol;Hombres;2016;153
17084 Isòvol;Hombres;2015;156
17084 Isòvol;Hombres;2014;167
17084 Isòvol;Hombres;2013;180
17084 Isòvol;Hombres;2012;185
17084 Isòvol;Hombres;2011;180
17084 Isòvol;Hombres;2010;179
17084 Isòvol;Hombres;2009;169
17084 Isòvol;Hombres;2008;156
17084 Isòvol;Hombres;2007;161
17084 Isòvol;Hombres;2006;152
17084 Isòvol;Hombres;2005;134
17084 Isòvol;Hombres;2004;114
17084 Isòvol;Hombres;2003;115
17084 Isòvol;Hombres;2002;109
17084 Isòvol;Hombres;2001;106
17084 Isòvol;Hombres;2000;113
17084 Isòvol;Hombres;1999;107
17084 Isòvol;Hombres;1998;112
17084 Isòvol;Hombres;1997;""
17084 Isòvol;Hombres;1996;99
17084 Isòvol;Mujeres;2025;142
17084 Isòvol;Mujeres;2024;151
17084 Isòvol;Mujeres;2023;153
17084 Isòvol;Mujeres;2022;136
17084 Isòvol;Mujeres;2021;141
17084 Isòvol;Mujeres;2020;118
17084 Isòvol;Mujeres;2019;120
17084 Isòvol;Mujeres;2018;119
17084 Isòvol;Mujeres;2017;118
17084 Isòvol;Mujeres;2016;123
17084 Isòvol;Mujeres;2015;125
17084 Isòvol;Mujeres;2014;134
17084 Isòvol;Mujeres;2013;138
17084 Isòvol;Mujeres;2012;142
17084 Isòvol;Mujeres;2011;142
17084 Isòvol;Mujeres;2010;130
17084 Isòvol;Mujeres;2009;120
17084 Isòvol;Mujeres;2008;112
17084 Isòvol;Mujeres;2007;117
17084 Isòvol;Mujeres;2006;113
17084 Isòvol;Mujeres;2005;97
17084 Isòvol;Mujeres;2004;88
17084 Isòvol;Mujeres;2003;90
17084 Isòvol;Mujeres;2002;89
17084 Isòvol;Mujeres;2001;90
17084 Isòvol;Mujeres;2000;91
17084 Isòvol;Mujeres;1999;91
17084 Isòvol;Mujeres;1998;93
17084 Isòvol;Mujeres;1997;""
17084 Isòvol;Mujeres;1996;90
17085 Jafre;Total;2025;386
17085 Jafre;Total;2024;387
17085 Jafre;Total;2023;388
17085 Jafre;Total;2022;386
17085 Jafre;Total;2021;382
17085 Jafre;Total;2020;387
17085 Jafre;Total;2019;380
17085 Jafre;Total;2018;390
17085 Jafre;Total;2017;393
17085 Jafre;Total;2016;386
17085 Jafre;Total;2015;387
17085 Jafre;Total;2014;396
17085 Jafre;Total;2013;407
17085 Jafre;Total;2012;425
17085 Jafre;Total;2011;413
17085 Jafre;Total;2010;432
17085 Jafre;Total;2009;419
17085 Jafre;Total;2008;402
17085 Jafre;Total;2007;403
17085 Jafre;Total;2006;386
17085 Jafre;Total;2005;377
17085 Jafre;Total;2004;359
17085 Jafre;Total;2003;348
17085 Jafre;Total;2002;313
17085 Jafre;Total;2001;312
17085 Jafre;Total;2000;317
17085 Jafre;Total;1999;332
17085 Jafre;Total;1998;338
17085 Jafre;Total;1997;""
17085 Jafre;Total;1996;340
17085 Jafre;Hombres;2025;199
17085 Jafre;Hombres;2024;200
17085 Jafre;Hombres;2023;201
17085 Jafre;Hombres;2022;201
17085 Jafre;Hombres;2021;204
17085 Jafre;Hombres;2020;209
17085 Jafre;Hombres;2019;206
17085 Jafre;Hombres;2018;206
17085 Jafre;Hombres;2017;213
17085 Jafre;Hombres;2016;207
17085 Jafre;Hombres;2015;208
17085 Jafre;Hombres;2014;218
17085 Jafre;Hombres;2013;221
17085 Jafre;Hombres;2012;227
17085 Jafre;Hombres;2011;217
17085 Jafre;Hombres;2010;232
17085 Jafre;Hombres;2009;222
17085 Jafre;Hombres;2008;225
17085 Jafre;Hombres;2007;228
17085 Jafre;Hombres;2006;213
17085 Jafre;Hombres;2005;211
17085 Jafre;Hombres;2004;194
17085 Jafre;Hombres;2003;184
17085 Jafre;Hombres;2002;161
17085 Jafre;Hombres;2001;158
17085 Jafre;Hombres;2000;163
17085 Jafre;Hombres;1999;170
17085 Jafre;Hombres;1998;172
17085 Jafre;Hombres;1997;""
17085 Jafre;Hombres;1996;174
17085 Jafre;Mujeres;2025;187
17085 Jafre;Mujeres;2024;187
17085 Jafre;Mujeres;2023;187
17085 Jafre;Mujeres;2022;185
17085 Jafre;Mujeres;2021;178
17085 Jafre;Mujeres;2020;178
17085 Jafre;Mujeres;2019;174
17085 Jafre;Mujeres;2018;184
17085 Jafre;Mujeres;2017;180
17085 Jafre;Mujeres;2016;179
17085 Jafre;Mujeres;2015;179
17085 Jafre;Mujeres;2014;178
17085 Jafre;Mujeres;2013;186
17085 Jafre;Mujeres;2012;198
17085 Jafre;Mujeres;2011;196
17085 Jafre;Mujeres;2010;200
17085 Jafre;Mujeres;2009;197
17085 Jafre;Mujeres;2008;177
17085 Jafre;Mujeres;2007;175
17085 Jafre;Mujeres;2006;173
17085 Jafre;Mujeres;2005;166
17085 Jafre;Mujeres;2004;165
17085 Jafre;Mujeres;2003;164
17085 Jafre;Mujeres;2002;152
17085 Jafre;Mujeres;2001;154
17085 Jafre;Mujeres;2000;154
17085 Jafre;Mujeres;1999;162
17085 Jafre;Mujeres;1998;166
17085 Jafre;Mujeres;1997;""
17085 Jafre;Mujeres;1996;166
17086 Jonquera, La;Total;2025;3.420
17086 Jonquera, La;Total;2024;3.408
17086 Jonquera, La;Total;2023;3.387
17086 Jonquera, La;Total;2022;3.317
17086 Jonquera, La;Total;2021;3.340
17086 Jonquera, La;Total;2020;3.320
17086 Jonquera, La;Total;2019;3.290
17086 Jonquera, La;Total;2018;3.233
17086 Jonquera, La;Total;2017;3.157
17086 Jonquera, La;Total;2016;3.231
17086 Jonquera, La;Total;2015;3.220
17086 Jonquera, La;Total;2014;3.115
17086 Jonquera, La;Total;2013;3.135
17086 Jonquera, La;Total;2012;3.203
17086 Jonquera, La;Total;2011;3.094
17086 Jonquera, La;Total;2010;3.106
17086 Jonquera, La;Total;2009;3.174
17086 Jonquera, La;Total;2008;3.107
17086 Jonquera, La;Total;2007;3.075
17086 Jonquera, La;Total;2006;3.020
17086 Jonquera, La;Total;2005;3.016
17086 Jonquera, La;Total;2004;2.920
17086 Jonquera, La;Total;2003;2.849
17086 Jonquera, La;Total;2002;2.790
17086 Jonquera, La;Total;2001;2.626
17086 Jonquera, La;Total;2000;2.565
17086 Jonquera, La;Total;1999;2.510
17086 Jonquera, La;Total;1998;2.490
17086 Jonquera, La;Total;1997;""
17086 Jonquera, La;Total;1996;2.384
17086 Jonquera, La;Hombres;2025;1.712
17086 Jonquera, La;Hombres;2024;1.703
17086 Jonquera, La;Hombres;2023;1.693
17086 Jonquera, La;Hombres;2022;1.669
17086 Jonquera, La;Hombres;2021;1.676
17086 Jonquera, La;Hombres;2020;1.661
17086 Jonquera, La;Hombres;2019;1.637
17086 Jonquera, La;Hombres;2018;1.620
17086 Jonquera, La;Hombres;2017;1.595
17086 Jonquera, La;Hombres;2016;1.632
17086 Jonquera, La;Hombres;2015;1.615
17086 Jonquera, La;Hombres;2014;1.576
17086 Jonquera, La;Hombres;2013;1.592
17086 Jonquera, La;Hombres;2012;1.637
17086 Jonquera, La;Hombres;2011;1.564
17086 Jonquera, La;Hombres;2010;1.566
17086 Jonquera, La;Hombres;2009;1.603
17086 Jonquera, La;Hombres;2008;1.592
17086 Jonquera, La;Hombres;2007;1.590
17086 Jonquera, La;Hombres;2006;1.564
17086 Jonquera, La;Hombres;2005;1.556
17086 Jonquera, La;Hombres;2004;1.487
17086 Jonquera, La;Hombres;2003;1.450
17086 Jonquera, La;Hombres;2002;1.406
17086 Jonquera, La;Hombres;2001;1.332
17086 Jonquera, La;Hombres;2000;1.288
17086 Jonquera, La;Hombres;1999;1.249
17086 Jonquera, La;Hombres;1998;1.241
17086 Jonquera, La;Hombres;1997;""
17086 Jonquera, La;Hombres;1996;1.185
17086 Jonquera, La;Mujeres;2025;1.708
17086 Jonquera, La;Mujeres;2024;1.705
17086 Jonquera, La;Mujeres;2023;1.694
17086 Jonquera, La;Mujeres;2022;1.648
17086 Jonquera, La;Mujeres;2021;1.664
17086 Jonquera, La;Mujeres;2020;1.659
17086 Jonquera, La;Mujeres;2019;1.653
17086 Jonquera, La;Mujeres;2018;1.613
17086 Jonquera, La;Mujeres;2017;1.562
17086 Jonquera, La;Mujeres;2016;1.599
17086 Jonquera, La;Mujeres;2015;1.605
17086 Jonquera, La;Mujeres;2014;1.539
17086 Jonquera, La;Mujeres;2013;1.543
17086 Jonquera, La;Mujeres;2012;1.566
17086 Jonquera, La;Mujeres;2011;1.530
17086 Jonquera, La;Mujeres;2010;1.540
17086 Jonquera, La;Mujeres;2009;1.571
17086 Jonquera, La;Mujeres;2008;1.515
17086 Jonquera, La;Mujeres;2007;1.485
17086 Jonquera, La;Mujeres;2006;1.456
17086 Jonquera, La;Mujeres;2005;1.460
17086 Jonquera, La;Mujeres;2004;1.433
17086 Jonquera, La;Mujeres;2003;1.399
17086 Jonquera, La;Mujeres;2002;1.384
17086 Jonquera, La;Mujeres;2001;1.294
17086 Jonquera, La;Mujeres;2000;1.277
17086 Jonquera, La;Mujeres;1999;1.261
17086 Jonquera, La;Mujeres;1998;1.249
17086 Jonquera, La;Mujeres;1997;""
17086 Jonquera, La;Mujeres;1996;1.199
17087 Juià;Total;2025;319
17087 Juià;Total;2024;342
17087 Juià;Total;2023;335
17087 Juià;Total;2022;334
17087 Juià;Total;2021;327
17087 Juià;Total;2020;319
17087 Juià;Total;2019;323
17087 Juià;Total;2018;335
17087 Juià;Total;2017;334
17087 Juià;Total;2016;327
17087 Juià;Total;2015;338
17087 Juià;Total;2014;340
17087 Juià;Total;2013;353
17087 Juià;Total;2012;347
17087 Juià;Total;2011;338
17087 Juià;Total;2010;325
17087 Juià;Total;2009;326
17087 Juià;Total;2008;301
17087 Juià;Total;2007;297
17087 Juià;Total;2006;318
17087 Juià;Total;2005;298
17087 Juià;Total;2004;287
17087 Juià;Total;2003;262
17087 Juià;Total;2002;261
17087 Juià;Total;2001;260
17087 Juià;Total;2000;266
17087 Juià;Total;1999;260
17087 Juià;Total;1998;256
17087 Juià;Total;1997;""
17087 Juià;Total;1996;259
17087 Juià;Hombres;2025;164
17087 Juià;Hombres;2024;181
17087 Juià;Hombres;2023;178
17087 Juià;Hombres;2022;179
17087 Juià;Hombres;2021;169
17087 Juià;Hombres;2020;163
17087 Juià;Hombres;2019;174
17087 Juià;Hombres;2018;180
17087 Juià;Hombres;2017;186
17087 Juià;Hombres;2016;170
17087 Juià;Hombres;2015;177
17087 Juià;Hombres;2014;177
17087 Juià;Hombres;2013;190
17087 Juià;Hombres;2012;194
17087 Juià;Hombres;2011;191
17087 Juià;Hombres;2010;181
17087 Juià;Hombres;2009;182
17087 Juià;Hombres;2008;159
17087 Juià;Hombres;2007;152
17087 Juià;Hombres;2006;174
17087 Juià;Hombres;2005;161
17087 Juià;Hombres;2004;150
17087 Juià;Hombres;2003;128
17087 Juià;Hombres;2002;128
17087 Juià;Hombres;2001;124
17087 Juià;Hombres;2000;123
17087 Juià;Hombres;1999;124
17087 Juià;Hombres;1998;117
17087 Juià;Hombres;1997;""
17087 Juià;Hombres;1996;119
17087 Juià;Mujeres;2025;155
17087 Juià;Mujeres;2024;161
17087 Juià;Mujeres;2023;157
17087 Juià;Mujeres;2022;155
17087 Juià;Mujeres;2021;158
17087 Juià;Mujeres;2020;156
17087 Juià;Mujeres;2019;149
17087 Juià;Mujeres;2018;155
17087 Juià;Mujeres;2017;148
17087 Juià;Mujeres;2016;157
17087 Juià;Mujeres;2015;161
17087 Juià;Mujeres;2014;163
17087 Juià;Mujeres;2013;163
17087 Juià;Mujeres;2012;153
17087 Juià;Mujeres;2011;147
17087 Juià;Mujeres;2010;144
17087 Juià;Mujeres;2009;144
17087 Juià;Mujeres;2008;142
17087 Juià;Mujeres;2007;145
17087 Juià;Mujeres;2006;144
17087 Juià;Mujeres;2005;137
17087 Juià;Mujeres;2004;137
17087 Juià;Mujeres;2003;134
17087 Juià;Mujeres;2002;133
17087 Juià;Mujeres;2001;136
17087 Juià;Mujeres;2000;143
17087 Juià;Mujeres;1999;136
17087 Juià;Mujeres;1998;139
17087 Juià;Mujeres;1997;""
17087 Juià;Mujeres;1996;140
17088 Lladó;Total;2025;822
17088 Lladó;Total;2024;829
17088 Lladó;Total;2023;849
17088 Lladó;Total;2022;827
17088 Lladó;Total;2021;845
17088 Lladó;Total;2020;844
17088 Lladó;Total;2019;818
17088 Lladó;Total;2018;787
17088 Lladó;Total;2017;773
17088 Lladó;Total;2016;752
17088 Lladó;Total;2015;767
17088 Lladó;Total;2014;767
17088 Lladó;Total;2013;755
17088 Lladó;Total;2012;736
17088 Lladó;Total;2011;713
17088 Lladó;Total;2010;697
17088 Lladó;Total;2009;682
17088 Lladó;Total;2008;644
17088 Lladó;Total;2007;605
17088 Lladó;Total;2006;591
17088 Lladó;Total;2005;562
17088 Lladó;Total;2004;561
17088 Lladó;Total;2003;541
17088 Lladó;Total;2002;525
17088 Lladó;Total;2001;521
17088 Lladó;Total;2000;502
17088 Lladó;Total;1999;504
17088 Lladó;Total;1998;492
17088 Lladó;Total;1997;""
17088 Lladó;Total;1996;498
17088 Lladó;Hombres;2025;412
17088 Lladó;Hombres;2024;419
17088 Lladó;Hombres;2023;423
17088 Lladó;Hombres;2022;412
17088 Lladó;Hombres;2021;417
17088 Lladó;Hombres;2020;411
17088 Lladó;Hombres;2019;398
17088 Lladó;Hombres;2018;386
17088 Lladó;Hombres;2017;377
17088 Lladó;Hombres;2016;373
17088 Lladó;Hombres;2015;380
17088 Lladó;Hombres;2014;378
17088 Lladó;Hombres;2013;374
17088 Lladó;Hombres;2012;366
17088 Lladó;Hombres;2011;352
17088 Lladó;Hombres;2010;353
17088 Lladó;Hombres;2009;352
17088 Lladó;Hombres;2008;335
17088 Lladó;Hombres;2007;313
17088 Lladó;Hombres;2006;301
17088 Lladó;Hombres;2005;285
17088 Lladó;Hombres;2004;282
17088 Lladó;Hombres;2003;277
17088 Lladó;Hombres;2002;267
17088 Lladó;Hombres;2001;264
17088 Lladó;Hombres;2000;257
17088 Lladó;Hombres;1999;257
17088 Lladó;Hombres;1998;244
17088 Lladó;Hombres;1997;""
17088 Lladó;Hombres;1996;253
17088 Lladó;Mujeres;2025;410
17088 Lladó;Mujeres;2024;410
17088 Lladó;Mujeres;2023;426
17088 Lladó;Mujeres;2022;415
17088 Lladó;Mujeres;2021;428
17088 Lladó;Mujeres;2020;433
17088 Lladó;Mujeres;2019;420
17088 Lladó;Mujeres;2018;401
17088 Lladó;Mujeres;2017;396
17088 Lladó;Mujeres;2016;379
17088 Lladó;Mujeres;2015;387
17088 Lladó;Mujeres;2014;389
17088 Lladó;Mujeres;2013;381
17088 Lladó;Mujeres;2012;370
17088 Lladó;Mujeres;2011;361
17088 Lladó;Mujeres;2010;344
17088 Lladó;Mujeres;2009;330
17088 Lladó;Mujeres;2008;309
17088 Lladó;Mujeres;2007;292
17088 Lladó;Mujeres;2006;290
17088 Lladó;Mujeres;2005;277
17088 Lladó;Mujeres;2004;279
17088 Lladó;Mujeres;2003;264
17088 Lladó;Mujeres;2002;258
17088 Lladó;Mujeres;2001;257
17088 Lladó;Mujeres;2000;245
17088 Lladó;Mujeres;1999;247
17088 Lladó;Mujeres;1998;248
17088 Lladó;Mujeres;1997;""
17088 Lladó;Mujeres;1996;245
17089 Llagostera;Total;2025;9.585
17089 Llagostera;Total;2024;9.508
17089 Llagostera;Total;2023;9.208
17089 Llagostera;Total;2022;9.024
17089 Llagostera;Total;2021;8.851
17089 Llagostera;Total;2020;8.647
17089 Llagostera;Total;2019;8.453
17089 Llagostera;Total;2018;8.297
17089 Llagostera;Total;2017;8.229
17089 Llagostera;Total;2016;8.266
17089 Llagostera;Total;2015;8.224
17089 Llagostera;Total;2014;8.198
17089 Llagostera;Total;2013;8.200
17089 Llagostera;Total;2012;8.157
17089 Llagostera;Total;2011;8.105
17089 Llagostera;Total;2010;7.915
17089 Llagostera;Total;2009;7.764
17089 Llagostera;Total;2008;7.614
17089 Llagostera;Total;2007;7.314
17089 Llagostera;Total;2006;7.062
17089 Llagostera;Total;2005;6.764
17089 Llagostera;Total;2004;6.461
17089 Llagostera;Total;2003;6.293
17089 Llagostera;Total;2002;6.072
17089 Llagostera;Total;2001;5.910
17089 Llagostera;Total;2000;5.769
17089 Llagostera;Total;1999;5.624
17089 Llagostera;Total;1998;5.565
17089 Llagostera;Total;1997;""
17089 Llagostera;Total;1996;5.410
17089 Llagostera;Hombres;2025;4.841
17089 Llagostera;Hombres;2024;4.809
17089 Llagostera;Hombres;2023;4.611
17089 Llagostera;Hombres;2022;4.543
17089 Llagostera;Hombres;2021;4.456
17089 Llagostera;Hombres;2020;4.373
17089 Llagostera;Hombres;2019;4.303
17089 Llagostera;Hombres;2018;4.240
17089 Llagostera;Hombres;2017;4.201
17089 Llagostera;Hombres;2016;4.228
17089 Llagostera;Hombres;2015;4.214
17089 Llagostera;Hombres;2014;4.217
17089 Llagostera;Hombres;2013;4.240
17089 Llagostera;Hombres;2012;4.212
17089 Llagostera;Hombres;2011;4.183
17089 Llagostera;Hombres;2010;4.075
17089 Llagostera;Hombres;2009;4.014
17089 Llagostera;Hombres;2008;3.948
17089 Llagostera;Hombres;2007;3.798
17089 Llagostera;Hombres;2006;3.661
17089 Llagostera;Hombres;2005;3.497
17089 Llagostera;Hombres;2004;3.319
17089 Llagostera;Hombres;2003;3.233
17089 Llagostera;Hombres;2002;3.114
17089 Llagostera;Hombres;2001;3.015
17089 Llagostera;Hombres;2000;2.927
17089 Llagostera;Hombres;1999;2.847
17089 Llagostera;Hombres;1998;2.803
17089 Llagostera;Hombres;1997;""
17089 Llagostera;Hombres;1996;2.722
17089 Llagostera;Mujeres;2025;4.744
17089 Llagostera;Mujeres;2024;4.699
17089 Llagostera;Mujeres;2023;4.597
17089 Llagostera;Mujeres;2022;4.481
17089 Llagostera;Mujeres;2021;4.395
17089 Llagostera;Mujeres;2020;4.274
17089 Llagostera;Mujeres;2019;4.150
17089 Llagostera;Mujeres;2018;4.057
17089 Llagostera;Mujeres;2017;4.028
17089 Llagostera;Mujeres;2016;4.038
17089 Llagostera;Mujeres;2015;4.010
17089 Llagostera;Mujeres;2014;3.981
17089 Llagostera;Mujeres;2013;3.960
17089 Llagostera;Mujeres;2012;3.945
17089 Llagostera;Mujeres;2011;3.922
17089 Llagostera;Mujeres;2010;3.840
17089 Llagostera;Mujeres;2009;3.750
17089 Llagostera;Mujeres;2008;3.666
17089 Llagostera;Mujeres;2007;3.516
17089 Llagostera;Mujeres;2006;3.401
17089 Llagostera;Mujeres;2005;3.267
17089 Llagostera;Mujeres;2004;3.142
17089 Llagostera;Mujeres;2003;3.060
17089 Llagostera;Mujeres;2002;2.958
17089 Llagostera;Mujeres;2001;2.895
17089 Llagostera;Mujeres;2000;2.842
17089 Llagostera;Mujeres;1999;2.777
17089 Llagostera;Mujeres;1998;2.762
17089 Llagostera;Mujeres;1997;""
17089 Llagostera;Mujeres;1996;2.688
17090 Llambilles;Total;2025;737
17090 Llambilles;Total;2024;730
17090 Llambilles;Total;2023;715
17090 Llambilles;Total;2022;731
17090 Llambilles;Total;2021;730
17090 Llambilles;Total;2020;713
17090 Llambilles;Total;2019;696
17090 Llambilles;Total;2018;693
17090 Llambilles;Total;2017;716
17090 Llambilles;Total;2016;723
17090 Llambilles;Total;2015;733
17090 Llambilles;Total;2014;738
17090 Llambilles;Total;2013;732
17090 Llambilles;Total;2012;713
17090 Llambilles;Total;2011;717
17090 Llambilles;Total;2010;690
17090 Llambilles;Total;2009;678
17090 Llambilles;Total;2008;660
17090 Llambilles;Total;2007;641
17090 Llambilles;Total;2006;612
17090 Llambilles;Total;2005;585
17090 Llambilles;Total;2004;522
17090 Llambilles;Total;2003;504
17090 Llambilles;Total;2002;491
17090 Llambilles;Total;2001;435
17090 Llambilles;Total;2000;472
17090 Llambilles;Total;1999;450
17090 Llambilles;Total;1998;435
17090 Llambilles;Total;1997;""
17090 Llambilles;Total;1996;448
17090 Llambilles;Hombres;2025;380
17090 Llambilles;Hombres;2024;376
17090 Llambilles;Hombres;2023;365
17090 Llambilles;Hombres;2022;375
17090 Llambilles;Hombres;2021;371
17090 Llambilles;Hombres;2020;366
17090 Llambilles;Hombres;2019;359
17090 Llambilles;Hombres;2018;353
17090 Llambilles;Hombres;2017;363
17090 Llambilles;Hombres;2016;366
17090 Llambilles;Hombres;2015;374
17090 Llambilles;Hombres;2014;377
17090 Llambilles;Hombres;2013;375
17090 Llambilles;Hombres;2012;369
17090 Llambilles;Hombres;2011;373
17090 Llambilles;Hombres;2010;358
17090 Llambilles;Hombres;2009;351
17090 Llambilles;Hombres;2008;341
17090 Llambilles;Hombres;2007;336
17090 Llambilles;Hombres;2006;313
17090 Llambilles;Hombres;2005;294
17090 Llambilles;Hombres;2004;264
17090 Llambilles;Hombres;2003;257
17090 Llambilles;Hombres;2002;253
17090 Llambilles;Hombres;2001;222
17090 Llambilles;Hombres;2000;242
17090 Llambilles;Hombres;1999;224
17090 Llambilles;Hombres;1998;217
17090 Llambilles;Hombres;1997;""
17090 Llambilles;Hombres;1996;229
17090 Llambilles;Mujeres;2025;357
17090 Llambilles;Mujeres;2024;354
17090 Llambilles;Mujeres;2023;350
17090 Llambilles;Mujeres;2022;356
17090 Llambilles;Mujeres;2021;359
17090 Llambilles;Mujeres;2020;347
17090 Llambilles;Mujeres;2019;337
17090 Llambilles;Mujeres;2018;340
17090 Llambilles;Mujeres;2017;353
17090 Llambilles;Mujeres;2016;357
17090 Llambilles;Mujeres;2015;359
17090 Llambilles;Mujeres;2014;361
17090 Llambilles;Mujeres;2013;357
17090 Llambilles;Mujeres;2012;344
17090 Llambilles;Mujeres;2011;344
17090 Llambilles;Mujeres;2010;332
17090 Llambilles;Mujeres;2009;327
17090 Llambilles;Mujeres;2008;319
17090 Llambilles;Mujeres;2007;305
17090 Llambilles;Mujeres;2006;299
17090 Llambilles;Mujeres;2005;291
17090 Llambilles;Mujeres;2004;258
17090 Llambilles;Mujeres;2003;247
17090 Llambilles;Mujeres;2002;238
17090 Llambilles;Mujeres;2001;213
17090 Llambilles;Mujeres;2000;230
17090 Llambilles;Mujeres;1999;226
17090 Llambilles;Mujeres;1998;218
17090 Llambilles;Mujeres;1997;""
17090 Llambilles;Mujeres;1996;219
17091 Llanars;Total;2025;516
17091 Llanars;Total;2024;515
17091 Llanars;Total;2023;536
17091 Llanars;Total;2022;533
17091 Llanars;Total;2021;535
17091 Llanars;Total;2020;535
17091 Llanars;Total;2019;505
17091 Llanars;Total;2018;514
17091 Llanars;Total;2017;507
17091 Llanars;Total;2016;514
17091 Llanars;Total;2015;512
17091 Llanars;Total;2014;509
17091 Llanars;Total;2013;506
17091 Llanars;Total;2012;534
17091 Llanars;Total;2011;561
17091 Llanars;Total;2010;571
17091 Llanars;Total;2009;584
17091 Llanars;Total;2008;571
17091 Llanars;Total;2007;569
17091 Llanars;Total;2006;558
17091 Llanars;Total;2005;546
17091 Llanars;Total;2004;527
17091 Llanars;Total;2003;511
17091 Llanars;Total;2002;529
17091 Llanars;Total;2001;494
17091 Llanars;Total;2000;489
17091 Llanars;Total;1999;475
17091 Llanars;Total;1998;449
17091 Llanars;Total;1997;""
17091 Llanars;Total;1996;448
17091 Llanars;Hombres;2025;255
17091 Llanars;Hombres;2024;258
17091 Llanars;Hombres;2023;269
17091 Llanars;Hombres;2022;269
17091 Llanars;Hombres;2021;274
17091 Llanars;Hombres;2020;274
17091 Llanars;Hombres;2019;259
17091 Llanars;Hombres;2018;267
17091 Llanars;Hombres;2017;272
17091 Llanars;Hombres;2016;270
17091 Llanars;Hombres;2015;267
17091 Llanars;Hombres;2014;263
17091 Llanars;Hombres;2013;260
17091 Llanars;Hombres;2012;272
17091 Llanars;Hombres;2011;291
17091 Llanars;Hombres;2010;297
17091 Llanars;Hombres;2009;305
17091 Llanars;Hombres;2008;304
17091 Llanars;Hombres;2007;298
17091 Llanars;Hombres;2006;295
17091 Llanars;Hombres;2005;290
17091 Llanars;Hombres;2004;278
17091 Llanars;Hombres;2003;274
17091 Llanars;Hombres;2002;279
17091 Llanars;Hombres;2001;255
17091 Llanars;Hombres;2000;249
17091 Llanars;Hombres;1999;245
17091 Llanars;Hombres;1998;231
17091 Llanars;Hombres;1997;""
17091 Llanars;Hombres;1996;232
17091 Llanars;Mujeres;2025;261
17091 Llanars;Mujeres;2024;257
17091 Llanars;Mujeres;2023;267
17091 Llanars;Mujeres;2022;264
17091 Llanars;Mujeres;2021;261
17091 Llanars;Mujeres;2020;261
17091 Llanars;Mujeres;2019;246
17091 Llanars;Mujeres;2018;247
17091 Llanars;Mujeres;2017;235
17091 Llanars;Mujeres;2016;244
17091 Llanars;Mujeres;2015;245
17091 Llanars;Mujeres;2014;246
17091 Llanars;Mujeres;2013;246
17091 Llanars;Mujeres;2012;262
17091 Llanars;Mujeres;2011;270
17091 Llanars;Mujeres;2010;274
17091 Llanars;Mujeres;2009;279
17091 Llanars;Mujeres;2008;267
17091 Llanars;Mujeres;2007;271
17091 Llanars;Mujeres;2006;263
17091 Llanars;Mujeres;2005;256
17091 Llanars;Mujeres;2004;249
17091 Llanars;Mujeres;2003;237
17091 Llanars;Mujeres;2002;250
17091 Llanars;Mujeres;2001;239
17091 Llanars;Mujeres;2000;240
17091 Llanars;Mujeres;1999;230
17091 Llanars;Mujeres;1998;218
17091 Llanars;Mujeres;1997;""
17091 Llanars;Mujeres;1996;216
17092 Llançà;Total;2025;4.892
17092 Llançà;Total;2024;4.943
17092 Llançà;Total;2023;4.839
17092 Llançà;Total;2022;4.905
17092 Llançà;Total;2021;4.842
17092 Llançà;Total;2020;4.775
17092 Llançà;Total;2019;4.836
17092 Llançà;Total;2018;4.868
17092 Llançà;Total;2017;4.796
17092 Llançà;Total;2016;4.934
17092 Llançà;Total;2015;4.985
17092 Llançà;Total;2014;4.970
17092 Llançà;Total;2013;5.018
17092 Llançà;Total;2012;5.105
17092 Llançà;Total;2011;5.140
17092 Llançà;Total;2010;5.214
17092 Llançà;Total;2009;5.209
17092 Llançà;Total;2008;5.082
17092 Llançà;Total;2007;4.862
17092 Llançà;Total;2006;4.611
17092 Llançà;Total;2005;4.371
17092 Llançà;Total;2004;4.205
17092 Llançà;Total;2003;4.232
17092 Llançà;Total;2002;4.129
17092 Llançà;Total;2001;4.078
17092 Llançà;Total;2000;4.063
17092 Llançà;Total;1999;3.982
17092 Llançà;Total;1998;3.930
17092 Llançà;Total;1997;""
17092 Llançà;Total;1996;3.843
17092 Llançà;Hombres;2025;2.422
17092 Llançà;Hombres;2024;2.436
17092 Llançà;Hombres;2023;2.374
17092 Llançà;Hombres;2022;2.408
17092 Llançà;Hombres;2021;2.381
17092 Llançà;Hombres;2020;2.353
17092 Llançà;Hombres;2019;2.394
17092 Llançà;Hombres;2018;2.412
17092 Llançà;Hombres;2017;2.361
17092 Llançà;Hombres;2016;2.453
17092 Llançà;Hombres;2015;2.466
17092 Llançà;Hombres;2014;2.461
17092 Llançà;Hombres;2013;2.480
17092 Llançà;Hombres;2012;2.545
17092 Llançà;Hombres;2011;2.576
17092 Llançà;Hombres;2010;2.611
17092 Llançà;Hombres;2009;2.609
17092 Llançà;Hombres;2008;2.542
17092 Llançà;Hombres;2007;2.417
17092 Llançà;Hombres;2006;2.287
17092 Llançà;Hombres;2005;2.173
17092 Llançà;Hombres;2004;2.097
17092 Llançà;Hombres;2003;2.105
17092 Llançà;Hombres;2002;2.050
17092 Llançà;Hombres;2001;2.029
17092 Llançà;Hombres;2000;2.007
17092 Llançà;Hombres;1999;1.975
17092 Llançà;Hombres;1998;1.964
17092 Llançà;Hombres;1997;""
17092 Llançà;Hombres;1996;1.925
17092 Llançà;Mujeres;2025;2.470
17092 Llançà;Mujeres;2024;2.507
17092 Llançà;Mujeres;2023;2.465
17092 Llançà;Mujeres;2022;2.497
17092 Llançà;Mujeres;2021;2.461
17092 Llançà;Mujeres;2020;2.422
17092 Llançà;Mujeres;2019;2.442
17092 Llançà;Mujeres;2018;2.456
17092 Llançà;Mujeres;2017;2.435
17092 Llançà;Mujeres;2016;2.481
17092 Llançà;Mujeres;2015;2.519
17092 Llançà;Mujeres;2014;2.509
17092 Llançà;Mujeres;2013;2.538
17092 Llançà;Mujeres;2012;2.560
17092 Llançà;Mujeres;2011;2.564
17092 Llançà;Mujeres;2010;2.603
17092 Llançà;Mujeres;2009;2.600
17092 Llançà;Mujeres;2008;2.540
17092 Llançà;Mujeres;2007;2.445
17092 Llançà;Mujeres;2006;2.324
17092 Llançà;Mujeres;2005;2.198
17092 Llançà;Mujeres;2004;2.108
17092 Llançà;Mujeres;2003;2.127
17092 Llançà;Mujeres;2002;2.079
17092 Llançà;Mujeres;2001;2.049
17092 Llançà;Mujeres;2000;2.056
17092 Llançà;Mujeres;1999;2.007
17092 Llançà;Mujeres;1998;1.966
17092 Llançà;Mujeres;1997;""
17092 Llançà;Mujeres;1996;1.918
17093 Llers;Total;2025;1.269
17093 Llers;Total;2024;1.248
17093 Llers;Total;2023;1.216
17093 Llers;Total;2022;1.245
17093 Llers;Total;2021;1.252
17093 Llers;Total;2020;1.237
17093 Llers;Total;2019;1.239
17093 Llers;Total;2018;1.239
17093 Llers;Total;2017;1.211
17093 Llers;Total;2016;1.210
17093 Llers;Total;2015;1.209
17093 Llers;Total;2014;1.242
17093 Llers;Total;2013;1.229
17093 Llers;Total;2012;1.194
17093 Llers;Total;2011;1.193
17093 Llers;Total;2010;1.172
17093 Llers;Total;2009;1.179
17093 Llers;Total;2008;1.157
17093 Llers;Total;2007;1.144
17093 Llers;Total;2006;1.167
17093 Llers;Total;2005;1.145
17093 Llers;Total;2004;1.097
17093 Llers;Total;2003;1.068
17093 Llers;Total;2002;1.052
17093 Llers;Total;2001;1.009
17093 Llers;Total;2000;954
17093 Llers;Total;1999;922
17093 Llers;Total;1998;873
17093 Llers;Total;1997;""
17093 Llers;Total;1996;833
17093 Llers;Hombres;2025;641
17093 Llers;Hombres;2024;625
17093 Llers;Hombres;2023;609
17093 Llers;Hombres;2022;626
17093 Llers;Hombres;2021;626
17093 Llers;Hombres;2020;609
17093 Llers;Hombres;2019;617
17093 Llers;Hombres;2018;617
17093 Llers;Hombres;2017;602
17093 Llers;Hombres;2016;605
17093 Llers;Hombres;2015;605
17093 Llers;Hombres;2014;619
17093 Llers;Hombres;2013;621
17093 Llers;Hombres;2012;606
17093 Llers;Hombres;2011;608
17093 Llers;Hombres;2010;597
17093 Llers;Hombres;2009;601
17093 Llers;Hombres;2008;584
17093 Llers;Hombres;2007;577
17093 Llers;Hombres;2006;594
17093 Llers;Hombres;2005;581
17093 Llers;Hombres;2004;554
17093 Llers;Hombres;2003;536
17093 Llers;Hombres;2002;529
17093 Llers;Hombres;2001;509
17093 Llers;Hombres;2000;484
17093 Llers;Hombres;1999;466
17093 Llers;Hombres;1998;443
17093 Llers;Hombres;1997;""
17093 Llers;Hombres;1996;427
17093 Llers;Mujeres;2025;628
17093 Llers;Mujeres;2024;623
17093 Llers;Mujeres;2023;607
17093 Llers;Mujeres;2022;619
17093 Llers;Mujeres;2021;626
17093 Llers;Mujeres;2020;628
17093 Llers;Mujeres;2019;622
17093 Llers;Mujeres;2018;622
17093 Llers;Mujeres;2017;609
17093 Llers;Mujeres;2016;605
17093 Llers;Mujeres;2015;604
17093 Llers;Mujeres;2014;623
17093 Llers;Mujeres;2013;608
17093 Llers;Mujeres;2012;588
17093 Llers;Mujeres;2011;585
17093 Llers;Mujeres;2010;575
17093 Llers;Mujeres;2009;578
17093 Llers;Mujeres;2008;573
17093 Llers;Mujeres;2007;567
17093 Llers;Mujeres;2006;573
17093 Llers;Mujeres;2005;564
17093 Llers;Mujeres;2004;543
17093 Llers;Mujeres;2003;532
17093 Llers;Mujeres;2002;523
17093 Llers;Mujeres;2001;500
17093 Llers;Mujeres;2000;470
17093 Llers;Mujeres;1999;456
17093 Llers;Mujeres;1998;430
17093 Llers;Mujeres;1997;""
17093 Llers;Mujeres;1996;406
17095 Lloret de Mar;Total;2025;43.000
17095 Lloret de Mar;Total;2024;42.600
17095 Lloret de Mar;Total;2023;41.559
17095 Lloret de Mar;Total;2022;38.941
17095 Lloret de Mar;Total;2021;38.402
17095 Lloret de Mar;Total;2020;39.089
17095 Lloret de Mar;Total;2019;38.373
17095 Lloret de Mar;Total;2018;37.350
17095 Lloret de Mar;Total;2017;36.878
17095 Lloret de Mar;Total;2016;37.042
17095 Lloret de Mar;Total;2015;37.618
17095 Lloret de Mar;Total;2014;38.624
17095 Lloret de Mar;Total;2013;40.803
17095 Lloret de Mar;Total;2012;40.837
17095 Lloret de Mar;Total;2011;40.282
17095 Lloret de Mar;Total;2010;39.794
17095 Lloret de Mar;Total;2009;39.363
17095 Lloret de Mar;Total;2008;37.734
17095 Lloret de Mar;Total;2007;34.997
17095 Lloret de Mar;Total;2006;32.728
17095 Lloret de Mar;Total;2005;29.445
17095 Lloret de Mar;Total;2004;26.557
17095 Lloret de Mar;Total;2003;25.457
17095 Lloret de Mar;Total;2002;23.424
17095 Lloret de Mar;Total;2001;21.589
17095 Lloret de Mar;Total;2000;20.045
17095 Lloret de Mar;Total;1999;19.041
17095 Lloret de Mar;Total;1998;17.875
17095 Lloret de Mar;Total;1997;""
17095 Lloret de Mar;Total;1996;16.674
17095 Lloret de Mar;Hombres;2025;21.715
17095 Lloret de Mar;Hombres;2024;21.400
17095 Lloret de Mar;Hombres;2023;20.830
17095 Lloret de Mar;Hombres;2022;19.790
17095 Lloret de Mar;Hombres;2021;19.552
17095 Lloret de Mar;Hombres;2020;19.926
17095 Lloret de Mar;Hombres;2019;19.528
17095 Lloret de Mar;Hombres;2018;19.099
17095 Lloret de Mar;Hombres;2017;18.857
17095 Lloret de Mar;Hombres;2016;18.952
17095 Lloret de Mar;Hombres;2015;19.338
17095 Lloret de Mar;Hombres;2014;19.972
17095 Lloret de Mar;Hombres;2013;21.255
17095 Lloret de Mar;Hombres;2012;21.355
17095 Lloret de Mar;Hombres;2011;21.164
17095 Lloret de Mar;Hombres;2010;20.968
17095 Lloret de Mar;Hombres;2009;20.879
17095 Lloret de Mar;Hombres;2008;20.033
17095 Lloret de Mar;Hombres;2007;18.501
17095 Lloret de Mar;Hombres;2006;17.268
17095 Lloret de Mar;Hombres;2005;15.374
17095 Lloret de Mar;Hombres;2004;13.703
17095 Lloret de Mar;Hombres;2003;13.111
17095 Lloret de Mar;Hombres;2002;11.958
17095 Lloret de Mar;Hombres;2001;10.924
17095 Lloret de Mar;Hombres;2000;10.081
17095 Lloret de Mar;Hombres;1999;9.511
17095 Lloret de Mar;Hombres;1998;8.913
17095 Lloret de Mar;Hombres;1997;""
17095 Lloret de Mar;Hombres;1996;8.266
17095 Lloret de Mar;Mujeres;2025;21.285
17095 Lloret de Mar;Mujeres;2024;21.200
17095 Lloret de Mar;Mujeres;2023;20.729
17095 Lloret de Mar;Mujeres;2022;19.151
17095 Lloret de Mar;Mujeres;2021;18.850
17095 Lloret de Mar;Mujeres;2020;19.163
17095 Lloret de Mar;Mujeres;2019;18.845
17095 Lloret de Mar;Mujeres;2018;18.251
17095 Lloret de Mar;Mujeres;2017;18.021
17095 Lloret de Mar;Mujeres;2016;18.090
17095 Lloret de Mar;Mujeres;2015;18.280
17095 Lloret de Mar;Mujeres;2014;18.652
17095 Lloret de Mar;Mujeres;2013;19.548
17095 Lloret de Mar;Mujeres;2012;19.482
17095 Lloret de Mar;Mujeres;2011;19.118
17095 Lloret de Mar;Mujeres;2010;18.826
17095 Lloret de Mar;Mujeres;2009;18.484
17095 Lloret de Mar;Mujeres;2008;17.701
17095 Lloret de Mar;Mujeres;2007;16.496
17095 Lloret de Mar;Mujeres;2006;15.460
17095 Lloret de Mar;Mujeres;2005;14.071
17095 Lloret de Mar;Mujeres;2004;12.854
17095 Lloret de Mar;Mujeres;2003;12.346
17095 Lloret de Mar;Mujeres;2002;11.466
17095 Lloret de Mar;Mujeres;2001;10.665
17095 Lloret de Mar;Mujeres;2000;9.964
17095 Lloret de Mar;Mujeres;1999;9.530
17095 Lloret de Mar;Mujeres;1998;8.962
17095 Lloret de Mar;Mujeres;1997;""
17095 Lloret de Mar;Mujeres;1996;8.408
17096 Llosses, Les;Total;2025;197
17096 Llosses, Les;Total;2024;199
17096 Llosses, Les;Total;2023;203
17096 Llosses, Les;Total;2022;205
17096 Llosses, Les;Total;2021;209
17096 Llosses, Les;Total;2020;212
17096 Llosses, Les;Total;2019;218
17096 Llosses, Les;Total;2018;219
17096 Llosses, Les;Total;2017;210
17096 Llosses, Les;Total;2016;213
17096 Llosses, Les;Total;2015;226
17096 Llosses, Les;Total;2014;211
17096 Llosses, Les;Total;2013;214
17096 Llosses, Les;Total;2012;224
17096 Llosses, Les;Total;2011;221
17096 Llosses, Les;Total;2010;221
17096 Llosses, Les;Total;2009;234
17096 Llosses, Les;Total;2008;234
17096 Llosses, Les;Total;2007;238
17096 Llosses, Les;Total;2006;246
17096 Llosses, Les;Total;2005;261
17096 Llosses, Les;Total;2004;262
17096 Llosses, Les;Total;2003;262
17096 Llosses, Les;Total;2002;260
17096 Llosses, Les;Total;2001;271
17096 Llosses, Les;Total;2000;275
17096 Llosses, Les;Total;1999;275
17096 Llosses, Les;Total;1998;270
17096 Llosses, Les;Total;1997;""
17096 Llosses, Les;Total;1996;269
17096 Llosses, Les;Hombres;2025;111
17096 Llosses, Les;Hombres;2024;115
17096 Llosses, Les;Hombres;2023;117
17096 Llosses, Les;Hombres;2022;119
17096 Llosses, Les;Hombres;2021;122
17096 Llosses, Les;Hombres;2020;121
17096 Llosses, Les;Hombres;2019;121
17096 Llosses, Les;Hombres;2018;122
17096 Llosses, Les;Hombres;2017;116
17096 Llosses, Les;Hombres;2016;119
17096 Llosses, Les;Hombres;2015;129
17096 Llosses, Les;Hombres;2014;121
17096 Llosses, Les;Hombres;2013;127
17096 Llosses, Les;Hombres;2012;131
17096 Llosses, Les;Hombres;2011;128
17096 Llosses, Les;Hombres;2010;126
17096 Llosses, Les;Hombres;2009;134
17096 Llosses, Les;Hombres;2008;128
17096 Llosses, Les;Hombres;2007;130
17096 Llosses, Les;Hombres;2006;134
17096 Llosses, Les;Hombres;2005;140
17096 Llosses, Les;Hombres;2004;145
17096 Llosses, Les;Hombres;2003;142
17096 Llosses, Les;Hombres;2002;139
17096 Llosses, Les;Hombres;2001;147
17096 Llosses, Les;Hombres;2000;147
17096 Llosses, Les;Hombres;1999;144
17096 Llosses, Les;Hombres;1998;146
17096 Llosses, Les;Hombres;1997;""
17096 Llosses, Les;Hombres;1996;145
17096 Llosses, Les;Mujeres;2025;86
17096 Llosses, Les;Mujeres;2024;84
17096 Llosses, Les;Mujeres;2023;86
17096 Llosses, Les;Mujeres;2022;86
17096 Llosses, Les;Mujeres;2021;87
17096 Llosses, Les;Mujeres;2020;91
17096 Llosses, Les;Mujeres;2019;97
17096 Llosses, Les;Mujeres;2018;97
17096 Llosses, Les;Mujeres;2017;94
17096 Llosses, Les;Mujeres;2016;94
17096 Llosses, Les;Mujeres;2015;97
17096 Llosses, Les;Mujeres;2014;90
17096 Llosses, Les;Mujeres;2013;87
17096 Llosses, Les;Mujeres;2012;93
17096 Llosses, Les;Mujeres;2011;93
17096 Llosses, Les;Mujeres;2010;95
17096 Llosses, Les;Mujeres;2009;100
17096 Llosses, Les;Mujeres;2008;106
17096 Llosses, Les;Mujeres;2007;108
17096 Llosses, Les;Mujeres;2006;112
17096 Llosses, Les;Mujeres;2005;121
17096 Llosses, Les;Mujeres;2004;117
17096 Llosses, Les;Mujeres;2003;120
17096 Llosses, Les;Mujeres;2002;121
17096 Llosses, Les;Mujeres;2001;124
17096 Llosses, Les;Mujeres;2000;128
17096 Llosses, Les;Mujeres;1999;131
17096 Llosses, Les;Mujeres;1998;124
17096 Llosses, Les;Mujeres;1997;""
17096 Llosses, Les;Mujeres;1996;124
17094 Llívia;Total;2025;1.562
17094 Llívia;Total;2024;1.560
17094 Llívia;Total;2023;1.506
17094 Llívia;Total;2022;1.495
17094 Llívia;Total;2021;1.504
17094 Llívia;Total;2020;1.431
17094 Llívia;Total;2019;1.417
17094 Llívia;Total;2018;1.428
17094 Llívia;Total;2017;1.415
17094 Llívia;Total;2016;1.467
17094 Llívia;Total;2015;1.456
17094 Llívia;Total;2014;1.536
17094 Llívia;Total;2013;1.625
17094 Llívia;Total;2012;1.689
17094 Llívia;Total;2011;1.665
17094 Llívia;Total;2010;1.608
17094 Llívia;Total;2009;1.589
17094 Llívia;Total;2008;1.517
17094 Llívia;Total;2007;1.388
17094 Llívia;Total;2006;1.291
17094 Llívia;Total;2005;1.252
17094 Llívia;Total;2004;1.173
17094 Llívia;Total;2003;1.160
17094 Llívia;Total;2002;1.133
17094 Llívia;Total;2001;1.066
17094 Llívia;Total;2000;1.013
17094 Llívia;Total;1999;961
17094 Llívia;Total;1998;975
17094 Llívia;Total;1997;""
17094 Llívia;Total;1996;924
17094 Llívia;Hombres;2025;794
17094 Llívia;Hombres;2024;805
17094 Llívia;Hombres;2023;785
17094 Llívia;Hombres;2022;799
17094 Llívia;Hombres;2021;790
17094 Llívia;Hombres;2020;745
17094 Llívia;Hombres;2019;748
17094 Llívia;Hombres;2018;764
17094 Llívia;Hombres;2017;758
17094 Llívia;Hombres;2016;792
17094 Llívia;Hombres;2015;787
17094 Llívia;Hombres;2014;836
17094 Llívia;Hombres;2013;888
17094 Llívia;Hombres;2012;923
17094 Llívia;Hombres;2011;901
17094 Llívia;Hombres;2010;868
17094 Llívia;Hombres;2009;870
17094 Llívia;Hombres;2008;836
17094 Llívia;Hombres;2007;755
17094 Llívia;Hombres;2006;694
17094 Llívia;Hombres;2005;670
17094 Llívia;Hombres;2004;619
17094 Llívia;Hombres;2003;617
17094 Llívia;Hombres;2002;600
17094 Llívia;Hombres;2001;568
17094 Llívia;Hombres;2000;535
17094 Llívia;Hombres;1999;505
17094 Llívia;Hombres;1998;513
17094 Llívia;Hombres;1997;""
17094 Llívia;Hombres;1996;479
17094 Llívia;Mujeres;2025;768
17094 Llívia;Mujeres;2024;755
17094 Llívia;Mujeres;2023;721
17094 Llívia;Mujeres;2022;696
17094 Llívia;Mujeres;2021;714
17094 Llívia;Mujeres;2020;686
17094 Llívia;Mujeres;2019;669
17094 Llívia;Mujeres;2018;664
17094 Llívia;Mujeres;2017;657
17094 Llívia;Mujeres;2016;675
17094 Llívia;Mujeres;2015;669
17094 Llívia;Mujeres;2014;700
17094 Llívia;Mujeres;2013;737
17094 Llívia;Mujeres;2012;766
17094 Llívia;Mujeres;2011;764
17094 Llívia;Mujeres;2010;740
17094 Llívia;Mujeres;2009;719
17094 Llívia;Mujeres;2008;681
17094 Llívia;Mujeres;2007;633
17094 Llívia;Mujeres;2006;597
17094 Llívia;Mujeres;2005;582
17094 Llívia;Mujeres;2004;554
17094 Llívia;Mujeres;2003;543
17094 Llívia;Mujeres;2002;533
17094 Llívia;Mujeres;2001;498
17094 Llívia;Mujeres;2000;478
17094 Llívia;Mujeres;1999;456
17094 Llívia;Mujeres;1998;462
17094 Llívia;Mujeres;1997;""
17094 Llívia;Mujeres;1996;445
17097 Madremanya;Total;2025;280
17097 Madremanya;Total;2024;289
17097 Madremanya;Total;2023;294
17097 Madremanya;Total;2022;302
17097 Madremanya;Total;2021;296
17097 Madremanya;Total;2020;288
17097 Madremanya;Total;2019;283
17097 Madremanya;Total;2018;282
17097 Madremanya;Total;2017;284
17097 Madremanya;Total;2016;280
17097 Madremanya;Total;2015;276
17097 Madremanya;Total;2014;283
17097 Madremanya;Total;2013;279
17097 Madremanya;Total;2012;266
17097 Madremanya;Total;2011;260
17097 Madremanya;Total;2010;250
17097 Madremanya;Total;2009;238
17097 Madremanya;Total;2008;232
17097 Madremanya;Total;2007;219
17097 Madremanya;Total;2006;222
17097 Madremanya;Total;2005;222
17097 Madremanya;Total;2004;208
17097 Madremanya;Total;2003;188
17097 Madremanya;Total;2002;201
17097 Madremanya;Total;2001;194
17097 Madremanya;Total;2000;185
17097 Madremanya;Total;1999;188
17097 Madremanya;Total;1998;185
17097 Madremanya;Total;1997;""
17097 Madremanya;Total;1996;182
17097 Madremanya;Hombres;2025;144
17097 Madremanya;Hombres;2024;145
17097 Madremanya;Hombres;2023;143
17097 Madremanya;Hombres;2022;148
17097 Madremanya;Hombres;2021;140
17097 Madremanya;Hombres;2020;137
17097 Madremanya;Hombres;2019;138
17097 Madremanya;Hombres;2018;136
17097 Madremanya;Hombres;2017;141
17097 Madremanya;Hombres;2016;141
17097 Madremanya;Hombres;2015;138
17097 Madremanya;Hombres;2014;140
17097 Madremanya;Hombres;2013;134
17097 Madremanya;Hombres;2012;130
17097 Madremanya;Hombres;2011;123
17097 Madremanya;Hombres;2010;120
17097 Madremanya;Hombres;2009;116
17097 Madremanya;Hombres;2008;105
17097 Madremanya;Hombres;2007;102
17097 Madremanya;Hombres;2006;102
17097 Madremanya;Hombres;2005;101
17097 Madremanya;Hombres;2004;92
17097 Madremanya;Hombres;2003;84
17097 Madremanya;Hombres;2002;90
17097 Madremanya;Hombres;2001;88
17097 Madremanya;Hombres;2000;83
17097 Madremanya;Hombres;1999;80
17097 Madremanya;Hombres;1998;79
17097 Madremanya;Hombres;1997;""
17097 Madremanya;Hombres;1996;77
17097 Madremanya;Mujeres;2025;136
17097 Madremanya;Mujeres;2024;144
17097 Madremanya;Mujeres;2023;151
17097 Madremanya;Mujeres;2022;154
17097 Madremanya;Mujeres;2021;156
17097 Madremanya;Mujeres;2020;151
17097 Madremanya;Mujeres;2019;145
17097 Madremanya;Mujeres;2018;146
17097 Madremanya;Mujeres;2017;143
17097 Madremanya;Mujeres;2016;139
17097 Madremanya;Mujeres;2015;138
17097 Madremanya;Mujeres;2014;143
17097 Madremanya;Mujeres;2013;145
17097 Madremanya;Mujeres;2012;136
17097 Madremanya;Mujeres;2011;137
17097 Madremanya;Mujeres;2010;130
17097 Madremanya;Mujeres;2009;122
17097 Madremanya;Mujeres;2008;127
17097 Madremanya;Mujeres;2007;117
17097 Madremanya;Mujeres;2006;120
17097 Madremanya;Mujeres;2005;121
17097 Madremanya;Mujeres;2004;116
17097 Madremanya;Mujeres;2003;104
17097 Madremanya;Mujeres;2002;111
17097 Madremanya;Mujeres;2001;106
17097 Madremanya;Mujeres;2000;102
17097 Madremanya;Mujeres;1999;108
17097 Madremanya;Mujeres;1998;106
17097 Madremanya;Mujeres;1997;""
17097 Madremanya;Mujeres;1996;105
17098 Maià de Montcal;Total;2025;498
17098 Maià de Montcal;Total;2024;491
17098 Maià de Montcal;Total;2023;466
17098 Maià de Montcal;Total;2022;462
17098 Maià de Montcal;Total;2021;469
17098 Maià de Montcal;Total;2020;463
17098 Maià de Montcal;Total;2019;449
17098 Maià de Montcal;Total;2018;413
17098 Maià de Montcal;Total;2017;409
17098 Maià de Montcal;Total;2016;433
17098 Maià de Montcal;Total;2015;446
17098 Maià de Montcal;Total;2014;443
17098 Maià de Montcal;Total;2013;453
17098 Maià de Montcal;Total;2012;443
17098 Maià de Montcal;Total;2011;432
17098 Maià de Montcal;Total;2010;433
17098 Maià de Montcal;Total;2009;410
17098 Maià de Montcal;Total;2008;407
17098 Maià de Montcal;Total;2007;378
17098 Maià de Montcal;Total;2006;379
17098 Maià de Montcal;Total;2005;374
17098 Maià de Montcal;Total;2004;365
17098 Maià de Montcal;Total;2003;346
17098 Maià de Montcal;Total;2002;324
17098 Maià de Montcal;Total;2001;324
17098 Maià de Montcal;Total;2000;321
17098 Maià de Montcal;Total;1999;314
17098 Maià de Montcal;Total;1998;329
17098 Maià de Montcal;Total;1997;""
17098 Maià de Montcal;Total;1996;320
17098 Maià de Montcal;Hombres;2025;266
17098 Maià de Montcal;Hombres;2024;267
17098 Maià de Montcal;Hombres;2023;255
17098 Maià de Montcal;Hombres;2022;255
17098 Maià de Montcal;Hombres;2021;255
17098 Maià de Montcal;Hombres;2020;260
17098 Maià de Montcal;Hombres;2019;251
17098 Maià de Montcal;Hombres;2018;217
17098 Maià de Montcal;Hombres;2017;216
17098 Maià de Montcal;Hombres;2016;228
17098 Maià de Montcal;Hombres;2015;229
17098 Maià de Montcal;Hombres;2014;223
17098 Maià de Montcal;Hombres;2013;230
17098 Maià de Montcal;Hombres;2012;226
17098 Maià de Montcal;Hombres;2011;225
17098 Maià de Montcal;Hombres;2010;225
17098 Maià de Montcal;Hombres;2009;212
17098 Maià de Montcal;Hombres;2008;211
17098 Maià de Montcal;Hombres;2007;194
17098 Maià de Montcal;Hombres;2006;197
17098 Maià de Montcal;Hombres;2005;193
17098 Maià de Montcal;Hombres;2004;193
17098 Maià de Montcal;Hombres;2003;182
17098 Maià de Montcal;Hombres;2002;165
17098 Maià de Montcal;Hombres;2001;164
17098 Maià de Montcal;Hombres;2000;160
17098 Maià de Montcal;Hombres;1999;159
17098 Maià de Montcal;Hombres;1998;166
17098 Maià de Montcal;Hombres;1997;""
17098 Maià de Montcal;Hombres;1996;159
17098 Maià de Montcal;Mujeres;2025;232
17098 Maià de Montcal;Mujeres;2024;224
17098 Maià de Montcal;Mujeres;2023;211
17098 Maià de Montcal;Mujeres;2022;207
17098 Maià de Montcal;Mujeres;2021;214
17098 Maià de Montcal;Mujeres;2020;203
17098 Maià de Montcal;Mujeres;2019;198
17098 Maià de Montcal;Mujeres;2018;196
17098 Maià de Montcal;Mujeres;2017;193
17098 Maià de Montcal;Mujeres;2016;205
17098 Maià de Montcal;Mujeres;2015;217
17098 Maià de Montcal;Mujeres;2014;220
17098 Maià de Montcal;Mujeres;2013;223
17098 Maià de Montcal;Mujeres;2012;217
17098 Maià de Montcal;Mujeres;2011;207
17098 Maià de Montcal;Mujeres;2010;208
17098 Maià de Montcal;Mujeres;2009;198
17098 Maià de Montcal;Mujeres;2008;196
17098 Maià de Montcal;Mujeres;2007;184
17098 Maià de Montcal;Mujeres;2006;182
17098 Maià de Montcal;Mujeres;2005;181
17098 Maià de Montcal;Mujeres;2004;172
17098 Maià de Montcal;Mujeres;2003;164
17098 Maià de Montcal;Mujeres;2002;159
17098 Maià de Montcal;Mujeres;2001;160
17098 Maià de Montcal;Mujeres;2000;161
17098 Maià de Montcal;Mujeres;1999;155
17098 Maià de Montcal;Mujeres;1998;163
17098 Maià de Montcal;Mujeres;1997;""
17098 Maià de Montcal;Mujeres;1996;161
17100 Masarac i Vilarnadal;Total;2025;287
17100 Masarac i Vilarnadal;Total;2024;297
17100 Masarac i Vilarnadal;Total;2023;299
17100 Masarac i Vilarnadal;Total;2022;294
17100 Masarac i Vilarnadal;Total;2021;284
17100 Masarac i Vilarnadal;Total;2020;288
17100 Masarac i Vilarnadal;Total;2019;288
17100 Masarac i Vilarnadal;Total;2018;272
17100 Masarac i Vilarnadal;Total;2017;279
17100 Masarac i Vilarnadal;Total;2016;289
17100 Masarac i Vilarnadal;Total;2015;294
17100 Masarac i Vilarnadal;Total;2014;284
17100 Masarac i Vilarnadal;Total;2013;296
17100 Masarac i Vilarnadal;Total;2012;293
17100 Masarac i Vilarnadal;Total;2011;296
17100 Masarac i Vilarnadal;Total;2010;276
17100 Masarac i Vilarnadal;Total;2009;265
17100 Masarac i Vilarnadal;Total;2008;278
17100 Masarac i Vilarnadal;Total;2007;269
17100 Masarac i Vilarnadal;Total;2006;265
17100 Masarac i Vilarnadal;Total;2005;263
17100 Masarac i Vilarnadal;Total;2004;258
17100 Masarac i Vilarnadal;Total;2003;251
17100 Masarac i Vilarnadal;Total;2002;239
17100 Masarac i Vilarnadal;Total;2001;240
17100 Masarac i Vilarnadal;Total;2000;245
17100 Masarac i Vilarnadal;Total;1999;239
17100 Masarac i Vilarnadal;Total;1998;244
17100 Masarac i Vilarnadal;Total;1997;""
17100 Masarac i Vilarnadal;Total;1996;247
17100 Masarac i Vilarnadal;Hombres;2025;155
17100 Masarac i Vilarnadal;Hombres;2024;161
17100 Masarac i Vilarnadal;Hombres;2023;161
17100 Masarac i Vilarnadal;Hombres;2022;155
17100 Masarac i Vilarnadal;Hombres;2021;149
17100 Masarac i Vilarnadal;Hombres;2020;150
17100 Masarac i Vilarnadal;Hombres;2019;150
17100 Masarac i Vilarnadal;Hombres;2018;140
17100 Masarac i Vilarnadal;Hombres;2017;146
17100 Masarac i Vilarnadal;Hombres;2016;151
17100 Masarac i Vilarnadal;Hombres;2015;154
17100 Masarac i Vilarnadal;Hombres;2014;153
17100 Masarac i Vilarnadal;Hombres;2013;160
17100 Masarac i Vilarnadal;Hombres;2012;160
17100 Masarac i Vilarnadal;Hombres;2011;161
17100 Masarac i Vilarnadal;Hombres;2010;150
17100 Masarac i Vilarnadal;Hombres;2009;144
17100 Masarac i Vilarnadal;Hombres;2008;149
17100 Masarac i Vilarnadal;Hombres;2007;140
17100 Masarac i Vilarnadal;Hombres;2006;133
17100 Masarac i Vilarnadal;Hombres;2005;130
17100 Masarac i Vilarnadal;Hombres;2004;122
17100 Masarac i Vilarnadal;Hombres;2003;119
17100 Masarac i Vilarnadal;Hombres;2002;119
17100 Masarac i Vilarnadal;Hombres;2001;118
17100 Masarac i Vilarnadal;Hombres;2000;119
17100 Masarac i Vilarnadal;Hombres;1999;118
17100 Masarac i Vilarnadal;Hombres;1998;119
17100 Masarac i Vilarnadal;Hombres;1997;""
17100 Masarac i Vilarnadal;Hombres;1996;122
17100 Masarac i Vilarnadal;Mujeres;2025;132
17100 Masarac i Vilarnadal;Mujeres;2024;136
17100 Masarac i Vilarnadal;Mujeres;2023;138
17100 Masarac i Vilarnadal;Mujeres;2022;139
17100 Masarac i Vilarnadal;Mujeres;2021;135
17100 Masarac i Vilarnadal;Mujeres;2020;138
17100 Masarac i Vilarnadal;Mujeres;2019;138
17100 Masarac i Vilarnadal;Mujeres;2018;132
17100 Masarac i Vilarnadal;Mujeres;2017;133
17100 Masarac i Vilarnadal;Mujeres;2016;138
17100 Masarac i Vilarnadal;Mujeres;2015;140
17100 Masarac i Vilarnadal;Mujeres;2014;131
17100 Masarac i Vilarnadal;Mujeres;2013;136
17100 Masarac i Vilarnadal;Mujeres;2012;133
17100 Masarac i Vilarnadal;Mujeres;2011;135
17100 Masarac i Vilarnadal;Mujeres;2010;126
17100 Masarac i Vilarnadal;Mujeres;2009;121
17100 Masarac i Vilarnadal;Mujeres;2008;129
17100 Masarac i Vilarnadal;Mujeres;2007;129
17100 Masarac i Vilarnadal;Mujeres;2006;132
17100 Masarac i Vilarnadal;Mujeres;2005;133
17100 Masarac i Vilarnadal;Mujeres;2004;136
17100 Masarac i Vilarnadal;Mujeres;2003;132
17100 Masarac i Vilarnadal;Mujeres;2002;120
17100 Masarac i Vilarnadal;Mujeres;2001;122
17100 Masarac i Vilarnadal;Mujeres;2000;126
17100 Masarac i Vilarnadal;Mujeres;1999;121
17100 Masarac i Vilarnadal;Mujeres;1998;125
17100 Masarac i Vilarnadal;Mujeres;1997;""
17100 Masarac i Vilarnadal;Mujeres;1996;125
17101 Massanes;Total;2025;882
17101 Massanes;Total;2024;843
17101 Massanes;Total;2023;832
17101 Massanes;Total;2022;825
17101 Massanes;Total;2021;803
17101 Massanes;Total;2020;796
17101 Massanes;Total;2019;761
17101 Massanes;Total;2018;730
17101 Massanes;Total;2017;721
17101 Massanes;Total;2016;742
17101 Massanes;Total;2015;722
17101 Massanes;Total;2014;723
17101 Massanes;Total;2013;708
17101 Massanes;Total;2012;711
17101 Massanes;Total;2011;700
17101 Massanes;Total;2010;726
17101 Massanes;Total;2009;713
17101 Massanes;Total;2008;709
17101 Massanes;Total;2007;693
17101 Massanes;Total;2006;660
17101 Massanes;Total;2005;624
17101 Massanes;Total;2004;588
17101 Massanes;Total;2003;567
17101 Massanes;Total;2002;569
17101 Massanes;Total;2001;549
17101 Massanes;Total;2000;542
17101 Massanes;Total;1999;506
17101 Massanes;Total;1998;492
17101 Massanes;Total;1997;""
17101 Massanes;Total;1996;490
17101 Massanes;Hombres;2025;459
17101 Massanes;Hombres;2024;443
17101 Massanes;Hombres;2023;439
17101 Massanes;Hombres;2022;438
17101 Massanes;Hombres;2021;427
17101 Massanes;Hombres;2020;420
17101 Massanes;Hombres;2019;405
17101 Massanes;Hombres;2018;394
17101 Massanes;Hombres;2017;392
17101 Massanes;Hombres;2016;400
17101 Massanes;Hombres;2015;381
17101 Massanes;Hombres;2014;392
17101 Massanes;Hombres;2013;380
17101 Massanes;Hombres;2012;374
17101 Massanes;Hombres;2011;364
17101 Massanes;Hombres;2010;381
17101 Massanes;Hombres;2009;382
17101 Massanes;Hombres;2008;375
17101 Massanes;Hombres;2007;369
17101 Massanes;Hombres;2006;348
17101 Massanes;Hombres;2005;329
17101 Massanes;Hombres;2004;315
17101 Massanes;Hombres;2003;304
17101 Massanes;Hombres;2002;313
17101 Massanes;Hombres;2001;297
17101 Massanes;Hombres;2000;288
17101 Massanes;Hombres;1999;263
17101 Massanes;Hombres;1998;254
17101 Massanes;Hombres;1997;""
17101 Massanes;Hombres;1996;249
17101 Massanes;Mujeres;2025;423
17101 Massanes;Mujeres;2024;400
17101 Massanes;Mujeres;2023;393
17101 Massanes;Mujeres;2022;387
17101 Massanes;Mujeres;2021;376
17101 Massanes;Mujeres;2020;376
17101 Massanes;Mujeres;2019;356
17101 Massanes;Mujeres;2018;336
17101 Massanes;Mujeres;2017;329
17101 Massanes;Mujeres;2016;342
17101 Massanes;Mujeres;2015;341
17101 Massanes;Mujeres;2014;331
17101 Massanes;Mujeres;2013;328
17101 Massanes;Mujeres;2012;337
17101 Massanes;Mujeres;2011;336
17101 Massanes;Mujeres;2010;345
17101 Massanes;Mujeres;2009;331
17101 Massanes;Mujeres;2008;334
17101 Massanes;Mujeres;2007;324
17101 Massanes;Mujeres;2006;312
17101 Massanes;Mujeres;2005;295
17101 Massanes;Mujeres;2004;273
17101 Massanes;Mujeres;2003;263
17101 Massanes;Mujeres;2002;256
17101 Massanes;Mujeres;2001;252
17101 Massanes;Mujeres;2000;254
17101 Massanes;Mujeres;1999;243
17101 Massanes;Mujeres;1998;238
17101 Massanes;Mujeres;1997;""
17101 Massanes;Mujeres;1996;241
17102 Maçanet de Cabrenys;Total;2025;761
17102 Maçanet de Cabrenys;Total;2024;772
17102 Maçanet de Cabrenys;Total;2023;750
17102 Maçanet de Cabrenys;Total;2022;724
17102 Maçanet de Cabrenys;Total;2021;729
17102 Maçanet de Cabrenys;Total;2020;698
17102 Maçanet de Cabrenys;Total;2019;688
17102 Maçanet de Cabrenys;Total;2018;681
17102 Maçanet de Cabrenys;Total;2017;706
17102 Maçanet de Cabrenys;Total;2016;740
17102 Maçanet de Cabrenys;Total;2015;755
17102 Maçanet de Cabrenys;Total;2014;781
17102 Maçanet de Cabrenys;Total;2013;745
17102 Maçanet de Cabrenys;Total;2012;739
17102 Maçanet de Cabrenys;Total;2011;735
17102 Maçanet de Cabrenys;Total;2010;728
17102 Maçanet de Cabrenys;Total;2009;729
17102 Maçanet de Cabrenys;Total;2008;723
17102 Maçanet de Cabrenys;Total;2007;722
17102 Maçanet de Cabrenys;Total;2006;700
17102 Maçanet de Cabrenys;Total;2005;734
17102 Maçanet de Cabrenys;Total;2004;721
17102 Maçanet de Cabrenys;Total;2003;700
17102 Maçanet de Cabrenys;Total;2002;679
17102 Maçanet de Cabrenys;Total;2001;672
17102 Maçanet de Cabrenys;Total;2000;664
17102 Maçanet de Cabrenys;Total;1999;650
17102 Maçanet de Cabrenys;Total;1998;628
17102 Maçanet de Cabrenys;Total;1997;""
17102 Maçanet de Cabrenys;Total;1996;641
17102 Maçanet de Cabrenys;Hombres;2025;383
17102 Maçanet de Cabrenys;Hombres;2024;391
17102 Maçanet de Cabrenys;Hombres;2023;375
17102 Maçanet de Cabrenys;Hombres;2022;362
17102 Maçanet de Cabrenys;Hombres;2021;367
17102 Maçanet de Cabrenys;Hombres;2020;352
17102 Maçanet de Cabrenys;Hombres;2019;340
17102 Maçanet de Cabrenys;Hombres;2018;336
17102 Maçanet de Cabrenys;Hombres;2017;345
17102 Maçanet de Cabrenys;Hombres;2016;375
17102 Maçanet de Cabrenys;Hombres;2015;379
17102 Maçanet de Cabrenys;Hombres;2014;394
17102 Maçanet de Cabrenys;Hombres;2013;383
17102 Maçanet de Cabrenys;Hombres;2012;378
17102 Maçanet de Cabrenys;Hombres;2011;372
17102 Maçanet de Cabrenys;Hombres;2010;369
17102 Maçanet de Cabrenys;Hombres;2009;366
17102 Maçanet de Cabrenys;Hombres;2008;379
17102 Maçanet de Cabrenys;Hombres;2007;380
17102 Maçanet de Cabrenys;Hombres;2006;366
17102 Maçanet de Cabrenys;Hombres;2005;381
17102 Maçanet de Cabrenys;Hombres;2004;372
17102 Maçanet de Cabrenys;Hombres;2003;361
17102 Maçanet de Cabrenys;Hombres;2002;352
17102 Maçanet de Cabrenys;Hombres;2001;344
17102 Maçanet de Cabrenys;Hombres;2000;342
17102 Maçanet de Cabrenys;Hombres;1999;343
17102 Maçanet de Cabrenys;Hombres;1998;329
17102 Maçanet de Cabrenys;Hombres;1997;""
17102 Maçanet de Cabrenys;Hombres;1996;328
17102 Maçanet de Cabrenys;Mujeres;2025;378
17102 Maçanet de Cabrenys;Mujeres;2024;381
17102 Maçanet de Cabrenys;Mujeres;2023;375
17102 Maçanet de Cabrenys;Mujeres;2022;362
17102 Maçanet de Cabrenys;Mujeres;2021;362
17102 Maçanet de Cabrenys;Mujeres;2020;346
17102 Maçanet de Cabrenys;Mujeres;2019;348
17102 Maçanet de Cabrenys;Mujeres;2018;345
17102 Maçanet de Cabrenys;Mujeres;2017;361
17102 Maçanet de Cabrenys;Mujeres;2016;365
17102 Maçanet de Cabrenys;Mujeres;2015;376
17102 Maçanet de Cabrenys;Mujeres;2014;387
17102 Maçanet de Cabrenys;Mujeres;2013;362
17102 Maçanet de Cabrenys;Mujeres;2012;361
17102 Maçanet de Cabrenys;Mujeres;2011;363
17102 Maçanet de Cabrenys;Mujeres;2010;359
17102 Maçanet de Cabrenys;Mujeres;2009;363
17102 Maçanet de Cabrenys;Mujeres;2008;344
17102 Maçanet de Cabrenys;Mujeres;2007;342
17102 Maçanet de Cabrenys;Mujeres;2006;334
17102 Maçanet de Cabrenys;Mujeres;2005;353
17102 Maçanet de Cabrenys;Mujeres;2004;349
17102 Maçanet de Cabrenys;Mujeres;2003;339
17102 Maçanet de Cabrenys;Mujeres;2002;327
17102 Maçanet de Cabrenys;Mujeres;2001;328
17102 Maçanet de Cabrenys;Mujeres;2000;322
17102 Maçanet de Cabrenys;Mujeres;1999;307
17102 Maçanet de Cabrenys;Mujeres;1998;299
17102 Maçanet de Cabrenys;Mujeres;1997;""
17102 Maçanet de Cabrenys;Mujeres;1996;313
17103 Maçanet de la Selva;Total;2025;8.071
17103 Maçanet de la Selva;Total;2024;7.962
17103 Maçanet de la Selva;Total;2023;7.823
17103 Maçanet de la Selva;Total;2022;7.572
17103 Maçanet de la Selva;Total;2021;7.349
17103 Maçanet de la Selva;Total;2020;7.066
17103 Maçanet de la Selva;Total;2019;7.006
17103 Maçanet de la Selva;Total;2018;6.919
17103 Maçanet de la Selva;Total;2017;6.822
17103 Maçanet de la Selva;Total;2016;6.819
17103 Maçanet de la Selva;Total;2015;6.887
17103 Maçanet de la Selva;Total;2014;6.963
17103 Maçanet de la Selva;Total;2013;7.202
17103 Maçanet de la Selva;Total;2012;7.175
17103 Maçanet de la Selva;Total;2011;7.099
17103 Maçanet de la Selva;Total;2010;7.020
17103 Maçanet de la Selva;Total;2009;6.871
17103 Maçanet de la Selva;Total;2008;6.611
17103 Maçanet de la Selva;Total;2007;6.254
17103 Maçanet de la Selva;Total;2006;5.712
17103 Maçanet de la Selva;Total;2005;5.354
17103 Maçanet de la Selva;Total;2004;4.913
17103 Maçanet de la Selva;Total;2003;4.524
17103 Maçanet de la Selva;Total;2002;4.194
17103 Maçanet de la Selva;Total;2001;3.973
17103 Maçanet de la Selva;Total;2000;3.814
17103 Maçanet de la Selva;Total;1999;3.672
17103 Maçanet de la Selva;Total;1998;3.472
17103 Maçanet de la Selva;Total;1997;""
17103 Maçanet de la Selva;Total;1996;3.263
17103 Maçanet de la Selva;Hombres;2025;4.166
17103 Maçanet de la Selva;Hombres;2024;4.113
17103 Maçanet de la Selva;Hombres;2023;4.035
17103 Maçanet de la Selva;Hombres;2022;3.915
17103 Maçanet de la Selva;Hombres;2021;3.796
17103 Maçanet de la Selva;Hombres;2020;3.636
17103 Maçanet de la Selva;Hombres;2019;3.598
17103 Maçanet de la Selva;Hombres;2018;3.561
17103 Maçanet de la Selva;Hombres;2017;3.530
17103 Maçanet de la Selva;Hombres;2016;3.507
17103 Maçanet de la Selva;Hombres;2015;3.527
17103 Maçanet de la Selva;Hombres;2014;3.567
17103 Maçanet de la Selva;Hombres;2013;3.675
17103 Maçanet de la Selva;Hombres;2012;3.693
17103 Maçanet de la Selva;Hombres;2011;3.653
17103 Maçanet de la Selva;Hombres;2010;3.619
17103 Maçanet de la Selva;Hombres;2009;3.553
17103 Maçanet de la Selva;Hombres;2008;3.446
17103 Maçanet de la Selva;Hombres;2007;3.225
17103 Maçanet de la Selva;Hombres;2006;2.925
17103 Maçanet de la Selva;Hombres;2005;2.765
17103 Maçanet de la Selva;Hombres;2004;2.532
17103 Maçanet de la Selva;Hombres;2003;2.308
17103 Maçanet de la Selva;Hombres;2002;2.148
17103 Maçanet de la Selva;Hombres;2001;2.034
17103 Maçanet de la Selva;Hombres;2000;1.953
17103 Maçanet de la Selva;Hombres;1999;1.880
17103 Maçanet de la Selva;Hombres;1998;1.763
17103 Maçanet de la Selva;Hombres;1997;""
17103 Maçanet de la Selva;Hombres;1996;1.652
17103 Maçanet de la Selva;Mujeres;2025;3.905
17103 Maçanet de la Selva;Mujeres;2024;3.849
17103 Maçanet de la Selva;Mujeres;2023;3.788
17103 Maçanet de la Selva;Mujeres;2022;3.657
17103 Maçanet de la Selva;Mujeres;2021;3.553
17103 Maçanet de la Selva;Mujeres;2020;3.430
17103 Maçanet de la Selva;Mujeres;2019;3.408
17103 Maçanet de la Selva;Mujeres;2018;3.358
17103 Maçanet de la Selva;Mujeres;2017;3.292
17103 Maçanet de la Selva;Mujeres;2016;3.312
17103 Maçanet de la Selva;Mujeres;2015;3.360
17103 Maçanet de la Selva;Mujeres;2014;3.396
17103 Maçanet de la Selva;Mujeres;2013;3.527
17103 Maçanet de la Selva;Mujeres;2012;3.482
17103 Maçanet de la Selva;Mujeres;2011;3.446
17103 Maçanet de la Selva;Mujeres;2010;3.401
17103 Maçanet de la Selva;Mujeres;2009;3.318
17103 Maçanet de la Selva;Mujeres;2008;3.165
17103 Maçanet de la Selva;Mujeres;2007;3.029
17103 Maçanet de la Selva;Mujeres;2006;2.787
17103 Maçanet de la Selva;Mujeres;2005;2.589
17103 Maçanet de la Selva;Mujeres;2004;2.381
17103 Maçanet de la Selva;Mujeres;2003;2.216
17103 Maçanet de la Selva;Mujeres;2002;2.046
17103 Maçanet de la Selva;Mujeres;2001;1.939
17103 Maçanet de la Selva;Mujeres;2000;1.861
17103 Maçanet de la Selva;Mujeres;1999;1.792
17103 Maçanet de la Selva;Mujeres;1998;1.709
17103 Maçanet de la Selva;Mujeres;1997;""
17103 Maçanet de la Selva;Mujeres;1996;1.611
17099 Meranges;Total;2025;111
17099 Meranges;Total;2024;112
17099 Meranges;Total;2023;114
17099 Meranges;Total;2022;111
17099 Meranges;Total;2021;97
17099 Meranges;Total;2020;100
17099 Meranges;Total;2019;104
17099 Meranges;Total;2018;98
17099 Meranges;Total;2017;99
17099 Meranges;Total;2016;99
17099 Meranges;Total;2015;100
17099 Meranges;Total;2014;94
17099 Meranges;Total;2013;100
17099 Meranges;Total;2012;91
17099 Meranges;Total;2011;96
17099 Meranges;Total;2010;89
17099 Meranges;Total;2009;93
17099 Meranges;Total;2008;83
17099 Meranges;Total;2007;87
17099 Meranges;Total;2006;86
17099 Meranges;Total;2005;88
17099 Meranges;Total;2004;85
17099 Meranges;Total;2003;81
17099 Meranges;Total;2002;80
17099 Meranges;Total;2001;83
17099 Meranges;Total;2000;83
17099 Meranges;Total;1999;80
17099 Meranges;Total;1998;73
17099 Meranges;Total;1997;""
17099 Meranges;Total;1996;70
17099 Meranges;Hombres;2025;60
17099 Meranges;Hombres;2024;63
17099 Meranges;Hombres;2023;63
17099 Meranges;Hombres;2022;61
17099 Meranges;Hombres;2021;53
17099 Meranges;Hombres;2020;55
17099 Meranges;Hombres;2019;58
17099 Meranges;Hombres;2018;58
17099 Meranges;Hombres;2017;61
17099 Meranges;Hombres;2016;59
17099 Meranges;Hombres;2015;58
17099 Meranges;Hombres;2014;53
17099 Meranges;Hombres;2013;56
17099 Meranges;Hombres;2012;51
17099 Meranges;Hombres;2011;54
17099 Meranges;Hombres;2010;50
17099 Meranges;Hombres;2009;53
17099 Meranges;Hombres;2008;51
17099 Meranges;Hombres;2007;55
17099 Meranges;Hombres;2006;53
17099 Meranges;Hombres;2005;54
17099 Meranges;Hombres;2004;54
17099 Meranges;Hombres;2003;50
17099 Meranges;Hombres;2002;50
17099 Meranges;Hombres;2001;50
17099 Meranges;Hombres;2000;49
17099 Meranges;Hombres;1999;47
17099 Meranges;Hombres;1998;43
17099 Meranges;Hombres;1997;""
17099 Meranges;Hombres;1996;41
17099 Meranges;Mujeres;2025;51
17099 Meranges;Mujeres;2024;49
17099 Meranges;Mujeres;2023;51
17099 Meranges;Mujeres;2022;50
17099 Meranges;Mujeres;2021;44
17099 Meranges;Mujeres;2020;45
17099 Meranges;Mujeres;2019;46
17099 Meranges;Mujeres;2018;40
17099 Meranges;Mujeres;2017;38
17099 Meranges;Mujeres;2016;40
17099 Meranges;Mujeres;2015;42
17099 Meranges;Mujeres;2014;41
17099 Meranges;Mujeres;2013;44
17099 Meranges;Mujeres;2012;40
17099 Meranges;Mujeres;2011;42
17099 Meranges;Mujeres;2010;39
17099 Meranges;Mujeres;2009;40
17099 Meranges;Mujeres;2008;32
17099 Meranges;Mujeres;2007;32
17099 Meranges;Mujeres;2006;33
17099 Meranges;Mujeres;2005;34
17099 Meranges;Mujeres;2004;31
17099 Meranges;Mujeres;2003;31
17099 Meranges;Mujeres;2002;30
17099 Meranges;Mujeres;2001;33
17099 Meranges;Mujeres;2000;34
17099 Meranges;Mujeres;1999;33
17099 Meranges;Mujeres;1998;30
17099 Meranges;Mujeres;1997;""
17099 Meranges;Mujeres;1996;29
17105 Mieres;Total;2025;369
17105 Mieres;Total;2024;349
17105 Mieres;Total;2023;353
17105 Mieres;Total;2022;341
17105 Mieres;Total;2021;349
17105 Mieres;Total;2020;345
17105 Mieres;Total;2019;318
17105 Mieres;Total;2018;312
17105 Mieres;Total;2017;318
17105 Mieres;Total;2016;317
17105 Mieres;Total;2015;330
17105 Mieres;Total;2014;326
17105 Mieres;Total;2013;337
17105 Mieres;Total;2012;333
17105 Mieres;Total;2011;335
17105 Mieres;Total;2010;330
17105 Mieres;Total;2009;344
17105 Mieres;Total;2008;346
17105 Mieres;Total;2007;320
17105 Mieres;Total;2006;331
17105 Mieres;Total;2005;352
17105 Mieres;Total;2004;356
17105 Mieres;Total;2003;347
17105 Mieres;Total;2002;333
17105 Mieres;Total;2001;333
17105 Mieres;Total;2000;336
17105 Mieres;Total;1999;334
17105 Mieres;Total;1998;318
17105 Mieres;Total;1997;""
17105 Mieres;Total;1996;300
17105 Mieres;Hombres;2025;189
17105 Mieres;Hombres;2024;178
17105 Mieres;Hombres;2023;174
17105 Mieres;Hombres;2022;174
17105 Mieres;Hombres;2021;178
17105 Mieres;Hombres;2020;176
17105 Mieres;Hombres;2019;160
17105 Mieres;Hombres;2018;159
17105 Mieres;Hombres;2017;162
17105 Mieres;Hombres;2016;161
17105 Mieres;Hombres;2015;169
17105 Mieres;Hombres;2014;165
17105 Mieres;Hombres;2013;173
17105 Mieres;Hombres;2012;174
17105 Mieres;Hombres;2011;172
17105 Mieres;Hombres;2010;171
17105 Mieres;Hombres;2009;175
17105 Mieres;Hombres;2008;181
17105 Mieres;Hombres;2007;172
17105 Mieres;Hombres;2006;175
17105 Mieres;Hombres;2005;183
17105 Mieres;Hombres;2004;184
17105 Mieres;Hombres;2003;181
17105 Mieres;Hombres;2002;171
17105 Mieres;Hombres;2001;173
17105 Mieres;Hombres;2000;163
17105 Mieres;Hombres;1999;171
17105 Mieres;Hombres;1998;166
17105 Mieres;Hombres;1997;""
17105 Mieres;Hombres;1996;156
17105 Mieres;Mujeres;2025;180
17105 Mieres;Mujeres;2024;171
17105 Mieres;Mujeres;2023;179
17105 Mieres;Mujeres;2022;167
17105 Mieres;Mujeres;2021;171
17105 Mieres;Mujeres;2020;169
17105 Mieres;Mujeres;2019;158
17105 Mieres;Mujeres;2018;153
17105 Mieres;Mujeres;2017;156
17105 Mieres;Mujeres;2016;156
17105 Mieres;Mujeres;2015;161
17105 Mieres;Mujeres;2014;161
17105 Mieres;Mujeres;2013;164
17105 Mieres;Mujeres;2012;159
17105 Mieres;Mujeres;2011;163
17105 Mieres;Mujeres;2010;159
17105 Mieres;Mujeres;2009;169
17105 Mieres;Mujeres;2008;165
17105 Mieres;Mujeres;2007;148
17105 Mieres;Mujeres;2006;156
17105 Mieres;Mujeres;2005;169
17105 Mieres;Mujeres;2004;172
17105 Mieres;Mujeres;2003;166
17105 Mieres;Mujeres;2002;162
17105 Mieres;Mujeres;2001;160
17105 Mieres;Mujeres;2000;173
17105 Mieres;Mujeres;1999;163
17105 Mieres;Mujeres;1998;152
17105 Mieres;Mujeres;1997;""
17105 Mieres;Mujeres;1996;144
17106 Mollet de Peralada;Total;2025;202
17106 Mollet de Peralada;Total;2024;215
17106 Mollet de Peralada;Total;2023;215
17106 Mollet de Peralada;Total;2022;202
17106 Mollet de Peralada;Total;2021;197
17106 Mollet de Peralada;Total;2020;198
17106 Mollet de Peralada;Total;2019;189
17106 Mollet de Peralada;Total;2018;190
17106 Mollet de Peralada;Total;2017;186
17106 Mollet de Peralada;Total;2016;180
17106 Mollet de Peralada;Total;2015;180
17106 Mollet de Peralada;Total;2014;182
17106 Mollet de Peralada;Total;2013;174
17106 Mollet de Peralada;Total;2012;180
17106 Mollet de Peralada;Total;2011;178
17106 Mollet de Peralada;Total;2010;170
17106 Mollet de Peralada;Total;2009;174
17106 Mollet de Peralada;Total;2008;171
17106 Mollet de Peralada;Total;2007;174
17106 Mollet de Peralada;Total;2006;172
17106 Mollet de Peralada;Total;2005;175
17106 Mollet de Peralada;Total;2004;174
17106 Mollet de Peralada;Total;2003;172
17106 Mollet de Peralada;Total;2002;190
17106 Mollet de Peralada;Total;2001;187
17106 Mollet de Peralada;Total;2000;189
17106 Mollet de Peralada;Total;1999;184
17106 Mollet de Peralada;Total;1998;180
17106 Mollet de Peralada;Total;1997;""
17106 Mollet de Peralada;Total;1996;183
17106 Mollet de Peralada;Hombres;2025;104
17106 Mollet de Peralada;Hombres;2024;112
17106 Mollet de Peralada;Hombres;2023;112
17106 Mollet de Peralada;Hombres;2022;104
17106 Mollet de Peralada;Hombres;2021;106
17106 Mollet de Peralada;Hombres;2020;104
17106 Mollet de Peralada;Hombres;2019;96
17106 Mollet de Peralada;Hombres;2018;98
17106 Mollet de Peralada;Hombres;2017;98
17106 Mollet de Peralada;Hombres;2016;98
17106 Mollet de Peralada;Hombres;2015;95
17106 Mollet de Peralada;Hombres;2014;96
17106 Mollet de Peralada;Hombres;2013;91
17106 Mollet de Peralada;Hombres;2012;91
17106 Mollet de Peralada;Hombres;2011;87
17106 Mollet de Peralada;Hombres;2010;86
17106 Mollet de Peralada;Hombres;2009;89
17106 Mollet de Peralada;Hombres;2008;86
17106 Mollet de Peralada;Hombres;2007;87
17106 Mollet de Peralada;Hombres;2006;85
17106 Mollet de Peralada;Hombres;2005;87
17106 Mollet de Peralada;Hombres;2004;90
17106 Mollet de Peralada;Hombres;2003;90
17106 Mollet de Peralada;Hombres;2002;100
17106 Mollet de Peralada;Hombres;2001;101
17106 Mollet de Peralada;Hombres;2000;104
17106 Mollet de Peralada;Hombres;1999;100
17106 Mollet de Peralada;Hombres;1998;98
17106 Mollet de Peralada;Hombres;1997;""
17106 Mollet de Peralada;Hombres;1996;97
17106 Mollet de Peralada;Mujeres;2025;98
17106 Mollet de Peralada;Mujeres;2024;103
17106 Mollet de Peralada;Mujeres;2023;103
17106 Mollet de Peralada;Mujeres;2022;98
17106 Mollet de Peralada;Mujeres;2021;91
17106 Mollet de Peralada;Mujeres;2020;94
17106 Mollet de Peralada;Mujeres;2019;93
17106 Mollet de Peralada;Mujeres;2018;92
17106 Mollet de Peralada;Mujeres;2017;88
17106 Mollet de Peralada;Mujeres;2016;82
17106 Mollet de Peralada;Mujeres;2015;85
17106 Mollet de Peralada;Mujeres;2014;86
17106 Mollet de Peralada;Mujeres;2013;83
17106 Mollet de Peralada;Mujeres;2012;89
17106 Mollet de Peralada;Mujeres;2011;91
17106 Mollet de Peralada;Mujeres;2010;84
17106 Mollet de Peralada;Mujeres;2009;85
17106 Mollet de Peralada;Mujeres;2008;85
17106 Mollet de Peralada;Mujeres;2007;87
17106 Mollet de Peralada;Mujeres;2006;87
17106 Mollet de Peralada;Mujeres;2005;88
17106 Mollet de Peralada;Mujeres;2004;84
17106 Mollet de Peralada;Mujeres;2003;82
17106 Mollet de Peralada;Mujeres;2002;90
17106 Mollet de Peralada;Mujeres;2001;86
17106 Mollet de Peralada;Mujeres;2000;85
17106 Mollet de Peralada;Mujeres;1999;84
17106 Mollet de Peralada;Mujeres;1998;82
17106 Mollet de Peralada;Mujeres;1997;""
17106 Mollet de Peralada;Mujeres;1996;86
17107 Molló;Total;2025;351
17107 Molló;Total;2024;374
17107 Molló;Total;2023;376
17107 Molló;Total;2022;365
17107 Molló;Total;2021;347
17107 Molló;Total;2020;336
17107 Molló;Total;2019;337
17107 Molló;Total;2018;328
17107 Molló;Total;2017;342
17107 Molló;Total;2016;335
17107 Molló;Total;2015;330
17107 Molló;Total;2014;339
17107 Molló;Total;2013;356
17107 Molló;Total;2012;350
17107 Molló;Total;2011;358
17107 Molló;Total;2010;354
17107 Molló;Total;2009;360
17107 Molló;Total;2008;349
17107 Molló;Total;2007;340
17107 Molló;Total;2006;329
17107 Molló;Total;2005;336
17107 Molló;Total;2004;343
17107 Molló;Total;2003;333
17107 Molló;Total;2002;322
17107 Molló;Total;2001;335
17107 Molló;Total;2000;339
17107 Molló;Total;1999;343
17107 Molló;Total;1998;338
17107 Molló;Total;1997;""
17107 Molló;Total;1996;333
17107 Molló;Hombres;2025;163
17107 Molló;Hombres;2024;176
17107 Molló;Hombres;2023;181
17107 Molló;Hombres;2022;173
17107 Molló;Hombres;2021;167
17107 Molló;Hombres;2020;166
17107 Molló;Hombres;2019;162
17107 Molló;Hombres;2018;159
17107 Molló;Hombres;2017;164
17107 Molló;Hombres;2016;163
17107 Molló;Hombres;2015;160
17107 Molló;Hombres;2014;165
17107 Molló;Hombres;2013;171
17107 Molló;Hombres;2012;171
17107 Molló;Hombres;2011;175
17107 Molló;Hombres;2010;176
17107 Molló;Hombres;2009;179
17107 Molló;Hombres;2008;171
17107 Molló;Hombres;2007;168
17107 Molló;Hombres;2006;165
17107 Molló;Hombres;2005;174
17107 Molló;Hombres;2004;174
17107 Molló;Hombres;2003;167
17107 Molló;Hombres;2002;163
17107 Molló;Hombres;2001;172
17107 Molló;Hombres;2000;174
17107 Molló;Hombres;1999;176
17107 Molló;Hombres;1998;173
17107 Molló;Hombres;1997;""
17107 Molló;Hombres;1996;176
17107 Molló;Mujeres;2025;188
17107 Molló;Mujeres;2024;198
17107 Molló;Mujeres;2023;195
17107 Molló;Mujeres;2022;192
17107 Molló;Mujeres;2021;180
17107 Molló;Mujeres;2020;170
17107 Molló;Mujeres;2019;175
17107 Molló;Mujeres;2018;169
17107 Molló;Mujeres;2017;178
17107 Molló;Mujeres;2016;172
17107 Molló;Mujeres;2015;170
17107 Molló;Mujeres;2014;174
17107 Molló;Mujeres;2013;185
17107 Molló;Mujeres;2012;179
17107 Molló;Mujeres;2011;183
17107 Molló;Mujeres;2010;178
17107 Molló;Mujeres;2009;181
17107 Molló;Mujeres;2008;178
17107 Molló;Mujeres;2007;172
17107 Molló;Mujeres;2006;164
17107 Molló;Mujeres;2005;162
17107 Molló;Mujeres;2004;169
17107 Molló;Mujeres;2003;166
17107 Molló;Mujeres;2002;159
17107 Molló;Mujeres;2001;163
17107 Molló;Mujeres;2000;165
17107 Molló;Mujeres;1999;167
17107 Molló;Mujeres;1998;165
17107 Molló;Mujeres;1997;""
17107 Molló;Mujeres;1996;157
17110 Mont-ras;Total;2025;1.690
17110 Mont-ras;Total;2024;1.690
17110 Mont-ras;Total;2023;1.671
17110 Mont-ras;Total;2022;1.676
17110 Mont-ras;Total;2021;1.672
17110 Mont-ras;Total;2020;1.680
17110 Mont-ras;Total;2019;1.679
17110 Mont-ras;Total;2018;1.691
17110 Mont-ras;Total;2017;1.725
17110 Mont-ras;Total;2016;1.690
17110 Mont-ras;Total;2015;1.710
17110 Mont-ras;Total;2014;1.739
17110 Mont-ras;Total;2013;1.785
17110 Mont-ras;Total;2012;1.818
17110 Mont-ras;Total;2011;1.833
17110 Mont-ras;Total;2010;1.821
17110 Mont-ras;Total;2009;1.847
17110 Mont-ras;Total;2008;1.838
17110 Mont-ras;Total;2007;1.859
17110 Mont-ras;Total;2006;1.841
17110 Mont-ras;Total;2005;1.826
17110 Mont-ras;Total;2004;1.761
17110 Mont-ras;Total;2003;1.749
17110 Mont-ras;Total;2002;1.684
17110 Mont-ras;Total;2001;1.675
17110 Mont-ras;Total;2000;1.644
17110 Mont-ras;Total;1999;1.599
17110 Mont-ras;Total;1998;1.541
17110 Mont-ras;Total;1997;""
17110 Mont-ras;Total;1996;1.500
17110 Mont-ras;Hombres;2025;853
17110 Mont-ras;Hombres;2024;861
17110 Mont-ras;Hombres;2023;844
17110 Mont-ras;Hombres;2022;848
17110 Mont-ras;Hombres;2021;851
17110 Mont-ras;Hombres;2020;851
17110 Mont-ras;Hombres;2019;846
17110 Mont-ras;Hombres;2018;858
17110 Mont-ras;Hombres;2017;871
17110 Mont-ras;Hombres;2016;853
17110 Mont-ras;Hombres;2015;859
17110 Mont-ras;Hombres;2014;867
17110 Mont-ras;Hombres;2013;892
17110 Mont-ras;Hombres;2012;911
17110 Mont-ras;Hombres;2011;927
17110 Mont-ras;Hombres;2010;933
17110 Mont-ras;Hombres;2009;954
17110 Mont-ras;Hombres;2008;956
17110 Mont-ras;Hombres;2007;967
17110 Mont-ras;Hombres;2006;967
17110 Mont-ras;Hombres;2005;961
17110 Mont-ras;Hombres;2004;913
17110 Mont-ras;Hombres;2003;914
17110 Mont-ras;Hombres;2002;881
17110 Mont-ras;Hombres;2001;887
17110 Mont-ras;Hombres;2000;871
17110 Mont-ras;Hombres;1999;850
17110 Mont-ras;Hombres;1998;821
17110 Mont-ras;Hombres;1997;""
17110 Mont-ras;Hombres;1996;789
17110 Mont-ras;Mujeres;2025;837
17110 Mont-ras;Mujeres;2024;829
17110 Mont-ras;Mujeres;2023;827
17110 Mont-ras;Mujeres;2022;828
17110 Mont-ras;Mujeres;2021;821
17110 Mont-ras;Mujeres;2020;829
17110 Mont-ras;Mujeres;2019;833
17110 Mont-ras;Mujeres;2018;833
17110 Mont-ras;Mujeres;2017;854
17110 Mont-ras;Mujeres;2016;837
17110 Mont-ras;Mujeres;2015;851
17110 Mont-ras;Mujeres;2014;872
17110 Mont-ras;Mujeres;2013;893
17110 Mont-ras;Mujeres;2012;907
17110 Mont-ras;Mujeres;2011;906
17110 Mont-ras;Mujeres;2010;888
17110 Mont-ras;Mujeres;2009;893
17110 Mont-ras;Mujeres;2008;882
17110 Mont-ras;Mujeres;2007;892
17110 Mont-ras;Mujeres;2006;874
17110 Mont-ras;Mujeres;2005;865
17110 Mont-ras;Mujeres;2004;848
17110 Mont-ras;Mujeres;2003;835
17110 Mont-ras;Mujeres;2002;803
17110 Mont-ras;Mujeres;2001;788
17110 Mont-ras;Mujeres;2000;773
17110 Mont-ras;Mujeres;1999;749
17110 Mont-ras;Mujeres;1998;720
17110 Mont-ras;Mujeres;1997;""
17110 Mont-ras;Mujeres;1996;711
17109 Montagut i Oix;Total;2025;1.011
17109 Montagut i Oix;Total;2024;1.000
17109 Montagut i Oix;Total;2023;979
17109 Montagut i Oix;Total;2022;958
17109 Montagut i Oix;Total;2021;951
17109 Montagut i Oix;Total;2020;930
17109 Montagut i Oix;Total;2019;916
17109 Montagut i Oix;Total;2018;899
17109 Montagut i Oix;Total;2017;919
17109 Montagut i Oix;Total;2016;929
17109 Montagut i Oix;Total;2015;949
17109 Montagut i Oix;Total;2014;970
17109 Montagut i Oix;Total;2013;957
17109 Montagut i Oix;Total;2012;978
17109 Montagut i Oix;Total;2011;983
17109 Montagut i Oix;Total;2010;989
17109 Montagut i Oix;Total;2009;971
17109 Montagut i Oix;Total;2008;960
17109 Montagut i Oix;Total;2007;940
17109 Montagut i Oix;Total;2006;903
17109 Montagut i Oix;Total;2005;875
17109 Montagut i Oix;Total;2004;858
17109 Montagut i Oix;Total;2003;839
17109 Montagut i Oix;Total;2002;826
17109 Montagut i Oix;Total;2001;784
17109 Montagut i Oix;Total;2000;792
17109 Montagut i Oix;Total;1999;781
17109 Montagut i Oix;Total;1998;801
17109 Montagut i Oix;Total;1997;""
17109 Montagut i Oix;Total;1996;771
17109 Montagut i Oix;Hombres;2025;529
17109 Montagut i Oix;Hombres;2024;518
17109 Montagut i Oix;Hombres;2023;512
17109 Montagut i Oix;Hombres;2022;509
17109 Montagut i Oix;Hombres;2021;495
17109 Montagut i Oix;Hombres;2020;481
17109 Montagut i Oix;Hombres;2019;475
17109 Montagut i Oix;Hombres;2018;475
17109 Montagut i Oix;Hombres;2017;486
17109 Montagut i Oix;Hombres;2016;485
17109 Montagut i Oix;Hombres;2015;498
17109 Montagut i Oix;Hombres;2014;507
17109 Montagut i Oix;Hombres;2013;506
17109 Montagut i Oix;Hombres;2012;516
17109 Montagut i Oix;Hombres;2011;517
17109 Montagut i Oix;Hombres;2010;513
17109 Montagut i Oix;Hombres;2009;510
17109 Montagut i Oix;Hombres;2008;500
17109 Montagut i Oix;Hombres;2007;492
17109 Montagut i Oix;Hombres;2006;468
17109 Montagut i Oix;Hombres;2005;455
17109 Montagut i Oix;Hombres;2004;445
17109 Montagut i Oix;Hombres;2003;434
17109 Montagut i Oix;Hombres;2002;424
17109 Montagut i Oix;Hombres;2001;403
17109 Montagut i Oix;Hombres;2000;409
17109 Montagut i Oix;Hombres;1999;405
17109 Montagut i Oix;Hombres;1998;412
17109 Montagut i Oix;Hombres;1997;""
17109 Montagut i Oix;Hombres;1996;403
17109 Montagut i Oix;Mujeres;2025;482
17109 Montagut i Oix;Mujeres;2024;482
17109 Montagut i Oix;Mujeres;2023;467
17109 Montagut i Oix;Mujeres;2022;449
17109 Montagut i Oix;Mujeres;2021;456
17109 Montagut i Oix;Mujeres;2020;449
17109 Montagut i Oix;Mujeres;2019;441
17109 Montagut i Oix;Mujeres;2018;424
17109 Montagut i Oix;Mujeres;2017;433
17109 Montagut i Oix;Mujeres;2016;444
17109 Montagut i Oix;Mujeres;2015;451
17109 Montagut i Oix;Mujeres;2014;463
17109 Montagut i Oix;Mujeres;2013;451
17109 Montagut i Oix;Mujeres;2012;462
17109 Montagut i Oix;Mujeres;2011;466
17109 Montagut i Oix;Mujeres;2010;476
17109 Montagut i Oix;Mujeres;2009;461
17109 Montagut i Oix;Mujeres;2008;460
17109 Montagut i Oix;Mujeres;2007;448
17109 Montagut i Oix;Mujeres;2006;435
17109 Montagut i Oix;Mujeres;2005;420
17109 Montagut i Oix;Mujeres;2004;413
17109 Montagut i Oix;Mujeres;2003;405
17109 Montagut i Oix;Mujeres;2002;402
17109 Montagut i Oix;Mujeres;2001;381
17109 Montagut i Oix;Mujeres;2000;383
17109 Montagut i Oix;Mujeres;1999;376
17109 Montagut i Oix;Mujeres;1998;389
17109 Montagut i Oix;Mujeres;1997;""
17109 Montagut i Oix;Mujeres;1996;368
17111 Navata;Total;2025;1.507
17111 Navata;Total;2024;1.469
17111 Navata;Total;2023;1.465
17111 Navata;Total;2022;1.465
17111 Navata;Total;2021;1.434
17111 Navata;Total;2020;1.427
17111 Navata;Total;2019;1.381
17111 Navata;Total;2018;1.313
17111 Navata;Total;2017;1.307
17111 Navata;Total;2016;1.329
17111 Navata;Total;2015;1.323
17111 Navata;Total;2014;1.262
17111 Navata;Total;2013;1.258
17111 Navata;Total;2012;1.254
17111 Navata;Total;2011;1.227
17111 Navata;Total;2010;1.158
17111 Navata;Total;2009;1.128
17111 Navata;Total;2008;1.080
17111 Navata;Total;2007;1.023
17111 Navata;Total;2006;980
17111 Navata;Total;2005;882
17111 Navata;Total;2004;826
17111 Navata;Total;2003;793
17111 Navata;Total;2002;753
17111 Navata;Total;2001;720
17111 Navata;Total;2000;708
17111 Navata;Total;1999;670
17111 Navata;Total;1998;663
17111 Navata;Total;1997;""
17111 Navata;Total;1996;685
17111 Navata;Hombres;2025;753
17111 Navata;Hombres;2024;726
17111 Navata;Hombres;2023;719
17111 Navata;Hombres;2022;718
17111 Navata;Hombres;2021;698
17111 Navata;Hombres;2020;692
17111 Navata;Hombres;2019;671
17111 Navata;Hombres;2018;647
17111 Navata;Hombres;2017;646
17111 Navata;Hombres;2016;652
17111 Navata;Hombres;2015;652
17111 Navata;Hombres;2014;626
17111 Navata;Hombres;2013;624
17111 Navata;Hombres;2012;625
17111 Navata;Hombres;2011;613
17111 Navata;Hombres;2010;575
17111 Navata;Hombres;2009;566
17111 Navata;Hombres;2008;546
17111 Navata;Hombres;2007;513
17111 Navata;Hombres;2006;488
17111 Navata;Hombres;2005;433
17111 Navata;Hombres;2004;409
17111 Navata;Hombres;2003;394
17111 Navata;Hombres;2002;379
17111 Navata;Hombres;2001;358
17111 Navata;Hombres;2000;349
17111 Navata;Hombres;1999;332
17111 Navata;Hombres;1998;326
17111 Navata;Hombres;1997;""
17111 Navata;Hombres;1996;337
17111 Navata;Mujeres;2025;754
17111 Navata;Mujeres;2024;743
17111 Navata;Mujeres;2023;746
17111 Navata;Mujeres;2022;747
17111 Navata;Mujeres;2021;736
17111 Navata;Mujeres;2020;735
17111 Navata;Mujeres;2019;710
17111 Navata;Mujeres;2018;666
17111 Navata;Mujeres;2017;661
17111 Navata;Mujeres;2016;677
17111 Navata;Mujeres;2015;671
17111 Navata;Mujeres;2014;636
17111 Navata;Mujeres;2013;634
17111 Navata;Mujeres;2012;629
17111 Navata;Mujeres;2011;614
17111 Navata;Mujeres;2010;583
17111 Navata;Mujeres;2009;562
17111 Navata;Mujeres;2008;534
17111 Navata;Mujeres;2007;510
17111 Navata;Mujeres;2006;492
17111 Navata;Mujeres;2005;449
17111 Navata;Mujeres;2004;417
17111 Navata;Mujeres;2003;399
17111 Navata;Mujeres;2002;374
17111 Navata;Mujeres;2001;362
17111 Navata;Mujeres;2000;359
17111 Navata;Mujeres;1999;338
17111 Navata;Mujeres;1998;337
17111 Navata;Mujeres;1997;""
17111 Navata;Mujeres;1996;348
17112 Ogassa;Total;2025;222
17112 Ogassa;Total;2024;218
17112 Ogassa;Total;2023;228
17112 Ogassa;Total;2022;222
17112 Ogassa;Total;2021;240
17112 Ogassa;Total;2020;240
17112 Ogassa;Total;2019;234
17112 Ogassa;Total;2018;226
17112 Ogassa;Total;2017;228
17112 Ogassa;Total;2016;225
17112 Ogassa;Total;2015;232
17112 Ogassa;Total;2014;245
17112 Ogassa;Total;2013;248
17112 Ogassa;Total;2012;247
17112 Ogassa;Total;2011;251
17112 Ogassa;Total;2010;256
17112 Ogassa;Total;2009;264
17112 Ogassa;Total;2008;266
17112 Ogassa;Total;2007;274
17112 Ogassa;Total;2006;265
17112 Ogassa;Total;2005;262
17112 Ogassa;Total;2004;260
17112 Ogassa;Total;2003;255
17112 Ogassa;Total;2002;253
17112 Ogassa;Total;2001;242
17112 Ogassa;Total;2000;242
17112 Ogassa;Total;1999;239
17112 Ogassa;Total;1998;243
17112 Ogassa;Total;1997;""
17112 Ogassa;Total;1996;245
17112 Ogassa;Hombres;2025;130
17112 Ogassa;Hombres;2024;124
17112 Ogassa;Hombres;2023;125
17112 Ogassa;Hombres;2022;123
17112 Ogassa;Hombres;2021;133
17112 Ogassa;Hombres;2020;132
17112 Ogassa;Hombres;2019;130
17112 Ogassa;Hombres;2018;129
17112 Ogassa;Hombres;2017;133
17112 Ogassa;Hombres;2016;132
17112 Ogassa;Hombres;2015;136
17112 Ogassa;Hombres;2014;147
17112 Ogassa;Hombres;2013;146
17112 Ogassa;Hombres;2012;147
17112 Ogassa;Hombres;2011;148
17112 Ogassa;Hombres;2010;149
17112 Ogassa;Hombres;2009;156
17112 Ogassa;Hombres;2008;158
17112 Ogassa;Hombres;2007;160
17112 Ogassa;Hombres;2006;152
17112 Ogassa;Hombres;2005;150
17112 Ogassa;Hombres;2004;148
17112 Ogassa;Hombres;2003;147
17112 Ogassa;Hombres;2002;149
17112 Ogassa;Hombres;2001;142
17112 Ogassa;Hombres;2000;142
17112 Ogassa;Hombres;1999;141
17112 Ogassa;Hombres;1998;142
17112 Ogassa;Hombres;1997;""
17112 Ogassa;Hombres;1996;143
17112 Ogassa;Mujeres;2025;92
17112 Ogassa;Mujeres;2024;94
17112 Ogassa;Mujeres;2023;103
17112 Ogassa;Mujeres;2022;99
17112 Ogassa;Mujeres;2021;107
17112 Ogassa;Mujeres;2020;108
17112 Ogassa;Mujeres;2019;104
17112 Ogassa;Mujeres;2018;97
17112 Ogassa;Mujeres;2017;95
17112 Ogassa;Mujeres;2016;93
17112 Ogassa;Mujeres;2015;96
17112 Ogassa;Mujeres;2014;98
17112 Ogassa;Mujeres;2013;102
17112 Ogassa;Mujeres;2012;100
17112 Ogassa;Mujeres;2011;103
17112 Ogassa;Mujeres;2010;107
17112 Ogassa;Mujeres;2009;108
17112 Ogassa;Mujeres;2008;108
17112 Ogassa;Mujeres;2007;114
17112 Ogassa;Mujeres;2006;113
17112 Ogassa;Mujeres;2005;112
17112 Ogassa;Mujeres;2004;112
17112 Ogassa;Mujeres;2003;108
17112 Ogassa;Mujeres;2002;104
17112 Ogassa;Mujeres;2001;100
17112 Ogassa;Mujeres;2000;100
17112 Ogassa;Mujeres;1999;98
17112 Ogassa;Mujeres;1998;101
17112 Ogassa;Mujeres;1997;""
17112 Ogassa;Mujeres;1996;102
17114 Olot;Total;2025;39.519
17114 Olot;Total;2024;38.822
17114 Olot;Total;2023;37.975
17114 Olot;Total;2022;36.716
17114 Olot;Total;2021;36.299
17114 Olot;Total;2020;35.926
17114 Olot;Total;2019;35.228
17114 Olot;Total;2018;34.486
17114 Olot;Total;2017;34.194
17114 Olot;Total;2016;34.000
17114 Olot;Total;2015;33.944
17114 Olot;Total;2014;33.913
17114 Olot;Total;2013;33.981
17114 Olot;Total;2012;33.813
17114 Olot;Total;2011;33.725
17114 Olot;Total;2010;33.589
17114 Olot;Total;2009;33.524
17114 Olot;Total;2008;32.903
17114 Olot;Total;2007;32.337
17114 Olot;Total;2006;31.932
17114 Olot;Total;2005;31.271
17114 Olot;Total;2004;30.306
17114 Olot;Total;2003;29.546
17114 Olot;Total;2002;28.890
17114 Olot;Total;2001;28.339
17114 Olot;Total;2000;27.967
17114 Olot;Total;1999;27.814
17114 Olot;Total;1998;27.644
17114 Olot;Total;1997;""
17114 Olot;Total;1996;27.482
17114 Olot;Hombres;2025;20.174
17114 Olot;Hombres;2024;19.805
17114 Olot;Hombres;2023;19.292
17114 Olot;Hombres;2022;18.588
17114 Olot;Hombres;2021;18.284
17114 Olot;Hombres;2020;17.989
17114 Olot;Hombres;2019;17.569
17114 Olot;Hombres;2018;17.139
17114 Olot;Hombres;2017;16.974
17114 Olot;Hombres;2016;16.892
17114 Olot;Hombres;2015;16.845
17114 Olot;Hombres;2014;16.881
17114 Olot;Hombres;2013;16.932
17114 Olot;Hombres;2012;16.868
17114 Olot;Hombres;2011;16.814
17114 Olot;Hombres;2010;16.820
17114 Olot;Hombres;2009;16.856
17114 Olot;Hombres;2008;16.593
17114 Olot;Hombres;2007;16.254
17114 Olot;Hombres;2006;16.043
17114 Olot;Hombres;2005;15.605
17114 Olot;Hombres;2004;15.049
17114 Olot;Hombres;2003;14.622
17114 Olot;Hombres;2002;14.141
17114 Olot;Hombres;2001;13.757
17114 Olot;Hombres;2000;13.521
17114 Olot;Hombres;1999;13.412
17114 Olot;Hombres;1998;13.310
17114 Olot;Hombres;1997;""
17114 Olot;Hombres;1996;13.154
17114 Olot;Mujeres;2025;19.345
17114 Olot;Mujeres;2024;19.017
17114 Olot;Mujeres;2023;18.683
17114 Olot;Mujeres;2022;18.128
17114 Olot;Mujeres;2021;18.015
17114 Olot;Mujeres;2020;17.937
17114 Olot;Mujeres;2019;17.659
17114 Olot;Mujeres;2018;17.347
17114 Olot;Mujeres;2017;17.220
17114 Olot;Mujeres;2016;17.108
17114 Olot;Mujeres;2015;17.099
17114 Olot;Mujeres;2014;17.032
17114 Olot;Mujeres;2013;17.049
17114 Olot;Mujeres;2012;16.945
17114 Olot;Mujeres;2011;16.911
17114 Olot;Mujeres;2010;16.769
17114 Olot;Mujeres;2009;16.668
17114 Olot;Mujeres;2008;16.310
17114 Olot;Mujeres;2007;16.083
17114 Olot;Mujeres;2006;15.889
17114 Olot;Mujeres;2005;15.666
17114 Olot;Mujeres;2004;15.257
17114 Olot;Mujeres;2003;14.924
17114 Olot;Mujeres;2002;14.749
17114 Olot;Mujeres;2001;14.582
17114 Olot;Mujeres;2000;14.446
17114 Olot;Mujeres;1999;14.402
17114 Olot;Mujeres;1998;14.334
17114 Olot;Mujeres;1997;""
17114 Olot;Mujeres;1996;14.328
17115 Ordis;Total;2025;409
17115 Ordis;Total;2024;400
17115 Ordis;Total;2023;393
17115 Ordis;Total;2022;373
17115 Ordis;Total;2021;369
17115 Ordis;Total;2020;361
17115 Ordis;Total;2019;371
17115 Ordis;Total;2018;382
17115 Ordis;Total;2017;364
17115 Ordis;Total;2016;377
17115 Ordis;Total;2015;389
17115 Ordis;Total;2014;380
17115 Ordis;Total;2013;363
17115 Ordis;Total;2012;391
17115 Ordis;Total;2011;379
17115 Ordis;Total;2010;385
17115 Ordis;Total;2009;372
17115 Ordis;Total;2008;375
17115 Ordis;Total;2007;366
17115 Ordis;Total;2006;353
17115 Ordis;Total;2005;347
17115 Ordis;Total;2004;335
17115 Ordis;Total;2003;345
17115 Ordis;Total;2002;343
17115 Ordis;Total;2001;277
17115 Ordis;Total;2000;285
17115 Ordis;Total;1999;291
17115 Ordis;Total;1998;287
17115 Ordis;Total;1997;""
17115 Ordis;Total;1996;283
17115 Ordis;Hombres;2025;224
17115 Ordis;Hombres;2024;216
17115 Ordis;Hombres;2023;211
17115 Ordis;Hombres;2022;199
17115 Ordis;Hombres;2021;198
17115 Ordis;Hombres;2020;193
17115 Ordis;Hombres;2019;199
17115 Ordis;Hombres;2018;202
17115 Ordis;Hombres;2017;194
17115 Ordis;Hombres;2016;200
17115 Ordis;Hombres;2015;208
17115 Ordis;Hombres;2014;199
17115 Ordis;Hombres;2013;194
17115 Ordis;Hombres;2012;209
17115 Ordis;Hombres;2011;204
17115 Ordis;Hombres;2010;201
17115 Ordis;Hombres;2009;198
17115 Ordis;Hombres;2008;202
17115 Ordis;Hombres;2007;192
17115 Ordis;Hombres;2006;185
17115 Ordis;Hombres;2005;181
17115 Ordis;Hombres;2004;179
17115 Ordis;Hombres;2003;180
17115 Ordis;Hombres;2002;178
17115 Ordis;Hombres;2001;146
17115 Ordis;Hombres;2000;151
17115 Ordis;Hombres;1999;154
17115 Ordis;Hombres;1998;151
17115 Ordis;Hombres;1997;""
17115 Ordis;Hombres;1996;145
17115 Ordis;Mujeres;2025;185
17115 Ordis;Mujeres;2024;184
17115 Ordis;Mujeres;2023;182
17115 Ordis;Mujeres;2022;174
17115 Ordis;Mujeres;2021;171
17115 Ordis;Mujeres;2020;168
17115 Ordis;Mujeres;2019;172
17115 Ordis;Mujeres;2018;180
17115 Ordis;Mujeres;2017;170
17115 Ordis;Mujeres;2016;177
17115 Ordis;Mujeres;2015;181
17115 Ordis;Mujeres;2014;181
17115 Ordis;Mujeres;2013;169
17115 Ordis;Mujeres;2012;182
17115 Ordis;Mujeres;2011;175
17115 Ordis;Mujeres;2010;184
17115 Ordis;Mujeres;2009;174
17115 Ordis;Mujeres;2008;173
17115 Ordis;Mujeres;2007;174
17115 Ordis;Mujeres;2006;168
17115 Ordis;Mujeres;2005;166
17115 Ordis;Mujeres;2004;156
17115 Ordis;Mujeres;2003;165
17115 Ordis;Mujeres;2002;165
17115 Ordis;Mujeres;2001;131
17115 Ordis;Mujeres;2000;134
17115 Ordis;Mujeres;1999;137
17115 Ordis;Mujeres;1998;136
17115 Ordis;Mujeres;1997;""
17115 Ordis;Mujeres;1996;138
17116 Osor;Total;2025;430
17116 Osor;Total;2024;418
17116 Osor;Total;2023;420
17116 Osor;Total;2022;423
17116 Osor;Total;2021;426
17116 Osor;Total;2020;428
17116 Osor;Total;2019;428
17116 Osor;Total;2018;416
17116 Osor;Total;2017;421
17116 Osor;Total;2016;434
17116 Osor;Total;2015;421
17116 Osor;Total;2014;452
17116 Osor;Total;2013;456
17116 Osor;Total;2012;451
17116 Osor;Total;2011;456
17116 Osor;Total;2010;426
17116 Osor;Total;2009;354
17116 Osor;Total;2008;361
17116 Osor;Total;2007;372
17116 Osor;Total;2006;390
17116 Osor;Total;2005;409
17116 Osor;Total;2004;429
17116 Osor;Total;2003;437
17116 Osor;Total;2002;457
17116 Osor;Total;2001;461
17116 Osor;Total;2000;464
17116 Osor;Total;1999;468
17116 Osor;Total;1998;480
17116 Osor;Total;1997;""
17116 Osor;Total;1996;509
17116 Osor;Hombres;2025;232
17116 Osor;Hombres;2024;223
17116 Osor;Hombres;2023;225
17116 Osor;Hombres;2022;230
17116 Osor;Hombres;2021;225
17116 Osor;Hombres;2020;232
17116 Osor;Hombres;2019;227
17116 Osor;Hombres;2018;217
17116 Osor;Hombres;2017;217
17116 Osor;Hombres;2016;221
17116 Osor;Hombres;2015;217
17116 Osor;Hombres;2014;230
17116 Osor;Hombres;2013;229
17116 Osor;Hombres;2012;224
17116 Osor;Hombres;2011;227
17116 Osor;Hombres;2010;214
17116 Osor;Hombres;2009;181
17116 Osor;Hombres;2008;185
17116 Osor;Hombres;2007;189
17116 Osor;Hombres;2006;198
17116 Osor;Hombres;2005;210
17116 Osor;Hombres;2004;220
17116 Osor;Hombres;2003;224
17116 Osor;Hombres;2002;246
17116 Osor;Hombres;2001;248
17116 Osor;Hombres;2000;250
17116 Osor;Hombres;1999;253
17116 Osor;Hombres;1998;260
17116 Osor;Hombres;1997;""
17116 Osor;Hombres;1996;276
17116 Osor;Mujeres;2025;198
17116 Osor;Mujeres;2024;195
17116 Osor;Mujeres;2023;195
17116 Osor;Mujeres;2022;193
17116 Osor;Mujeres;2021;201
17116 Osor;Mujeres;2020;196
17116 Osor;Mujeres;2019;201
17116 Osor;Mujeres;2018;199
17116 Osor;Mujeres;2017;204
17116 Osor;Mujeres;2016;213
17116 Osor;Mujeres;2015;204
17116 Osor;Mujeres;2014;222
17116 Osor;Mujeres;2013;227
17116 Osor;Mujeres;2012;227
17116 Osor;Mujeres;2011;229
17116 Osor;Mujeres;2010;212
17116 Osor;Mujeres;2009;173
17116 Osor;Mujeres;2008;176
17116 Osor;Mujeres;2007;183
17116 Osor;Mujeres;2006;192
17116 Osor;Mujeres;2005;199
17116 Osor;Mujeres;2004;209
17116 Osor;Mujeres;2003;213
17116 Osor;Mujeres;2002;211
17116 Osor;Mujeres;2001;213
17116 Osor;Mujeres;2000;214
17116 Osor;Mujeres;1999;215
17116 Osor;Mujeres;1998;220
17116 Osor;Mujeres;1997;""
17116 Osor;Mujeres;1996;233
17117 Palafrugell;Total;2025;24.543
17117 Palafrugell;Total;2024;24.300
17117 Palafrugell;Total;2023;23.848
17117 Palafrugell;Total;2022;23.396
17117 Palafrugell;Total;2021;23.046
17117 Palafrugell;Total;2020;23.244
17117 Palafrugell;Total;2019;22.974
17117 Palafrugell;Total;2018;22.860
17117 Palafrugell;Total;2017;22.725
17117 Palafrugell;Total;2016;22.868
17117 Palafrugell;Total;2015;22.733
17117 Palafrugell;Total;2014;22.763
17117 Palafrugell;Total;2013;22.942
17117 Palafrugell;Total;2012;22.880
17117 Palafrugell;Total;2011;22.816
17117 Palafrugell;Total;2010;22.622
17117 Palafrugell;Total;2009;22.365
17117 Palafrugell;Total;2008;22.109
17117 Palafrugell;Total;2007;21.412
17117 Palafrugell;Total;2006;21.307
17117 Palafrugell;Total;2005;20.509
17117 Palafrugell;Total;2004;19.813
17117 Palafrugell;Total;2003;19.635
17117 Palafrugell;Total;2002;19.115
17117 Palafrugell;Total;2001;18.588
17117 Palafrugell;Total;2000;18.154
17117 Palafrugell;Total;1999;17.816
17117 Palafrugell;Total;1998;17.564
17117 Palafrugell;Total;1997;""
17117 Palafrugell;Total;1996;17.303
17117 Palafrugell;Hombres;2025;12.216
17117 Palafrugell;Hombres;2024;12.095
17117 Palafrugell;Hombres;2023;11.838
17117 Palafrugell;Hombres;2022;11.670
17117 Palafrugell;Hombres;2021;11.471
17117 Palafrugell;Hombres;2020;11.531
17117 Palafrugell;Hombres;2019;11.377
17117 Palafrugell;Hombres;2018;11.322
17117 Palafrugell;Hombres;2017;11.274
17117 Palafrugell;Hombres;2016;11.342
17117 Palafrugell;Hombres;2015;11.313
17117 Palafrugell;Hombres;2014;11.373
17117 Palafrugell;Hombres;2013;11.507
17117 Palafrugell;Hombres;2012;11.476
17117 Palafrugell;Hombres;2011;11.444
17117 Palafrugell;Hombres;2010;11.385
17117 Palafrugell;Hombres;2009;11.301
17117 Palafrugell;Hombres;2008;11.249
17117 Palafrugell;Hombres;2007;10.938
17117 Palafrugell;Hombres;2006;10.950
17117 Palafrugell;Hombres;2005;10.501
17117 Palafrugell;Hombres;2004;10.094
17117 Palafrugell;Hombres;2003;10.041
17117 Palafrugell;Hombres;2002;9.733
17117 Palafrugell;Hombres;2001;9.414
17117 Palafrugell;Hombres;2000;9.126
17117 Palafrugell;Hombres;1999;8.935
17117 Palafrugell;Hombres;1998;8.787
17117 Palafrugell;Hombres;1997;""
17117 Palafrugell;Hombres;1996;8.664
17117 Palafrugell;Mujeres;2025;12.327
17117 Palafrugell;Mujeres;2024;12.205
17117 Palafrugell;Mujeres;2023;12.010
17117 Palafrugell;Mujeres;2022;11.726
17117 Palafrugell;Mujeres;2021;11.575
17117 Palafrugell;Mujeres;2020;11.713
17117 Palafrugell;Mujeres;2019;11.597
17117 Palafrugell;Mujeres;2018;11.538
17117 Palafrugell;Mujeres;2017;11.451
17117 Palafrugell;Mujeres;2016;11.526
17117 Palafrugell;Mujeres;2015;11.420
17117 Palafrugell;Mujeres;2014;11.390
17117 Palafrugell;Mujeres;2013;11.435
17117 Palafrugell;Mujeres;2012;11.404
17117 Palafrugell;Mujeres;2011;11.372
17117 Palafrugell;Mujeres;2010;11.237
17117 Palafrugell;Mujeres;2009;11.064
17117 Palafrugell;Mujeres;2008;10.860
17117 Palafrugell;Mujeres;2007;10.474
17117 Palafrugell;Mujeres;2006;10.357
17117 Palafrugell;Mujeres;2005;10.008
17117 Palafrugell;Mujeres;2004;9.719
17117 Palafrugell;Mujeres;2003;9.594
17117 Palafrugell;Mujeres;2002;9.382
17117 Palafrugell;Mujeres;2001;9.174
17117 Palafrugell;Mujeres;2000;9.028
17117 Palafrugell;Mujeres;1999;8.881
17117 Palafrugell;Mujeres;1998;8.777
17117 Palafrugell;Mujeres;1997;""
17117 Palafrugell;Mujeres;1996;8.639
17118 Palamós;Total;2025;18.933
17118 Palamós;Total;2024;18.651
17118 Palamós;Total;2023;18.293
17118 Palamós;Total;2022;18.145
17118 Palamós;Total;2021;18.196
17118 Palamós;Total;2020;18.135
17118 Palamós;Total;2019;17.910
17118 Palamós;Total;2018;17.898
17118 Palamós;Total;2017;17.743
17118 Palamós;Total;2016;17.677
17118 Palamós;Total;2015;17.911
17118 Palamós;Total;2014;17.805
17118 Palamós;Total;2013;17.830
17118 Palamós;Total;2012;17.813
17118 Palamós;Total;2011;17.918
17118 Palamós;Total;2010;18.057
17118 Palamós;Total;2009;18.161
17118 Palamós;Total;2008;17.766
17118 Palamós;Total;2007;17.400
17118 Palamós;Total;2006;17.197
17118 Palamós;Total;2005;16.817
17118 Palamós;Total;2004;16.231
17118 Palamós;Total;2003;15.968
17118 Palamós;Total;2002;15.662
17118 Palamós;Total;2001;15.203
17118 Palamós;Total;2000;14.959
17118 Palamós;Total;1999;14.740
17118 Palamós;Total;1998;14.420
17118 Palamós;Total;1997;""
17118 Palamós;Total;1996;14.239
17118 Palamós;Hombres;2025;9.288
17118 Palamós;Hombres;2024;9.145
17118 Palamós;Hombres;2023;8.930
17118 Palamós;Hombres;2022;8.853
17118 Palamós;Hombres;2021;8.887
17118 Palamós;Hombres;2020;8.873
17118 Palamós;Hombres;2019;8.766
17118 Palamós;Hombres;2018;8.742
17118 Palamós;Hombres;2017;8.651
17118 Palamós;Hombres;2016;8.633
17118 Palamós;Hombres;2015;8.751
17118 Palamós;Hombres;2014;8.681
17118 Palamós;Hombres;2013;8.722
17118 Palamós;Hombres;2012;8.755
17118 Palamós;Hombres;2011;8.822
17118 Palamós;Hombres;2010;8.910
17118 Palamós;Hombres;2009;8.982
17118 Palamós;Hombres;2008;8.797
17118 Palamós;Hombres;2007;8.616
17118 Palamós;Hombres;2006;8.522
17118 Palamós;Hombres;2005;8.312
17118 Palamós;Hombres;2004;8.047
17118 Palamós;Hombres;2003;7.943
17118 Palamós;Hombres;2002;7.780
17118 Palamós;Hombres;2001;7.534
17118 Palamós;Hombres;2000;7.386
17118 Palamós;Hombres;1999;7.268
17118 Palamós;Hombres;1998;7.102
17118 Palamós;Hombres;1997;""
17118 Palamós;Hombres;1996;6.984
17118 Palamós;Mujeres;2025;9.645
17118 Palamós;Mujeres;2024;9.506
17118 Palamós;Mujeres;2023;9.363
17118 Palamós;Mujeres;2022;9.292
17118 Palamós;Mujeres;2021;9.309
17118 Palamós;Mujeres;2020;9.262
17118 Palamós;Mujeres;2019;9.144
17118 Palamós;Mujeres;2018;9.156
17118 Palamós;Mujeres;2017;9.092
17118 Palamós;Mujeres;2016;9.044
17118 Palamós;Mujeres;2015;9.160
17118 Palamós;Mujeres;2014;9.124
17118 Palamós;Mujeres;2013;9.108
17118 Palamós;Mujeres;2012;9.058
17118 Palamós;Mujeres;2011;9.096
17118 Palamós;Mujeres;2010;9.147
17118 Palamós;Mujeres;2009;9.179
17118 Palamós;Mujeres;2008;8.969
17118 Palamós;Mujeres;2007;8.784
17118 Palamós;Mujeres;2006;8.675
17118 Palamós;Mujeres;2005;8.505
17118 Palamós;Mujeres;2004;8.184
17118 Palamós;Mujeres;2003;8.025
17118 Palamós;Mujeres;2002;7.882
17118 Palamós;Mujeres;2001;7.669
17118 Palamós;Mujeres;2000;7.573
17118 Palamós;Mujeres;1999;7.472
17118 Palamós;Mujeres;1998;7.318
17118 Palamós;Mujeres;1997;""
17118 Palamós;Mujeres;1996;7.255
17119 Palau de Santa Eulàlia;Total;2025;124
17119 Palau de Santa Eulàlia;Total;2024;136
17119 Palau de Santa Eulàlia;Total;2023;128
17119 Palau de Santa Eulàlia;Total;2022;115
17119 Palau de Santa Eulàlia;Total;2021;111
17119 Palau de Santa Eulàlia;Total;2020;90
17119 Palau de Santa Eulàlia;Total;2019;91
17119 Palau de Santa Eulàlia;Total;2018;95
17119 Palau de Santa Eulàlia;Total;2017;96
17119 Palau de Santa Eulàlia;Total;2016;90
17119 Palau de Santa Eulàlia;Total;2015;88
17119 Palau de Santa Eulàlia;Total;2014;98
17119 Palau de Santa Eulàlia;Total;2013;101
17119 Palau de Santa Eulàlia;Total;2012;100
17119 Palau de Santa Eulàlia;Total;2011;104
17119 Palau de Santa Eulàlia;Total;2010;105
17119 Palau de Santa Eulàlia;Total;2009;112
17119 Palau de Santa Eulàlia;Total;2008;105
17119 Palau de Santa Eulàlia;Total;2007;95
17119 Palau de Santa Eulàlia;Total;2006;91
17119 Palau de Santa Eulàlia;Total;2005;88
17119 Palau de Santa Eulàlia;Total;2004;84
17119 Palau de Santa Eulàlia;Total;2003;86
17119 Palau de Santa Eulàlia;Total;2002;79
17119 Palau de Santa Eulàlia;Total;2001;89
17119 Palau de Santa Eulàlia;Total;2000;90
17119 Palau de Santa Eulàlia;Total;1999;89
17119 Palau de Santa Eulàlia;Total;1998;85
17119 Palau de Santa Eulàlia;Total;1997;""
17119 Palau de Santa Eulàlia;Total;1996;94
17119 Palau de Santa Eulàlia;Hombres;2025;70
17119 Palau de Santa Eulàlia;Hombres;2024;78
17119 Palau de Santa Eulàlia;Hombres;2023;73
17119 Palau de Santa Eulàlia;Hombres;2022;65
17119 Palau de Santa Eulàlia;Hombres;2021;62
17119 Palau de Santa Eulàlia;Hombres;2020;51
17119 Palau de Santa Eulàlia;Hombres;2019;52
17119 Palau de Santa Eulàlia;Hombres;2018;56
17119 Palau de Santa Eulàlia;Hombres;2017;58
17119 Palau de Santa Eulàlia;Hombres;2016;54
17119 Palau de Santa Eulàlia;Hombres;2015;54
17119 Palau de Santa Eulàlia;Hombres;2014;57
17119 Palau de Santa Eulàlia;Hombres;2013;58
17119 Palau de Santa Eulàlia;Hombres;2012;60
17119 Palau de Santa Eulàlia;Hombres;2011;63
17119 Palau de Santa Eulàlia;Hombres;2010;61
17119 Palau de Santa Eulàlia;Hombres;2009;66
17119 Palau de Santa Eulàlia;Hombres;2008;60
17119 Palau de Santa Eulàlia;Hombres;2007;52
17119 Palau de Santa Eulàlia;Hombres;2006;53
17119 Palau de Santa Eulàlia;Hombres;2005;52
17119 Palau de Santa Eulàlia;Hombres;2004;50
17119 Palau de Santa Eulàlia;Hombres;2003;50
17119 Palau de Santa Eulàlia;Hombres;2002;46
17119 Palau de Santa Eulàlia;Hombres;2001;53
17119 Palau de Santa Eulàlia;Hombres;2000;54
17119 Palau de Santa Eulàlia;Hombres;1999;51
17119 Palau de Santa Eulàlia;Hombres;1998;48
17119 Palau de Santa Eulàlia;Hombres;1997;""
17119 Palau de Santa Eulàlia;Hombres;1996;52
17119 Palau de Santa Eulàlia;Mujeres;2025;54
17119 Palau de Santa Eulàlia;Mujeres;2024;58
17119 Palau de Santa Eulàlia;Mujeres;2023;55
17119 Palau de Santa Eulàlia;Mujeres;2022;50
17119 Palau de Santa Eulàlia;Mujeres;2021;49
17119 Palau de Santa Eulàlia;Mujeres;2020;39
17119 Palau de Santa Eulàlia;Mujeres;2019;39
17119 Palau de Santa Eulàlia;Mujeres;2018;39
17119 Palau de Santa Eulàlia;Mujeres;2017;38
17119 Palau de Santa Eulàlia;Mujeres;2016;36
17119 Palau de Santa Eulàlia;Mujeres;2015;34
17119 Palau de Santa Eulàlia;Mujeres;2014;41
17119 Palau de Santa Eulàlia;Mujeres;2013;43
17119 Palau de Santa Eulàlia;Mujeres;2012;40
17119 Palau de Santa Eulàlia;Mujeres;2011;41
17119 Palau de Santa Eulàlia;Mujeres;2010;44
17119 Palau de Santa Eulàlia;Mujeres;2009;46
17119 Palau de Santa Eulàlia;Mujeres;2008;45
17119 Palau de Santa Eulàlia;Mujeres;2007;43
17119 Palau de Santa Eulàlia;Mujeres;2006;38
17119 Palau de Santa Eulàlia;Mujeres;2005;36
17119 Palau de Santa Eulàlia;Mujeres;2004;34
17119 Palau de Santa Eulàlia;Mujeres;2003;36
17119 Palau de Santa Eulàlia;Mujeres;2002;33
17119 Palau de Santa Eulàlia;Mujeres;2001;36
17119 Palau de Santa Eulàlia;Mujeres;2000;36
17119 Palau de Santa Eulàlia;Mujeres;1999;38
17119 Palau de Santa Eulàlia;Mujeres;1998;37
17119 Palau de Santa Eulàlia;Mujeres;1997;""
17119 Palau de Santa Eulàlia;Mujeres;1996;42
17121 Palau-sator;Total;2025;311
17121 Palau-sator;Total;2024;300
17121 Palau-sator;Total;2023;314
17121 Palau-sator;Total;2022;327
17121 Palau-sator;Total;2021;323
17121 Palau-sator;Total;2020;310
17121 Palau-sator;Total;2019;310
17121 Palau-sator;Total;2018;295
17121 Palau-sator;Total;2017;285
17121 Palau-sator;Total;2016;297
17121 Palau-sator;Total;2015;298
17121 Palau-sator;Total;2014;305
17121 Palau-sator;Total;2013;306
17121 Palau-sator;Total;2012;294
17121 Palau-sator;Total;2011;294
17121 Palau-sator;Total;2010;290
17121 Palau-sator;Total;2009;290
17121 Palau-sator;Total;2008;289
17121 Palau-sator;Total;2007;289
17121 Palau-sator;Total;2006;280
17121 Palau-sator;Total;2005;283
17121 Palau-sator;Total;2004;284
17121 Palau-sator;Total;2003;287
17121 Palau-sator;Total;2002;286
17121 Palau-sator;Total;2001;299
17121 Palau-sator;Total;2000;293
17121 Palau-sator;Total;1999;292
17121 Palau-sator;Total;1998;286
17121 Palau-sator;Total;1997;""
17121 Palau-sator;Total;1996;286
17121 Palau-sator;Hombres;2025;172
17121 Palau-sator;Hombres;2024;169
17121 Palau-sator;Hombres;2023;172
17121 Palau-sator;Hombres;2022;179
17121 Palau-sator;Hombres;2021;171
17121 Palau-sator;Hombres;2020;169
17121 Palau-sator;Hombres;2019;166
17121 Palau-sator;Hombres;2018;160
17121 Palau-sator;Hombres;2017;151
17121 Palau-sator;Hombres;2016;156
17121 Palau-sator;Hombres;2015;157
17121 Palau-sator;Hombres;2014;158
17121 Palau-sator;Hombres;2013;161
17121 Palau-sator;Hombres;2012;158
17121 Palau-sator;Hombres;2011;155
17121 Palau-sator;Hombres;2010;153
17121 Palau-sator;Hombres;2009;148
17121 Palau-sator;Hombres;2008;151
17121 Palau-sator;Hombres;2007;154
17121 Palau-sator;Hombres;2006;150
17121 Palau-sator;Hombres;2005;152
17121 Palau-sator;Hombres;2004;147
17121 Palau-sator;Hombres;2003;147
17121 Palau-sator;Hombres;2002;148
17121 Palau-sator;Hombres;2001;155
17121 Palau-sator;Hombres;2000;152
17121 Palau-sator;Hombres;1999;152
17121 Palau-sator;Hombres;1998;146
17121 Palau-sator;Hombres;1997;""
17121 Palau-sator;Hombres;1996;142
17121 Palau-sator;Mujeres;2025;139
17121 Palau-sator;Mujeres;2024;131
17121 Palau-sator;Mujeres;2023;142
17121 Palau-sator;Mujeres;2022;148
17121 Palau-sator;Mujeres;2021;152
17121 Palau-sator;Mujeres;2020;141
17121 Palau-sator;Mujeres;2019;144
17121 Palau-sator;Mujeres;2018;135
17121 Palau-sator;Mujeres;2017;134
17121 Palau-sator;Mujeres;2016;141
17121 Palau-sator;Mujeres;2015;141
17121 Palau-sator;Mujeres;2014;147
17121 Palau-sator;Mujeres;2013;145
17121 Palau-sator;Mujeres;2012;136
17121 Palau-sator;Mujeres;2011;139
17121 Palau-sator;Mujeres;2010;137
17121 Palau-sator;Mujeres;2009;142
17121 Palau-sator;Mujeres;2008;138
17121 Palau-sator;Mujeres;2007;135
17121 Palau-sator;Mujeres;2006;130
17121 Palau-sator;Mujeres;2005;131
17121 Palau-sator;Mujeres;2004;137
17121 Palau-sator;Mujeres;2003;140
17121 Palau-sator;Mujeres;2002;138
17121 Palau-sator;Mujeres;2001;144
17121 Palau-sator;Mujeres;2000;141
17121 Palau-sator;Mujeres;1999;140
17121 Palau-sator;Mujeres;1998;140
17121 Palau-sator;Mujeres;1997;""
17121 Palau-sator;Mujeres;1996;144
17120 Palau-saverdera;Total;2025;1.535
17120 Palau-saverdera;Total;2024;1.503
17120 Palau-saverdera;Total;2023;1.495
17120 Palau-saverdera;Total;2022;1.472
17120 Palau-saverdera;Total;2021;1.490
17120 Palau-saverdera;Total;2020;1.456
17120 Palau-saverdera;Total;2019;1.476
17120 Palau-saverdera;Total;2018;1.439
17120 Palau-saverdera;Total;2017;1.456
17120 Palau-saverdera;Total;2016;1.471
17120 Palau-saverdera;Total;2015;1.485
17120 Palau-saverdera;Total;2014;1.437
17120 Palau-saverdera;Total;2013;1.461
17120 Palau-saverdera;Total;2012;1.481
17120 Palau-saverdera;Total;2011;1.488
17120 Palau-saverdera;Total;2010;1.475
17120 Palau-saverdera;Total;2009;1.451
17120 Palau-saverdera;Total;2008;1.423
17120 Palau-saverdera;Total;2007;1.300
17120 Palau-saverdera;Total;2006;1.197
17120 Palau-saverdera;Total;2005;1.178
17120 Palau-saverdera;Total;2004;1.031
17120 Palau-saverdera;Total;2003;1.068
17120 Palau-saverdera;Total;2002;975
17120 Palau-saverdera;Total;2001;945
17120 Palau-saverdera;Total;2000;931
17120 Palau-saverdera;Total;1999;914
17120 Palau-saverdera;Total;1998;797
17120 Palau-saverdera;Total;1997;""
17120 Palau-saverdera;Total;1996;753
17120 Palau-saverdera;Hombres;2025;770
17120 Palau-saverdera;Hombres;2024;755
17120 Palau-saverdera;Hombres;2023;753
17120 Palau-saverdera;Hombres;2022;743
17120 Palau-saverdera;Hombres;2021;752
17120 Palau-saverdera;Hombres;2020;738
17120 Palau-saverdera;Hombres;2019;741
17120 Palau-saverdera;Hombres;2018;718
17120 Palau-saverdera;Hombres;2017;714
17120 Palau-saverdera;Hombres;2016;732
17120 Palau-saverdera;Hombres;2015;742
17120 Palau-saverdera;Hombres;2014;712
17120 Palau-saverdera;Hombres;2013;735
17120 Palau-saverdera;Hombres;2012;738
17120 Palau-saverdera;Hombres;2011;740
17120 Palau-saverdera;Hombres;2010;737
17120 Palau-saverdera;Hombres;2009;729
17120 Palau-saverdera;Hombres;2008;722
17120 Palau-saverdera;Hombres;2007;679
17120 Palau-saverdera;Hombres;2006;603
17120 Palau-saverdera;Hombres;2005;581
17120 Palau-saverdera;Hombres;2004;514
17120 Palau-saverdera;Hombres;2003;538
17120 Palau-saverdera;Hombres;2002;496
17120 Palau-saverdera;Hombres;2001;474
17120 Palau-saverdera;Hombres;2000;467
17120 Palau-saverdera;Hombres;1999;464
17120 Palau-saverdera;Hombres;1998;404
17120 Palau-saverdera;Hombres;1997;""
17120 Palau-saverdera;Hombres;1996;383
17120 Palau-saverdera;Mujeres;2025;765
17120 Palau-saverdera;Mujeres;2024;748
17120 Palau-saverdera;Mujeres;2023;742
17120 Palau-saverdera;Mujeres;2022;729
17120 Palau-saverdera;Mujeres;2021;738
17120 Palau-saverdera;Mujeres;2020;718
17120 Palau-saverdera;Mujeres;2019;735
17120 Palau-saverdera;Mujeres;2018;721
17120 Palau-saverdera;Mujeres;2017;742
17120 Palau-saverdera;Mujeres;2016;739
17120 Palau-saverdera;Mujeres;2015;743
17120 Palau-saverdera;Mujeres;2014;725
17120 Palau-saverdera;Mujeres;2013;726
17120 Palau-saverdera;Mujeres;2012;743
17120 Palau-saverdera;Mujeres;2011;748
17120 Palau-saverdera;Mujeres;2010;738
17120 Palau-saverdera;Mujeres;2009;722
17120 Palau-saverdera;Mujeres;2008;701
17120 Palau-saverdera;Mujeres;2007;621
17120 Palau-saverdera;Mujeres;2006;594
17120 Palau-saverdera;Mujeres;2005;597
17120 Palau-saverdera;Mujeres;2004;517
17120 Palau-saverdera;Mujeres;2003;530
17120 Palau-saverdera;Mujeres;2002;479
17120 Palau-saverdera;Mujeres;2001;471
17120 Palau-saverdera;Mujeres;2000;464
17120 Palau-saverdera;Mujeres;1999;450
17120 Palau-saverdera;Mujeres;1998;393
17120 Palau-saverdera;Mujeres;1997;""
17120 Palau-saverdera;Mujeres;1996;370
17123 Palol de Revardit;Total;2025;459
17123 Palol de Revardit;Total;2024;465
17123 Palol de Revardit;Total;2023;469
17123 Palol de Revardit;Total;2022;457
17123 Palol de Revardit;Total;2021;446
17123 Palol de Revardit;Total;2020;448
17123 Palol de Revardit;Total;2019;455
17123 Palol de Revardit;Total;2018;467
17123 Palol de Revardit;Total;2017;476
17123 Palol de Revardit;Total;2016;470
17123 Palol de Revardit;Total;2015;466
17123 Palol de Revardit;Total;2014;474
17123 Palol de Revardit;Total;2013;476
17123 Palol de Revardit;Total;2012;478
17123 Palol de Revardit;Total;2011;471
17123 Palol de Revardit;Total;2010;482
17123 Palol de Revardit;Total;2009;479
17123 Palol de Revardit;Total;2008;478
17123 Palol de Revardit;Total;2007;459
17123 Palol de Revardit;Total;2006;429
17123 Palol de Revardit;Total;2005;425
17123 Palol de Revardit;Total;2004;420
17123 Palol de Revardit;Total;2003;417
17123 Palol de Revardit;Total;2002;388
17123 Palol de Revardit;Total;2001;389
17123 Palol de Revardit;Total;2000;386
17123 Palol de Revardit;Total;1999;370
17123 Palol de Revardit;Total;1998;367
17123 Palol de Revardit;Total;1997;""
17123 Palol de Revardit;Total;1996;365
17123 Palol de Revardit;Hombres;2025;233
17123 Palol de Revardit;Hombres;2024;231
17123 Palol de Revardit;Hombres;2023;232
17123 Palol de Revardit;Hombres;2022;231
17123 Palol de Revardit;Hombres;2021;219
17123 Palol de Revardit;Hombres;2020;223
17123 Palol de Revardit;Hombres;2019;228
17123 Palol de Revardit;Hombres;2018;229
17123 Palol de Revardit;Hombres;2017;237
17123 Palol de Revardit;Hombres;2016;236
17123 Palol de Revardit;Hombres;2015;240
17123 Palol de Revardit;Hombres;2014;243
17123 Palol de Revardit;Hombres;2013;242
17123 Palol de Revardit;Hombres;2012;246
17123 Palol de Revardit;Hombres;2011;245
17123 Palol de Revardit;Hombres;2010;247
17123 Palol de Revardit;Hombres;2009;243
17123 Palol de Revardit;Hombres;2008;243
17123 Palol de Revardit;Hombres;2007;234
17123 Palol de Revardit;Hombres;2006;229
17123 Palol de Revardit;Hombres;2005;224
17123 Palol de Revardit;Hombres;2004;222
17123 Palol de Revardit;Hombres;2003;220
17123 Palol de Revardit;Hombres;2002;201
17123 Palol de Revardit;Hombres;2001;204
17123 Palol de Revardit;Hombres;2000;201
17123 Palol de Revardit;Hombres;1999;192
17123 Palol de Revardit;Hombres;1998;190
17123 Palol de Revardit;Hombres;1997;""
17123 Palol de Revardit;Hombres;1996;186
17123 Palol de Revardit;Mujeres;2025;226
17123 Palol de Revardit;Mujeres;2024;234
17123 Palol de Revardit;Mujeres;2023;237
17123 Palol de Revardit;Mujeres;2022;226
17123 Palol de Revardit;Mujeres;2021;227
17123 Palol de Revardit;Mujeres;2020;225
17123 Palol de Revardit;Mujeres;2019;227
17123 Palol de Revardit;Mujeres;2018;238
17123 Palol de Revardit;Mujeres;2017;239
17123 Palol de Revardit;Mujeres;2016;234
17123 Palol de Revardit;Mujeres;2015;226
17123 Palol de Revardit;Mujeres;2014;231
17123 Palol de Revardit;Mujeres;2013;234
17123 Palol de Revardit;Mujeres;2012;232
17123 Palol de Revardit;Mujeres;2011;226
17123 Palol de Revardit;Mujeres;2010;235
17123 Palol de Revardit;Mujeres;2009;236
17123 Palol de Revardit;Mujeres;2008;235
17123 Palol de Revardit;Mujeres;2007;225
17123 Palol de Revardit;Mujeres;2006;200
17123 Palol de Revardit;Mujeres;2005;201
17123 Palol de Revardit;Mujeres;2004;198
17123 Palol de Revardit;Mujeres;2003;197
17123 Palol de Revardit;Mujeres;2002;187
17123 Palol de Revardit;Mujeres;2001;185
17123 Palol de Revardit;Mujeres;2000;185
17123 Palol de Revardit;Mujeres;1999;178
17123 Palol de Revardit;Mujeres;1998;177
17123 Palol de Revardit;Mujeres;1997;""
17123 Palol de Revardit;Mujeres;1996;179
17124 Pals;Total;2025;2.534
17124 Pals;Total;2024;2.556
17124 Pals;Total;2023;2.539
17124 Pals;Total;2022;2.548
17124 Pals;Total;2021;2.516
17124 Pals;Total;2020;2.395
17124 Pals;Total;2019;2.411
17124 Pals;Total;2018;2.461
17124 Pals;Total;2017;2.469
17124 Pals;Total;2016;2.423
17124 Pals;Total;2015;2.501
17124 Pals;Total;2014;2.533
17124 Pals;Total;2013;2.740
17124 Pals;Total;2012;2.793
17124 Pals;Total;2011;2.725
17124 Pals;Total;2010;2.745
17124 Pals;Total;2009;2.799
17124 Pals;Total;2008;2.698
17124 Pals;Total;2007;2.540
17124 Pals;Total;2006;2.400
17124 Pals;Total;2005;2.335
17124 Pals;Total;2004;2.261
17124 Pals;Total;2003;2.143
17124 Pals;Total;2002;2.055
17124 Pals;Total;2001;1.976
17124 Pals;Total;2000;1.912
17124 Pals;Total;1999;1.842
17124 Pals;Total;1998;1.822
17124 Pals;Total;1997;""
17124 Pals;Total;1996;1.770
17124 Pals;Hombres;2025;1.311
17124 Pals;Hombres;2024;1.312
17124 Pals;Hombres;2023;1.307
17124 Pals;Hombres;2022;1.319
17124 Pals;Hombres;2021;1.305
17124 Pals;Hombres;2020;1.232
17124 Pals;Hombres;2019;1.222
17124 Pals;Hombres;2018;1.246
17124 Pals;Hombres;2017;1.246
17124 Pals;Hombres;2016;1.227
17124 Pals;Hombres;2015;1.265
17124 Pals;Hombres;2014;1.282
17124 Pals;Hombres;2013;1.382
17124 Pals;Hombres;2012;1.414
17124 Pals;Hombres;2011;1.379
17124 Pals;Hombres;2010;1.394
17124 Pals;Hombres;2009;1.412
17124 Pals;Hombres;2008;1.368
17124 Pals;Hombres;2007;1.289
17124 Pals;Hombres;2006;1.231
17124 Pals;Hombres;2005;1.187
17124 Pals;Hombres;2004;1.152
17124 Pals;Hombres;2003;1.083
17124 Pals;Hombres;2002;1.051
17124 Pals;Hombres;2001;1.008
17124 Pals;Hombres;2000;975
17124 Pals;Hombres;1999;944
17124 Pals;Hombres;1998;935
17124 Pals;Hombres;1997;""
17124 Pals;Hombres;1996;899
17124 Pals;Mujeres;2025;1.223
17124 Pals;Mujeres;2024;1.244
17124 Pals;Mujeres;2023;1.232
17124 Pals;Mujeres;2022;1.229
17124 Pals;Mujeres;2021;1.211
17124 Pals;Mujeres;2020;1.163
17124 Pals;Mujeres;2019;1.189
17124 Pals;Mujeres;2018;1.215
17124 Pals;Mujeres;2017;1.223
17124 Pals;Mujeres;2016;1.196
17124 Pals;Mujeres;2015;1.236
17124 Pals;Mujeres;2014;1.251
17124 Pals;Mujeres;2013;1.358
17124 Pals;Mujeres;2012;1.379
17124 Pals;Mujeres;2011;1.346
17124 Pals;Mujeres;2010;1.351
17124 Pals;Mujeres;2009;1.387
17124 Pals;Mujeres;2008;1.330
17124 Pals;Mujeres;2007;1.251
17124 Pals;Mujeres;2006;1.169
17124 Pals;Mujeres;2005;1.148
17124 Pals;Mujeres;2004;1.109
17124 Pals;Mujeres;2003;1.060
17124 Pals;Mujeres;2002;1.004
17124 Pals;Mujeres;2001;968
17124 Pals;Mujeres;2000;937
17124 Pals;Mujeres;1999;898
17124 Pals;Mujeres;1998;887
17124 Pals;Mujeres;1997;""
17124 Pals;Mujeres;1996;871
17125 Pardines;Total;2025;168
17125 Pardines;Total;2024;161
17125 Pardines;Total;2023;169
17125 Pardines;Total;2022;165
17125 Pardines;Total;2021;166
17125 Pardines;Total;2020;169
17125 Pardines;Total;2019;162
17125 Pardines;Total;2018;162
17125 Pardines;Total;2017;160
17125 Pardines;Total;2016;158
17125 Pardines;Total;2015;155
17125 Pardines;Total;2014;155
17125 Pardines;Total;2013;158
17125 Pardines;Total;2012;154
17125 Pardines;Total;2011;159
17125 Pardines;Total;2010;164
17125 Pardines;Total;2009;159
17125 Pardines;Total;2008;168
17125 Pardines;Total;2007;164
17125 Pardines;Total;2006;149
17125 Pardines;Total;2005;162
17125 Pardines;Total;2004;154
17125 Pardines;Total;2003;146
17125 Pardines;Total;2002;146
17125 Pardines;Total;2001;143
17125 Pardines;Total;2000;143
17125 Pardines;Total;1999;139
17125 Pardines;Total;1998;134
17125 Pardines;Total;1997;""
17125 Pardines;Total;1996;139
17125 Pardines;Hombres;2025;97
17125 Pardines;Hombres;2024;91
17125 Pardines;Hombres;2023;95
17125 Pardines;Hombres;2022;90
17125 Pardines;Hombres;2021;90
17125 Pardines;Hombres;2020;90
17125 Pardines;Hombres;2019;89
17125 Pardines;Hombres;2018;90
17125 Pardines;Hombres;2017;89
17125 Pardines;Hombres;2016;85
17125 Pardines;Hombres;2015;87
17125 Pardines;Hombres;2014;88
17125 Pardines;Hombres;2013;92
17125 Pardines;Hombres;2012;89
17125 Pardines;Hombres;2011;91
17125 Pardines;Hombres;2010;94
17125 Pardines;Hombres;2009;88
17125 Pardines;Hombres;2008;92
17125 Pardines;Hombres;2007;89
17125 Pardines;Hombres;2006;80
17125 Pardines;Hombres;2005;85
17125 Pardines;Hombres;2004;81
17125 Pardines;Hombres;2003;76
17125 Pardines;Hombres;2002;74
17125 Pardines;Hombres;2001;73
17125 Pardines;Hombres;2000;72
17125 Pardines;Hombres;1999;69
17125 Pardines;Hombres;1998;66
17125 Pardines;Hombres;1997;""
17125 Pardines;Hombres;1996;70
17125 Pardines;Mujeres;2025;71
17125 Pardines;Mujeres;2024;70
17125 Pardines;Mujeres;2023;74
17125 Pardines;Mujeres;2022;75
17125 Pardines;Mujeres;2021;76
17125 Pardines;Mujeres;2020;79
17125 Pardines;Mujeres;2019;73
17125 Pardines;Mujeres;2018;72
17125 Pardines;Mujeres;2017;71
17125 Pardines;Mujeres;2016;73
17125 Pardines;Mujeres;2015;68
17125 Pardines;Mujeres;2014;67
17125 Pardines;Mujeres;2013;66
17125 Pardines;Mujeres;2012;65
17125 Pardines;Mujeres;2011;68
17125 Pardines;Mujeres;2010;70
17125 Pardines;Mujeres;2009;71
17125 Pardines;Mujeres;2008;76
17125 Pardines;Mujeres;2007;75
17125 Pardines;Mujeres;2006;69
17125 Pardines;Mujeres;2005;77
17125 Pardines;Mujeres;2004;73
17125 Pardines;Mujeres;2003;70
17125 Pardines;Mujeres;2002;72
17125 Pardines;Mujeres;2001;70
17125 Pardines;Mujeres;2000;71
17125 Pardines;Mujeres;1999;70
17125 Pardines;Mujeres;1998;68
17125 Pardines;Mujeres;1997;""
17125 Pardines;Mujeres;1996;69
17126 Parlavà;Total;2025;432
17126 Parlavà;Total;2024;427
17126 Parlavà;Total;2023;413
17126 Parlavà;Total;2022;415
17126 Parlavà;Total;2021;413
17126 Parlavà;Total;2020;391
17126 Parlavà;Total;2019;394
17126 Parlavà;Total;2018;394
17126 Parlavà;Total;2017;394
17126 Parlavà;Total;2016;392
17126 Parlavà;Total;2015;398
17126 Parlavà;Total;2014;410
17126 Parlavà;Total;2013;404
17126 Parlavà;Total;2012;386
17126 Parlavà;Total;2011;383
17126 Parlavà;Total;2010;402
17126 Parlavà;Total;2009;394
17126 Parlavà;Total;2008;383
17126 Parlavà;Total;2007;380
17126 Parlavà;Total;2006;352
17126 Parlavà;Total;2005;341
17126 Parlavà;Total;2004;349
17126 Parlavà;Total;2003;348
17126 Parlavà;Total;2002;358
17126 Parlavà;Total;2001;337
17126 Parlavà;Total;2000;330
17126 Parlavà;Total;1999;330
17126 Parlavà;Total;1998;328
17126 Parlavà;Total;1997;""
17126 Parlavà;Total;1996;337
17126 Parlavà;Hombres;2025;217
17126 Parlavà;Hombres;2024;213
17126 Parlavà;Hombres;2023;204
17126 Parlavà;Hombres;2022;205
17126 Parlavà;Hombres;2021;206
17126 Parlavà;Hombres;2020;196
17126 Parlavà;Hombres;2019;199
17126 Parlavà;Hombres;2018;200
17126 Parlavà;Hombres;2017;206
17126 Parlavà;Hombres;2016;208
17126 Parlavà;Hombres;2015;208
17126 Parlavà;Hombres;2014;213
17126 Parlavà;Hombres;2013;208
17126 Parlavà;Hombres;2012;203
17126 Parlavà;Hombres;2011;198
17126 Parlavà;Hombres;2010;207
17126 Parlavà;Hombres;2009;202
17126 Parlavà;Hombres;2008;195
17126 Parlavà;Hombres;2007;197
17126 Parlavà;Hombres;2006;185
17126 Parlavà;Hombres;2005;182
17126 Parlavà;Hombres;2004;183
17126 Parlavà;Hombres;2003;177
17126 Parlavà;Hombres;2002;184
17126 Parlavà;Hombres;2001;171
17126 Parlavà;Hombres;2000;171
17126 Parlavà;Hombres;1999;174
17126 Parlavà;Hombres;1998;173
17126 Parlavà;Hombres;1997;""
17126 Parlavà;Hombres;1996;176
17126 Parlavà;Mujeres;2025;215
17126 Parlavà;Mujeres;2024;214
17126 Parlavà;Mujeres;2023;209
17126 Parlavà;Mujeres;2022;210
17126 Parlavà;Mujeres;2021;207
17126 Parlavà;Mujeres;2020;195
17126 Parlavà;Mujeres;2019;195
17126 Parlavà;Mujeres;2018;194
17126 Parlavà;Mujeres;2017;188
17126 Parlavà;Mujeres;2016;184
17126 Parlavà;Mujeres;2015;190
17126 Parlavà;Mujeres;2014;197
17126 Parlavà;Mujeres;2013;196
17126 Parlavà;Mujeres;2012;183
17126 Parlavà;Mujeres;2011;185
17126 Parlavà;Mujeres;2010;195
17126 Parlavà;Mujeres;2009;192
17126 Parlavà;Mujeres;2008;188
17126 Parlavà;Mujeres;2007;183
17126 Parlavà;Mujeres;2006;167
17126 Parlavà;Mujeres;2005;159
17126 Parlavà;Mujeres;2004;166
17126 Parlavà;Mujeres;2003;171
17126 Parlavà;Mujeres;2002;174
17126 Parlavà;Mujeres;2001;166
17126 Parlavà;Mujeres;2000;159
17126 Parlavà;Mujeres;1999;156
17126 Parlavà;Mujeres;1998;155
17126 Parlavà;Mujeres;1997;""
17126 Parlavà;Mujeres;1996;161
17128 Pau;Total;2025;560
17128 Pau;Total;2024;584
17128 Pau;Total;2023;555
17128 Pau;Total;2022;579
17128 Pau;Total;2021;588
17128 Pau;Total;2020;557
17128 Pau;Total;2019;560
17128 Pau;Total;2018;547
17128 Pau;Total;2017;537
17128 Pau;Total;2016;551
17128 Pau;Total;2015;557
17128 Pau;Total;2014;569
17128 Pau;Total;2013;586
17128 Pau;Total;2012;597
17128 Pau;Total;2011;589
17128 Pau;Total;2010;563
17128 Pau;Total;2009;578
17128 Pau;Total;2008;586
17128 Pau;Total;2007;568
17128 Pau;Total;2006;501
17128 Pau;Total;2005;473
17128 Pau;Total;2004;454
17128 Pau;Total;2003;471
17128 Pau;Total;2002;462
17128 Pau;Total;2001;440
17128 Pau;Total;2000;417
17128 Pau;Total;1999;420
17128 Pau;Total;1998;415
17128 Pau;Total;1997;""
17128 Pau;Total;1996;393
17128 Pau;Hombres;2025;275
17128 Pau;Hombres;2024;285
17128 Pau;Hombres;2023;273
17128 Pau;Hombres;2022;284
17128 Pau;Hombres;2021;294
17128 Pau;Hombres;2020;280
17128 Pau;Hombres;2019;285
17128 Pau;Hombres;2018;278
17128 Pau;Hombres;2017;277
17128 Pau;Hombres;2016;280
17128 Pau;Hombres;2015;276
17128 Pau;Hombres;2014;280
17128 Pau;Hombres;2013;291
17128 Pau;Hombres;2012;299
17128 Pau;Hombres;2011;294
17128 Pau;Hombres;2010;283
17128 Pau;Hombres;2009;290
17128 Pau;Hombres;2008;301
17128 Pau;Hombres;2007;295
17128 Pau;Hombres;2006;260
17128 Pau;Hombres;2005;247
17128 Pau;Hombres;2004;230
17128 Pau;Hombres;2003;241
17128 Pau;Hombres;2002;233
17128 Pau;Hombres;2001;219
17128 Pau;Hombres;2000;210
17128 Pau;Hombres;1999;207
17128 Pau;Hombres;1998;204
17128 Pau;Hombres;1997;""
17128 Pau;Hombres;1996;190
17128 Pau;Mujeres;2025;285
17128 Pau;Mujeres;2024;299
17128 Pau;Mujeres;2023;282
17128 Pau;Mujeres;2022;295
17128 Pau;Mujeres;2021;294
17128 Pau;Mujeres;2020;277
17128 Pau;Mujeres;2019;275
17128 Pau;Mujeres;2018;269
17128 Pau;Mujeres;2017;260
17128 Pau;Mujeres;2016;271
17128 Pau;Mujeres;2015;281
17128 Pau;Mujeres;2014;289
17128 Pau;Mujeres;2013;295
17128 Pau;Mujeres;2012;298
17128 Pau;Mujeres;2011;295
17128 Pau;Mujeres;2010;280
17128 Pau;Mujeres;2009;288
17128 Pau;Mujeres;2008;285
17128 Pau;Mujeres;2007;273
17128 Pau;Mujeres;2006;241
17128 Pau;Mujeres;2005;226
17128 Pau;Mujeres;2004;224
17128 Pau;Mujeres;2003;230
17128 Pau;Mujeres;2002;229
17128 Pau;Mujeres;2001;221
17128 Pau;Mujeres;2000;207
17128 Pau;Mujeres;1999;213
17128 Pau;Mujeres;1998;211
17128 Pau;Mujeres;1997;""
17128 Pau;Mujeres;1996;203
17129 Pedret i Marzà;Total;2025;208
17129 Pedret i Marzà;Total;2024;188
17129 Pedret i Marzà;Total;2023;182
17129 Pedret i Marzà;Total;2022;181
17129 Pedret i Marzà;Total;2021;187
17129 Pedret i Marzà;Total;2020;191
17129 Pedret i Marzà;Total;2019;198
17129 Pedret i Marzà;Total;2018;195
17129 Pedret i Marzà;Total;2017;186
17129 Pedret i Marzà;Total;2016;180
17129 Pedret i Marzà;Total;2015;193
17129 Pedret i Marzà;Total;2014;189
17129 Pedret i Marzà;Total;2013;190
17129 Pedret i Marzà;Total;2012;184
17129 Pedret i Marzà;Total;2011;175
17129 Pedret i Marzà;Total;2010;173
17129 Pedret i Marzà;Total;2009;160
17129 Pedret i Marzà;Total;2008;163
17129 Pedret i Marzà;Total;2007;172
17129 Pedret i Marzà;Total;2006;154
17129 Pedret i Marzà;Total;2005;158
17129 Pedret i Marzà;Total;2004;144
17129 Pedret i Marzà;Total;2003;142
17129 Pedret i Marzà;Total;2002;141
17129 Pedret i Marzà;Total;2001;131
17129 Pedret i Marzà;Total;2000;127
17129 Pedret i Marzà;Total;1999;125
17129 Pedret i Marzà;Total;1998;114
17129 Pedret i Marzà;Total;1997;""
17129 Pedret i Marzà;Total;1996;112
17129 Pedret i Marzà;Hombres;2025;102
17129 Pedret i Marzà;Hombres;2024;90
17129 Pedret i Marzà;Hombres;2023;89
17129 Pedret i Marzà;Hombres;2022;89
17129 Pedret i Marzà;Hombres;2021;93
17129 Pedret i Marzà;Hombres;2020;97
17129 Pedret i Marzà;Hombres;2019;101
17129 Pedret i Marzà;Hombres;2018;101
17129 Pedret i Marzà;Hombres;2017;98
17129 Pedret i Marzà;Hombres;2016;98
17129 Pedret i Marzà;Hombres;2015;106
17129 Pedret i Marzà;Hombres;2014;104
17129 Pedret i Marzà;Hombres;2013;100
17129 Pedret i Marzà;Hombres;2012;97
17129 Pedret i Marzà;Hombres;2011;92
17129 Pedret i Marzà;Hombres;2010;93
17129 Pedret i Marzà;Hombres;2009;87
17129 Pedret i Marzà;Hombres;2008;85
17129 Pedret i Marzà;Hombres;2007;89
17129 Pedret i Marzà;Hombres;2006;80
17129 Pedret i Marzà;Hombres;2005;77
17129 Pedret i Marzà;Hombres;2004;74
17129 Pedret i Marzà;Hombres;2003;71
17129 Pedret i Marzà;Hombres;2002;72
17129 Pedret i Marzà;Hombres;2001;68
17129 Pedret i Marzà;Hombres;2000;65
17129 Pedret i Marzà;Hombres;1999;62
17129 Pedret i Marzà;Hombres;1998;57
17129 Pedret i Marzà;Hombres;1997;""
17129 Pedret i Marzà;Hombres;1996;55
17129 Pedret i Marzà;Mujeres;2025;106
17129 Pedret i Marzà;Mujeres;2024;98
17129 Pedret i Marzà;Mujeres;2023;93
17129 Pedret i Marzà;Mujeres;2022;92
17129 Pedret i Marzà;Mujeres;2021;94
17129 Pedret i Marzà;Mujeres;2020;94
17129 Pedret i Marzà;Mujeres;2019;97
17129 Pedret i Marzà;Mujeres;2018;94
17129 Pedret i Marzà;Mujeres;2017;88
17129 Pedret i Marzà;Mujeres;2016;82
17129 Pedret i Marzà;Mujeres;2015;87
17129 Pedret i Marzà;Mujeres;2014;85
17129 Pedret i Marzà;Mujeres;2013;90
17129 Pedret i Marzà;Mujeres;2012;87
17129 Pedret i Marzà;Mujeres;2011;83
17129 Pedret i Marzà;Mujeres;2010;80
17129 Pedret i Marzà;Mujeres;2009;73
17129 Pedret i Marzà;Mujeres;2008;78
17129 Pedret i Marzà;Mujeres;2007;83
17129 Pedret i Marzà;Mujeres;2006;74
17129 Pedret i Marzà;Mujeres;2005;81
17129 Pedret i Marzà;Mujeres;2004;70
17129 Pedret i Marzà;Mujeres;2003;71
17129 Pedret i Marzà;Mujeres;2002;69
17129 Pedret i Marzà;Mujeres;2001;63
17129 Pedret i Marzà;Mujeres;2000;62
17129 Pedret i Marzà;Mujeres;1999;63
17129 Pedret i Marzà;Mujeres;1998;57
17129 Pedret i Marzà;Mujeres;1997;""
17129 Pedret i Marzà;Mujeres;1996;57
17130 Pera, La;Total;2025;447
17130 Pera, La;Total;2024;450
17130 Pera, La;Total;2023;450
17130 Pera, La;Total;2022;438
17130 Pera, La;Total;2021;448
17130 Pera, La;Total;2020;435
17130 Pera, La;Total;2019;446
17130 Pera, La;Total;2018;447
17130 Pera, La;Total;2017;457
17130 Pera, La;Total;2016;441
17130 Pera, La;Total;2015;441
17130 Pera, La;Total;2014;467
17130 Pera, La;Total;2013;443
17130 Pera, La;Total;2012;428
17130 Pera, La;Total;2011;435
17130 Pera, La;Total;2010;446
17130 Pera, La;Total;2009;443
17130 Pera, La;Total;2008;445
17130 Pera, La;Total;2007;426
17130 Pera, La;Total;2006;436
17130 Pera, La;Total;2005;427
17130 Pera, La;Total;2004;424
17130 Pera, La;Total;2003;401
17130 Pera, La;Total;2002;398
17130 Pera, La;Total;2001;376
17130 Pera, La;Total;2000;367
17130 Pera, La;Total;1999;370
17130 Pera, La;Total;1998;370
17130 Pera, La;Total;1997;""
17130 Pera, La;Total;1996;355
17130 Pera, La;Hombres;2025;222
17130 Pera, La;Hombres;2024;225
17130 Pera, La;Hombres;2023;227
17130 Pera, La;Hombres;2022;220
17130 Pera, La;Hombres;2021;224
17130 Pera, La;Hombres;2020;217
17130 Pera, La;Hombres;2019;221
17130 Pera, La;Hombres;2018;216
17130 Pera, La;Hombres;2017;219
17130 Pera, La;Hombres;2016;208
17130 Pera, La;Hombres;2015;210
17130 Pera, La;Hombres;2014;223
17130 Pera, La;Hombres;2013;214
17130 Pera, La;Hombres;2012;208
17130 Pera, La;Hombres;2011;217
17130 Pera, La;Hombres;2010;227
17130 Pera, La;Hombres;2009;226
17130 Pera, La;Hombres;2008;225
17130 Pera, La;Hombres;2007;215
17130 Pera, La;Hombres;2006;224
17130 Pera, La;Hombres;2005;216
17130 Pera, La;Hombres;2004;213
17130 Pera, La;Hombres;2003;202
17130 Pera, La;Hombres;2002;201
17130 Pera, La;Hombres;2001;192
17130 Pera, La;Hombres;2000;187
17130 Pera, La;Hombres;1999;188
17130 Pera, La;Hombres;1998;192
17130 Pera, La;Hombres;1997;""
17130 Pera, La;Hombres;1996;188
17130 Pera, La;Mujeres;2025;225
17130 Pera, La;Mujeres;2024;225
17130 Pera, La;Mujeres;2023;223
17130 Pera, La;Mujeres;2022;218
17130 Pera, La;Mujeres;2021;224
17130 Pera, La;Mujeres;2020;218
17130 Pera, La;Mujeres;2019;225
17130 Pera, La;Mujeres;2018;231
17130 Pera, La;Mujeres;2017;238
17130 Pera, La;Mujeres;2016;233
17130 Pera, La;Mujeres;2015;231
17130 Pera, La;Mujeres;2014;244
17130 Pera, La;Mujeres;2013;229
17130 Pera, La;Mujeres;2012;220
17130 Pera, La;Mujeres;2011;218
17130 Pera, La;Mujeres;2010;219
17130 Pera, La;Mujeres;2009;217
17130 Pera, La;Mujeres;2008;220
17130 Pera, La;Mujeres;2007;211
17130 Pera, La;Mujeres;2006;212
17130 Pera, La;Mujeres;2005;211
17130 Pera, La;Mujeres;2004;211
17130 Pera, La;Mujeres;2003;199
17130 Pera, La;Mujeres;2002;197
17130 Pera, La;Mujeres;2001;184
17130 Pera, La;Mujeres;2000;180
17130 Pera, La;Mujeres;1999;182
17130 Pera, La;Mujeres;1998;178
17130 Pera, La;Mujeres;1997;""
17130 Pera, La;Mujeres;1996;167
17132 Peralada;Total;2025;2.077
17132 Peralada;Total;2024;2.047
17132 Peralada;Total;2023;2.018
17132 Peralada;Total;2022;1.974
17132 Peralada;Total;2021;1.945
17132 Peralada;Total;2020;1.898
17132 Peralada;Total;2019;1.850
17132 Peralada;Total;2018;1.868
17132 Peralada;Total;2017;1.859
17132 Peralada;Total;2016;1.835
17132 Peralada;Total;2015;1.841
17132 Peralada;Total;2014;1.859
17132 Peralada;Total;2013;1.920
17132 Peralada;Total;2012;1.888
17132 Peralada;Total;2011;1.846
17132 Peralada;Total;2010;1.826
17132 Peralada;Total;2009;1.805
17132 Peralada;Total;2008;1.762
17132 Peralada;Total;2007;1.693
17132 Peralada;Total;2006;1.625
17132 Peralada;Total;2005;1.558
17132 Peralada;Total;2004;1.491
17132 Peralada;Total;2003;1.413
17132 Peralada;Total;2002;1.382
17132 Peralada;Total;2001;1.335
17132 Peralada;Total;2000;1.277
17132 Peralada;Total;1999;1.242
17132 Peralada;Total;1998;1.188
17132 Peralada;Total;1997;""
17132 Peralada;Total;1996;1.147
17132 Peralada;Hombres;2025;1.028
17132 Peralada;Hombres;2024;1.011
17132 Peralada;Hombres;2023;994
17132 Peralada;Hombres;2022;972
17132 Peralada;Hombres;2021;964
17132 Peralada;Hombres;2020;937
17132 Peralada;Hombres;2019;906
17132 Peralada;Hombres;2018;916
17132 Peralada;Hombres;2017;920
17132 Peralada;Hombres;2016;916
17132 Peralada;Hombres;2015;920
17132 Peralada;Hombres;2014;925
17132 Peralada;Hombres;2013;964
17132 Peralada;Hombres;2012;949
17132 Peralada;Hombres;2011;931
17132 Peralada;Hombres;2010;928
17132 Peralada;Hombres;2009;918
17132 Peralada;Hombres;2008;892
17132 Peralada;Hombres;2007;860
17132 Peralada;Hombres;2006;836
17132 Peralada;Hombres;2005;799
17132 Peralada;Hombres;2004;768
17132 Peralada;Hombres;2003;728
17132 Peralada;Hombres;2002;703
17132 Peralada;Hombres;2001;681
17132 Peralada;Hombres;2000;651
17132 Peralada;Hombres;1999;632
17132 Peralada;Hombres;1998;608
17132 Peralada;Hombres;1997;""
17132 Peralada;Hombres;1996;597
17132 Peralada;Mujeres;2025;1.049
17132 Peralada;Mujeres;2024;1.036
17132 Peralada;Mujeres;2023;1.024
17132 Peralada;Mujeres;2022;1.002
17132 Peralada;Mujeres;2021;981
17132 Peralada;Mujeres;2020;961
17132 Peralada;Mujeres;2019;944
17132 Peralada;Mujeres;2018;952
17132 Peralada;Mujeres;2017;939
17132 Peralada;Mujeres;2016;919
17132 Peralada;Mujeres;2015;921
17132 Peralada;Mujeres;2014;934
17132 Peralada;Mujeres;2013;956
17132 Peralada;Mujeres;2012;939
17132 Peralada;Mujeres;2011;915
17132 Peralada;Mujeres;2010;898
17132 Peralada;Mujeres;2009;887
17132 Peralada;Mujeres;2008;870
17132 Peralada;Mujeres;2007;833
17132 Peralada;Mujeres;2006;789
17132 Peralada;Mujeres;2005;759
17132 Peralada;Mujeres;2004;723
17132 Peralada;Mujeres;2003;685
17132 Peralada;Mujeres;2002;679
17132 Peralada;Mujeres;2001;654
17132 Peralada;Mujeres;2000;626
17132 Peralada;Mujeres;1999;610
17132 Peralada;Mujeres;1998;580
17132 Peralada;Mujeres;1997;""
17132 Peralada;Mujeres;1996;550
17133 Planes d'Hostoles, Les;Total;2025;1.746
17133 Planes d'Hostoles, Les;Total;2024;1.746
17133 Planes d'Hostoles, Les;Total;2023;1.756
17133 Planes d'Hostoles, Les;Total;2022;1.745
17133 Planes d'Hostoles, Les;Total;2021;1.711
17133 Planes d'Hostoles, Les;Total;2020;1.712
17133 Planes d'Hostoles, Les;Total;2019;1.683
17133 Planes d'Hostoles, Les;Total;2018;1.660
17133 Planes d'Hostoles, Les;Total;2017;1.629
17133 Planes d'Hostoles, Les;Total;2016;1.662
17133 Planes d'Hostoles, Les;Total;2015;1.674
17133 Planes d'Hostoles, Les;Total;2014;1.694
17133 Planes d'Hostoles, Les;Total;2013;1.686
17133 Planes d'Hostoles, Les;Total;2012;1.701
17133 Planes d'Hostoles, Les;Total;2011;1.708
17133 Planes d'Hostoles, Les;Total;2010;1.727
17133 Planes d'Hostoles, Les;Total;2009;1.756
17133 Planes d'Hostoles, Les;Total;2008;1.795
17133 Planes d'Hostoles, Les;Total;2007;1.809
17133 Planes d'Hostoles, Les;Total;2006;1.798
17133 Planes d'Hostoles, Les;Total;2005;1.754
17133 Planes d'Hostoles, Les;Total;2004;1.720
17133 Planes d'Hostoles, Les;Total;2003;1.728
17133 Planes d'Hostoles, Les;Total;2002;1.750
17133 Planes d'Hostoles, Les;Total;2001;1.768
17133 Planes d'Hostoles, Les;Total;2000;1.724
17133 Planes d'Hostoles, Les;Total;1999;1.735
17133 Planes d'Hostoles, Les;Total;1998;1.745
17133 Planes d'Hostoles, Les;Total;1997;""
17133 Planes d'Hostoles, Les;Total;1996;1.743
17133 Planes d'Hostoles, Les;Hombres;2025;883
17133 Planes d'Hostoles, Les;Hombres;2024;887
17133 Planes d'Hostoles, Les;Hombres;2023;880
17133 Planes d'Hostoles, Les;Hombres;2022;883
17133 Planes d'Hostoles, Les;Hombres;2021;867
17133 Planes d'Hostoles, Les;Hombres;2020;866
17133 Planes d'Hostoles, Les;Hombres;2019;851
17133 Planes d'Hostoles, Les;Hombres;2018;843
17133 Planes d'Hostoles, Les;Hombres;2017;828
17133 Planes d'Hostoles, Les;Hombres;2016;834
17133 Planes d'Hostoles, Les;Hombres;2015;848
17133 Planes d'Hostoles, Les;Hombres;2014;864
17133 Planes d'Hostoles, Les;Hombres;2013;867
17133 Planes d'Hostoles, Les;Hombres;2012;861
17133 Planes d'Hostoles, Les;Hombres;2011;865
17133 Planes d'Hostoles, Les;Hombres;2010;882
17133 Planes d'Hostoles, Les;Hombres;2009;892
17133 Planes d'Hostoles, Les;Hombres;2008;908
17133 Planes d'Hostoles, Les;Hombres;2007;918
17133 Planes d'Hostoles, Les;Hombres;2006;913
17133 Planes d'Hostoles, Les;Hombres;2005;885
17133 Planes d'Hostoles, Les;Hombres;2004;860
17133 Planes d'Hostoles, Les;Hombres;2003;866
17133 Planes d'Hostoles, Les;Hombres;2002;878
17133 Planes d'Hostoles, Les;Hombres;2001;879
17133 Planes d'Hostoles, Les;Hombres;2000;855
17133 Planes d'Hostoles, Les;Hombres;1999;857
17133 Planes d'Hostoles, Les;Hombres;1998;862
17133 Planes d'Hostoles, Les;Hombres;1997;""
17133 Planes d'Hostoles, Les;Hombres;1996;860
17133 Planes d'Hostoles, Les;Mujeres;2025;863
17133 Planes d'Hostoles, Les;Mujeres;2024;859
17133 Planes d'Hostoles, Les;Mujeres;2023;876
17133 Planes d'Hostoles, Les;Mujeres;2022;862
17133 Planes d'Hostoles, Les;Mujeres;2021;844
17133 Planes d'Hostoles, Les;Mujeres;2020;846
17133 Planes d'Hostoles, Les;Mujeres;2019;832
17133 Planes d'Hostoles, Les;Mujeres;2018;817
17133 Planes d'Hostoles, Les;Mujeres;2017;801
17133 Planes d'Hostoles, Les;Mujeres;2016;828
17133 Planes d'Hostoles, Les;Mujeres;2015;826
17133 Planes d'Hostoles, Les;Mujeres;2014;830
17133 Planes d'Hostoles, Les;Mujeres;2013;819
17133 Planes d'Hostoles, Les;Mujeres;2012;840
17133 Planes d'Hostoles, Les;Mujeres;2011;843
17133 Planes d'Hostoles, Les;Mujeres;2010;845
17133 Planes d'Hostoles, Les;Mujeres;2009;864
17133 Planes d'Hostoles, Les;Mujeres;2008;887
17133 Planes d'Hostoles, Les;Mujeres;2007;891
17133 Planes d'Hostoles, Les;Mujeres;2006;885
17133 Planes d'Hostoles, Les;Mujeres;2005;869
17133 Planes d'Hostoles, Les;Mujeres;2004;860
17133 Planes d'Hostoles, Les;Mujeres;2003;862
17133 Planes d'Hostoles, Les;Mujeres;2002;872
17133 Planes d'Hostoles, Les;Mujeres;2001;889
17133 Planes d'Hostoles, Les;Mujeres;2000;869
17133 Planes d'Hostoles, Les;Mujeres;1999;878
17133 Planes d'Hostoles, Les;Mujeres;1998;883
17133 Planes d'Hostoles, Les;Mujeres;1997;""
17133 Planes d'Hostoles, Les;Mujeres;1996;883
17134 Planoles;Total;2025;313
17134 Planoles;Total;2024;306
17134 Planoles;Total;2023;315
17134 Planoles;Total;2022;307
17134 Planoles;Total;2021;311
17134 Planoles;Total;2020;304
17134 Planoles;Total;2019;288
17134 Planoles;Total;2018;303
17134 Planoles;Total;2017;303
17134 Planoles;Total;2016;299
17134 Planoles;Total;2015;298
17134 Planoles;Total;2014;300
17134 Planoles;Total;2013;302
17134 Planoles;Total;2012;308
17134 Planoles;Total;2011;309
17134 Planoles;Total;2010;288
17134 Planoles;Total;2009;279
17134 Planoles;Total;2008;282
17134 Planoles;Total;2007;272
17134 Planoles;Total;2006;281
17134 Planoles;Total;2005;313
17134 Planoles;Total;2004;304
17134 Planoles;Total;2003;292
17134 Planoles;Total;2002;281
17134 Planoles;Total;2001;284
17134 Planoles;Total;2000;273
17134 Planoles;Total;1999;277
17134 Planoles;Total;1998;269
17134 Planoles;Total;1997;""
17134 Planoles;Total;1996;265
17134 Planoles;Hombres;2025;179
17134 Planoles;Hombres;2024;174
17134 Planoles;Hombres;2023;174
17134 Planoles;Hombres;2022;171
17134 Planoles;Hombres;2021;167
17134 Planoles;Hombres;2020;165
17134 Planoles;Hombres;2019;157
17134 Planoles;Hombres;2018;170
17134 Planoles;Hombres;2017;168
17134 Planoles;Hombres;2016;163
17134 Planoles;Hombres;2015;161
17134 Planoles;Hombres;2014;166
17134 Planoles;Hombres;2013;165
17134 Planoles;Hombres;2012;167
17134 Planoles;Hombres;2011;167
17134 Planoles;Hombres;2010;158
17134 Planoles;Hombres;2009;152
17134 Planoles;Hombres;2008;149
17134 Planoles;Hombres;2007;148
17134 Planoles;Hombres;2006;151
17134 Planoles;Hombres;2005;167
17134 Planoles;Hombres;2004;164
17134 Planoles;Hombres;2003;157
17134 Planoles;Hombres;2002;150
17134 Planoles;Hombres;2001;153
17134 Planoles;Hombres;2000;142
17134 Planoles;Hombres;1999;151
17134 Planoles;Hombres;1998;146
17134 Planoles;Hombres;1997;""
17134 Planoles;Hombres;1996;138
17134 Planoles;Mujeres;2025;134
17134 Planoles;Mujeres;2024;132
17134 Planoles;Mujeres;2023;141
17134 Planoles;Mujeres;2022;136
17134 Planoles;Mujeres;2021;144
17134 Planoles;Mujeres;2020;139
17134 Planoles;Mujeres;2019;131
17134 Planoles;Mujeres;2018;133
17134 Planoles;Mujeres;2017;135
17134 Planoles;Mujeres;2016;136
17134 Planoles;Mujeres;2015;137
17134 Planoles;Mujeres;2014;134
17134 Planoles;Mujeres;2013;137
17134 Planoles;Mujeres;2012;141
17134 Planoles;Mujeres;2011;142
17134 Planoles;Mujeres;2010;130
17134 Planoles;Mujeres;2009;127
17134 Planoles;Mujeres;2008;133
17134 Planoles;Mujeres;2007;124
17134 Planoles;Mujeres;2006;130
17134 Planoles;Mujeres;2005;146
17134 Planoles;Mujeres;2004;140
17134 Planoles;Mujeres;2003;135
17134 Planoles;Mujeres;2002;131
17134 Planoles;Mujeres;2001;131
17134 Planoles;Mujeres;2000;131
17134 Planoles;Mujeres;1999;126
17134 Planoles;Mujeres;1998;123
17134 Planoles;Mujeres;1997;""
17134 Planoles;Mujeres;1996;127
17135 Pont de Molins;Total;2025;585
17135 Pont de Molins;Total;2024;576
17135 Pont de Molins;Total;2023;557
17135 Pont de Molins;Total;2022;542
17135 Pont de Molins;Total;2021;518
17135 Pont de Molins;Total;2020;516
17135 Pont de Molins;Total;2019;529
17135 Pont de Molins;Total;2018;530
17135 Pont de Molins;Total;2017;531
17135 Pont de Molins;Total;2016;517
17135 Pont de Molins;Total;2015;512
17135 Pont de Molins;Total;2014;529
17135 Pont de Molins;Total;2013;540
17135 Pont de Molins;Total;2012;538
17135 Pont de Molins;Total;2011;509
17135 Pont de Molins;Total;2010;498
17135 Pont de Molins;Total;2009;486
17135 Pont de Molins;Total;2008;490
17135 Pont de Molins;Total;2007;440
17135 Pont de Molins;Total;2006;419
17135 Pont de Molins;Total;2005;450
17135 Pont de Molins;Total;2004;450
17135 Pont de Molins;Total;2003;464
17135 Pont de Molins;Total;2002;446
17135 Pont de Molins;Total;2001;456
17135 Pont de Molins;Total;2000;430
17135 Pont de Molins;Total;1999;450
17135 Pont de Molins;Total;1998;450
17135 Pont de Molins;Total;1997;""
17135 Pont de Molins;Total;1996;432
17135 Pont de Molins;Hombres;2025;293
17135 Pont de Molins;Hombres;2024;286
17135 Pont de Molins;Hombres;2023;276
17135 Pont de Molins;Hombres;2022;275
17135 Pont de Molins;Hombres;2021;261
17135 Pont de Molins;Hombres;2020;261
17135 Pont de Molins;Hombres;2019;267
17135 Pont de Molins;Hombres;2018;265
17135 Pont de Molins;Hombres;2017;265
17135 Pont de Molins;Hombres;2016;255
17135 Pont de Molins;Hombres;2015;251
17135 Pont de Molins;Hombres;2014;264
17135 Pont de Molins;Hombres;2013;275
17135 Pont de Molins;Hombres;2012;274
17135 Pont de Molins;Hombres;2011;267
17135 Pont de Molins;Hombres;2010;262
17135 Pont de Molins;Hombres;2009;257
17135 Pont de Molins;Hombres;2008;260
17135 Pont de Molins;Hombres;2007;233
17135 Pont de Molins;Hombres;2006;223
17135 Pont de Molins;Hombres;2005;240
17135 Pont de Molins;Hombres;2004;236
17135 Pont de Molins;Hombres;2003;245
17135 Pont de Molins;Hombres;2002;237
17135 Pont de Molins;Hombres;2001;242
17135 Pont de Molins;Hombres;2000;230
17135 Pont de Molins;Hombres;1999;242
17135 Pont de Molins;Hombres;1998;241
17135 Pont de Molins;Hombres;1997;""
17135 Pont de Molins;Hombres;1996;224
17135 Pont de Molins;Mujeres;2025;292
17135 Pont de Molins;Mujeres;2024;290
17135 Pont de Molins;Mujeres;2023;281
17135 Pont de Molins;Mujeres;2022;267
17135 Pont de Molins;Mujeres;2021;257
17135 Pont de Molins;Mujeres;2020;255
17135 Pont de Molins;Mujeres;2019;262
17135 Pont de Molins;Mujeres;2018;265
17135 Pont de Molins;Mujeres;2017;266
17135 Pont de Molins;Mujeres;2016;262
17135 Pont de Molins;Mujeres;2015;261
17135 Pont de Molins;Mujeres;2014;265
17135 Pont de Molins;Mujeres;2013;265
17135 Pont de Molins;Mujeres;2012;264
17135 Pont de Molins;Mujeres;2011;242
17135 Pont de Molins;Mujeres;2010;236
17135 Pont de Molins;Mujeres;2009;229
17135 Pont de Molins;Mujeres;2008;230
17135 Pont de Molins;Mujeres;2007;207
17135 Pont de Molins;Mujeres;2006;196
17135 Pont de Molins;Mujeres;2005;210
17135 Pont de Molins;Mujeres;2004;214
17135 Pont de Molins;Mujeres;2003;219
17135 Pont de Molins;Mujeres;2002;209
17135 Pont de Molins;Mujeres;2001;214
17135 Pont de Molins;Mujeres;2000;200
17135 Pont de Molins;Mujeres;1999;208
17135 Pont de Molins;Mujeres;1998;209
17135 Pont de Molins;Mujeres;1997;""
17135 Pont de Molins;Mujeres;1996;208
17136 Pontós;Total;2025;296
17136 Pontós;Total;2024;290
17136 Pontós;Total;2023;281
17136 Pontós;Total;2022;274
17136 Pontós;Total;2021;264
17136 Pontós;Total;2020;260
17136 Pontós;Total;2019;266
17136 Pontós;Total;2018;247
17136 Pontós;Total;2017;240
17136 Pontós;Total;2016;234
17136 Pontós;Total;2015;231
17136 Pontós;Total;2014;223
17136 Pontós;Total;2013;222
17136 Pontós;Total;2012;232
17136 Pontós;Total;2011;233
17136 Pontós;Total;2010;242
17136 Pontós;Total;2009;238
17136 Pontós;Total;2008;244
17136 Pontós;Total;2007;201
17136 Pontós;Total;2006;217
17136 Pontós;Total;2005;229
17136 Pontós;Total;2004;212
17136 Pontós;Total;2003;215
17136 Pontós;Total;2002;219
17136 Pontós;Total;2001;227
17136 Pontós;Total;2000;217
17136 Pontós;Total;1999;215
17136 Pontós;Total;1998;211
17136 Pontós;Total;1997;""
17136 Pontós;Total;1996;216
17136 Pontós;Hombres;2025;156
17136 Pontós;Hombres;2024;151
17136 Pontós;Hombres;2023;148
17136 Pontós;Hombres;2022;150
17136 Pontós;Hombres;2021;145
17136 Pontós;Hombres;2020;141
17136 Pontós;Hombres;2019;141
17136 Pontós;Hombres;2018;135
17136 Pontós;Hombres;2017;133
17136 Pontós;Hombres;2016;131
17136 Pontós;Hombres;2015;131
17136 Pontós;Hombres;2014;126
17136 Pontós;Hombres;2013;126
17136 Pontós;Hombres;2012;128
17136 Pontós;Hombres;2011;127
17136 Pontós;Hombres;2010;131
17136 Pontós;Hombres;2009;131
17136 Pontós;Hombres;2008;133
17136 Pontós;Hombres;2007;111
17136 Pontós;Hombres;2006;119
17136 Pontós;Hombres;2005;124
17136 Pontós;Hombres;2004;115
17136 Pontós;Hombres;2003;118
17136 Pontós;Hombres;2002;123
17136 Pontós;Hombres;2001;128
17136 Pontós;Hombres;2000;121
17136 Pontós;Hombres;1999;120
17136 Pontós;Hombres;1998;117
17136 Pontós;Hombres;1997;""
17136 Pontós;Hombres;1996;121
17136 Pontós;Mujeres;2025;140
17136 Pontós;Mujeres;2024;139
17136 Pontós;Mujeres;2023;133
17136 Pontós;Mujeres;2022;124
17136 Pontós;Mujeres;2021;119
17136 Pontós;Mujeres;2020;119
17136 Pontós;Mujeres;2019;125
17136 Pontós;Mujeres;2018;112
17136 Pontós;Mujeres;2017;107
17136 Pontós;Mujeres;2016;103
17136 Pontós;Mujeres;2015;100
17136 Pontós;Mujeres;2014;97
17136 Pontós;Mujeres;2013;96
17136 Pontós;Mujeres;2012;104
17136 Pontós;Mujeres;2011;106
17136 Pontós;Mujeres;2010;111
17136 Pontós;Mujeres;2009;107
17136 Pontós;Mujeres;2008;111
17136 Pontós;Mujeres;2007;90
17136 Pontós;Mujeres;2006;98
17136 Pontós;Mujeres;2005;105
17136 Pontós;Mujeres;2004;97
17136 Pontós;Mujeres;2003;97
17136 Pontós;Mujeres;2002;96
17136 Pontós;Mujeres;2001;99
17136 Pontós;Mujeres;2000;96
17136 Pontós;Mujeres;1999;95
17136 Pontós;Mujeres;1998;94
17136 Pontós;Mujeres;1997;""
17136 Pontós;Mujeres;1996;95
17137 Porqueres;Total;2025;4.811
17137 Porqueres;Total;2024;4.804
17137 Porqueres;Total;2023;4.723
17137 Porqueres;Total;2022;4.712
17137 Porqueres;Total;2021;4.701
17137 Porqueres;Total;2020;4.677
17137 Porqueres;Total;2019;4.621
17137 Porqueres;Total;2018;4.595
17137 Porqueres;Total;2017;4.594
17137 Porqueres;Total;2016;4.530
17137 Porqueres;Total;2015;4.521
17137 Porqueres;Total;2014;4.529
17137 Porqueres;Total;2013;4.509
17137 Porqueres;Total;2012;4.491
17137 Porqueres;Total;2011;4.431
17137 Porqueres;Total;2010;4.400
17137 Porqueres;Total;2009;4.380
17137 Porqueres;Total;2008;4.332
17137 Porqueres;Total;2007;4.208
17137 Porqueres;Total;2006;4.154
17137 Porqueres;Total;2005;4.060
17137 Porqueres;Total;2004;3.919
17137 Porqueres;Total;2003;3.803
17137 Porqueres;Total;2002;3.768
17137 Porqueres;Total;2001;3.727
17137 Porqueres;Total;2000;3.622
17137 Porqueres;Total;1999;3.511
17137 Porqueres;Total;1998;3.383
17137 Porqueres;Total;1997;""
17137 Porqueres;Total;1996;3.279
17137 Porqueres;Hombres;2025;2.398
17137 Porqueres;Hombres;2024;2.379
17137 Porqueres;Hombres;2023;2.343
17137 Porqueres;Hombres;2022;2.324
17137 Porqueres;Hombres;2021;2.317
17137 Porqueres;Hombres;2020;2.304
17137 Porqueres;Hombres;2019;2.288
17137 Porqueres;Hombres;2018;2.281
17137 Porqueres;Hombres;2017;2.271
17137 Porqueres;Hombres;2016;2.238
17137 Porqueres;Hombres;2015;2.253
17137 Porqueres;Hombres;2014;2.252
17137 Porqueres;Hombres;2013;2.232
17137 Porqueres;Hombres;2012;2.230
17137 Porqueres;Hombres;2011;2.185
17137 Porqueres;Hombres;2010;2.182
17137 Porqueres;Hombres;2009;2.184
17137 Porqueres;Hombres;2008;2.163
17137 Porqueres;Hombres;2007;2.096
17137 Porqueres;Hombres;2006;2.054
17137 Porqueres;Hombres;2005;1.995
17137 Porqueres;Hombres;2004;1.928
17137 Porqueres;Hombres;2003;1.882
17137 Porqueres;Hombres;2002;1.855
17137 Porqueres;Hombres;2001;1.827
17137 Porqueres;Hombres;2000;1.780
17137 Porqueres;Hombres;1999;1.726
17137 Porqueres;Hombres;1998;1.660
17137 Porqueres;Hombres;1997;""
17137 Porqueres;Hombres;1996;1.645
17137 Porqueres;Mujeres;2025;2.413
17137 Porqueres;Mujeres;2024;2.425
17137 Porqueres;Mujeres;2023;2.380
17137 Porqueres;Mujeres;2022;2.388
17137 Porqueres;Mujeres;2021;2.384
17137 Porqueres;Mujeres;2020;2.373
17137 Porqueres;Mujeres;2019;2.333
17137 Porqueres;Mujeres;2018;2.314
17137 Porqueres;Mujeres;2017;2.323
17137 Porqueres;Mujeres;2016;2.292
17137 Porqueres;Mujeres;2015;2.268
17137 Porqueres;Mujeres;2014;2.277
17137 Porqueres;Mujeres;2013;2.277
17137 Porqueres;Mujeres;2012;2.261
17137 Porqueres;Mujeres;2011;2.246
17137 Porqueres;Mujeres;2010;2.218
17137 Porqueres;Mujeres;2009;2.196
17137 Porqueres;Mujeres;2008;2.169
17137 Porqueres;Mujeres;2007;2.112
17137 Porqueres;Mujeres;2006;2.100
17137 Porqueres;Mujeres;2005;2.065
17137 Porqueres;Mujeres;2004;1.991
17137 Porqueres;Mujeres;2003;1.921
17137 Porqueres;Mujeres;2002;1.913
17137 Porqueres;Mujeres;2001;1.900
17137 Porqueres;Mujeres;2000;1.842
17137 Porqueres;Mujeres;1999;1.785
17137 Porqueres;Mujeres;1998;1.723
17137 Porqueres;Mujeres;1997;""
17137 Porqueres;Mujeres;1996;1.634
17140 Port de la Selva, El;Total;2025;1.053
17140 Port de la Selva, El;Total;2024;1.061
17140 Port de la Selva, El;Total;2023;1.045
17140 Port de la Selva, El;Total;2022;1.015
17140 Port de la Selva, El;Total;2021;1.010
17140 Port de la Selva, El;Total;2020;958
17140 Port de la Selva, El;Total;2019;970
17140 Port de la Selva, El;Total;2018;980
17140 Port de la Selva, El;Total;2017;992
17140 Port de la Selva, El;Total;2016;994
17140 Port de la Selva, El;Total;2015;1.002
17140 Port de la Selva, El;Total;2014;980
17140 Port de la Selva, El;Total;2013;990
17140 Port de la Selva, El;Total;2012;1.011
17140 Port de la Selva, El;Total;2011;1.009
17140 Port de la Selva, El;Total;2010;993
17140 Port de la Selva, El;Total;2009;1.015
17140 Port de la Selva, El;Total;2008;1.029
17140 Port de la Selva, El;Total;2007;947
17140 Port de la Selva, El;Total;2006;908
17140 Port de la Selva, El;Total;2005;921
17140 Port de la Selva, El;Total;2004;922
17140 Port de la Selva, El;Total;2003;913
17140 Port de la Selva, El;Total;2002;897
17140 Port de la Selva, El;Total;2001;872
17140 Port de la Selva, El;Total;2000;877
17140 Port de la Selva, El;Total;1999;848
17140 Port de la Selva, El;Total;1998;782
17140 Port de la Selva, El;Total;1997;""
17140 Port de la Selva, El;Total;1996;813
17140 Port de la Selva, El;Hombres;2025;531
17140 Port de la Selva, El;Hombres;2024;531
17140 Port de la Selva, El;Hombres;2023;529
17140 Port de la Selva, El;Hombres;2022;521
17140 Port de la Selva, El;Hombres;2021;524
17140 Port de la Selva, El;Hombres;2020;497
17140 Port de la Selva, El;Hombres;2019;501
17140 Port de la Selva, El;Hombres;2018;502
17140 Port de la Selva, El;Hombres;2017;508
17140 Port de la Selva, El;Hombres;2016;522
17140 Port de la Selva, El;Hombres;2015;533
17140 Port de la Selva, El;Hombres;2014;523
17140 Port de la Selva, El;Hombres;2013;525
17140 Port de la Selva, El;Hombres;2012;542
17140 Port de la Selva, El;Hombres;2011;539
17140 Port de la Selva, El;Hombres;2010;526
17140 Port de la Selva, El;Hombres;2009;528
17140 Port de la Selva, El;Hombres;2008;535
17140 Port de la Selva, El;Hombres;2007;483
17140 Port de la Selva, El;Hombres;2006;460
17140 Port de la Selva, El;Hombres;2005;461
17140 Port de la Selva, El;Hombres;2004;464
17140 Port de la Selva, El;Hombres;2003;463
17140 Port de la Selva, El;Hombres;2002;448
17140 Port de la Selva, El;Hombres;2001;437
17140 Port de la Selva, El;Hombres;2000;440
17140 Port de la Selva, El;Hombres;1999;427
17140 Port de la Selva, El;Hombres;1998;378
17140 Port de la Selva, El;Hombres;1997;""
17140 Port de la Selva, El;Hombres;1996;390
17140 Port de la Selva, El;Mujeres;2025;522
17140 Port de la Selva, El;Mujeres;2024;530
17140 Port de la Selva, El;Mujeres;2023;516
17140 Port de la Selva, El;Mujeres;2022;494
17140 Port de la Selva, El;Mujeres;2021;486
17140 Port de la Selva, El;Mujeres;2020;461
17140 Port de la Selva, El;Mujeres;2019;469
17140 Port de la Selva, El;Mujeres;2018;478
17140 Port de la Selva, El;Mujeres;2017;484
17140 Port de la Selva, El;Mujeres;2016;472
17140 Port de la Selva, El;Mujeres;2015;469
17140 Port de la Selva, El;Mujeres;2014;457
17140 Port de la Selva, El;Mujeres;2013;465
17140 Port de la Selva, El;Mujeres;2012;469
17140 Port de la Selva, El;Mujeres;2011;470
17140 Port de la Selva, El;Mujeres;2010;467
17140 Port de la Selva, El;Mujeres;2009;487
17140 Port de la Selva, El;Mujeres;2008;494
17140 Port de la Selva, El;Mujeres;2007;464
17140 Port de la Selva, El;Mujeres;2006;448
17140 Port de la Selva, El;Mujeres;2005;460
17140 Port de la Selva, El;Mujeres;2004;458
17140 Port de la Selva, El;Mujeres;2003;450
17140 Port de la Selva, El;Mujeres;2002;449
17140 Port de la Selva, El;Mujeres;2001;435
17140 Port de la Selva, El;Mujeres;2000;437
17140 Port de la Selva, El;Mujeres;1999;421
17140 Port de la Selva, El;Mujeres;1998;404
17140 Port de la Selva, El;Mujeres;1997;""
17140 Port de la Selva, El;Mujeres;1996;423
17138 Portbou;Total;2025;1.131
17138 Portbou;Total;2024;1.082
17138 Portbou;Total;2023;1.066
17138 Portbou;Total;2022;1.090
17138 Portbou;Total;2021;1.095
17138 Portbou;Total;2020;1.063
17138 Portbou;Total;2019;1.075
17138 Portbou;Total;2018;1.077
17138 Portbou;Total;2017;1.107
17138 Portbou;Total;2016;1.170
17138 Portbou;Total;2015;1.167
17138 Portbou;Total;2014;1.214
17138 Portbou;Total;2013;1.280
17138 Portbou;Total;2012;1.296
17138 Portbou;Total;2011;1.290
17138 Portbou;Total;2010;1.302
17138 Portbou;Total;2009;1.325
17138 Portbou;Total;2008;1.306
17138 Portbou;Total;2007;1.307
17138 Portbou;Total;2006;1.347
17138 Portbou;Total;2005;1.374
17138 Portbou;Total;2004;1.365
17138 Portbou;Total;2003;1.399
17138 Portbou;Total;2002;1.443
17138 Portbou;Total;2001;1.479
17138 Portbou;Total;2000;1.511
17138 Portbou;Total;1999;283
17138 Portbou;Total;1998;1.590
17138 Portbou;Total;1997;""
17138 Portbou;Total;1996;1.614
17138 Portbou;Hombres;2025;566
17138 Portbou;Hombres;2024;536
17138 Portbou;Hombres;2023;527
17138 Portbou;Hombres;2022;539
17138 Portbou;Hombres;2021;547
17138 Portbou;Hombres;2020;521
17138 Portbou;Hombres;2019;528
17138 Portbou;Hombres;2018;525
17138 Portbou;Hombres;2017;543
17138 Portbou;Hombres;2016;576
17138 Portbou;Hombres;2015;579
17138 Portbou;Hombres;2014;596
17138 Portbou;Hombres;2013;643
17138 Portbou;Hombres;2012;650
17138 Portbou;Hombres;2011;644
17138 Portbou;Hombres;2010;652
17138 Portbou;Hombres;2009;659
17138 Portbou;Hombres;2008;648
17138 Portbou;Hombres;2007;654
17138 Portbou;Hombres;2006;675
17138 Portbou;Hombres;2005;678
17138 Portbou;Hombres;2004;676
17138 Portbou;Hombres;2003;692
17138 Portbou;Hombres;2002;725
17138 Portbou;Hombres;2001;744
17138 Portbou;Hombres;2000;761
17138 Portbou;Hombres;1999;176
17138 Portbou;Hombres;1998;797
17138 Portbou;Hombres;1997;""
17138 Portbou;Hombres;1996;808
17138 Portbou;Mujeres;2025;565
17138 Portbou;Mujeres;2024;546
17138 Portbou;Mujeres;2023;539
17138 Portbou;Mujeres;2022;551
17138 Portbou;Mujeres;2021;548
17138 Portbou;Mujeres;2020;542
17138 Portbou;Mujeres;2019;547
17138 Portbou;Mujeres;2018;552
17138 Portbou;Mujeres;2017;564
17138 Portbou;Mujeres;2016;594
17138 Portbou;Mujeres;2015;588
17138 Portbou;Mujeres;2014;618
17138 Portbou;Mujeres;2013;637
17138 Portbou;Mujeres;2012;646
17138 Portbou;Mujeres;2011;646
17138 Portbou;Mujeres;2010;650
17138 Portbou;Mujeres;2009;666
17138 Portbou;Mujeres;2008;658
17138 Portbou;Mujeres;2007;653
17138 Portbou;Mujeres;2006;672
17138 Portbou;Mujeres;2005;696
17138 Portbou;Mujeres;2004;689
17138 Portbou;Mujeres;2003;707
17138 Portbou;Mujeres;2002;718
17138 Portbou;Mujeres;2001;735
17138 Portbou;Mujeres;2000;750
17138 Portbou;Mujeres;1999;107
17138 Portbou;Mujeres;1998;793
17138 Portbou;Mujeres;1997;""
17138 Portbou;Mujeres;1996;806
17139 Preses, Les;Total;2025;1.948
17139 Preses, Les;Total;2024;1.925
17139 Preses, Les;Total;2023;1.903
17139 Preses, Les;Total;2022;1.875
17139 Preses, Les;Total;2021;1.875
17139 Preses, Les;Total;2020;1.855
17139 Preses, Les;Total;2019;1.788
17139 Preses, Les;Total;2018;1.763
17139 Preses, Les;Total;2017;1.764
17139 Preses, Les;Total;2016;1.781
17139 Preses, Les;Total;2015;1.764
17139 Preses, Les;Total;2014;1.772
17139 Preses, Les;Total;2013;1.779
17139 Preses, Les;Total;2012;1.752
17139 Preses, Les;Total;2011;1.745
17139 Preses, Les;Total;2010;1.724
17139 Preses, Les;Total;2009;1.731
17139 Preses, Les;Total;2008;1.708
17139 Preses, Les;Total;2007;1.686
17139 Preses, Les;Total;2006;1.692
17139 Preses, Les;Total;2005;1.657
17139 Preses, Les;Total;2004;1.644
17139 Preses, Les;Total;2003;1.554
17139 Preses, Les;Total;2002;1.511
17139 Preses, Les;Total;2001;1.419
17139 Preses, Les;Total;2000;1.373
17139 Preses, Les;Total;1999;1.341
17139 Preses, Les;Total;1998;1.320
17139 Preses, Les;Total;1997;""
17139 Preses, Les;Total;1996;1.327
17139 Preses, Les;Hombres;2025;962
17139 Preses, Les;Hombres;2024;947
17139 Preses, Les;Hombres;2023;945
17139 Preses, Les;Hombres;2022;930
17139 Preses, Les;Hombres;2021;929
17139 Preses, Les;Hombres;2020;921
17139 Preses, Les;Hombres;2019;890
17139 Preses, Les;Hombres;2018;873
17139 Preses, Les;Hombres;2017;874
17139 Preses, Les;Hombres;2016;889
17139 Preses, Les;Hombres;2015;873
17139 Preses, Les;Hombres;2014;884
17139 Preses, Les;Hombres;2013;871
17139 Preses, Les;Hombres;2012;859
17139 Preses, Les;Hombres;2011;843
17139 Preses, Les;Hombres;2010;833
17139 Preses, Les;Hombres;2009;845
17139 Preses, Les;Hombres;2008;842
17139 Preses, Les;Hombres;2007;831
17139 Preses, Les;Hombres;2006;833
17139 Preses, Les;Hombres;2005;812
17139 Preses, Les;Hombres;2004;798
17139 Preses, Les;Hombres;2003;759
17139 Preses, Les;Hombres;2002;736
17139 Preses, Les;Hombres;2001;692
17139 Preses, Les;Hombres;2000;668
17139 Preses, Les;Hombres;1999;658
17139 Preses, Les;Hombres;1998;644
17139 Preses, Les;Hombres;1997;""
17139 Preses, Les;Hombres;1996;645
17139 Preses, Les;Mujeres;2025;986
17139 Preses, Les;Mujeres;2024;978
17139 Preses, Les;Mujeres;2023;958
17139 Preses, Les;Mujeres;2022;945
17139 Preses, Les;Mujeres;2021;946
17139 Preses, Les;Mujeres;2020;934
17139 Preses, Les;Mujeres;2019;898
17139 Preses, Les;Mujeres;2018;890
17139 Preses, Les;Mujeres;2017;890
17139 Preses, Les;Mujeres;2016;892
17139 Preses, Les;Mujeres;2015;891
17139 Preses, Les;Mujeres;2014;888
17139 Preses, Les;Mujeres;2013;908
17139 Preses, Les;Mujeres;2012;893
17139 Preses, Les;Mujeres;2011;902
17139 Preses, Les;Mujeres;2010;891
17139 Preses, Les;Mujeres;2009;886
17139 Preses, Les;Mujeres;2008;866
17139 Preses, Les;Mujeres;2007;855
17139 Preses, Les;Mujeres;2006;859
17139 Preses, Les;Mujeres;2005;845
17139 Preses, Les;Mujeres;2004;846
17139 Preses, Les;Mujeres;2003;795
17139 Preses, Les;Mujeres;2002;775
17139 Preses, Les;Mujeres;2001;727
17139 Preses, Les;Mujeres;2000;705
17139 Preses, Les;Mujeres;1999;683
17139 Preses, Les;Mujeres;1998;676
17139 Preses, Les;Mujeres;1997;""
17139 Preses, Les;Mujeres;1996;682
17141 Puigcerdà;Total;2025;10.035
17141 Puigcerdà;Total;2024;10.008
17141 Puigcerdà;Total;2023;9.764
17141 Puigcerdà;Total;2022;9.484
17141 Puigcerdà;Total;2021;9.518
17141 Puigcerdà;Total;2020;9.486
17141 Puigcerdà;Total;2019;9.258
17141 Puigcerdà;Total;2018;8.981
17141 Puigcerdà;Total;2017;8.839
17141 Puigcerdà;Total;2016;8.810
17141 Puigcerdà;Total;2015;8.825
17141 Puigcerdà;Total;2014;8.761
17141 Puigcerdà;Total;2013;8.910
17141 Puigcerdà;Total;2012;8.957
17141 Puigcerdà;Total;2011;8.802
17141 Puigcerdà;Total;2010;8.746
17141 Puigcerdà;Total;2009;9.022
17141 Puigcerdà;Total;2008;9.365
17141 Puigcerdà;Total;2007;8.949
17141 Puigcerdà;Total;2006;8.859
17141 Puigcerdà;Total;2005;8.845
17141 Puigcerdà;Total;2004;8.370
17141 Puigcerdà;Total;2003;8.034
17141 Puigcerdà;Total;2002;7.774
17141 Puigcerdà;Total;2001;7.263
17141 Puigcerdà;Total;2000;6.902
17141 Puigcerdà;Total;1999;6.699
17141 Puigcerdà;Total;1998;6.580
17141 Puigcerdà;Total;1997;""
17141 Puigcerdà;Total;1996;6.356
17141 Puigcerdà;Hombres;2025;5.035
17141 Puigcerdà;Hombres;2024;5.016
17141 Puigcerdà;Hombres;2023;4.898
17141 Puigcerdà;Hombres;2022;4.731
17141 Puigcerdà;Hombres;2021;4.733
17141 Puigcerdà;Hombres;2020;4.712
17141 Puigcerdà;Hombres;2019;4.585
17141 Puigcerdà;Hombres;2018;4.475
17141 Puigcerdà;Hombres;2017;4.425
17141 Puigcerdà;Hombres;2016;4.407
17141 Puigcerdà;Hombres;2015;4.412
17141 Puigcerdà;Hombres;2014;4.379
17141 Puigcerdà;Hombres;2013;4.476
17141 Puigcerdà;Hombres;2012;4.505
17141 Puigcerdà;Hombres;2011;4.440
17141 Puigcerdà;Hombres;2010;4.421
17141 Puigcerdà;Hombres;2009;4.611
17141 Puigcerdà;Hombres;2008;4.855
17141 Puigcerdà;Hombres;2007;4.625
17141 Puigcerdà;Hombres;2006;4.628
17141 Puigcerdà;Hombres;2005;4.670
17141 Puigcerdà;Hombres;2004;4.374
17141 Puigcerdà;Hombres;2003;4.173
17141 Puigcerdà;Hombres;2002;4.005
17141 Puigcerdà;Hombres;2001;3.731
17141 Puigcerdà;Hombres;2000;3.529
17141 Puigcerdà;Hombres;1999;3.396
17141 Puigcerdà;Hombres;1998;3.323
17141 Puigcerdà;Hombres;1997;""
17141 Puigcerdà;Hombres;1996;3.157
17141 Puigcerdà;Mujeres;2025;5.000
17141 Puigcerdà;Mujeres;2024;4.992
17141 Puigcerdà;Mujeres;2023;4.866
17141 Puigcerdà;Mujeres;2022;4.753
17141 Puigcerdà;Mujeres;2021;4.785
17141 Puigcerdà;Mujeres;2020;4.774
17141 Puigcerdà;Mujeres;2019;4.673
17141 Puigcerdà;Mujeres;2018;4.506
17141 Puigcerdà;Mujeres;2017;4.414
17141 Puigcerdà;Mujeres;2016;4.403
17141 Puigcerdà;Mujeres;2015;4.413
17141 Puigcerdà;Mujeres;2014;4.382
17141 Puigcerdà;Mujeres;2013;4.434
17141 Puigcerdà;Mujeres;2012;4.452
17141 Puigcerdà;Mujeres;2011;4.362
17141 Puigcerdà;Mujeres;2010;4.325
17141 Puigcerdà;Mujeres;2009;4.411
17141 Puigcerdà;Mujeres;2008;4.510
17141 Puigcerdà;Mujeres;2007;4.324
17141 Puigcerdà;Mujeres;2006;4.231
17141 Puigcerdà;Mujeres;2005;4.175
17141 Puigcerdà;Mujeres;2004;3.996
17141 Puigcerdà;Mujeres;2003;3.861
17141 Puigcerdà;Mujeres;2002;3.769
17141 Puigcerdà;Mujeres;2001;3.532
17141 Puigcerdà;Mujeres;2000;3.373
17141 Puigcerdà;Mujeres;1999;3.303
17141 Puigcerdà;Mujeres;1998;3.257
17141 Puigcerdà;Mujeres;1997;""
17141 Puigcerdà;Mujeres;1996;3.199
17142 Quart;Total;2025;4.165
17142 Quart;Total;2024;4.099
17142 Quart;Total;2023;4.026
17142 Quart;Total;2022;3.906
17142 Quart;Total;2021;3.856
17142 Quart;Total;2020;3.798
17142 Quart;Total;2019;3.724
17142 Quart;Total;2018;3.640
17142 Quart;Total;2017;3.570
17142 Quart;Total;2016;3.478
17142 Quart;Total;2015;3.448
17142 Quart;Total;2014;3.441
17142 Quart;Total;2013;3.358
17142 Quart;Total;2012;3.255
17142 Quart;Total;2011;3.150
17142 Quart;Total;2010;2.983
17142 Quart;Total;2009;2.852
17142 Quart;Total;2008;2.762
17142 Quart;Total;2007;2.618
17142 Quart;Total;2006;2.637
17142 Quart;Total;2005;2.629
17142 Quart;Total;2004;2.609
17142 Quart;Total;2003;2.586
17142 Quart;Total;2002;2.545
17142 Quart;Total;2001;2.467
17142 Quart;Total;2000;2.402
17142 Quart;Total;1999;2.275
17142 Quart;Total;1998;2.183
17142 Quart;Total;1997;""
17142 Quart;Total;1996;2.123
17142 Quart;Hombres;2025;2.113
17142 Quart;Hombres;2024;2.083
17142 Quart;Hombres;2023;2.040
17142 Quart;Hombres;2022;1.980
17142 Quart;Hombres;2021;1.951
17142 Quart;Hombres;2020;1.910
17142 Quart;Hombres;2019;1.855
17142 Quart;Hombres;2018;1.825
17142 Quart;Hombres;2017;1.786
17142 Quart;Hombres;2016;1.744
17142 Quart;Hombres;2015;1.734
17142 Quart;Hombres;2014;1.724
17142 Quart;Hombres;2013;1.695
17142 Quart;Hombres;2012;1.660
17142 Quart;Hombres;2011;1.597
17142 Quart;Hombres;2010;1.499
17142 Quart;Hombres;2009;1.445
17142 Quart;Hombres;2008;1.419
17142 Quart;Hombres;2007;1.352
17142 Quart;Hombres;2006;1.361
17142 Quart;Hombres;2005;1.349
17142 Quart;Hombres;2004;1.322
17142 Quart;Hombres;2003;1.301
17142 Quart;Hombres;2002;1.292
17142 Quart;Hombres;2001;1.262
17142 Quart;Hombres;2000;1.231
17142 Quart;Hombres;1999;1.165
17142 Quart;Hombres;1998;1.118
17142 Quart;Hombres;1997;""
17142 Quart;Hombres;1996;1.080
17142 Quart;Mujeres;2025;2.052
17142 Quart;Mujeres;2024;2.016
17142 Quart;Mujeres;2023;1.986
17142 Quart;Mujeres;2022;1.926
17142 Quart;Mujeres;2021;1.905
17142 Quart;Mujeres;2020;1.888
17142 Quart;Mujeres;2019;1.869
17142 Quart;Mujeres;2018;1.815
17142 Quart;Mujeres;2017;1.784
17142 Quart;Mujeres;2016;1.734
17142 Quart;Mujeres;2015;1.714
17142 Quart;Mujeres;2014;1.717
17142 Quart;Mujeres;2013;1.663
17142 Quart;Mujeres;2012;1.595
17142 Quart;Mujeres;2011;1.553
17142 Quart;Mujeres;2010;1.484
17142 Quart;Mujeres;2009;1.407
17142 Quart;Mujeres;2008;1.343
17142 Quart;Mujeres;2007;1.266
17142 Quart;Mujeres;2006;1.276
17142 Quart;Mujeres;2005;1.280
17142 Quart;Mujeres;2004;1.287
17142 Quart;Mujeres;2003;1.285
17142 Quart;Mujeres;2002;1.253
17142 Quart;Mujeres;2001;1.205
17142 Quart;Mujeres;2000;1.171
17142 Quart;Mujeres;1999;1.110
17142 Quart;Mujeres;1998;1.065
17142 Quart;Mujeres;1997;""
17142 Quart;Mujeres;1996;1.043
17043 Queralbs;Total;2025;202
17043 Queralbs;Total;2024;206
17043 Queralbs;Total;2023;197
17043 Queralbs;Total;2022;191
17043 Queralbs;Total;2021;191
17043 Queralbs;Total;2020;188
17043 Queralbs;Total;2019;191
17043 Queralbs;Total;2018;186
17043 Queralbs;Total;2017;176
17043 Queralbs;Total;2016;174
17043 Queralbs;Total;2015;173
17043 Queralbs;Total;2014;182
17043 Queralbs;Total;2013;185
17043 Queralbs;Total;2012;178
17043 Queralbs;Total;2011;186
17043 Queralbs;Total;2010;190
17043 Queralbs;Total;2009;199
17043 Queralbs;Total;2008;192
17043 Queralbs;Total;2007;197
17043 Queralbs;Total;2006;198
17043 Queralbs;Total;2005;202
17043 Queralbs;Total;2004;198
17043 Queralbs;Total;2003;192
17043 Queralbs;Total;2002;196
17043 Queralbs;Total;2001;200
17043 Queralbs;Total;2000;201
17043 Queralbs;Total;1999;197
17043 Queralbs;Total;1998;200
17043 Queralbs;Total;1997;""
17043 Queralbs;Total;1996;192
17043 Queralbs;Hombres;2025;109
17043 Queralbs;Hombres;2024;113
17043 Queralbs;Hombres;2023;102
17043 Queralbs;Hombres;2022;98
17043 Queralbs;Hombres;2021;99
17043 Queralbs;Hombres;2020;98
17043 Queralbs;Hombres;2019;104
17043 Queralbs;Hombres;2018;103
17043 Queralbs;Hombres;2017;98
17043 Queralbs;Hombres;2016;99
17043 Queralbs;Hombres;2015;100
17043 Queralbs;Hombres;2014;106
17043 Queralbs;Hombres;2013;105
17043 Queralbs;Hombres;2012;99
17043 Queralbs;Hombres;2011;104
17043 Queralbs;Hombres;2010;109
17043 Queralbs;Hombres;2009;115
17043 Queralbs;Hombres;2008;110
17043 Queralbs;Hombres;2007;112
17043 Queralbs;Hombres;2006;113
17043 Queralbs;Hombres;2005;117
17043 Queralbs;Hombres;2004;113
17043 Queralbs;Hombres;2003;107
17043 Queralbs;Hombres;2002;108
17043 Queralbs;Hombres;2001;114
17043 Queralbs;Hombres;2000;115
17043 Queralbs;Hombres;1999;110
17043 Queralbs;Hombres;1998;111
17043 Queralbs;Hombres;1997;""
17043 Queralbs;Hombres;1996;106
17043 Queralbs;Mujeres;2025;93
17043 Queralbs;Mujeres;2024;93
17043 Queralbs;Mujeres;2023;95
17043 Queralbs;Mujeres;2022;93
17043 Queralbs;Mujeres;2021;92
17043 Queralbs;Mujeres;2020;90
17043 Queralbs;Mujeres;2019;87
17043 Queralbs;Mujeres;2018;83
17043 Queralbs;Mujeres;2017;78
17043 Queralbs;Mujeres;2016;75
17043 Queralbs;Mujeres;2015;73
17043 Queralbs;Mujeres;2014;76
17043 Queralbs;Mujeres;2013;80
17043 Queralbs;Mujeres;2012;79
17043 Queralbs;Mujeres;2011;82
17043 Queralbs;Mujeres;2010;81
17043 Queralbs;Mujeres;2009;84
17043 Queralbs;Mujeres;2008;82
17043 Queralbs;Mujeres;2007;85
17043 Queralbs;Mujeres;2006;85
17043 Queralbs;Mujeres;2005;85
17043 Queralbs;Mujeres;2004;85
17043 Queralbs;Mujeres;2003;85
17043 Queralbs;Mujeres;2002;88
17043 Queralbs;Mujeres;2001;86
17043 Queralbs;Mujeres;2000;86
17043 Queralbs;Mujeres;1999;87
17043 Queralbs;Mujeres;1998;89
17043 Queralbs;Mujeres;1997;""
17043 Queralbs;Mujeres;1996;86
17143 Rabós;Total;2025;232
17143 Rabós;Total;2024;230
17143 Rabós;Total;2023;203
17143 Rabós;Total;2022;210
17143 Rabós;Total;2021;206
17143 Rabós;Total;2020;184
17143 Rabós;Total;2019;178
17143 Rabós;Total;2018;179
17143 Rabós;Total;2017;175
17143 Rabós;Total;2016;188
17143 Rabós;Total;2015;182
17143 Rabós;Total;2014;182
17143 Rabós;Total;2013;185
17143 Rabós;Total;2012;206
17143 Rabós;Total;2011;196
17143 Rabós;Total;2010;192
17143 Rabós;Total;2009;217
17143 Rabós;Total;2008;194
17143 Rabós;Total;2007;182
17143 Rabós;Total;2006;194
17143 Rabós;Total;2005;177
17143 Rabós;Total;2004;167
17143 Rabós;Total;2003;154
17143 Rabós;Total;2002;155
17143 Rabós;Total;2001;144
17143 Rabós;Total;2000;145
17143 Rabós;Total;1999;148
17143 Rabós;Total;1998;137
17143 Rabós;Total;1997;""
17143 Rabós;Total;1996;148
17143 Rabós;Hombres;2025;106
17143 Rabós;Hombres;2024;111
17143 Rabós;Hombres;2023;99
17143 Rabós;Hombres;2022;101
17143 Rabós;Hombres;2021;99
17143 Rabós;Hombres;2020;92
17143 Rabós;Hombres;2019;89
17143 Rabós;Hombres;2018;90
17143 Rabós;Hombres;2017;86
17143 Rabós;Hombres;2016;92
17143 Rabós;Hombres;2015;90
17143 Rabós;Hombres;2014;89
17143 Rabós;Hombres;2013;88
17143 Rabós;Hombres;2012;106
17143 Rabós;Hombres;2011;102
17143 Rabós;Hombres;2010;100
17143 Rabós;Hombres;2009;112
17143 Rabós;Hombres;2008;98
17143 Rabós;Hombres;2007;90
17143 Rabós;Hombres;2006;97
17143 Rabós;Hombres;2005;85
17143 Rabós;Hombres;2004;83
17143 Rabós;Hombres;2003;78
17143 Rabós;Hombres;2002;78
17143 Rabós;Hombres;2001;70
17143 Rabós;Hombres;2000;69
17143 Rabós;Hombres;1999;71
17143 Rabós;Hombres;1998;66
17143 Rabós;Hombres;1997;""
17143 Rabós;Hombres;1996;72
17143 Rabós;Mujeres;2025;126
17143 Rabós;Mujeres;2024;119
17143 Rabós;Mujeres;2023;104
17143 Rabós;Mujeres;2022;109
17143 Rabós;Mujeres;2021;107
17143 Rabós;Mujeres;2020;92
17143 Rabós;Mujeres;2019;89
17143 Rabós;Mujeres;2018;89
17143 Rabós;Mujeres;2017;89
17143 Rabós;Mujeres;2016;96
17143 Rabós;Mujeres;2015;92
17143 Rabós;Mujeres;2014;93
17143 Rabós;Mujeres;2013;97
17143 Rabós;Mujeres;2012;100
17143 Rabós;Mujeres;2011;94
17143 Rabós;Mujeres;2010;92
17143 Rabós;Mujeres;2009;105
17143 Rabós;Mujeres;2008;96
17143 Rabós;Mujeres;2007;92
17143 Rabós;Mujeres;2006;97
17143 Rabós;Mujeres;2005;92
17143 Rabós;Mujeres;2004;84
17143 Rabós;Mujeres;2003;76
17143 Rabós;Mujeres;2002;77
17143 Rabós;Mujeres;2001;74
17143 Rabós;Mujeres;2000;76
17143 Rabós;Mujeres;1999;77
17143 Rabós;Mujeres;1998;71
17143 Rabós;Mujeres;1997;""
17143 Rabós;Mujeres;1996;76
17144 Regencós;Total;2025;275
17144 Regencós;Total;2024;279
17144 Regencós;Total;2023;269
17144 Regencós;Total;2022;271
17144 Regencós;Total;2021;282
17144 Regencós;Total;2020;276
17144 Regencós;Total;2019;269
17144 Regencós;Total;2018;276
17144 Regencós;Total;2017;279
17144 Regencós;Total;2016;279
17144 Regencós;Total;2015;285
17144 Regencós;Total;2014;291
17144 Regencós;Total;2013;289
17144 Regencós;Total;2012;295
17144 Regencós;Total;2011;301
17144 Regencós;Total;2010;315
17144 Regencós;Total;2009;326
17144 Regencós;Total;2008;313
17144 Regencós;Total;2007;326
17144 Regencós;Total;2006;304
17144 Regencós;Total;2005;297
17144 Regencós;Total;2004;303
17144 Regencós;Total;2003;288
17144 Regencós;Total;2002;287
17144 Regencós;Total;2001;291
17144 Regencós;Total;2000;287
17144 Regencós;Total;1999;292
17144 Regencós;Total;1998;290
17144 Regencós;Total;1997;""
17144 Regencós;Total;1996;278
17144 Regencós;Hombres;2025;151
17144 Regencós;Hombres;2024;148
17144 Regencós;Hombres;2023;143
17144 Regencós;Hombres;2022;146
17144 Regencós;Hombres;2021;151
17144 Regencós;Hombres;2020;150
17144 Regencós;Hombres;2019;141
17144 Regencós;Hombres;2018;142
17144 Regencós;Hombres;2017;143
17144 Regencós;Hombres;2016;143
17144 Regencós;Hombres;2015;148
17144 Regencós;Hombres;2014;154
17144 Regencós;Hombres;2013;156
17144 Regencós;Hombres;2012;162
17144 Regencós;Hombres;2011;162
17144 Regencós;Hombres;2010;175
17144 Regencós;Hombres;2009;181
17144 Regencós;Hombres;2008;176
17144 Regencós;Hombres;2007;185
17144 Regencós;Hombres;2006;169
17144 Regencós;Hombres;2005;164
17144 Regencós;Hombres;2004;165
17144 Regencós;Hombres;2003;162
17144 Regencós;Hombres;2002;165
17144 Regencós;Hombres;2001;169
17144 Regencós;Hombres;2000;166
17144 Regencós;Hombres;1999;167
17144 Regencós;Hombres;1998;161
17144 Regencós;Hombres;1997;""
17144 Regencós;Hombres;1996;154
17144 Regencós;Mujeres;2025;124
17144 Regencós;Mujeres;2024;131
17144 Regencós;Mujeres;2023;126
17144 Regencós;Mujeres;2022;125
17144 Regencós;Mujeres;2021;131
17144 Regencós;Mujeres;2020;126
17144 Regencós;Mujeres;2019;128
17144 Regencós;Mujeres;2018;134
17144 Regencós;Mujeres;2017;136
17144 Regencós;Mujeres;2016;136
17144 Regencós;Mujeres;2015;137
17144 Regencós;Mujeres;2014;137
17144 Regencós;Mujeres;2013;133
17144 Regencós;Mujeres;2012;133
17144 Regencós;Mujeres;2011;139
17144 Regencós;Mujeres;2010;140
17144 Regencós;Mujeres;2009;145
17144 Regencós;Mujeres;2008;137
17144 Regencós;Mujeres;2007;141
17144 Regencós;Mujeres;2006;135
17144 Regencós;Mujeres;2005;133
17144 Regencós;Mujeres;2004;138
17144 Regencós;Mujeres;2003;126
17144 Regencós;Mujeres;2002;122
17144 Regencós;Mujeres;2001;122
17144 Regencós;Mujeres;2000;121
17144 Regencós;Mujeres;1999;125
17144 Regencós;Mujeres;1998;129
17144 Regencós;Mujeres;1997;""
17144 Regencós;Mujeres;1996;124
17145 Ribes de Freser;Total;2025;1.841
17145 Ribes de Freser;Total;2024;1.847
17145 Ribes de Freser;Total;2023;1.839
17145 Ribes de Freser;Total;2022;1.810
17145 Ribes de Freser;Total;2021;1.787
17145 Ribes de Freser;Total;2020;1.760
17145 Ribes de Freser;Total;2019;1.754
17145 Ribes de Freser;Total;2018;1.766
17145 Ribes de Freser;Total;2017;1.783
17145 Ribes de Freser;Total;2016;1.785
17145 Ribes de Freser;Total;2015;1.818
17145 Ribes de Freser;Total;2014;1.859
17145 Ribes de Freser;Total;2013;1.891
17145 Ribes de Freser;Total;2012;1.914
17145 Ribes de Freser;Total;2011;1.941
17145 Ribes de Freser;Total;2010;1.930
17145 Ribes de Freser;Total;2009;1.976
17145 Ribes de Freser;Total;2008;2.006
17145 Ribes de Freser;Total;2007;2.001
17145 Ribes de Freser;Total;2006;2.017
17145 Ribes de Freser;Total;2005;2.044
17145 Ribes de Freser;Total;2004;2.040
17145 Ribes de Freser;Total;2003;2.049
17145 Ribes de Freser;Total;2002;2.064
17145 Ribes de Freser;Total;2001;2.104
17145 Ribes de Freser;Total;2000;2.096
17145 Ribes de Freser;Total;1999;2.118
17145 Ribes de Freser;Total;1998;2.125
17145 Ribes de Freser;Total;1997;""
17145 Ribes de Freser;Total;1996;2.156
17145 Ribes de Freser;Hombres;2025;930
17145 Ribes de Freser;Hombres;2024;943
17145 Ribes de Freser;Hombres;2023;937
17145 Ribes de Freser;Hombres;2022;923
17145 Ribes de Freser;Hombres;2021;894
17145 Ribes de Freser;Hombres;2020;883
17145 Ribes de Freser;Hombres;2019;882
17145 Ribes de Freser;Hombres;2018;879
17145 Ribes de Freser;Hombres;2017;887
17145 Ribes de Freser;Hombres;2016;882
17145 Ribes de Freser;Hombres;2015;896
17145 Ribes de Freser;Hombres;2014;916
17145 Ribes de Freser;Hombres;2013;938
17145 Ribes de Freser;Hombres;2012;937
17145 Ribes de Freser;Hombres;2011;956
17145 Ribes de Freser;Hombres;2010;951
17145 Ribes de Freser;Hombres;2009;973
17145 Ribes de Freser;Hombres;2008;986
17145 Ribes de Freser;Hombres;2007;976
17145 Ribes de Freser;Hombres;2006;993
17145 Ribes de Freser;Hombres;2005;1.011
17145 Ribes de Freser;Hombres;2004;1.012
17145 Ribes de Freser;Hombres;2003;1.011
17145 Ribes de Freser;Hombres;2002;1.009
17145 Ribes de Freser;Hombres;2001;1.023
17145 Ribes de Freser;Hombres;2000;1.017
17145 Ribes de Freser;Hombres;1999;1.031
17145 Ribes de Freser;Hombres;1998;1.031
17145 Ribes de Freser;Hombres;1997;""
17145 Ribes de Freser;Hombres;1996;1.051
17145 Ribes de Freser;Mujeres;2025;911
17145 Ribes de Freser;Mujeres;2024;904
17145 Ribes de Freser;Mujeres;2023;902
17145 Ribes de Freser;Mujeres;2022;887
17145 Ribes de Freser;Mujeres;2021;893
17145 Ribes de Freser;Mujeres;2020;877
17145 Ribes de Freser;Mujeres;2019;872
17145 Ribes de Freser;Mujeres;2018;887
17145 Ribes de Freser;Mujeres;2017;896
17145 Ribes de Freser;Mujeres;2016;903
17145 Ribes de Freser;Mujeres;2015;922
17145 Ribes de Freser;Mujeres;2014;943
17145 Ribes de Freser;Mujeres;2013;953
17145 Ribes de Freser;Mujeres;2012;977
17145 Ribes de Freser;Mujeres;2011;985
17145 Ribes de Freser;Mujeres;2010;979
17145 Ribes de Freser;Mujeres;2009;1.003
17145 Ribes de Freser;Mujeres;2008;1.020
17145 Ribes de Freser;Mujeres;2007;1.025
17145 Ribes de Freser;Mujeres;2006;1.024
17145 Ribes de Freser;Mujeres;2005;1.033
17145 Ribes de Freser;Mujeres;2004;1.028
17145 Ribes de Freser;Mujeres;2003;1.038
17145 Ribes de Freser;Mujeres;2002;1.055
17145 Ribes de Freser;Mujeres;2001;1.081
17145 Ribes de Freser;Mujeres;2000;1.079
17145 Ribes de Freser;Mujeres;1999;1.087
17145 Ribes de Freser;Mujeres;1998;1.094
17145 Ribes de Freser;Mujeres;1997;""
17145 Ribes de Freser;Mujeres;1996;1.105
17146 Riells i Viabrea;Total;2025;4.635
17146 Riells i Viabrea;Total;2024;4.499
17146 Riells i Viabrea;Total;2023;4.426
17146 Riells i Viabrea;Total;2022;4.279
17146 Riells i Viabrea;Total;2021;4.268
17146 Riells i Viabrea;Total;2020;4.153
17146 Riells i Viabrea;Total;2019;4.124
17146 Riells i Viabrea;Total;2018;4.002
17146 Riells i Viabrea;Total;2017;3.922
17146 Riells i Viabrea;Total;2016;3.927
17146 Riells i Viabrea;Total;2015;3.945
17146 Riells i Viabrea;Total;2014;4.000
17146 Riells i Viabrea;Total;2013;3.954
17146 Riells i Viabrea;Total;2012;3.980
17146 Riells i Viabrea;Total;2011;3.993
17146 Riells i Viabrea;Total;2010;3.868
17146 Riells i Viabrea;Total;2009;3.779
17146 Riells i Viabrea;Total;2008;3.659
17146 Riells i Viabrea;Total;2007;3.465
17146 Riells i Viabrea;Total;2006;3.238
17146 Riells i Viabrea;Total;2005;3.035
17146 Riells i Viabrea;Total;2004;2.818
17146 Riells i Viabrea;Total;2003;2.541
17146 Riells i Viabrea;Total;2002;2.332
17146 Riells i Viabrea;Total;2001;2.160
17146 Riells i Viabrea;Total;2000;2.043
17146 Riells i Viabrea;Total;1999;1.862
17146 Riells i Viabrea;Total;1998;1.686
17146 Riells i Viabrea;Total;1997;""
17146 Riells i Viabrea;Total;1996;1.429
17146 Riells i Viabrea;Hombres;2025;2.371
17146 Riells i Viabrea;Hombres;2024;2.291
17146 Riells i Viabrea;Hombres;2023;2.251
17146 Riells i Viabrea;Hombres;2022;2.177
17146 Riells i Viabrea;Hombres;2021;2.151
17146 Riells i Viabrea;Hombres;2020;2.110
17146 Riells i Viabrea;Hombres;2019;2.113
17146 Riells i Viabrea;Hombres;2018;2.060
17146 Riells i Viabrea;Hombres;2017;2.026
17146 Riells i Viabrea;Hombres;2016;2.023
17146 Riells i Viabrea;Hombres;2015;2.042
17146 Riells i Viabrea;Hombres;2014;2.063
17146 Riells i Viabrea;Hombres;2013;2.042
17146 Riells i Viabrea;Hombres;2012;2.056
17146 Riells i Viabrea;Hombres;2011;2.063
17146 Riells i Viabrea;Hombres;2010;2.000
17146 Riells i Viabrea;Hombres;2009;1.974
17146 Riells i Viabrea;Hombres;2008;1.917
17146 Riells i Viabrea;Hombres;2007;1.797
17146 Riells i Viabrea;Hombres;2006;1.686
17146 Riells i Viabrea;Hombres;2005;1.594
17146 Riells i Viabrea;Hombres;2004;1.481
17146 Riells i Viabrea;Hombres;2003;1.333
17146 Riells i Viabrea;Hombres;2002;1.221
17146 Riells i Viabrea;Hombres;2001;1.131
17146 Riells i Viabrea;Hombres;2000;1.073
17146 Riells i Viabrea;Hombres;1999;972
17146 Riells i Viabrea;Hombres;1998;883
17146 Riells i Viabrea;Hombres;1997;""
17146 Riells i Viabrea;Hombres;1996;740
17146 Riells i Viabrea;Mujeres;2025;2.264
17146 Riells i Viabrea;Mujeres;2024;2.208
17146 Riells i Viabrea;Mujeres;2023;2.175
17146 Riells i Viabrea;Mujeres;2022;2.102
17146 Riells i Viabrea;Mujeres;2021;2.117
17146 Riells i Viabrea;Mujeres;2020;2.043
17146 Riells i Viabrea;Mujeres;2019;2.011
17146 Riells i Viabrea;Mujeres;2018;1.942
17146 Riells i Viabrea;Mujeres;2017;1.896
17146 Riells i Viabrea;Mujeres;2016;1.904
17146 Riells i Viabrea;Mujeres;2015;1.903
17146 Riells i Viabrea;Mujeres;2014;1.937
17146 Riells i Viabrea;Mujeres;2013;1.912
17146 Riells i Viabrea;Mujeres;2012;1.924
17146 Riells i Viabrea;Mujeres;2011;1.930
17146 Riells i Viabrea;Mujeres;2010;1.868
17146 Riells i Viabrea;Mujeres;2009;1.805
17146 Riells i Viabrea;Mujeres;2008;1.742
17146 Riells i Viabrea;Mujeres;2007;1.668
17146 Riells i Viabrea;Mujeres;2006;1.552
17146 Riells i Viabrea;Mujeres;2005;1.441
17146 Riells i Viabrea;Mujeres;2004;1.337
17146 Riells i Viabrea;Mujeres;2003;1.208
17146 Riells i Viabrea;Mujeres;2002;1.111
17146 Riells i Viabrea;Mujeres;2001;1.029
17146 Riells i Viabrea;Mujeres;2000;970
17146 Riells i Viabrea;Mujeres;1999;890
17146 Riells i Viabrea;Mujeres;1998;803
17146 Riells i Viabrea;Mujeres;1997;""
17146 Riells i Viabrea;Mujeres;1996;689
17147 Ripoll;Total;2025;10.665
17147 Ripoll;Total;2024;10.692
17147 Ripoll;Total;2023;10.731
17147 Ripoll;Total;2022;10.641
17147 Ripoll;Total;2021;10.721
17147 Ripoll;Total;2020;10.803
17147 Ripoll;Total;2019;10.686
17147 Ripoll;Total;2018;10.632
17147 Ripoll;Total;2017;10.611
17147 Ripoll;Total;2016;10.583
17147 Ripoll;Total;2015;10.632
17147 Ripoll;Total;2014;10.751
17147 Ripoll;Total;2013;10.798
17147 Ripoll;Total;2012;10.904
17147 Ripoll;Total;2011;10.913
17147 Ripoll;Total;2010;10.991
17147 Ripoll;Total;2009;11.057
17147 Ripoll;Total;2008;11.012
17147 Ripoll;Total;2007;10.867
17147 Ripoll;Total;2006;10.832
17147 Ripoll;Total;2005;10.762
17147 Ripoll;Total;2004;10.717
17147 Ripoll;Total;2003;10.754
17147 Ripoll;Total;2002;10.842
17147 Ripoll;Total;2001;10.744
17147 Ripoll;Total;2000;10.733
17147 Ripoll;Total;1999;10.818
17147 Ripoll;Total;1998;10.953
17147 Ripoll;Total;1997;""
17147 Ripoll;Total;1996;10.908
17147 Ripoll;Hombres;2025;5.296
17147 Ripoll;Hombres;2024;5.328
17147 Ripoll;Hombres;2023;5.311
17147 Ripoll;Hombres;2022;5.284
17147 Ripoll;Hombres;2021;5.329
17147 Ripoll;Hombres;2020;5.369
17147 Ripoll;Hombres;2019;5.273
17147 Ripoll;Hombres;2018;5.251
17147 Ripoll;Hombres;2017;5.236
17147 Ripoll;Hombres;2016;5.194
17147 Ripoll;Hombres;2015;5.217
17147 Ripoll;Hombres;2014;5.303
17147 Ripoll;Hombres;2013;5.323
17147 Ripoll;Hombres;2012;5.379
17147 Ripoll;Hombres;2011;5.393
17147 Ripoll;Hombres;2010;5.437
17147 Ripoll;Hombres;2009;5.477
17147 Ripoll;Hombres;2008;5.473
17147 Ripoll;Hombres;2007;5.390
17147 Ripoll;Hombres;2006;5.367
17147 Ripoll;Hombres;2005;5.303
17147 Ripoll;Hombres;2004;5.259
17147 Ripoll;Hombres;2003;5.245
17147 Ripoll;Hombres;2002;5.291
17147 Ripoll;Hombres;2001;5.213
17147 Ripoll;Hombres;2000;5.180
17147 Ripoll;Hombres;1999;5.238
17147 Ripoll;Hombres;1998;5.332
17147 Ripoll;Hombres;1997;""
17147 Ripoll;Hombres;1996;5.296
17147 Ripoll;Mujeres;2025;5.369
17147 Ripoll;Mujeres;2024;5.364
17147 Ripoll;Mujeres;2023;5.420
17147 Ripoll;Mujeres;2022;5.357
17147 Ripoll;Mujeres;2021;5.392
17147 Ripoll;Mujeres;2020;5.434
17147 Ripoll;Mujeres;2019;5.413
17147 Ripoll;Mujeres;2018;5.381
17147 Ripoll;Mujeres;2017;5.375
17147 Ripoll;Mujeres;2016;5.389
17147 Ripoll;Mujeres;2015;5.415
17147 Ripoll;Mujeres;2014;5.448
17147 Ripoll;Mujeres;2013;5.475
17147 Ripoll;Mujeres;2012;5.525
17147 Ripoll;Mujeres;2011;5.520
17147 Ripoll;Mujeres;2010;5.554
17147 Ripoll;Mujeres;2009;5.580
17147 Ripoll;Mujeres;2008;5.539
17147 Ripoll;Mujeres;2007;5.477
17147 Ripoll;Mujeres;2006;5.465
17147 Ripoll;Mujeres;2005;5.459
17147 Ripoll;Mujeres;2004;5.458
17147 Ripoll;Mujeres;2003;5.509
17147 Ripoll;Mujeres;2002;5.551
17147 Ripoll;Mujeres;2001;5.531
17147 Ripoll;Mujeres;2000;5.553
17147 Ripoll;Mujeres;1999;5.580
17147 Ripoll;Mujeres;1998;5.621
17147 Ripoll;Mujeres;1997;""
17147 Ripoll;Mujeres;1996;5.612
17148 Riudarenes;Total;2025;2.532
17148 Riudarenes;Total;2024;2.445
17148 Riudarenes;Total;2023;2.332
17148 Riudarenes;Total;2022;2.337
17148 Riudarenes;Total;2021;2.283
17148 Riudarenes;Total;2020;2.204
17148 Riudarenes;Total;2019;2.182
17148 Riudarenes;Total;2018;2.181
17148 Riudarenes;Total;2017;2.145
17148 Riudarenes;Total;2016;2.120
17148 Riudarenes;Total;2015;2.120
17148 Riudarenes;Total;2014;2.148
17148 Riudarenes;Total;2013;2.175
17148 Riudarenes;Total;2012;2.180
17148 Riudarenes;Total;2011;2.183
17148 Riudarenes;Total;2010;2.123
17148 Riudarenes;Total;2009;2.070
17148 Riudarenes;Total;2008;2.002
17148 Riudarenes;Total;2007;1.853
17148 Riudarenes;Total;2006;1.761
17148 Riudarenes;Total;2005;1.679
17148 Riudarenes;Total;2004;1.581
17148 Riudarenes;Total;2003;1.432
17148 Riudarenes;Total;2002;1.415
17148 Riudarenes;Total;2001;1.342
17148 Riudarenes;Total;2000;1.302
17148 Riudarenes;Total;1999;1.258
17148 Riudarenes;Total;1998;1.257
17148 Riudarenes;Total;1997;""
17148 Riudarenes;Total;1996;1.215
17148 Riudarenes;Hombres;2025;1.310
17148 Riudarenes;Hombres;2024;1.243
17148 Riudarenes;Hombres;2023;1.188
17148 Riudarenes;Hombres;2022;1.213
17148 Riudarenes;Hombres;2021;1.187
17148 Riudarenes;Hombres;2020;1.134
17148 Riudarenes;Hombres;2019;1.125
17148 Riudarenes;Hombres;2018;1.125
17148 Riudarenes;Hombres;2017;1.106
17148 Riudarenes;Hombres;2016;1.090
17148 Riudarenes;Hombres;2015;1.091
17148 Riudarenes;Hombres;2014;1.109
17148 Riudarenes;Hombres;2013;1.117
17148 Riudarenes;Hombres;2012;1.115
17148 Riudarenes;Hombres;2011;1.113
17148 Riudarenes;Hombres;2010;1.093
17148 Riudarenes;Hombres;2009;1.077
17148 Riudarenes;Hombres;2008;1.043
17148 Riudarenes;Hombres;2007;975
17148 Riudarenes;Hombres;2006;919
17148 Riudarenes;Hombres;2005;876
17148 Riudarenes;Hombres;2004;814
17148 Riudarenes;Hombres;2003;742
17148 Riudarenes;Hombres;2002;741
17148 Riudarenes;Hombres;2001;699
17148 Riudarenes;Hombres;2000;678
17148 Riudarenes;Hombres;1999;655
17148 Riudarenes;Hombres;1998;644
17148 Riudarenes;Hombres;1997;""
17148 Riudarenes;Hombres;1996;610
17148 Riudarenes;Mujeres;2025;1.222
17148 Riudarenes;Mujeres;2024;1.202
17148 Riudarenes;Mujeres;2023;1.144
17148 Riudarenes;Mujeres;2022;1.124
17148 Riudarenes;Mujeres;2021;1.096
17148 Riudarenes;Mujeres;2020;1.070
17148 Riudarenes;Mujeres;2019;1.057
17148 Riudarenes;Mujeres;2018;1.056
17148 Riudarenes;Mujeres;2017;1.039
17148 Riudarenes;Mujeres;2016;1.030
17148 Riudarenes;Mujeres;2015;1.029
17148 Riudarenes;Mujeres;2014;1.039
17148 Riudarenes;Mujeres;2013;1.058
17148 Riudarenes;Mujeres;2012;1.065
17148 Riudarenes;Mujeres;2011;1.070
17148 Riudarenes;Mujeres;2010;1.030
17148 Riudarenes;Mujeres;2009;993
17148 Riudarenes;Mujeres;2008;959
17148 Riudarenes;Mujeres;2007;878
17148 Riudarenes;Mujeres;2006;842
17148 Riudarenes;Mujeres;2005;803
17148 Riudarenes;Mujeres;2004;767
17148 Riudarenes;Mujeres;2003;690
17148 Riudarenes;Mujeres;2002;674
17148 Riudarenes;Mujeres;2001;643
17148 Riudarenes;Mujeres;2000;624
17148 Riudarenes;Mujeres;1999;603
17148 Riudarenes;Mujeres;1998;613
17148 Riudarenes;Mujeres;1997;""
17148 Riudarenes;Mujeres;1996;605
17149 Riudaura;Total;2025;526
17149 Riudaura;Total;2024;529
17149 Riudaura;Total;2023;526
17149 Riudaura;Total;2022;511
17149 Riudaura;Total;2021;511
17149 Riudaura;Total;2020;481
17149 Riudaura;Total;2019;478
17149 Riudaura;Total;2018;462
17149 Riudaura;Total;2017;475
17149 Riudaura;Total;2016;466
17149 Riudaura;Total;2015;461
17149 Riudaura;Total;2014;463
17149 Riudaura;Total;2013;452
17149 Riudaura;Total;2012;438
17149 Riudaura;Total;2011;439
17149 Riudaura;Total;2010;441
17149 Riudaura;Total;2009;443
17149 Riudaura;Total;2008;426
17149 Riudaura;Total;2007;429
17149 Riudaura;Total;2006;417
17149 Riudaura;Total;2005;426
17149 Riudaura;Total;2004;406
17149 Riudaura;Total;2003;411
17149 Riudaura;Total;2002;413
17149 Riudaura;Total;2001;413
17149 Riudaura;Total;2000;417
17149 Riudaura;Total;1999;405
17149 Riudaura;Total;1998;390
17149 Riudaura;Total;1997;""
17149 Riudaura;Total;1996;389
17149 Riudaura;Hombres;2025;265
17149 Riudaura;Hombres;2024;263
17149 Riudaura;Hombres;2023;261
17149 Riudaura;Hombres;2022;258
17149 Riudaura;Hombres;2021;253
17149 Riudaura;Hombres;2020;230
17149 Riudaura;Hombres;2019;232
17149 Riudaura;Hombres;2018;224
17149 Riudaura;Hombres;2017;229
17149 Riudaura;Hombres;2016;222
17149 Riudaura;Hombres;2015;225
17149 Riudaura;Hombres;2014;222
17149 Riudaura;Hombres;2013;220
17149 Riudaura;Hombres;2012;213
17149 Riudaura;Hombres;2011;218
17149 Riudaura;Hombres;2010;217
17149 Riudaura;Hombres;2009;215
17149 Riudaura;Hombres;2008;213
17149 Riudaura;Hombres;2007;217
17149 Riudaura;Hombres;2006;214
17149 Riudaura;Hombres;2005;215
17149 Riudaura;Hombres;2004;207
17149 Riudaura;Hombres;2003;204
17149 Riudaura;Hombres;2002;205
17149 Riudaura;Hombres;2001;205
17149 Riudaura;Hombres;2000;210
17149 Riudaura;Hombres;1999;206
17149 Riudaura;Hombres;1998;196
17149 Riudaura;Hombres;1997;""
17149 Riudaura;Hombres;1996;196
17149 Riudaura;Mujeres;2025;261
17149 Riudaura;Mujeres;2024;266
17149 Riudaura;Mujeres;2023;265
17149 Riudaura;Mujeres;2022;253
17149 Riudaura;Mujeres;2021;258
17149 Riudaura;Mujeres;2020;251
17149 Riudaura;Mujeres;2019;246
17149 Riudaura;Mujeres;2018;238
17149 Riudaura;Mujeres;2017;246
17149 Riudaura;Mujeres;2016;244
17149 Riudaura;Mujeres;2015;236
17149 Riudaura;Mujeres;2014;241
17149 Riudaura;Mujeres;2013;232
17149 Riudaura;Mujeres;2012;225
17149 Riudaura;Mujeres;2011;221
17149 Riudaura;Mujeres;2010;224
17149 Riudaura;Mujeres;2009;228
17149 Riudaura;Mujeres;2008;213
17149 Riudaura;Mujeres;2007;212
17149 Riudaura;Mujeres;2006;203
17149 Riudaura;Mujeres;2005;211
17149 Riudaura;Mujeres;2004;199
17149 Riudaura;Mujeres;2003;207
17149 Riudaura;Mujeres;2002;208
17149 Riudaura;Mujeres;2001;208
17149 Riudaura;Mujeres;2000;207
17149 Riudaura;Mujeres;1999;199
17149 Riudaura;Mujeres;1998;194
17149 Riudaura;Mujeres;1997;""
17149 Riudaura;Mujeres;1996;193
17150 Riudellots de la Selva;Total;2025;2.125
17150 Riudellots de la Selva;Total;2024;2.142
17150 Riudellots de la Selva;Total;2023;2.092
17150 Riudellots de la Selva;Total;2022;2.072
17150 Riudellots de la Selva;Total;2021;2.076
17150 Riudellots de la Selva;Total;2020;2.071
17150 Riudellots de la Selva;Total;2019;2.076
17150 Riudellots de la Selva;Total;2018;2.059
17150 Riudellots de la Selva;Total;2017;2.029
17150 Riudellots de la Selva;Total;2016;2.024
17150 Riudellots de la Selva;Total;2015;2.022
17150 Riudellots de la Selva;Total;2014;2.026
17150 Riudellots de la Selva;Total;2013;2.051
17150 Riudellots de la Selva;Total;2012;2.037
17150 Riudellots de la Selva;Total;2011;2.022
17150 Riudellots de la Selva;Total;2010;1.975
17150 Riudellots de la Selva;Total;2009;1.984
17150 Riudellots de la Selva;Total;2008;1.940
17150 Riudellots de la Selva;Total;2007;1.877
17150 Riudellots de la Selva;Total;2006;1.849
17150 Riudellots de la Selva;Total;2005;1.775
17150 Riudellots de la Selva;Total;2004;1.735
17150 Riudellots de la Selva;Total;2003;1.707
17150 Riudellots de la Selva;Total;2002;1.597
17150 Riudellots de la Selva;Total;2001;1.557
17150 Riudellots de la Selva;Total;2000;1.548
17150 Riudellots de la Selva;Total;1999;1.509
17150 Riudellots de la Selva;Total;1998;1.489
17150 Riudellots de la Selva;Total;1997;""
17150 Riudellots de la Selva;Total;1996;1.465
17150 Riudellots de la Selva;Hombres;2025;1.074
17150 Riudellots de la Selva;Hombres;2024;1.089
17150 Riudellots de la Selva;Hombres;2023;1.066
17150 Riudellots de la Selva;Hombres;2022;1.051
17150 Riudellots de la Selva;Hombres;2021;1.049
17150 Riudellots de la Selva;Hombres;2020;1.055
17150 Riudellots de la Selva;Hombres;2019;1.053
17150 Riudellots de la Selva;Hombres;2018;1.053
17150 Riudellots de la Selva;Hombres;2017;1.024
17150 Riudellots de la Selva;Hombres;2016;1.023
17150 Riudellots de la Selva;Hombres;2015;1.030
17150 Riudellots de la Selva;Hombres;2014;1.020
17150 Riudellots de la Selva;Hombres;2013;1.048
17150 Riudellots de la Selva;Hombres;2012;1.040
17150 Riudellots de la Selva;Hombres;2011;1.047
17150 Riudellots de la Selva;Hombres;2010;1.015
17150 Riudellots de la Selva;Hombres;2009;1.021
17150 Riudellots de la Selva;Hombres;2008;1.009
17150 Riudellots de la Selva;Hombres;2007;967
17150 Riudellots de la Selva;Hombres;2006;952
17150 Riudellots de la Selva;Hombres;2005;923
17150 Riudellots de la Selva;Hombres;2004;886
17150 Riudellots de la Selva;Hombres;2003;868
17150 Riudellots de la Selva;Hombres;2002;815
17150 Riudellots de la Selva;Hombres;2001;798
17150 Riudellots de la Selva;Hombres;2000;796
17150 Riudellots de la Selva;Hombres;1999;770
17150 Riudellots de la Selva;Hombres;1998;750
17150 Riudellots de la Selva;Hombres;1997;""
17150 Riudellots de la Selva;Hombres;1996;743
17150 Riudellots de la Selva;Mujeres;2025;1.051
17150 Riudellots de la Selva;Mujeres;2024;1.053
17150 Riudellots de la Selva;Mujeres;2023;1.026
17150 Riudellots de la Selva;Mujeres;2022;1.021
17150 Riudellots de la Selva;Mujeres;2021;1.027
17150 Riudellots de la Selva;Mujeres;2020;1.016
17150 Riudellots de la Selva;Mujeres;2019;1.023
17150 Riudellots de la Selva;Mujeres;2018;1.006
17150 Riudellots de la Selva;Mujeres;2017;1.005
17150 Riudellots de la Selva;Mujeres;2016;1.001
17150 Riudellots de la Selva;Mujeres;2015;992
17150 Riudellots de la Selva;Mujeres;2014;1.006
17150 Riudellots de la Selva;Mujeres;2013;1.003
17150 Riudellots de la Selva;Mujeres;2012;997
17150 Riudellots de la Selva;Mujeres;2011;975
17150 Riudellots de la Selva;Mujeres;2010;960
17150 Riudellots de la Selva;Mujeres;2009;963
17150 Riudellots de la Selva;Mujeres;2008;931
17150 Riudellots de la Selva;Mujeres;2007;910
17150 Riudellots de la Selva;Mujeres;2006;897
17150 Riudellots de la Selva;Mujeres;2005;852
17150 Riudellots de la Selva;Mujeres;2004;849
17150 Riudellots de la Selva;Mujeres;2003;839
17150 Riudellots de la Selva;Mujeres;2002;782
17150 Riudellots de la Selva;Mujeres;2001;759
17150 Riudellots de la Selva;Mujeres;2000;752
17150 Riudellots de la Selva;Mujeres;1999;739
17150 Riudellots de la Selva;Mujeres;1998;739
17150 Riudellots de la Selva;Mujeres;1997;""
17150 Riudellots de la Selva;Mujeres;1996;722
17151 Riumors;Total;2025;253
17151 Riumors;Total;2024;262
17151 Riumors;Total;2023;234
17151 Riumors;Total;2022;244
17151 Riumors;Total;2021;244
17151 Riumors;Total;2020;246
17151 Riumors;Total;2019;258
17151 Riumors;Total;2018;263
17151 Riumors;Total;2017;266
17151 Riumors;Total;2016;255
17151 Riumors;Total;2015;245
17151 Riumors;Total;2014;244
17151 Riumors;Total;2013;243
17151 Riumors;Total;2012;252
17151 Riumors;Total;2011;247
17151 Riumors;Total;2010;224
17151 Riumors;Total;2009;233
17151 Riumors;Total;2008;216
17151 Riumors;Total;2007;189
17151 Riumors;Total;2006;172
17151 Riumors;Total;2005;154
17151 Riumors;Total;2004;163
17151 Riumors;Total;2003;174
17151 Riumors;Total;2002;178
17151 Riumors;Total;2001;184
17151 Riumors;Total;2000;192
17151 Riumors;Total;1999;192
17151 Riumors;Total;1998;191
17151 Riumors;Total;1997;""
17151 Riumors;Total;1996;198
17151 Riumors;Hombres;2025;135
17151 Riumors;Hombres;2024;141
17151 Riumors;Hombres;2023;122
17151 Riumors;Hombres;2022;128
17151 Riumors;Hombres;2021;127
17151 Riumors;Hombres;2020;121
17151 Riumors;Hombres;2019;126
17151 Riumors;Hombres;2018;132
17151 Riumors;Hombres;2017;133
17151 Riumors;Hombres;2016;128
17151 Riumors;Hombres;2015;122
17151 Riumors;Hombres;2014;125
17151 Riumors;Hombres;2013;125
17151 Riumors;Hombres;2012;130
17151 Riumors;Hombres;2011;127
17151 Riumors;Hombres;2010;114
17151 Riumors;Hombres;2009;115
17151 Riumors;Hombres;2008;113
17151 Riumors;Hombres;2007;103
17151 Riumors;Hombres;2006;91
17151 Riumors;Hombres;2005;78
17151 Riumors;Hombres;2004;81
17151 Riumors;Hombres;2003;86
17151 Riumors;Hombres;2002;88
17151 Riumors;Hombres;2001;92
17151 Riumors;Hombres;2000;95
17151 Riumors;Hombres;1999;98
17151 Riumors;Hombres;1998;93
17151 Riumors;Hombres;1997;""
17151 Riumors;Hombres;1996;96
17151 Riumors;Mujeres;2025;118
17151 Riumors;Mujeres;2024;121
17151 Riumors;Mujeres;2023;112
17151 Riumors;Mujeres;2022;116
17151 Riumors;Mujeres;2021;117
17151 Riumors;Mujeres;2020;125
17151 Riumors;Mujeres;2019;132
17151 Riumors;Mujeres;2018;131
17151 Riumors;Mujeres;2017;133
17151 Riumors;Mujeres;2016;127
17151 Riumors;Mujeres;2015;123
17151 Riumors;Mujeres;2014;119
17151 Riumors;Mujeres;2013;118
17151 Riumors;Mujeres;2012;122
17151 Riumors;Mujeres;2011;120
17151 Riumors;Mujeres;2010;110
17151 Riumors;Mujeres;2009;118
17151 Riumors;Mujeres;2008;103
17151 Riumors;Mujeres;2007;86
17151 Riumors;Mujeres;2006;81
17151 Riumors;Mujeres;2005;76
17151 Riumors;Mujeres;2004;82
17151 Riumors;Mujeres;2003;88
17151 Riumors;Mujeres;2002;90
17151 Riumors;Mujeres;2001;92
17151 Riumors;Mujeres;2000;97
17151 Riumors;Mujeres;1999;94
17151 Riumors;Mujeres;1998;98
17151 Riumors;Mujeres;1997;""
17151 Riumors;Mujeres;1996;102
17152 Roses;Total;2025;20.365
17152 Roses;Total;2024;20.362
17152 Roses;Total;2023;20.140
17152 Roses;Total;2022;19.907
17152 Roses;Total;2021;19.921
17152 Roses;Total;2020;19.807
17152 Roses;Total;2019;19.550
17152 Roses;Total;2018;19.319
17152 Roses;Total;2017;19.216
17152 Roses;Total;2016;19.438
17152 Roses;Total;2015;19.575
17152 Roses;Total;2014;19.600
17152 Roses;Total;2013;19.891
17152 Roses;Total;2012;19.896
17152 Roses;Total;2011;19.731
17152 Roses;Total;2010;20.418
17152 Roses;Total;2009;20.197
17152 Roses;Total;2008;19.463
17152 Roses;Total;2007;18.139
17152 Roses;Total;2006;17.173
17152 Roses;Total;2005;15.535
17152 Roses;Total;2004;14.687
17152 Roses;Total;2003;14.719
17152 Roses;Total;2002;14.214
17152 Roses;Total;2001;13.594
17152 Roses;Total;2000;12.857
17152 Roses;Total;1999;12.408
17152 Roses;Total;1998;12.022
17152 Roses;Total;1997;""
17152 Roses;Total;1996;11.483
17152 Roses;Hombres;2025;10.214
17152 Roses;Hombres;2024;10.285
17152 Roses;Hombres;2023;10.214
17152 Roses;Hombres;2022;10.102
17152 Roses;Hombres;2021;10.106
17152 Roses;Hombres;2020;10.016
17152 Roses;Hombres;2019;9.862
17152 Roses;Hombres;2018;9.713
17152 Roses;Hombres;2017;9.645
17152 Roses;Hombres;2016;9.722
17152 Roses;Hombres;2015;9.806
17152 Roses;Hombres;2014;9.795
17152 Roses;Hombres;2013;9.961
17152 Roses;Hombres;2012;9.976
17152 Roses;Hombres;2011;9.947
17152 Roses;Hombres;2010;10.377
17152 Roses;Hombres;2009;10.298
17152 Roses;Hombres;2008;9.968
17152 Roses;Hombres;2007;9.238
17152 Roses;Hombres;2006;8.696
17152 Roses;Hombres;2005;7.820
17152 Roses;Hombres;2004;7.376
17152 Roses;Hombres;2003;7.441
17152 Roses;Hombres;2002;7.213
17152 Roses;Hombres;2001;6.899
17152 Roses;Hombres;2000;6.502
17152 Roses;Hombres;1999;6.209
17152 Roses;Hombres;1998;6.033
17152 Roses;Hombres;1997;""
17152 Roses;Hombres;1996;5.769
17152 Roses;Mujeres;2025;10.151
17152 Roses;Mujeres;2024;10.077
17152 Roses;Mujeres;2023;9.926
17152 Roses;Mujeres;2022;9.805
17152 Roses;Mujeres;2021;9.815
17152 Roses;Mujeres;2020;9.791
17152 Roses;Mujeres;2019;9.688
17152 Roses;Mujeres;2018;9.606
17152 Roses;Mujeres;2017;9.571
17152 Roses;Mujeres;2016;9.716
17152 Roses;Mujeres;2015;9.769
17152 Roses;Mujeres;2014;9.805
17152 Roses;Mujeres;2013;9.930
17152 Roses;Mujeres;2012;9.920
17152 Roses;Mujeres;2011;9.784
17152 Roses;Mujeres;2010;10.041
17152 Roses;Mujeres;2009;9.899
17152 Roses;Mujeres;2008;9.495
17152 Roses;Mujeres;2007;8.901
17152 Roses;Mujeres;2006;8.477
17152 Roses;Mujeres;2005;7.715
17152 Roses;Mujeres;2004;7.311
17152 Roses;Mujeres;2003;7.278
17152 Roses;Mujeres;2002;7.001
17152 Roses;Mujeres;2001;6.695
17152 Roses;Mujeres;2000;6.355
17152 Roses;Mujeres;1999;6.199
17152 Roses;Mujeres;1998;5.989
17152 Roses;Mujeres;1997;""
17152 Roses;Mujeres;1996;5.714
17153 Rupià;Total;2025;325
17153 Rupià;Total;2024;330
17153 Rupià;Total;2023;316
17153 Rupià;Total;2022;300
17153 Rupià;Total;2021;296
17153 Rupià;Total;2020;273
17153 Rupià;Total;2019;272
17153 Rupià;Total;2018;269
17153 Rupià;Total;2017;264
17153 Rupià;Total;2016;253
17153 Rupià;Total;2015;248
17153 Rupià;Total;2014;246
17153 Rupià;Total;2013;241
17153 Rupià;Total;2012;248
17153 Rupià;Total;2011;241
17153 Rupià;Total;2010;243
17153 Rupià;Total;2009;243
17153 Rupià;Total;2008;240
17153 Rupià;Total;2007;223
17153 Rupià;Total;2006;213
17153 Rupià;Total;2005;201
17153 Rupià;Total;2004;196
17153 Rupià;Total;2003;179
17153 Rupià;Total;2002;190
17153 Rupià;Total;2001;192
17153 Rupià;Total;2000;190
17153 Rupià;Total;1999;192
17153 Rupià;Total;1998;192
17153 Rupià;Total;1997;""
17153 Rupià;Total;1996;184
17153 Rupià;Hombres;2025;155
17153 Rupià;Hombres;2024;161
17153 Rupià;Hombres;2023;155
17153 Rupià;Hombres;2022;152
17153 Rupià;Hombres;2021;148
17153 Rupià;Hombres;2020;140
17153 Rupià;Hombres;2019;138
17153 Rupià;Hombres;2018;135
17153 Rupià;Hombres;2017;134
17153 Rupià;Hombres;2016;129
17153 Rupià;Hombres;2015;125
17153 Rupià;Hombres;2014;127
17153 Rupià;Hombres;2013;121
17153 Rupià;Hombres;2012;124
17153 Rupià;Hombres;2011;120
17153 Rupià;Hombres;2010;122
17153 Rupià;Hombres;2009;126
17153 Rupià;Hombres;2008;124
17153 Rupià;Hombres;2007;115
17153 Rupià;Hombres;2006;113
17153 Rupià;Hombres;2005;109
17153 Rupià;Hombres;2004;104
17153 Rupià;Hombres;2003;96
17153 Rupià;Hombres;2002;101
17153 Rupià;Hombres;2001;102
17153 Rupià;Hombres;2000;101
17153 Rupià;Hombres;1999;106
17153 Rupià;Hombres;1998;103
17153 Rupià;Hombres;1997;""
17153 Rupià;Hombres;1996;99
17153 Rupià;Mujeres;2025;170
17153 Rupià;Mujeres;2024;169
17153 Rupià;Mujeres;2023;161
17153 Rupià;Mujeres;2022;148
17153 Rupià;Mujeres;2021;148
17153 Rupià;Mujeres;2020;133
17153 Rupià;Mujeres;2019;134
17153 Rupià;Mujeres;2018;134
17153 Rupià;Mujeres;2017;130
17153 Rupià;Mujeres;2016;124
17153 Rupià;Mujeres;2015;123
17153 Rupià;Mujeres;2014;119
17153 Rupià;Mujeres;2013;120
17153 Rupià;Mujeres;2012;124
17153 Rupià;Mujeres;2011;121
17153 Rupià;Mujeres;2010;121
17153 Rupià;Mujeres;2009;117
17153 Rupià;Mujeres;2008;116
17153 Rupià;Mujeres;2007;108
17153 Rupià;Mujeres;2006;100
17153 Rupià;Mujeres;2005;92
17153 Rupià;Mujeres;2004;92
17153 Rupià;Mujeres;2003;83
17153 Rupià;Mujeres;2002;89
17153 Rupià;Mujeres;2001;90
17153 Rupià;Mujeres;2000;89
17153 Rupià;Mujeres;1999;86
17153 Rupià;Mujeres;1998;89
17153 Rupià;Mujeres;1997;""
17153 Rupià;Mujeres;1996;85
17154 Sales de Llierca;Total;2025;164
17154 Sales de Llierca;Total;2024;158
17154 Sales de Llierca;Total;2023;167
17154 Sales de Llierca;Total;2022;169
17154 Sales de Llierca;Total;2021;164
17154 Sales de Llierca;Total;2020;159
17154 Sales de Llierca;Total;2019;154
17154 Sales de Llierca;Total;2018;151
17154 Sales de Llierca;Total;2017;147
17154 Sales de Llierca;Total;2016;137
17154 Sales de Llierca;Total;2015;139
17154 Sales de Llierca;Total;2014;133
17154 Sales de Llierca;Total;2013;140
17154 Sales de Llierca;Total;2012;144
17154 Sales de Llierca;Total;2011;144
17154 Sales de Llierca;Total;2010;136
17154 Sales de Llierca;Total;2009;141
17154 Sales de Llierca;Total;2008;132
17154 Sales de Llierca;Total;2007;133
17154 Sales de Llierca;Total;2006;128
17154 Sales de Llierca;Total;2005;117
17154 Sales de Llierca;Total;2004;108
17154 Sales de Llierca;Total;2003;109
17154 Sales de Llierca;Total;2002;99
17154 Sales de Llierca;Total;2001;91
17154 Sales de Llierca;Total;2000;89
17154 Sales de Llierca;Total;1999;81
17154 Sales de Llierca;Total;1998;65
17154 Sales de Llierca;Total;1997;""
17154 Sales de Llierca;Total;1996;66
17154 Sales de Llierca;Hombres;2025;86
17154 Sales de Llierca;Hombres;2024;84
17154 Sales de Llierca;Hombres;2023;85
17154 Sales de Llierca;Hombres;2022;84
17154 Sales de Llierca;Hombres;2021;79
17154 Sales de Llierca;Hombres;2020;82
17154 Sales de Llierca;Hombres;2019;77
17154 Sales de Llierca;Hombres;2018;76
17154 Sales de Llierca;Hombres;2017;76
17154 Sales de Llierca;Hombres;2016;71
17154 Sales de Llierca;Hombres;2015;68
17154 Sales de Llierca;Hombres;2014;66
17154 Sales de Llierca;Hombres;2013;74
17154 Sales de Llierca;Hombres;2012;76
17154 Sales de Llierca;Hombres;2011;77
17154 Sales de Llierca;Hombres;2010;73
17154 Sales de Llierca;Hombres;2009;75
17154 Sales de Llierca;Hombres;2008;69
17154 Sales de Llierca;Hombres;2007;70
17154 Sales de Llierca;Hombres;2006;63
17154 Sales de Llierca;Hombres;2005;58
17154 Sales de Llierca;Hombres;2004;56
17154 Sales de Llierca;Hombres;2003;57
17154 Sales de Llierca;Hombres;2002;53
17154 Sales de Llierca;Hombres;2001;51
17154 Sales de Llierca;Hombres;2000;49
17154 Sales de Llierca;Hombres;1999;46
17154 Sales de Llierca;Hombres;1998;38
17154 Sales de Llierca;Hombres;1997;""
17154 Sales de Llierca;Hombres;1996;39
17154 Sales de Llierca;Mujeres;2025;78
17154 Sales de Llierca;Mujeres;2024;74
17154 Sales de Llierca;Mujeres;2023;82
17154 Sales de Llierca;Mujeres;2022;85
17154 Sales de Llierca;Mujeres;2021;85
17154 Sales de Llierca;Mujeres;2020;77
17154 Sales de Llierca;Mujeres;2019;77
17154 Sales de Llierca;Mujeres;2018;75
17154 Sales de Llierca;Mujeres;2017;71
17154 Sales de Llierca;Mujeres;2016;66
17154 Sales de Llierca;Mujeres;2015;71
17154 Sales de Llierca;Mujeres;2014;67
17154 Sales de Llierca;Mujeres;2013;66
17154 Sales de Llierca;Mujeres;2012;68
17154 Sales de Llierca;Mujeres;2011;67
17154 Sales de Llierca;Mujeres;2010;63
17154 Sales de Llierca;Mujeres;2009;66
17154 Sales de Llierca;Mujeres;2008;63
17154 Sales de Llierca;Mujeres;2007;63
17154 Sales de Llierca;Mujeres;2006;65
17154 Sales de Llierca;Mujeres;2005;59
17154 Sales de Llierca;Mujeres;2004;52
17154 Sales de Llierca;Mujeres;2003;52
17154 Sales de Llierca;Mujeres;2002;46
17154 Sales de Llierca;Mujeres;2001;40
17154 Sales de Llierca;Mujeres;2000;40
17154 Sales de Llierca;Mujeres;1999;35
17154 Sales de Llierca;Mujeres;1998;27
17154 Sales de Llierca;Mujeres;1997;""
17154 Sales de Llierca;Mujeres;1996;27
17155 Salt;Total;2025;34.491
17155 Salt;Total;2024;33.904
17155 Salt;Total;2023;33.242
17155 Salt;Total;2022;32.517
17155 Salt;Total;2021;32.230
17155 Salt;Total;2020;32.138
17155 Salt;Total;2019;31.362
17155 Salt;Total;2018;30.622
17155 Salt;Total;2017;29.836
17155 Salt;Total;2016;29.404
17155 Salt;Total;2015;29.342
17155 Salt;Total;2014;30.103
17155 Salt;Total;2013;30.247
17155 Salt;Total;2012;30.146
17155 Salt;Total;2011;30.389
17155 Salt;Total;2010;30.304
17155 Salt;Total;2009;29.985
17155 Salt;Total;2008;28.763
17155 Salt;Total;2007;27.673
17155 Salt;Total;2006;28.017
17155 Salt;Total;2005;27.370
17155 Salt;Total;2004;25.912
17155 Salt;Total;2003;24.513
17155 Salt;Total;2002;23.214
17155 Salt;Total;2001;22.472
17155 Salt;Total;2000;22.017
17155 Salt;Total;1999;21.822
17155 Salt;Total;1998;21.678
17155 Salt;Total;1997;""
17155 Salt;Total;1996;21.519
17155 Salt;Hombres;2025;18.283
17155 Salt;Hombres;2024;17.940
17155 Salt;Hombres;2023;17.517
17155 Salt;Hombres;2022;17.139
17155 Salt;Hombres;2021;16.926
17155 Salt;Hombres;2020;16.920
17155 Salt;Hombres;2019;16.454
17155 Salt;Hombres;2018;16.048
17155 Salt;Hombres;2017;15.685
17155 Salt;Hombres;2016;15.438
17155 Salt;Hombres;2015;15.461
17155 Salt;Hombres;2014;15.921
17155 Salt;Hombres;2013;16.064
17155 Salt;Hombres;2012;16.030
17155 Salt;Hombres;2011;16.216
17155 Salt;Hombres;2010;16.159
17155 Salt;Hombres;2009;16.132
17155 Salt;Hombres;2008;15.458
17155 Salt;Hombres;2007;14.648
17155 Salt;Hombres;2006;14.906
17155 Salt;Hombres;2005;14.527
17155 Salt;Hombres;2004;13.559
17155 Salt;Hombres;2003;12.643
17155 Salt;Hombres;2002;11.769
17155 Salt;Hombres;2001;11.301
17155 Salt;Hombres;2000;10.935
17155 Salt;Hombres;1999;10.829
17155 Salt;Hombres;1998;10.740
17155 Salt;Hombres;1997;""
17155 Salt;Hombres;1996;10.625
17155 Salt;Mujeres;2025;16.208
17155 Salt;Mujeres;2024;15.964
17155 Salt;Mujeres;2023;15.725
17155 Salt;Mujeres;2022;15.378
17155 Salt;Mujeres;2021;15.304
17155 Salt;Mujeres;2020;15.218
17155 Salt;Mujeres;2019;14.908
17155 Salt;Mujeres;2018;14.574
17155 Salt;Mujeres;2017;14.151
17155 Salt;Mujeres;2016;13.966
17155 Salt;Mujeres;2015;13.881
17155 Salt;Mujeres;2014;14.182
17155 Salt;Mujeres;2013;14.183
17155 Salt;Mujeres;2012;14.116
17155 Salt;Mujeres;2011;14.173
17155 Salt;Mujeres;2010;14.145
17155 Salt;Mujeres;2009;13.853
17155 Salt;Mujeres;2008;13.305
17155 Salt;Mujeres;2007;13.025
17155 Salt;Mujeres;2006;13.111
17155 Salt;Mujeres;2005;12.843
17155 Salt;Mujeres;2004;12.353
17155 Salt;Mujeres;2003;11.870
17155 Salt;Mujeres;2002;11.445
17155 Salt;Mujeres;2001;11.171
17155 Salt;Mujeres;2000;11.082
17155 Salt;Mujeres;1999;10.993
17155 Salt;Mujeres;1998;10.938
17155 Salt;Mujeres;1997;""
17155 Salt;Mujeres;1996;10.894
17157 Sant Andreu Salou;Total;2025;161
17157 Sant Andreu Salou;Total;2024;172
17157 Sant Andreu Salou;Total;2023;171
17157 Sant Andreu Salou;Total;2022;162
17157 Sant Andreu Salou;Total;2021;156
17157 Sant Andreu Salou;Total;2020;160
17157 Sant Andreu Salou;Total;2019;155
17157 Sant Andreu Salou;Total;2018;156
17157 Sant Andreu Salou;Total;2017;150
17157 Sant Andreu Salou;Total;2016;155
17157 Sant Andreu Salou;Total;2015;149
17157 Sant Andreu Salou;Total;2014;155
17157 Sant Andreu Salou;Total;2013;154
17157 Sant Andreu Salou;Total;2012;159
17157 Sant Andreu Salou;Total;2011;152
17157 Sant Andreu Salou;Total;2010;155
17157 Sant Andreu Salou;Total;2009;152
17157 Sant Andreu Salou;Total;2008;157
17157 Sant Andreu Salou;Total;2007;161
17157 Sant Andreu Salou;Total;2006;156
17157 Sant Andreu Salou;Total;2005;154
17157 Sant Andreu Salou;Total;2004;152
17157 Sant Andreu Salou;Total;2003;144
17157 Sant Andreu Salou;Total;2002;141
17157 Sant Andreu Salou;Total;2001;140
17157 Sant Andreu Salou;Total;2000;138
17157 Sant Andreu Salou;Total;1999;145
17157 Sant Andreu Salou;Total;1998;143
17157 Sant Andreu Salou;Total;1997;""
17157 Sant Andreu Salou;Total;1996;146
17157 Sant Andreu Salou;Hombres;2025;81
17157 Sant Andreu Salou;Hombres;2024;84
17157 Sant Andreu Salou;Hombres;2023;83
17157 Sant Andreu Salou;Hombres;2022;79
17157 Sant Andreu Salou;Hombres;2021;76
17157 Sant Andreu Salou;Hombres;2020;78
17157 Sant Andreu Salou;Hombres;2019;79
17157 Sant Andreu Salou;Hombres;2018;82
17157 Sant Andreu Salou;Hombres;2017;79
17157 Sant Andreu Salou;Hombres;2016;82
17157 Sant Andreu Salou;Hombres;2015;79
17157 Sant Andreu Salou;Hombres;2014;80
17157 Sant Andreu Salou;Hombres;2013;78
17157 Sant Andreu Salou;Hombres;2012;81
17157 Sant Andreu Salou;Hombres;2011;76
17157 Sant Andreu Salou;Hombres;2010;75
17157 Sant Andreu Salou;Hombres;2009;75
17157 Sant Andreu Salou;Hombres;2008;75
17157 Sant Andreu Salou;Hombres;2007;75
17157 Sant Andreu Salou;Hombres;2006;73
17157 Sant Andreu Salou;Hombres;2005;72
17157 Sant Andreu Salou;Hombres;2004;71
17157 Sant Andreu Salou;Hombres;2003;66
17157 Sant Andreu Salou;Hombres;2002;64
17157 Sant Andreu Salou;Hombres;2001;64
17157 Sant Andreu Salou;Hombres;2000;65
17157 Sant Andreu Salou;Hombres;1999;71
17157 Sant Andreu Salou;Hombres;1998;70
17157 Sant Andreu Salou;Hombres;1997;""
17157 Sant Andreu Salou;Hombres;1996;74
17157 Sant Andreu Salou;Mujeres;2025;80
17157 Sant Andreu Salou;Mujeres;2024;88
17157 Sant Andreu Salou;Mujeres;2023;88
17157 Sant Andreu Salou;Mujeres;2022;83
17157 Sant Andreu Salou;Mujeres;2021;80
17157 Sant Andreu Salou;Mujeres;2020;82
17157 Sant Andreu Salou;Mujeres;2019;76
17157 Sant Andreu Salou;Mujeres;2018;74
17157 Sant Andreu Salou;Mujeres;2017;71
17157 Sant Andreu Salou;Mujeres;2016;73
17157 Sant Andreu Salou;Mujeres;2015;70
17157 Sant Andreu Salou;Mujeres;2014;75
17157 Sant Andreu Salou;Mujeres;2013;76
17157 Sant Andreu Salou;Mujeres;2012;78
17157 Sant Andreu Salou;Mujeres;2011;76
17157 Sant Andreu Salou;Mujeres;2010;80
17157 Sant Andreu Salou;Mujeres;2009;77
17157 Sant Andreu Salou;Mujeres;2008;82
17157 Sant Andreu Salou;Mujeres;2007;86
17157 Sant Andreu Salou;Mujeres;2006;83
17157 Sant Andreu Salou;Mujeres;2005;82
17157 Sant Andreu Salou;Mujeres;2004;81
17157 Sant Andreu Salou;Mujeres;2003;78
17157 Sant Andreu Salou;Mujeres;2002;77
17157 Sant Andreu Salou;Mujeres;2001;76
17157 Sant Andreu Salou;Mujeres;2000;73
17157 Sant Andreu Salou;Mujeres;1999;74
17157 Sant Andreu Salou;Mujeres;1998;73
17157 Sant Andreu Salou;Mujeres;1997;""
17157 Sant Andreu Salou;Mujeres;1996;72
17183 Sant Aniol de Finestres;Total;2025;382
17183 Sant Aniol de Finestres;Total;2024;372
17183 Sant Aniol de Finestres;Total;2023;364
17183 Sant Aniol de Finestres;Total;2022;363
17183 Sant Aniol de Finestres;Total;2021;353
17183 Sant Aniol de Finestres;Total;2020;345
17183 Sant Aniol de Finestres;Total;2019;341
17183 Sant Aniol de Finestres;Total;2018;351
17183 Sant Aniol de Finestres;Total;2017;363
17183 Sant Aniol de Finestres;Total;2016;371
17183 Sant Aniol de Finestres;Total;2015;373
17183 Sant Aniol de Finestres;Total;2014;351
17183 Sant Aniol de Finestres;Total;2013;355
17183 Sant Aniol de Finestres;Total;2012;351
17183 Sant Aniol de Finestres;Total;2011;345
17183 Sant Aniol de Finestres;Total;2010;342
17183 Sant Aniol de Finestres;Total;2009;327
17183 Sant Aniol de Finestres;Total;2008;319
17183 Sant Aniol de Finestres;Total;2007;306
17183 Sant Aniol de Finestres;Total;2006;289
17183 Sant Aniol de Finestres;Total;2005;286
17183 Sant Aniol de Finestres;Total;2004;291
17183 Sant Aniol de Finestres;Total;2003;292
17183 Sant Aniol de Finestres;Total;2002;288
17183 Sant Aniol de Finestres;Total;2001;275
17183 Sant Aniol de Finestres;Total;2000;270
17183 Sant Aniol de Finestres;Total;1999;269
17183 Sant Aniol de Finestres;Total;1998;251
17183 Sant Aniol de Finestres;Total;1997;""
17183 Sant Aniol de Finestres;Total;1996;251
17183 Sant Aniol de Finestres;Hombres;2025;208
17183 Sant Aniol de Finestres;Hombres;2024;197
17183 Sant Aniol de Finestres;Hombres;2023;186
17183 Sant Aniol de Finestres;Hombres;2022;184
17183 Sant Aniol de Finestres;Hombres;2021;179
17183 Sant Aniol de Finestres;Hombres;2020;180
17183 Sant Aniol de Finestres;Hombres;2019;177
17183 Sant Aniol de Finestres;Hombres;2018;186
17183 Sant Aniol de Finestres;Hombres;2017;195
17183 Sant Aniol de Finestres;Hombres;2016;197
17183 Sant Aniol de Finestres;Hombres;2015;196
17183 Sant Aniol de Finestres;Hombres;2014;189
17183 Sant Aniol de Finestres;Hombres;2013;188
17183 Sant Aniol de Finestres;Hombres;2012;186
17183 Sant Aniol de Finestres;Hombres;2011;184
17183 Sant Aniol de Finestres;Hombres;2010;184
17183 Sant Aniol de Finestres;Hombres;2009;173
17183 Sant Aniol de Finestres;Hombres;2008;170
17183 Sant Aniol de Finestres;Hombres;2007;164
17183 Sant Aniol de Finestres;Hombres;2006;152
17183 Sant Aniol de Finestres;Hombres;2005;155
17183 Sant Aniol de Finestres;Hombres;2004;157
17183 Sant Aniol de Finestres;Hombres;2003;154
17183 Sant Aniol de Finestres;Hombres;2002;152
17183 Sant Aniol de Finestres;Hombres;2001;147
17183 Sant Aniol de Finestres;Hombres;2000;148
17183 Sant Aniol de Finestres;Hombres;1999;146
17183 Sant Aniol de Finestres;Hombres;1998;133
17183 Sant Aniol de Finestres;Hombres;1997;""
17183 Sant Aniol de Finestres;Hombres;1996;134
17183 Sant Aniol de Finestres;Mujeres;2025;174
17183 Sant Aniol de Finestres;Mujeres;2024;175
17183 Sant Aniol de Finestres;Mujeres;2023;178
17183 Sant Aniol de Finestres;Mujeres;2022;179
17183 Sant Aniol de Finestres;Mujeres;2021;174
17183 Sant Aniol de Finestres;Mujeres;2020;165
17183 Sant Aniol de Finestres;Mujeres;2019;164
17183 Sant Aniol de Finestres;Mujeres;2018;165
17183 Sant Aniol de Finestres;Mujeres;2017;168
17183 Sant Aniol de Finestres;Mujeres;2016;174
17183 Sant Aniol de Finestres;Mujeres;2015;177
17183 Sant Aniol de Finestres;Mujeres;2014;162
17183 Sant Aniol de Finestres;Mujeres;2013;167
17183 Sant Aniol de Finestres;Mujeres;2012;165
17183 Sant Aniol de Finestres;Mujeres;2011;161
17183 Sant Aniol de Finestres;Mujeres;2010;158
17183 Sant Aniol de Finestres;Mujeres;2009;154
17183 Sant Aniol de Finestres;Mujeres;2008;149
17183 Sant Aniol de Finestres;Mujeres;2007;142
17183 Sant Aniol de Finestres;Mujeres;2006;137
17183 Sant Aniol de Finestres;Mujeres;2005;131
17183 Sant Aniol de Finestres;Mujeres;2004;134
17183 Sant Aniol de Finestres;Mujeres;2003;138
17183 Sant Aniol de Finestres;Mujeres;2002;136
17183 Sant Aniol de Finestres;Mujeres;2001;128
17183 Sant Aniol de Finestres;Mujeres;2000;122
17183 Sant Aniol de Finestres;Mujeres;1999;123
17183 Sant Aniol de Finestres;Mujeres;1998;118
17183 Sant Aniol de Finestres;Mujeres;1997;""
17183 Sant Aniol de Finestres;Mujeres;1996;117
17158 Sant Climent Sescebes;Total;2025;690
17158 Sant Climent Sescebes;Total;2024;675
17158 Sant Climent Sescebes;Total;2023;679
17158 Sant Climent Sescebes;Total;2022;696
17158 Sant Climent Sescebes;Total;2021;712
17158 Sant Climent Sescebes;Total;2020;707
17158 Sant Climent Sescebes;Total;2019;626
17158 Sant Climent Sescebes;Total;2018;635
17158 Sant Climent Sescebes;Total;2017;636
17158 Sant Climent Sescebes;Total;2016;641
17158 Sant Climent Sescebes;Total;2015;601
17158 Sant Climent Sescebes;Total;2014;590
17158 Sant Climent Sescebes;Total;2013;581
17158 Sant Climent Sescebes;Total;2012;568
17158 Sant Climent Sescebes;Total;2011;545
17158 Sant Climent Sescebes;Total;2010;521
17158 Sant Climent Sescebes;Total;2009;513
17158 Sant Climent Sescebes;Total;2008;501
17158 Sant Climent Sescebes;Total;2007;503
17158 Sant Climent Sescebes;Total;2006;482
17158 Sant Climent Sescebes;Total;2005;474
17158 Sant Climent Sescebes;Total;2004;453
17158 Sant Climent Sescebes;Total;2003;423
17158 Sant Climent Sescebes;Total;2002;416
17158 Sant Climent Sescebes;Total;2001;424
17158 Sant Climent Sescebes;Total;2000;404
17158 Sant Climent Sescebes;Total;1999;415
17158 Sant Climent Sescebes;Total;1998;428
17158 Sant Climent Sescebes;Total;1997;""
17158 Sant Climent Sescebes;Total;1996;398
17158 Sant Climent Sescebes;Hombres;2025;408
17158 Sant Climent Sescebes;Hombres;2024;398
17158 Sant Climent Sescebes;Hombres;2023;402
17158 Sant Climent Sescebes;Hombres;2022;421
17158 Sant Climent Sescebes;Hombres;2021;432
17158 Sant Climent Sescebes;Hombres;2020;439
17158 Sant Climent Sescebes;Hombres;2019;364
17158 Sant Climent Sescebes;Hombres;2018;368
17158 Sant Climent Sescebes;Hombres;2017;372
17158 Sant Climent Sescebes;Hombres;2016;375
17158 Sant Climent Sescebes;Hombres;2015;346
17158 Sant Climent Sescebes;Hombres;2014;333
17158 Sant Climent Sescebes;Hombres;2013;325
17158 Sant Climent Sescebes;Hombres;2012;322
17158 Sant Climent Sescebes;Hombres;2011;290
17158 Sant Climent Sescebes;Hombres;2010;280
17158 Sant Climent Sescebes;Hombres;2009;273
17158 Sant Climent Sescebes;Hombres;2008;265
17158 Sant Climent Sescebes;Hombres;2007;268
17158 Sant Climent Sescebes;Hombres;2006;250
17158 Sant Climent Sescebes;Hombres;2005;244
17158 Sant Climent Sescebes;Hombres;2004;229
17158 Sant Climent Sescebes;Hombres;2003;215
17158 Sant Climent Sescebes;Hombres;2002;211
17158 Sant Climent Sescebes;Hombres;2001;210
17158 Sant Climent Sescebes;Hombres;2000;204
17158 Sant Climent Sescebes;Hombres;1999;212
17158 Sant Climent Sescebes;Hombres;1998;216
17158 Sant Climent Sescebes;Hombres;1997;""
17158 Sant Climent Sescebes;Hombres;1996;202
17158 Sant Climent Sescebes;Mujeres;2025;282
17158 Sant Climent Sescebes;Mujeres;2024;277
17158 Sant Climent Sescebes;Mujeres;2023;277
17158 Sant Climent Sescebes;Mujeres;2022;275
17158 Sant Climent Sescebes;Mujeres;2021;280
17158 Sant Climent Sescebes;Mujeres;2020;268
17158 Sant Climent Sescebes;Mujeres;2019;262
17158 Sant Climent Sescebes;Mujeres;2018;267
17158 Sant Climent Sescebes;Mujeres;2017;264
17158 Sant Climent Sescebes;Mujeres;2016;266
17158 Sant Climent Sescebes;Mujeres;2015;255
17158 Sant Climent Sescebes;Mujeres;2014;257
17158 Sant Climent Sescebes;Mujeres;2013;256
17158 Sant Climent Sescebes;Mujeres;2012;246
17158 Sant Climent Sescebes;Mujeres;2011;255
17158 Sant Climent Sescebes;Mujeres;2010;241
17158 Sant Climent Sescebes;Mujeres;2009;240
17158 Sant Climent Sescebes;Mujeres;2008;236
17158 Sant Climent Sescebes;Mujeres;2007;235
17158 Sant Climent Sescebes;Mujeres;2006;232
17158 Sant Climent Sescebes;Mujeres;2005;230
17158 Sant Climent Sescebes;Mujeres;2004;224
17158 Sant Climent Sescebes;Mujeres;2003;208
17158 Sant Climent Sescebes;Mujeres;2002;205
17158 Sant Climent Sescebes;Mujeres;2001;214
17158 Sant Climent Sescebes;Mujeres;2000;200
17158 Sant Climent Sescebes;Mujeres;1999;203
17158 Sant Climent Sescebes;Mujeres;1998;212
17158 Sant Climent Sescebes;Mujeres;1997;""
17158 Sant Climent Sescebes;Mujeres;1996;196
17159 Sant Feliu de Buixalleu;Total;2025;882
17159 Sant Feliu de Buixalleu;Total;2024;878
17159 Sant Feliu de Buixalleu;Total;2023;862
17159 Sant Feliu de Buixalleu;Total;2022;839
17159 Sant Feliu de Buixalleu;Total;2021;808
17159 Sant Feliu de Buixalleu;Total;2020;797
17159 Sant Feliu de Buixalleu;Total;2019;783
17159 Sant Feliu de Buixalleu;Total;2018;804
17159 Sant Feliu de Buixalleu;Total;2017;825
17159 Sant Feliu de Buixalleu;Total;2016;799
17159 Sant Feliu de Buixalleu;Total;2015;787
17159 Sant Feliu de Buixalleu;Total;2014;776
17159 Sant Feliu de Buixalleu;Total;2013;782
17159 Sant Feliu de Buixalleu;Total;2012;788
17159 Sant Feliu de Buixalleu;Total;2011;768
17159 Sant Feliu de Buixalleu;Total;2010;793
17159 Sant Feliu de Buixalleu;Total;2009;811
17159 Sant Feliu de Buixalleu;Total;2008;803
17159 Sant Feliu de Buixalleu;Total;2007;793
17159 Sant Feliu de Buixalleu;Total;2006;756
17159 Sant Feliu de Buixalleu;Total;2005;769
17159 Sant Feliu de Buixalleu;Total;2004;752
17159 Sant Feliu de Buixalleu;Total;2003;722
17159 Sant Feliu de Buixalleu;Total;2002;734
17159 Sant Feliu de Buixalleu;Total;2001;727
17159 Sant Feliu de Buixalleu;Total;2000;727
17159 Sant Feliu de Buixalleu;Total;1999;717
17159 Sant Feliu de Buixalleu;Total;1998;695
17159 Sant Feliu de Buixalleu;Total;1997;""
17159 Sant Feliu de Buixalleu;Total;1996;672
17159 Sant Feliu de Buixalleu;Hombres;2025;448
17159 Sant Feliu de Buixalleu;Hombres;2024;445
17159 Sant Feliu de Buixalleu;Hombres;2023;443
17159 Sant Feliu de Buixalleu;Hombres;2022;431
17159 Sant Feliu de Buixalleu;Hombres;2021;415
17159 Sant Feliu de Buixalleu;Hombres;2020;414
17159 Sant Feliu de Buixalleu;Hombres;2019;410
17159 Sant Feliu de Buixalleu;Hombres;2018;419
17159 Sant Feliu de Buixalleu;Hombres;2017;431
17159 Sant Feliu de Buixalleu;Hombres;2016;417
17159 Sant Feliu de Buixalleu;Hombres;2015;411
17159 Sant Feliu de Buixalleu;Hombres;2014;402
17159 Sant Feliu de Buixalleu;Hombres;2013;406
17159 Sant Feliu de Buixalleu;Hombres;2012;413
17159 Sant Feliu de Buixalleu;Hombres;2011;403
17159 Sant Feliu de Buixalleu;Hombres;2010;417
17159 Sant Feliu de Buixalleu;Hombres;2009;430
17159 Sant Feliu de Buixalleu;Hombres;2008;429
17159 Sant Feliu de Buixalleu;Hombres;2007;418
17159 Sant Feliu de Buixalleu;Hombres;2006;402
17159 Sant Feliu de Buixalleu;Hombres;2005;414
17159 Sant Feliu de Buixalleu;Hombres;2004;405
17159 Sant Feliu de Buixalleu;Hombres;2003;390
17159 Sant Feliu de Buixalleu;Hombres;2002;396
17159 Sant Feliu de Buixalleu;Hombres;2001;390
17159 Sant Feliu de Buixalleu;Hombres;2000;387
17159 Sant Feliu de Buixalleu;Hombres;1999;388
17159 Sant Feliu de Buixalleu;Hombres;1998;374
17159 Sant Feliu de Buixalleu;Hombres;1997;""
17159 Sant Feliu de Buixalleu;Hombres;1996;357
17159 Sant Feliu de Buixalleu;Mujeres;2025;434
17159 Sant Feliu de Buixalleu;Mujeres;2024;433
17159 Sant Feliu de Buixalleu;Mujeres;2023;419
17159 Sant Feliu de Buixalleu;Mujeres;2022;408
17159 Sant Feliu de Buixalleu;Mujeres;2021;393
17159 Sant Feliu de Buixalleu;Mujeres;2020;383
17159 Sant Feliu de Buixalleu;Mujeres;2019;373
17159 Sant Feliu de Buixalleu;Mujeres;2018;385
17159 Sant Feliu de Buixalleu;Mujeres;2017;394
17159 Sant Feliu de Buixalleu;Mujeres;2016;382
17159 Sant Feliu de Buixalleu;Mujeres;2015;376
17159 Sant Feliu de Buixalleu;Mujeres;2014;374
17159 Sant Feliu de Buixalleu;Mujeres;2013;376
17159 Sant Feliu de Buixalleu;Mujeres;2012;375
17159 Sant Feliu de Buixalleu;Mujeres;2011;365
17159 Sant Feliu de Buixalleu;Mujeres;2010;376
17159 Sant Feliu de Buixalleu;Mujeres;2009;381
17159 Sant Feliu de Buixalleu;Mujeres;2008;374
17159 Sant Feliu de Buixalleu;Mujeres;2007;375
17159 Sant Feliu de Buixalleu;Mujeres;2006;354
17159 Sant Feliu de Buixalleu;Mujeres;2005;355
17159 Sant Feliu de Buixalleu;Mujeres;2004;347
17159 Sant Feliu de Buixalleu;Mujeres;2003;332
17159 Sant Feliu de Buixalleu;Mujeres;2002;338
17159 Sant Feliu de Buixalleu;Mujeres;2001;337
17159 Sant Feliu de Buixalleu;Mujeres;2000;340
17159 Sant Feliu de Buixalleu;Mujeres;1999;329
17159 Sant Feliu de Buixalleu;Mujeres;1998;321
17159 Sant Feliu de Buixalleu;Mujeres;1997;""
17159 Sant Feliu de Buixalleu;Mujeres;1996;315
17160 Sant Feliu de Guíxols;Total;2025;23.141
17160 Sant Feliu de Guíxols;Total;2024;23.050
17160 Sant Feliu de Guíxols;Total;2023;22.751
17160 Sant Feliu de Guíxols;Total;2022;22.149
17160 Sant Feliu de Guíxols;Total;2021;22.210
17160 Sant Feliu de Guíxols;Total;2020;22.097
17160 Sant Feliu de Guíxols;Total;2019;21.925
17160 Sant Feliu de Guíxols;Total;2018;21.824
17160 Sant Feliu de Guíxols;Total;2017;21.721
17160 Sant Feliu de Guíxols;Total;2016;21.760
17160 Sant Feliu de Guíxols;Total;2015;21.586
17160 Sant Feliu de Guíxols;Total;2014;21.810
17160 Sant Feliu de Guíxols;Total;2013;21.945
17160 Sant Feliu de Guíxols;Total;2012;21.961
17160 Sant Feliu de Guíxols;Total;2011;21.814
17160 Sant Feliu de Guíxols;Total;2010;21.975
17160 Sant Feliu de Guíxols;Total;2009;21.977
17160 Sant Feliu de Guíxols;Total;2008;21.726
17160 Sant Feliu de Guíxols;Total;2007;21.155
17160 Sant Feliu de Guíxols;Total;2006;20.867
17160 Sant Feliu de Guíxols;Total;2005;20.318
17160 Sant Feliu de Guíxols;Total;2004;19.693
17160 Sant Feliu de Guíxols;Total;2003;19.456
17160 Sant Feliu de Guíxols;Total;2002;18.994
17160 Sant Feliu de Guíxols;Total;2001;18.677
17160 Sant Feliu de Guíxols;Total;2000;18.403
17160 Sant Feliu de Guíxols;Total;1999;18.067
17160 Sant Feliu de Guíxols;Total;1998;17.850
17160 Sant Feliu de Guíxols;Total;1997;""
17160 Sant Feliu de Guíxols;Total;1996;17.779
17160 Sant Feliu de Guíxols;Hombres;2025;11.331
17160 Sant Feliu de Guíxols;Hombres;2024;11.321
17160 Sant Feliu de Guíxols;Hombres;2023;11.125
17160 Sant Feliu de Guíxols;Hombres;2022;10.841
17160 Sant Feliu de Guíxols;Hombres;2021;10.908
17160 Sant Feliu de Guíxols;Hombres;2020;10.871
17160 Sant Feliu de Guíxols;Hombres;2019;10.802
17160 Sant Feliu de Guíxols;Hombres;2018;10.761
17160 Sant Feliu de Guíxols;Hombres;2017;10.712
17160 Sant Feliu de Guíxols;Hombres;2016;10.763
17160 Sant Feliu de Guíxols;Hombres;2015;10.668
17160 Sant Feliu de Guíxols;Hombres;2014;10.791
17160 Sant Feliu de Guíxols;Hombres;2013;10.895
17160 Sant Feliu de Guíxols;Hombres;2012;10.892
17160 Sant Feliu de Guíxols;Hombres;2011;10.830
17160 Sant Feliu de Guíxols;Hombres;2010;10.923
17160 Sant Feliu de Guíxols;Hombres;2009;10.997
17160 Sant Feliu de Guíxols;Hombres;2008;10.888
17160 Sant Feliu de Guíxols;Hombres;2007;10.526
17160 Sant Feliu de Guíxols;Hombres;2006;10.337
17160 Sant Feliu de Guíxols;Hombres;2005;10.059
17160 Sant Feliu de Guíxols;Hombres;2004;9.739
17160 Sant Feliu de Guíxols;Hombres;2003;9.639
17160 Sant Feliu de Guíxols;Hombres;2002;9.380
17160 Sant Feliu de Guíxols;Hombres;2001;9.175
17160 Sant Feliu de Guíxols;Hombres;2000;9.031
17160 Sant Feliu de Guíxols;Hombres;1999;8.869
17160 Sant Feliu de Guíxols;Hombres;1998;8.724
17160 Sant Feliu de Guíxols;Hombres;1997;""
17160 Sant Feliu de Guíxols;Hombres;1996;8.665
17160 Sant Feliu de Guíxols;Mujeres;2025;11.810
17160 Sant Feliu de Guíxols;Mujeres;2024;11.729
17160 Sant Feliu de Guíxols;Mujeres;2023;11.626
17160 Sant Feliu de Guíxols;Mujeres;2022;11.308
17160 Sant Feliu de Guíxols;Mujeres;2021;11.302
17160 Sant Feliu de Guíxols;Mujeres;2020;11.226
17160 Sant Feliu de Guíxols;Mujeres;2019;11.123
17160 Sant Feliu de Guíxols;Mujeres;2018;11.063
17160 Sant Feliu de Guíxols;Mujeres;2017;11.009
17160 Sant Feliu de Guíxols;Mujeres;2016;10.997
17160 Sant Feliu de Guíxols;Mujeres;2015;10.918
17160 Sant Feliu de Guíxols;Mujeres;2014;11.019
17160 Sant Feliu de Guíxols;Mujeres;2013;11.050
17160 Sant Feliu de Guíxols;Mujeres;2012;11.069
17160 Sant Feliu de Guíxols;Mujeres;2011;10.984
17160 Sant Feliu de Guíxols;Mujeres;2010;11.052
17160 Sant Feliu de Guíxols;Mujeres;2009;10.980
17160 Sant Feliu de Guíxols;Mujeres;2008;10.838
17160 Sant Feliu de Guíxols;Mujeres;2007;10.629
17160 Sant Feliu de Guíxols;Mujeres;2006;10.530
17160 Sant Feliu de Guíxols;Mujeres;2005;10.259
17160 Sant Feliu de Guíxols;Mujeres;2004;9.954
17160 Sant Feliu de Guíxols;Mujeres;2003;9.817
17160 Sant Feliu de Guíxols;Mujeres;2002;9.614
17160 Sant Feliu de Guíxols;Mujeres;2001;9.502
17160 Sant Feliu de Guíxols;Mujeres;2000;9.372
17160 Sant Feliu de Guíxols;Mujeres;1999;9.198
17160 Sant Feliu de Guíxols;Mujeres;1998;9.126
17160 Sant Feliu de Guíxols;Mujeres;1997;""
17160 Sant Feliu de Guíxols;Mujeres;1996;9.114
17161 Sant Feliu de Pallerols;Total;2025;1.700
17161 Sant Feliu de Pallerols;Total;2024;1.692
17161 Sant Feliu de Pallerols;Total;2023;1.601
17161 Sant Feliu de Pallerols;Total;2022;1.495
17161 Sant Feliu de Pallerols;Total;2021;1.456
17161 Sant Feliu de Pallerols;Total;2020;1.437
17161 Sant Feliu de Pallerols;Total;2019;1.371
17161 Sant Feliu de Pallerols;Total;2018;1.343
17161 Sant Feliu de Pallerols;Total;2017;1.342
17161 Sant Feliu de Pallerols;Total;2016;1.317
17161 Sant Feliu de Pallerols;Total;2015;1.332
17161 Sant Feliu de Pallerols;Total;2014;1.353
17161 Sant Feliu de Pallerols;Total;2013;1.346
17161 Sant Feliu de Pallerols;Total;2012;1.360
17161 Sant Feliu de Pallerols;Total;2011;1.330
17161 Sant Feliu de Pallerols;Total;2010;1.363
17161 Sant Feliu de Pallerols;Total;2009;1.397
17161 Sant Feliu de Pallerols;Total;2008;1.389
17161 Sant Feliu de Pallerols;Total;2007;1.335
17161 Sant Feliu de Pallerols;Total;2006;1.272
17161 Sant Feliu de Pallerols;Total;2005;1.223
17161 Sant Feliu de Pallerols;Total;2004;1.202
17161 Sant Feliu de Pallerols;Total;2003;1.190
17161 Sant Feliu de Pallerols;Total;2002;1.163
17161 Sant Feliu de Pallerols;Total;2001;1.128
17161 Sant Feliu de Pallerols;Total;2000;1.155
17161 Sant Feliu de Pallerols;Total;1999;1.140
17161 Sant Feliu de Pallerols;Total;1998;1.137
17161 Sant Feliu de Pallerols;Total;1997;""
17161 Sant Feliu de Pallerols;Total;1996;1.101
17161 Sant Feliu de Pallerols;Hombres;2025;894
17161 Sant Feliu de Pallerols;Hombres;2024;906
17161 Sant Feliu de Pallerols;Hombres;2023;849
17161 Sant Feliu de Pallerols;Hombres;2022;766
17161 Sant Feliu de Pallerols;Hombres;2021;736
17161 Sant Feliu de Pallerols;Hombres;2020;724
17161 Sant Feliu de Pallerols;Hombres;2019;667
17161 Sant Feliu de Pallerols;Hombres;2018;648
17161 Sant Feliu de Pallerols;Hombres;2017;647
17161 Sant Feliu de Pallerols;Hombres;2016;645
17161 Sant Feliu de Pallerols;Hombres;2015;654
17161 Sant Feliu de Pallerols;Hombres;2014;660
17161 Sant Feliu de Pallerols;Hombres;2013;658
17161 Sant Feliu de Pallerols;Hombres;2012;660
17161 Sant Feliu de Pallerols;Hombres;2011;647
17161 Sant Feliu de Pallerols;Hombres;2010;666
17161 Sant Feliu de Pallerols;Hombres;2009;682
17161 Sant Feliu de Pallerols;Hombres;2008;687
17161 Sant Feliu de Pallerols;Hombres;2007;662
17161 Sant Feliu de Pallerols;Hombres;2006;631
17161 Sant Feliu de Pallerols;Hombres;2005;608
17161 Sant Feliu de Pallerols;Hombres;2004;595
17161 Sant Feliu de Pallerols;Hombres;2003;582
17161 Sant Feliu de Pallerols;Hombres;2002;565
17161 Sant Feliu de Pallerols;Hombres;2001;551
17161 Sant Feliu de Pallerols;Hombres;2000;564
17161 Sant Feliu de Pallerols;Hombres;1999;555
17161 Sant Feliu de Pallerols;Hombres;1998;555
17161 Sant Feliu de Pallerols;Hombres;1997;""
17161 Sant Feliu de Pallerols;Hombres;1996;535
17161 Sant Feliu de Pallerols;Mujeres;2025;806
17161 Sant Feliu de Pallerols;Mujeres;2024;786
17161 Sant Feliu de Pallerols;Mujeres;2023;752
17161 Sant Feliu de Pallerols;Mujeres;2022;729
17161 Sant Feliu de Pallerols;Mujeres;2021;720
17161 Sant Feliu de Pallerols;Mujeres;2020;713
17161 Sant Feliu de Pallerols;Mujeres;2019;704
17161 Sant Feliu de Pallerols;Mujeres;2018;695
17161 Sant Feliu de Pallerols;Mujeres;2017;695
17161 Sant Feliu de Pallerols;Mujeres;2016;672
17161 Sant Feliu de Pallerols;Mujeres;2015;678
17161 Sant Feliu de Pallerols;Mujeres;2014;693
17161 Sant Feliu de Pallerols;Mujeres;2013;688
17161 Sant Feliu de Pallerols;Mujeres;2012;700
17161 Sant Feliu de Pallerols;Mujeres;2011;683
17161 Sant Feliu de Pallerols;Mujeres;2010;697
17161 Sant Feliu de Pallerols;Mujeres;2009;715
17161 Sant Feliu de Pallerols;Mujeres;2008;702
17161 Sant Feliu de Pallerols;Mujeres;2007;673
17161 Sant Feliu de Pallerols;Mujeres;2006;641
17161 Sant Feliu de Pallerols;Mujeres;2005;615
17161 Sant Feliu de Pallerols;Mujeres;2004;607
17161 Sant Feliu de Pallerols;Mujeres;2003;608
17161 Sant Feliu de Pallerols;Mujeres;2002;598
17161 Sant Feliu de Pallerols;Mujeres;2001;577
17161 Sant Feliu de Pallerols;Mujeres;2000;591
17161 Sant Feliu de Pallerols;Mujeres;1999;585
17161 Sant Feliu de Pallerols;Mujeres;1998;582
17161 Sant Feliu de Pallerols;Mujeres;1997;""
17161 Sant Feliu de Pallerols;Mujeres;1996;566
17162 Sant Ferriol;Total;2025;245
17162 Sant Ferriol;Total;2024;233
17162 Sant Ferriol;Total;2023;248
17162 Sant Ferriol;Total;2022;256
17162 Sant Ferriol;Total;2021;247
17162 Sant Ferriol;Total;2020;236
17162 Sant Ferriol;Total;2019;243
17162 Sant Ferriol;Total;2018;245
17162 Sant Ferriol;Total;2017;228
17162 Sant Ferriol;Total;2016;231
17162 Sant Ferriol;Total;2015;239
17162 Sant Ferriol;Total;2014;240
17162 Sant Ferriol;Total;2013;231
17162 Sant Ferriol;Total;2012;222
17162 Sant Ferriol;Total;2011;228
17162 Sant Ferriol;Total;2010;236
17162 Sant Ferriol;Total;2009;216
17162 Sant Ferriol;Total;2008;216
17162 Sant Ferriol;Total;2007;205
17162 Sant Ferriol;Total;2006;194
17162 Sant Ferriol;Total;2005;206
17162 Sant Ferriol;Total;2004;198
17162 Sant Ferriol;Total;2003;209
17162 Sant Ferriol;Total;2002;204
17162 Sant Ferriol;Total;2001;202
17162 Sant Ferriol;Total;2000;196
17162 Sant Ferriol;Total;1999;209
17162 Sant Ferriol;Total;1998;177
17162 Sant Ferriol;Total;1997;""
17162 Sant Ferriol;Total;1996;188
17162 Sant Ferriol;Hombres;2025;133
17162 Sant Ferriol;Hombres;2024;127
17162 Sant Ferriol;Hombres;2023;138
17162 Sant Ferriol;Hombres;2022;140
17162 Sant Ferriol;Hombres;2021;131
17162 Sant Ferriol;Hombres;2020;125
17162 Sant Ferriol;Hombres;2019;124
17162 Sant Ferriol;Hombres;2018;125
17162 Sant Ferriol;Hombres;2017;125
17162 Sant Ferriol;Hombres;2016;131
17162 Sant Ferriol;Hombres;2015;135
17162 Sant Ferriol;Hombres;2014;134
17162 Sant Ferriol;Hombres;2013;134
17162 Sant Ferriol;Hombres;2012;133
17162 Sant Ferriol;Hombres;2011;134
17162 Sant Ferriol;Hombres;2010;138
17162 Sant Ferriol;Hombres;2009;124
17162 Sant Ferriol;Hombres;2008;121
17162 Sant Ferriol;Hombres;2007;114
17162 Sant Ferriol;Hombres;2006;107
17162 Sant Ferriol;Hombres;2005;111
17162 Sant Ferriol;Hombres;2004;107
17162 Sant Ferriol;Hombres;2003;116
17162 Sant Ferriol;Hombres;2002;114
17162 Sant Ferriol;Hombres;2001;113
17162 Sant Ferriol;Hombres;2000;110
17162 Sant Ferriol;Hombres;1999;117
17162 Sant Ferriol;Hombres;1998;99
17162 Sant Ferriol;Hombres;1997;""
17162 Sant Ferriol;Hombres;1996;105
17162 Sant Ferriol;Mujeres;2025;112
17162 Sant Ferriol;Mujeres;2024;106
17162 Sant Ferriol;Mujeres;2023;110
17162 Sant Ferriol;Mujeres;2022;116
17162 Sant Ferriol;Mujeres;2021;116
17162 Sant Ferriol;Mujeres;2020;111
17162 Sant Ferriol;Mujeres;2019;119
17162 Sant Ferriol;Mujeres;2018;120
17162 Sant Ferriol;Mujeres;2017;103
17162 Sant Ferriol;Mujeres;2016;100
17162 Sant Ferriol;Mujeres;2015;104
17162 Sant Ferriol;Mujeres;2014;106
17162 Sant Ferriol;Mujeres;2013;97
17162 Sant Ferriol;Mujeres;2012;89
17162 Sant Ferriol;Mujeres;2011;94
17162 Sant Ferriol;Mujeres;2010;98
17162 Sant Ferriol;Mujeres;2009;92
17162 Sant Ferriol;Mujeres;2008;95
17162 Sant Ferriol;Mujeres;2007;91
17162 Sant Ferriol;Mujeres;2006;87
17162 Sant Ferriol;Mujeres;2005;95
17162 Sant Ferriol;Mujeres;2004;91
17162 Sant Ferriol;Mujeres;2003;93
17162 Sant Ferriol;Mujeres;2002;90
17162 Sant Ferriol;Mujeres;2001;89
17162 Sant Ferriol;Mujeres;2000;86
17162 Sant Ferriol;Mujeres;1999;92
17162 Sant Ferriol;Mujeres;1998;78
17162 Sant Ferriol;Mujeres;1997;""
17162 Sant Ferriol;Mujeres;1996;83
17163 Sant Gregori;Total;2025;4.191
17163 Sant Gregori;Total;2024;4.243
17163 Sant Gregori;Total;2023;4.201
17163 Sant Gregori;Total;2022;4.085
17163 Sant Gregori;Total;2021;4.012
17163 Sant Gregori;Total;2020;3.928
17163 Sant Gregori;Total;2019;3.817
17163 Sant Gregori;Total;2018;3.740
17163 Sant Gregori;Total;2017;3.636
17163 Sant Gregori;Total;2016;3.553
17163 Sant Gregori;Total;2015;3.498
17163 Sant Gregori;Total;2014;3.464
17163 Sant Gregori;Total;2013;3.463
17163 Sant Gregori;Total;2012;3.343
17163 Sant Gregori;Total;2011;3.280
17163 Sant Gregori;Total;2010;3.243
17163 Sant Gregori;Total;2009;3.167
17163 Sant Gregori;Total;2008;3.068
17163 Sant Gregori;Total;2007;3.006
17163 Sant Gregori;Total;2006;2.951
17163 Sant Gregori;Total;2005;2.844
17163 Sant Gregori;Total;2004;2.705
17163 Sant Gregori;Total;2003;2.590
17163 Sant Gregori;Total;2002;2.509
17163 Sant Gregori;Total;2001;2.406
17163 Sant Gregori;Total;2000;2.335
17163 Sant Gregori;Total;1999;2.288
17163 Sant Gregori;Total;1998;2.214
17163 Sant Gregori;Total;1997;""
17163 Sant Gregori;Total;1996;2.130
17163 Sant Gregori;Hombres;2025;2.113
17163 Sant Gregori;Hombres;2024;2.135
17163 Sant Gregori;Hombres;2023;2.109
17163 Sant Gregori;Hombres;2022;2.086
17163 Sant Gregori;Hombres;2021;2.066
17163 Sant Gregori;Hombres;2020;2.017
17163 Sant Gregori;Hombres;2019;1.959
17163 Sant Gregori;Hombres;2018;1.916
17163 Sant Gregori;Hombres;2017;1.857
17163 Sant Gregori;Hombres;2016;1.787
17163 Sant Gregori;Hombres;2015;1.762
17163 Sant Gregori;Hombres;2014;1.745
17163 Sant Gregori;Hombres;2013;1.751
17163 Sant Gregori;Hombres;2012;1.692
17163 Sant Gregori;Hombres;2011;1.662
17163 Sant Gregori;Hombres;2010;1.647
17163 Sant Gregori;Hombres;2009;1.610
17163 Sant Gregori;Hombres;2008;1.554
17163 Sant Gregori;Hombres;2007;1.528
17163 Sant Gregori;Hombres;2006;1.505
17163 Sant Gregori;Hombres;2005;1.461
17163 Sant Gregori;Hombres;2004;1.390
17163 Sant Gregori;Hombres;2003;1.335
17163 Sant Gregori;Hombres;2002;1.293
17163 Sant Gregori;Hombres;2001;1.242
17163 Sant Gregori;Hombres;2000;1.213
17163 Sant Gregori;Hombres;1999;1.194
17163 Sant Gregori;Hombres;1998;1.158
17163 Sant Gregori;Hombres;1997;""
17163 Sant Gregori;Hombres;1996;1.111
17163 Sant Gregori;Mujeres;2025;2.078
17163 Sant Gregori;Mujeres;2024;2.108
17163 Sant Gregori;Mujeres;2023;2.092
17163 Sant Gregori;Mujeres;2022;1.999
17163 Sant Gregori;Mujeres;2021;1.946
17163 Sant Gregori;Mujeres;2020;1.911
17163 Sant Gregori;Mujeres;2019;1.858
17163 Sant Gregori;Mujeres;2018;1.824
17163 Sant Gregori;Mujeres;2017;1.779
17163 Sant Gregori;Mujeres;2016;1.766
17163 Sant Gregori;Mujeres;2015;1.736
17163 Sant Gregori;Mujeres;2014;1.719
17163 Sant Gregori;Mujeres;2013;1.712
17163 Sant Gregori;Mujeres;2012;1.651
17163 Sant Gregori;Mujeres;2011;1.618
17163 Sant Gregori;Mujeres;2010;1.596
17163 Sant Gregori;Mujeres;2009;1.557
17163 Sant Gregori;Mujeres;2008;1.514
17163 Sant Gregori;Mujeres;2007;1.478
17163 Sant Gregori;Mujeres;2006;1.446
17163 Sant Gregori;Mujeres;2005;1.383
17163 Sant Gregori;Mujeres;2004;1.315
17163 Sant Gregori;Mujeres;2003;1.255
17163 Sant Gregori;Mujeres;2002;1.216
17163 Sant Gregori;Mujeres;2001;1.164
17163 Sant Gregori;Mujeres;2000;1.122
17163 Sant Gregori;Mujeres;1999;1.094
17163 Sant Gregori;Mujeres;1998;1.056
17163 Sant Gregori;Mujeres;1997;""
17163 Sant Gregori;Mujeres;1996;1.019
17164 Sant Hilari Sacalm;Total;2025;6.069
17164 Sant Hilari Sacalm;Total;2024;5.982
17164 Sant Hilari Sacalm;Total;2023;5.913
17164 Sant Hilari Sacalm;Total;2022;5.836
17164 Sant Hilari Sacalm;Total;2021;5.758
17164 Sant Hilari Sacalm;Total;2020;5.703
17164 Sant Hilari Sacalm;Total;2019;5.627
17164 Sant Hilari Sacalm;Total;2018;5.591
17164 Sant Hilari Sacalm;Total;2017;5.578
17164 Sant Hilari Sacalm;Total;2016;5.570
17164 Sant Hilari Sacalm;Total;2015;5.608
17164 Sant Hilari Sacalm;Total;2014;5.681
17164 Sant Hilari Sacalm;Total;2013;5.742
17164 Sant Hilari Sacalm;Total;2012;5.753
17164 Sant Hilari Sacalm;Total;2011;5.724
17164 Sant Hilari Sacalm;Total;2010;5.729
17164 Sant Hilari Sacalm;Total;2009;5.763
17164 Sant Hilari Sacalm;Total;2008;5.744
17164 Sant Hilari Sacalm;Total;2007;5.520
17164 Sant Hilari Sacalm;Total;2006;5.385
17164 Sant Hilari Sacalm;Total;2005;5.474
17164 Sant Hilari Sacalm;Total;2004;5.466
17164 Sant Hilari Sacalm;Total;2003;5.375
17164 Sant Hilari Sacalm;Total;2002;5.220
17164 Sant Hilari Sacalm;Total;2001;5.081
17164 Sant Hilari Sacalm;Total;2000;4.985
17164 Sant Hilari Sacalm;Total;1999;4.932
17164 Sant Hilari Sacalm;Total;1998;4.873
17164 Sant Hilari Sacalm;Total;1997;""
17164 Sant Hilari Sacalm;Total;1996;5.064
17164 Sant Hilari Sacalm;Hombres;2025;3.071
17164 Sant Hilari Sacalm;Hombres;2024;3.022
17164 Sant Hilari Sacalm;Hombres;2023;2.988
17164 Sant Hilari Sacalm;Hombres;2022;2.950
17164 Sant Hilari Sacalm;Hombres;2021;2.903
17164 Sant Hilari Sacalm;Hombres;2020;2.884
17164 Sant Hilari Sacalm;Hombres;2019;2.843
17164 Sant Hilari Sacalm;Hombres;2018;2.818
17164 Sant Hilari Sacalm;Hombres;2017;2.801
17164 Sant Hilari Sacalm;Hombres;2016;2.811
17164 Sant Hilari Sacalm;Hombres;2015;2.843
17164 Sant Hilari Sacalm;Hombres;2014;2.895
17164 Sant Hilari Sacalm;Hombres;2013;2.941
17164 Sant Hilari Sacalm;Hombres;2012;2.945
17164 Sant Hilari Sacalm;Hombres;2011;2.939
17164 Sant Hilari Sacalm;Hombres;2010;2.959
17164 Sant Hilari Sacalm;Hombres;2009;3.006
17164 Sant Hilari Sacalm;Hombres;2008;2.983
17164 Sant Hilari Sacalm;Hombres;2007;2.845
17164 Sant Hilari Sacalm;Hombres;2006;2.789
17164 Sant Hilari Sacalm;Hombres;2005;2.862
17164 Sant Hilari Sacalm;Hombres;2004;2.855
17164 Sant Hilari Sacalm;Hombres;2003;2.807
17164 Sant Hilari Sacalm;Hombres;2002;2.708
17164 Sant Hilari Sacalm;Hombres;2001;2.607
17164 Sant Hilari Sacalm;Hombres;2000;2.543
17164 Sant Hilari Sacalm;Hombres;1999;2.483
17164 Sant Hilari Sacalm;Hombres;1998;2.464
17164 Sant Hilari Sacalm;Hombres;1997;""
17164 Sant Hilari Sacalm;Hombres;1996;2.549
17164 Sant Hilari Sacalm;Mujeres;2025;2.998
17164 Sant Hilari Sacalm;Mujeres;2024;2.960
17164 Sant Hilari Sacalm;Mujeres;2023;2.925
17164 Sant Hilari Sacalm;Mujeres;2022;2.886
17164 Sant Hilari Sacalm;Mujeres;2021;2.855
17164 Sant Hilari Sacalm;Mujeres;2020;2.819
17164 Sant Hilari Sacalm;Mujeres;2019;2.784
17164 Sant Hilari Sacalm;Mujeres;2018;2.773
17164 Sant Hilari Sacalm;Mujeres;2017;2.777
17164 Sant Hilari Sacalm;Mujeres;2016;2.759
17164 Sant Hilari Sacalm;Mujeres;2015;2.765
17164 Sant Hilari Sacalm;Mujeres;2014;2.786
17164 Sant Hilari Sacalm;Mujeres;2013;2.801
17164 Sant Hilari Sacalm;Mujeres;2012;2.808
17164 Sant Hilari Sacalm;Mujeres;2011;2.785
17164 Sant Hilari Sacalm;Mujeres;2010;2.770
17164 Sant Hilari Sacalm;Mujeres;2009;2.757
17164 Sant Hilari Sacalm;Mujeres;2008;2.761
17164 Sant Hilari Sacalm;Mujeres;2007;2.675
17164 Sant Hilari Sacalm;Mujeres;2006;2.596
17164 Sant Hilari Sacalm;Mujeres;2005;2.612
17164 Sant Hilari Sacalm;Mujeres;2004;2.611
17164 Sant Hilari Sacalm;Mujeres;2003;2.568
17164 Sant Hilari Sacalm;Mujeres;2002;2.512
17164 Sant Hilari Sacalm;Mujeres;2001;2.474
17164 Sant Hilari Sacalm;Mujeres;2000;2.442
17164 Sant Hilari Sacalm;Mujeres;1999;2.449
17164 Sant Hilari Sacalm;Mujeres;1998;2.409
17164 Sant Hilari Sacalm;Mujeres;1997;""
17164 Sant Hilari Sacalm;Mujeres;1996;2.515
17165 Sant Jaume de Llierca;Total;2025;863
17165 Sant Jaume de Llierca;Total;2024;849
17165 Sant Jaume de Llierca;Total;2023;870
17165 Sant Jaume de Llierca;Total;2022;842
17165 Sant Jaume de Llierca;Total;2021;852
17165 Sant Jaume de Llierca;Total;2020;871
17165 Sant Jaume de Llierca;Total;2019;865
17165 Sant Jaume de Llierca;Total;2018;840
17165 Sant Jaume de Llierca;Total;2017;852
17165 Sant Jaume de Llierca;Total;2016;873
17165 Sant Jaume de Llierca;Total;2015;841
17165 Sant Jaume de Llierca;Total;2014;812
17165 Sant Jaume de Llierca;Total;2013;799
17165 Sant Jaume de Llierca;Total;2012;757
17165 Sant Jaume de Llierca;Total;2011;774
17165 Sant Jaume de Llierca;Total;2010;780
17165 Sant Jaume de Llierca;Total;2009;809
17165 Sant Jaume de Llierca;Total;2008;809
17165 Sant Jaume de Llierca;Total;2007;794
17165 Sant Jaume de Llierca;Total;2006;815
17165 Sant Jaume de Llierca;Total;2005;785
17165 Sant Jaume de Llierca;Total;2004;778
17165 Sant Jaume de Llierca;Total;2003;764
17165 Sant Jaume de Llierca;Total;2002;758
17165 Sant Jaume de Llierca;Total;2001;764
17165 Sant Jaume de Llierca;Total;2000;714
17165 Sant Jaume de Llierca;Total;1999;711
17165 Sant Jaume de Llierca;Total;1998;711
17165 Sant Jaume de Llierca;Total;1997;""
17165 Sant Jaume de Llierca;Total;1996;761
17165 Sant Jaume de Llierca;Hombres;2025;425
17165 Sant Jaume de Llierca;Hombres;2024;419
17165 Sant Jaume de Llierca;Hombres;2023;429
17165 Sant Jaume de Llierca;Hombres;2022;414
17165 Sant Jaume de Llierca;Hombres;2021;421
17165 Sant Jaume de Llierca;Hombres;2020;420
17165 Sant Jaume de Llierca;Hombres;2019;416
17165 Sant Jaume de Llierca;Hombres;2018;406
17165 Sant Jaume de Llierca;Hombres;2017;410
17165 Sant Jaume de Llierca;Hombres;2016;424
17165 Sant Jaume de Llierca;Hombres;2015;412
17165 Sant Jaume de Llierca;Hombres;2014;398
17165 Sant Jaume de Llierca;Hombres;2013;395
17165 Sant Jaume de Llierca;Hombres;2012;374
17165 Sant Jaume de Llierca;Hombres;2011;389
17165 Sant Jaume de Llierca;Hombres;2010;393
17165 Sant Jaume de Llierca;Hombres;2009;414
17165 Sant Jaume de Llierca;Hombres;2008;410
17165 Sant Jaume de Llierca;Hombres;2007;403
17165 Sant Jaume de Llierca;Hombres;2006;409
17165 Sant Jaume de Llierca;Hombres;2005;397
17165 Sant Jaume de Llierca;Hombres;2004;398
17165 Sant Jaume de Llierca;Hombres;2003;392
17165 Sant Jaume de Llierca;Hombres;2002;386
17165 Sant Jaume de Llierca;Hombres;2001;380
17165 Sant Jaume de Llierca;Hombres;2000;352
17165 Sant Jaume de Llierca;Hombres;1999;351
17165 Sant Jaume de Llierca;Hombres;1998;351
17165 Sant Jaume de Llierca;Hombres;1997;""
17165 Sant Jaume de Llierca;Hombres;1996;378
17165 Sant Jaume de Llierca;Mujeres;2025;438
17165 Sant Jaume de Llierca;Mujeres;2024;430
17165 Sant Jaume de Llierca;Mujeres;2023;441
17165 Sant Jaume de Llierca;Mujeres;2022;428
17165 Sant Jaume de Llierca;Mujeres;2021;431
17165 Sant Jaume de Llierca;Mujeres;2020;451
17165 Sant Jaume de Llierca;Mujeres;2019;449
17165 Sant Jaume de Llierca;Mujeres;2018;434
17165 Sant Jaume de Llierca;Mujeres;2017;442
17165 Sant Jaume de Llierca;Mujeres;2016;449
17165 Sant Jaume de Llierca;Mujeres;2015;429
17165 Sant Jaume de Llierca;Mujeres;2014;414
17165 Sant Jaume de Llierca;Mujeres;2013;404
17165 Sant Jaume de Llierca;Mujeres;2012;383
17165 Sant Jaume de Llierca;Mujeres;2011;385
17165 Sant Jaume de Llierca;Mujeres;2010;387
17165 Sant Jaume de Llierca;Mujeres;2009;395
17165 Sant Jaume de Llierca;Mujeres;2008;399
17165 Sant Jaume de Llierca;Mujeres;2007;391
17165 Sant Jaume de Llierca;Mujeres;2006;406
17165 Sant Jaume de Llierca;Mujeres;2005;388
17165 Sant Jaume de Llierca;Mujeres;2004;380
17165 Sant Jaume de Llierca;Mujeres;2003;372
17165 Sant Jaume de Llierca;Mujeres;2002;372
17165 Sant Jaume de Llierca;Mujeres;2001;384
17165 Sant Jaume de Llierca;Mujeres;2000;362
17165 Sant Jaume de Llierca;Mujeres;1999;360
17165 Sant Jaume de Llierca;Mujeres;1998;360
17165 Sant Jaume de Llierca;Mujeres;1997;""
17165 Sant Jaume de Llierca;Mujeres;1996;383
17168 Sant Joan de Mollet;Total;2025;536
17168 Sant Joan de Mollet;Total;2024;526
17168 Sant Joan de Mollet;Total;2023;524
17168 Sant Joan de Mollet;Total;2022;515
17168 Sant Joan de Mollet;Total;2021;501
17168 Sant Joan de Mollet;Total;2020;498
17168 Sant Joan de Mollet;Total;2019;507
17168 Sant Joan de Mollet;Total;2018;502
17168 Sant Joan de Mollet;Total;2017;498
17168 Sant Joan de Mollet;Total;2016;495
17168 Sant Joan de Mollet;Total;2015;497
17168 Sant Joan de Mollet;Total;2014;509
17168 Sant Joan de Mollet;Total;2013;517
17168 Sant Joan de Mollet;Total;2012;522
17168 Sant Joan de Mollet;Total;2011;522
17168 Sant Joan de Mollet;Total;2010;513
17168 Sant Joan de Mollet;Total;2009;517
17168 Sant Joan de Mollet;Total;2008;515
17168 Sant Joan de Mollet;Total;2007;513
17168 Sant Joan de Mollet;Total;2006;487
17168 Sant Joan de Mollet;Total;2005;475
17168 Sant Joan de Mollet;Total;2004;437
17168 Sant Joan de Mollet;Total;2003;419
17168 Sant Joan de Mollet;Total;2002;351
17168 Sant Joan de Mollet;Total;2001;354
17168 Sant Joan de Mollet;Total;2000;354
17168 Sant Joan de Mollet;Total;1999;352
17168 Sant Joan de Mollet;Total;1998;351
17168 Sant Joan de Mollet;Total;1997;""
17168 Sant Joan de Mollet;Total;1996;367
17168 Sant Joan de Mollet;Hombres;2025;265
17168 Sant Joan de Mollet;Hombres;2024;258
17168 Sant Joan de Mollet;Hombres;2023;261
17168 Sant Joan de Mollet;Hombres;2022;258
17168 Sant Joan de Mollet;Hombres;2021;248
17168 Sant Joan de Mollet;Hombres;2020;241
17168 Sant Joan de Mollet;Hombres;2019;248
17168 Sant Joan de Mollet;Hombres;2018;241
17168 Sant Joan de Mollet;Hombres;2017;236
17168 Sant Joan de Mollet;Hombres;2016;237
17168 Sant Joan de Mollet;Hombres;2015;240
17168 Sant Joan de Mollet;Hombres;2014;248
17168 Sant Joan de Mollet;Hombres;2013;257
17168 Sant Joan de Mollet;Hombres;2012;262
17168 Sant Joan de Mollet;Hombres;2011;264
17168 Sant Joan de Mollet;Hombres;2010;255
17168 Sant Joan de Mollet;Hombres;2009;257
17168 Sant Joan de Mollet;Hombres;2008;255
17168 Sant Joan de Mollet;Hombres;2007;256
17168 Sant Joan de Mollet;Hombres;2006;245
17168 Sant Joan de Mollet;Hombres;2005;237
17168 Sant Joan de Mollet;Hombres;2004;211
17168 Sant Joan de Mollet;Hombres;2003;207
17168 Sant Joan de Mollet;Hombres;2002;170
17168 Sant Joan de Mollet;Hombres;2001;171
17168 Sant Joan de Mollet;Hombres;2000;171
17168 Sant Joan de Mollet;Hombres;1999;171
17168 Sant Joan de Mollet;Hombres;1998;171
17168 Sant Joan de Mollet;Hombres;1997;""
17168 Sant Joan de Mollet;Hombres;1996;179
17168 Sant Joan de Mollet;Mujeres;2025;271
17168 Sant Joan de Mollet;Mujeres;2024;268
17168 Sant Joan de Mollet;Mujeres;2023;263
17168 Sant Joan de Mollet;Mujeres;2022;257
17168 Sant Joan de Mollet;Mujeres;2021;253
17168 Sant Joan de Mollet;Mujeres;2020;257
17168 Sant Joan de Mollet;Mujeres;2019;259
17168 Sant Joan de Mollet;Mujeres;2018;261
17168 Sant Joan de Mollet;Mujeres;2017;262
17168 Sant Joan de Mollet;Mujeres;2016;258
17168 Sant Joan de Mollet;Mujeres;2015;257
17168 Sant Joan de Mollet;Mujeres;2014;261
17168 Sant Joan de Mollet;Mujeres;2013;260
17168 Sant Joan de Mollet;Mujeres;2012;260
17168 Sant Joan de Mollet;Mujeres;2011;258
17168 Sant Joan de Mollet;Mujeres;2010;258
17168 Sant Joan de Mollet;Mujeres;2009;260
17168 Sant Joan de Mollet;Mujeres;2008;260
17168 Sant Joan de Mollet;Mujeres;2007;257
17168 Sant Joan de Mollet;Mujeres;2006;242
17168 Sant Joan de Mollet;Mujeres;2005;238
17168 Sant Joan de Mollet;Mujeres;2004;226
17168 Sant Joan de Mollet;Mujeres;2003;212
17168 Sant Joan de Mollet;Mujeres;2002;181
17168 Sant Joan de Mollet;Mujeres;2001;183
17168 Sant Joan de Mollet;Mujeres;2000;183
17168 Sant Joan de Mollet;Mujeres;1999;181
17168 Sant Joan de Mollet;Mujeres;1998;180
17168 Sant Joan de Mollet;Mujeres;1997;""
17168 Sant Joan de Mollet;Mujeres;1996;188
17167 Sant Joan de les Abadesses;Total;2025;3.404
17167 Sant Joan de les Abadesses;Total;2024;3.375
17167 Sant Joan de les Abadesses;Total;2023;3.298
17167 Sant Joan de les Abadesses;Total;2022;3.274
17167 Sant Joan de les Abadesses;Total;2021;3.250
17167 Sant Joan de les Abadesses;Total;2020;3.224
17167 Sant Joan de les Abadesses;Total;2019;3.232
17167 Sant Joan de les Abadesses;Total;2018;3.224
17167 Sant Joan de les Abadesses;Total;2017;3.270
17167 Sant Joan de les Abadesses;Total;2016;3.342
17167 Sant Joan de les Abadesses;Total;2015;3.383
17167 Sant Joan de les Abadesses;Total;2014;3.413
17167 Sant Joan de les Abadesses;Total;2013;3.434
17167 Sant Joan de les Abadesses;Total;2012;3.469
17167 Sant Joan de les Abadesses;Total;2011;3.492
17167 Sant Joan de les Abadesses;Total;2010;3.529
17167 Sant Joan de les Abadesses;Total;2009;3.556
17167 Sant Joan de les Abadesses;Total;2008;3.589
17167 Sant Joan de les Abadesses;Total;2007;3.586
17167 Sant Joan de les Abadesses;Total;2006;3.565
17167 Sant Joan de les Abadesses;Total;2005;3.621
17167 Sant Joan de les Abadesses;Total;2004;3.597
17167 Sant Joan de les Abadesses;Total;2003;3.602
17167 Sant Joan de les Abadesses;Total;2002;3.655
17167 Sant Joan de les Abadesses;Total;2001;3.630
17167 Sant Joan de les Abadesses;Total;2000;3.672
17167 Sant Joan de les Abadesses;Total;1999;3.706
17167 Sant Joan de les Abadesses;Total;1998;3.734
17167 Sant Joan de les Abadesses;Total;1997;""
17167 Sant Joan de les Abadesses;Total;1996;3.794
17167 Sant Joan de les Abadesses;Hombres;2025;1.690
17167 Sant Joan de les Abadesses;Hombres;2024;1.680
17167 Sant Joan de les Abadesses;Hombres;2023;1.637
17167 Sant Joan de les Abadesses;Hombres;2022;1.625
17167 Sant Joan de les Abadesses;Hombres;2021;1.613
17167 Sant Joan de les Abadesses;Hombres;2020;1.595
17167 Sant Joan de les Abadesses;Hombres;2019;1.604
17167 Sant Joan de les Abadesses;Hombres;2018;1.606
17167 Sant Joan de les Abadesses;Hombres;2017;1.631
17167 Sant Joan de les Abadesses;Hombres;2016;1.660
17167 Sant Joan de les Abadesses;Hombres;2015;1.676
17167 Sant Joan de les Abadesses;Hombres;2014;1.693
17167 Sant Joan de les Abadesses;Hombres;2013;1.697
17167 Sant Joan de les Abadesses;Hombres;2012;1.723
17167 Sant Joan de les Abadesses;Hombres;2011;1.736
17167 Sant Joan de les Abadesses;Hombres;2010;1.759
17167 Sant Joan de les Abadesses;Hombres;2009;1.779
17167 Sant Joan de les Abadesses;Hombres;2008;1.803
17167 Sant Joan de les Abadesses;Hombres;2007;1.810
17167 Sant Joan de les Abadesses;Hombres;2006;1.788
17167 Sant Joan de les Abadesses;Hombres;2005;1.810
17167 Sant Joan de les Abadesses;Hombres;2004;1.794
17167 Sant Joan de les Abadesses;Hombres;2003;1.785
17167 Sant Joan de les Abadesses;Hombres;2002;1.798
17167 Sant Joan de les Abadesses;Hombres;2001;1.784
17167 Sant Joan de les Abadesses;Hombres;2000;1.810
17167 Sant Joan de les Abadesses;Hombres;1999;1.822
17167 Sant Joan de les Abadesses;Hombres;1998;1.839
17167 Sant Joan de les Abadesses;Hombres;1997;""
17167 Sant Joan de les Abadesses;Hombres;1996;1.855
17167 Sant Joan de les Abadesses;Mujeres;2025;1.714
17167 Sant Joan de les Abadesses;Mujeres;2024;1.695
17167 Sant Joan de les Abadesses;Mujeres;2023;1.661
17167 Sant Joan de les Abadesses;Mujeres;2022;1.649
17167 Sant Joan de les Abadesses;Mujeres;2021;1.637
17167 Sant Joan de les Abadesses;Mujeres;2020;1.629
17167 Sant Joan de les Abadesses;Mujeres;2019;1.628
17167 Sant Joan de les Abadesses;Mujeres;2018;1.618
17167 Sant Joan de les Abadesses;Mujeres;2017;1.639
17167 Sant Joan de les Abadesses;Mujeres;2016;1.682
17167 Sant Joan de les Abadesses;Mujeres;2015;1.707
17167 Sant Joan de les Abadesses;Mujeres;2014;1.720
17167 Sant Joan de les Abadesses;Mujeres;2013;1.737
17167 Sant Joan de les Abadesses;Mujeres;2012;1.746
17167 Sant Joan de les Abadesses;Mujeres;2011;1.756
17167 Sant Joan de les Abadesses;Mujeres;2010;1.770
17167 Sant Joan de les Abadesses;Mujeres;2009;1.777
17167 Sant Joan de les Abadesses;Mujeres;2008;1.786
17167 Sant Joan de les Abadesses;Mujeres;2007;1.776
17167 Sant Joan de les Abadesses;Mujeres;2006;1.777
17167 Sant Joan de les Abadesses;Mujeres;2005;1.811
17167 Sant Joan de les Abadesses;Mujeres;2004;1.803
17167 Sant Joan de les Abadesses;Mujeres;2003;1.817
17167 Sant Joan de les Abadesses;Mujeres;2002;1.857
17167 Sant Joan de les Abadesses;Mujeres;2001;1.846
17167 Sant Joan de les Abadesses;Mujeres;2000;1.862
17167 Sant Joan de les Abadesses;Mujeres;1999;1.884
17167 Sant Joan de les Abadesses;Mujeres;1998;1.895
17167 Sant Joan de les Abadesses;Mujeres;1997;""
17167 Sant Joan de les Abadesses;Mujeres;1996;1.939
17185 Sant Joan les Fonts;Total;2025;3.167
17185 Sant Joan les Fonts;Total;2024;3.111
17185 Sant Joan les Fonts;Total;2023;3.086
17185 Sant Joan les Fonts;Total;2022;3.054
17185 Sant Joan les Fonts;Total;2021;3.050
17185 Sant Joan les Fonts;Total;2020;3.044
17185 Sant Joan les Fonts;Total;2019;3.006
17185 Sant Joan les Fonts;Total;2018;2.966
17185 Sant Joan les Fonts;Total;2017;2.931
17185 Sant Joan les Fonts;Total;2016;2.906
17185 Sant Joan les Fonts;Total;2015;2.937
17185 Sant Joan les Fonts;Total;2014;2.919
17185 Sant Joan les Fonts;Total;2013;2.893
17185 Sant Joan les Fonts;Total;2012;2.879
17185 Sant Joan les Fonts;Total;2011;2.877
17185 Sant Joan les Fonts;Total;2010;2.831
17185 Sant Joan les Fonts;Total;2009;2.787
17185 Sant Joan les Fonts;Total;2008;2.751
17185 Sant Joan les Fonts;Total;2007;2.697
17185 Sant Joan les Fonts;Total;2006;2.652
17185 Sant Joan les Fonts;Total;2005;2.631
17185 Sant Joan les Fonts;Total;2004;2.660
17185 Sant Joan les Fonts;Total;2003;2.718
17185 Sant Joan les Fonts;Total;2002;2.735
17185 Sant Joan les Fonts;Total;2001;2.749
17185 Sant Joan les Fonts;Total;2000;2.756
17185 Sant Joan les Fonts;Total;1999;2.775
17185 Sant Joan les Fonts;Total;1998;2.777
17185 Sant Joan les Fonts;Total;1997;""
17185 Sant Joan les Fonts;Total;1996;2.745
17185 Sant Joan les Fonts;Hombres;2025;1.611
17185 Sant Joan les Fonts;Hombres;2024;1.571
17185 Sant Joan les Fonts;Hombres;2023;1.563
17185 Sant Joan les Fonts;Hombres;2022;1.550
17185 Sant Joan les Fonts;Hombres;2021;1.547
17185 Sant Joan les Fonts;Hombres;2020;1.553
17185 Sant Joan les Fonts;Hombres;2019;1.541
17185 Sant Joan les Fonts;Hombres;2018;1.506
17185 Sant Joan les Fonts;Hombres;2017;1.478
17185 Sant Joan les Fonts;Hombres;2016;1.454
17185 Sant Joan les Fonts;Hombres;2015;1.451
17185 Sant Joan les Fonts;Hombres;2014;1.442
17185 Sant Joan les Fonts;Hombres;2013;1.446
17185 Sant Joan les Fonts;Hombres;2012;1.445
17185 Sant Joan les Fonts;Hombres;2011;1.456
17185 Sant Joan les Fonts;Hombres;2010;1.434
17185 Sant Joan les Fonts;Hombres;2009;1.421
17185 Sant Joan les Fonts;Hombres;2008;1.408
17185 Sant Joan les Fonts;Hombres;2007;1.372
17185 Sant Joan les Fonts;Hombres;2006;1.347
17185 Sant Joan les Fonts;Hombres;2005;1.317
17185 Sant Joan les Fonts;Hombres;2004;1.328
17185 Sant Joan les Fonts;Hombres;2003;1.368
17185 Sant Joan les Fonts;Hombres;2002;1.367
17185 Sant Joan les Fonts;Hombres;2001;1.373
17185 Sant Joan les Fonts;Hombres;2000;1.364
17185 Sant Joan les Fonts;Hombres;1999;1.372
17185 Sant Joan les Fonts;Hombres;1998;1.387
17185 Sant Joan les Fonts;Hombres;1997;""
17185 Sant Joan les Fonts;Hombres;1996;1.362
17185 Sant Joan les Fonts;Mujeres;2025;1.556
17185 Sant Joan les Fonts;Mujeres;2024;1.540
17185 Sant Joan les Fonts;Mujeres;2023;1.523
17185 Sant Joan les Fonts;Mujeres;2022;1.504
17185 Sant Joan les Fonts;Mujeres;2021;1.503
17185 Sant Joan les Fonts;Mujeres;2020;1.491
17185 Sant Joan les Fonts;Mujeres;2019;1.465
17185 Sant Joan les Fonts;Mujeres;2018;1.460
17185 Sant Joan les Fonts;Mujeres;2017;1.453
17185 Sant Joan les Fonts;Mujeres;2016;1.452
17185 Sant Joan les Fonts;Mujeres;2015;1.486
17185 Sant Joan les Fonts;Mujeres;2014;1.477
17185 Sant Joan les Fonts;Mujeres;2013;1.447
17185 Sant Joan les Fonts;Mujeres;2012;1.434
17185 Sant Joan les Fonts;Mujeres;2011;1.421
17185 Sant Joan les Fonts;Mujeres;2010;1.397
17185 Sant Joan les Fonts;Mujeres;2009;1.366
17185 Sant Joan les Fonts;Mujeres;2008;1.343
17185 Sant Joan les Fonts;Mujeres;2007;1.325
17185 Sant Joan les Fonts;Mujeres;2006;1.305
17185 Sant Joan les Fonts;Mujeres;2005;1.314
17185 Sant Joan les Fonts;Mujeres;2004;1.332
17185 Sant Joan les Fonts;Mujeres;2003;1.350
17185 Sant Joan les Fonts;Mujeres;2002;1.368
17185 Sant Joan les Fonts;Mujeres;2001;1.376
17185 Sant Joan les Fonts;Mujeres;2000;1.392
17185 Sant Joan les Fonts;Mujeres;1999;1.403
17185 Sant Joan les Fonts;Mujeres;1998;1.390
17185 Sant Joan les Fonts;Mujeres;1997;""
17185 Sant Joan les Fonts;Mujeres;1996;1.383
17166 Sant Jordi Desvalls;Total;2025;880
17166 Sant Jordi Desvalls;Total;2024;871
17166 Sant Jordi Desvalls;Total;2023;845
17166 Sant Jordi Desvalls;Total;2022;830
17166 Sant Jordi Desvalls;Total;2021;796
17166 Sant Jordi Desvalls;Total;2020;760
17166 Sant Jordi Desvalls;Total;2019;761
17166 Sant Jordi Desvalls;Total;2018;731
17166 Sant Jordi Desvalls;Total;2017;732
17166 Sant Jordi Desvalls;Total;2016;700
17166 Sant Jordi Desvalls;Total;2015;720
17166 Sant Jordi Desvalls;Total;2014;708
17166 Sant Jordi Desvalls;Total;2013;702
17166 Sant Jordi Desvalls;Total;2012;703
17166 Sant Jordi Desvalls;Total;2011;667
17166 Sant Jordi Desvalls;Total;2010;653
17166 Sant Jordi Desvalls;Total;2009;649
17166 Sant Jordi Desvalls;Total;2008;626
17166 Sant Jordi Desvalls;Total;2007;622
17166 Sant Jordi Desvalls;Total;2006;632
17166 Sant Jordi Desvalls;Total;2005;631
17166 Sant Jordi Desvalls;Total;2004;647
17166 Sant Jordi Desvalls;Total;2003;630
17166 Sant Jordi Desvalls;Total;2002;640
17166 Sant Jordi Desvalls;Total;2001;608
17166 Sant Jordi Desvalls;Total;2000;587
17166 Sant Jordi Desvalls;Total;1999;597
17166 Sant Jordi Desvalls;Total;1998;602
17166 Sant Jordi Desvalls;Total;1997;""
17166 Sant Jordi Desvalls;Total;1996;588
17166 Sant Jordi Desvalls;Hombres;2025;420
17166 Sant Jordi Desvalls;Hombres;2024;414
17166 Sant Jordi Desvalls;Hombres;2023;409
17166 Sant Jordi Desvalls;Hombres;2022;406
17166 Sant Jordi Desvalls;Hombres;2021;391
17166 Sant Jordi Desvalls;Hombres;2020;377
17166 Sant Jordi Desvalls;Hombres;2019;380
17166 Sant Jordi Desvalls;Hombres;2018;359
17166 Sant Jordi Desvalls;Hombres;2017;357
17166 Sant Jordi Desvalls;Hombres;2016;347
17166 Sant Jordi Desvalls;Hombres;2015;349
17166 Sant Jordi Desvalls;Hombres;2014;342
17166 Sant Jordi Desvalls;Hombres;2013;336
17166 Sant Jordi Desvalls;Hombres;2012;343
17166 Sant Jordi Desvalls;Hombres;2011;323
17166 Sant Jordi Desvalls;Hombres;2010;317
17166 Sant Jordi Desvalls;Hombres;2009;325
17166 Sant Jordi Desvalls;Hombres;2008;315
17166 Sant Jordi Desvalls;Hombres;2007;313
17166 Sant Jordi Desvalls;Hombres;2006;314
17166 Sant Jordi Desvalls;Hombres;2005;318
17166 Sant Jordi Desvalls;Hombres;2004;326
17166 Sant Jordi Desvalls;Hombres;2003;318
17166 Sant Jordi Desvalls;Hombres;2002;327
17166 Sant Jordi Desvalls;Hombres;2001;312
17166 Sant Jordi Desvalls;Hombres;2000;302
17166 Sant Jordi Desvalls;Hombres;1999;306
17166 Sant Jordi Desvalls;Hombres;1998;306
17166 Sant Jordi Desvalls;Hombres;1997;""
17166 Sant Jordi Desvalls;Hombres;1996;296
17166 Sant Jordi Desvalls;Mujeres;2025;460
17166 Sant Jordi Desvalls;Mujeres;2024;457
17166 Sant Jordi Desvalls;Mujeres;2023;436
17166 Sant Jordi Desvalls;Mujeres;2022;424
17166 Sant Jordi Desvalls;Mujeres;2021;405
17166 Sant Jordi Desvalls;Mujeres;2020;383
17166 Sant Jordi Desvalls;Mujeres;2019;381
17166 Sant Jordi Desvalls;Mujeres;2018;372
17166 Sant Jordi Desvalls;Mujeres;2017;375
17166 Sant Jordi Desvalls;Mujeres;2016;353
17166 Sant Jordi Desvalls;Mujeres;2015;371
17166 Sant Jordi Desvalls;Mujeres;2014;366
17166 Sant Jordi Desvalls;Mujeres;2013;366
17166 Sant Jordi Desvalls;Mujeres;2012;360
17166 Sant Jordi Desvalls;Mujeres;2011;344
17166 Sant Jordi Desvalls;Mujeres;2010;336
17166 Sant Jordi Desvalls;Mujeres;2009;324
17166 Sant Jordi Desvalls;Mujeres;2008;311
17166 Sant Jordi Desvalls;Mujeres;2007;309
17166 Sant Jordi Desvalls;Mujeres;2006;318
17166 Sant Jordi Desvalls;Mujeres;2005;313
17166 Sant Jordi Desvalls;Mujeres;2004;321
17166 Sant Jordi Desvalls;Mujeres;2003;312
17166 Sant Jordi Desvalls;Mujeres;2002;313
17166 Sant Jordi Desvalls;Mujeres;2001;296
17166 Sant Jordi Desvalls;Mujeres;2000;285
17166 Sant Jordi Desvalls;Mujeres;1999;291
17166 Sant Jordi Desvalls;Mujeres;1998;296
17166 Sant Jordi Desvalls;Mujeres;1997;""
17166 Sant Jordi Desvalls;Mujeres;1996;292
17169 Sant Julià de Ramis;Total;2025;3.715
17169 Sant Julià de Ramis;Total;2024;3.644
17169 Sant Julià de Ramis;Total;2023;3.723
17169 Sant Julià de Ramis;Total;2022;3.623
17169 Sant Julià de Ramis;Total;2021;3.612
17169 Sant Julià de Ramis;Total;2020;3.576
17169 Sant Julià de Ramis;Total;2019;3.515
17169 Sant Julià de Ramis;Total;2018;3.461
17169 Sant Julià de Ramis;Total;2017;3.447
17169 Sant Julià de Ramis;Total;2016;3.455
17169 Sant Julià de Ramis;Total;2015;3.415
17169 Sant Julià de Ramis;Total;2014;3.434
17169 Sant Julià de Ramis;Total;2013;3.469
17169 Sant Julià de Ramis;Total;2012;3.467
17169 Sant Julià de Ramis;Total;2011;3.348
17169 Sant Julià de Ramis;Total;2010;3.281
17169 Sant Julià de Ramis;Total;2009;3.233
17169 Sant Julià de Ramis;Total;2008;3.133
17169 Sant Julià de Ramis;Total;2007;2.866
17169 Sant Julià de Ramis;Total;2006;2.656
17169 Sant Julià de Ramis;Total;2005;2.495
17169 Sant Julià de Ramis;Total;2004;2.340
17169 Sant Julià de Ramis;Total;2003;2.240
17169 Sant Julià de Ramis;Total;2002;2.166
17169 Sant Julià de Ramis;Total;2001;2.073
17169 Sant Julià de Ramis;Total;2000;2.018
17169 Sant Julià de Ramis;Total;1999;1.986
17169 Sant Julià de Ramis;Total;1998;1.959
17169 Sant Julià de Ramis;Total;1997;""
17169 Sant Julià de Ramis;Total;1996;1.942
17169 Sant Julià de Ramis;Hombres;2025;1.869
17169 Sant Julià de Ramis;Hombres;2024;1.838
17169 Sant Julià de Ramis;Hombres;2023;1.878
17169 Sant Julià de Ramis;Hombres;2022;1.821
17169 Sant Julià de Ramis;Hombres;2021;1.818
17169 Sant Julià de Ramis;Hombres;2020;1.814
17169 Sant Julià de Ramis;Hombres;2019;1.780
17169 Sant Julià de Ramis;Hombres;2018;1.749
17169 Sant Julià de Ramis;Hombres;2017;1.750
17169 Sant Julià de Ramis;Hombres;2016;1.747
17169 Sant Julià de Ramis;Hombres;2015;1.724
17169 Sant Julià de Ramis;Hombres;2014;1.730
17169 Sant Julià de Ramis;Hombres;2013;1.745
17169 Sant Julià de Ramis;Hombres;2012;1.734
17169 Sant Julià de Ramis;Hombres;2011;1.686
17169 Sant Julià de Ramis;Hombres;2010;1.649
17169 Sant Julià de Ramis;Hombres;2009;1.637
17169 Sant Julià de Ramis;Hombres;2008;1.625
17169 Sant Julià de Ramis;Hombres;2007;1.467
17169 Sant Julià de Ramis;Hombres;2006;1.363
17169 Sant Julià de Ramis;Hombres;2005;1.275
17169 Sant Julià de Ramis;Hombres;2004;1.191
17169 Sant Julià de Ramis;Hombres;2003;1.138
17169 Sant Julià de Ramis;Hombres;2002;1.091
17169 Sant Julià de Ramis;Hombres;2001;1.034
17169 Sant Julià de Ramis;Hombres;2000;1.016
17169 Sant Julià de Ramis;Hombres;1999;1.006
17169 Sant Julià de Ramis;Hombres;1998;982
17169 Sant Julià de Ramis;Hombres;1997;""
17169 Sant Julià de Ramis;Hombres;1996;982
17169 Sant Julià de Ramis;Mujeres;2025;1.846
17169 Sant Julià de Ramis;Mujeres;2024;1.806
17169 Sant Julià de Ramis;Mujeres;2023;1.845
17169 Sant Julià de Ramis;Mujeres;2022;1.802
17169 Sant Julià de Ramis;Mujeres;2021;1.794
17169 Sant Julià de Ramis;Mujeres;2020;1.762
17169 Sant Julià de Ramis;Mujeres;2019;1.735
17169 Sant Julià de Ramis;Mujeres;2018;1.712
17169 Sant Julià de Ramis;Mujeres;2017;1.697
17169 Sant Julià de Ramis;Mujeres;2016;1.708
17169 Sant Julià de Ramis;Mujeres;2015;1.691
17169 Sant Julià de Ramis;Mujeres;2014;1.704
17169 Sant Julià de Ramis;Mujeres;2013;1.724
17169 Sant Julià de Ramis;Mujeres;2012;1.733
17169 Sant Julià de Ramis;Mujeres;2011;1.662
17169 Sant Julià de Ramis;Mujeres;2010;1.632
17169 Sant Julià de Ramis;Mujeres;2009;1.596
17169 Sant Julià de Ramis;Mujeres;2008;1.508
17169 Sant Julià de Ramis;Mujeres;2007;1.399
17169 Sant Julià de Ramis;Mujeres;2006;1.293
17169 Sant Julià de Ramis;Mujeres;2005;1.220
17169 Sant Julià de Ramis;Mujeres;2004;1.149
17169 Sant Julià de Ramis;Mujeres;2003;1.102
17169 Sant Julià de Ramis;Mujeres;2002;1.075
17169 Sant Julià de Ramis;Mujeres;2001;1.039
17169 Sant Julià de Ramis;Mujeres;2000;1.002
17169 Sant Julià de Ramis;Mujeres;1999;980
17169 Sant Julià de Ramis;Mujeres;1998;977
17169 Sant Julià de Ramis;Mujeres;1997;""
17169 Sant Julià de Ramis;Mujeres;1996;960
17903 Sant Julià del Llor i Bonmatí;Total;2025;1.457
17903 Sant Julià del Llor i Bonmatí;Total;2024;1.373
17903 Sant Julià del Llor i Bonmatí;Total;2023;1.359
17903 Sant Julià del Llor i Bonmatí;Total;2022;1.347
17903 Sant Julià del Llor i Bonmatí;Total;2021;1.314
17903 Sant Julià del Llor i Bonmatí;Total;2020;1.313
17903 Sant Julià del Llor i Bonmatí;Total;2019;1.286
17903 Sant Julià del Llor i Bonmatí;Total;2018;1.275
17903 Sant Julià del Llor i Bonmatí;Total;2017;1.321
17903 Sant Julià del Llor i Bonmatí;Total;2016;1.282
17903 Sant Julià del Llor i Bonmatí;Total;2015;1.272
17903 Sant Julià del Llor i Bonmatí;Total;2014;1.264
17903 Sant Julià del Llor i Bonmatí;Total;2013;1.264
17903 Sant Julià del Llor i Bonmatí;Total;2012;1.244
17903 Sant Julià del Llor i Bonmatí;Total;2011;1.271
17903 Sant Julià del Llor i Bonmatí;Total;2010;1.291
17903 Sant Julià del Llor i Bonmatí;Total;2009;1.276
17903 Sant Julià del Llor i Bonmatí;Total;2008;1.225
17903 Sant Julià del Llor i Bonmatí;Total;2007;1.194
17903 Sant Julià del Llor i Bonmatí;Total;2006;1.093
17903 Sant Julià del Llor i Bonmatí;Total;2005;1.007
17903 Sant Julià del Llor i Bonmatí;Total;2004;991
17903 Sant Julià del Llor i Bonmatí;Total;2003;1.009
17903 Sant Julià del Llor i Bonmatí;Total;2002;965
17903 Sant Julià del Llor i Bonmatí;Total;2001;940
17903 Sant Julià del Llor i Bonmatí;Total;2000;921
17903 Sant Julià del Llor i Bonmatí;Total;1999;938
17903 Sant Julià del Llor i Bonmatí;Total;1998;925
17903 Sant Julià del Llor i Bonmatí;Total;1997;""
17903 Sant Julià del Llor i Bonmatí;Total;1996;914
17903 Sant Julià del Llor i Bonmatí;Hombres;2025;737
17903 Sant Julià del Llor i Bonmatí;Hombres;2024;706
17903 Sant Julià del Llor i Bonmatí;Hombres;2023;703
17903 Sant Julià del Llor i Bonmatí;Hombres;2022;684
17903 Sant Julià del Llor i Bonmatí;Hombres;2021;667
17903 Sant Julià del Llor i Bonmatí;Hombres;2020;660
17903 Sant Julià del Llor i Bonmatí;Hombres;2019;651
17903 Sant Julià del Llor i Bonmatí;Hombres;2018;656
17903 Sant Julià del Llor i Bonmatí;Hombres;2017;683
17903 Sant Julià del Llor i Bonmatí;Hombres;2016;663
17903 Sant Julià del Llor i Bonmatí;Hombres;2015;654
17903 Sant Julià del Llor i Bonmatí;Hombres;2014;650
17903 Sant Julià del Llor i Bonmatí;Hombres;2013;646
17903 Sant Julià del Llor i Bonmatí;Hombres;2012;637
17903 Sant Julià del Llor i Bonmatí;Hombres;2011;646
17903 Sant Julià del Llor i Bonmatí;Hombres;2010;646
17903 Sant Julià del Llor i Bonmatí;Hombres;2009;637
17903 Sant Julià del Llor i Bonmatí;Hombres;2008;627
17903 Sant Julià del Llor i Bonmatí;Hombres;2007;607
17903 Sant Julià del Llor i Bonmatí;Hombres;2006;558
17903 Sant Julià del Llor i Bonmatí;Hombres;2005;514
17903 Sant Julià del Llor i Bonmatí;Hombres;2004;507
17903 Sant Julià del Llor i Bonmatí;Hombres;2003;521
17903 Sant Julià del Llor i Bonmatí;Hombres;2002;492
17903 Sant Julià del Llor i Bonmatí;Hombres;2001;474
17903 Sant Julià del Llor i Bonmatí;Hombres;2000;467
17903 Sant Julià del Llor i Bonmatí;Hombres;1999;473
17903 Sant Julià del Llor i Bonmatí;Hombres;1998;471
17903 Sant Julià del Llor i Bonmatí;Hombres;1997;""
17903 Sant Julià del Llor i Bonmatí;Hombres;1996;453
17903 Sant Julià del Llor i Bonmatí;Mujeres;2025;720
17903 Sant Julià del Llor i Bonmatí;Mujeres;2024;667
17903 Sant Julià del Llor i Bonmatí;Mujeres;2023;656
17903 Sant Julià del Llor i Bonmatí;Mujeres;2022;663
17903 Sant Julià del Llor i Bonmatí;Mujeres;2021;647
17903 Sant Julià del Llor i Bonmatí;Mujeres;2020;653
17903 Sant Julià del Llor i Bonmatí;Mujeres;2019;635
17903 Sant Julià del Llor i Bonmatí;Mujeres;2018;619
17903 Sant Julià del Llor i Bonmatí;Mujeres;2017;638
17903 Sant Julià del Llor i Bonmatí;Mujeres;2016;619
17903 Sant Julià del Llor i Bonmatí;Mujeres;2015;618
17903 Sant Julià del Llor i Bonmatí;Mujeres;2014;614
17903 Sant Julià del Llor i Bonmatí;Mujeres;2013;618
17903 Sant Julià del Llor i Bonmatí;Mujeres;2012;607
17903 Sant Julià del Llor i Bonmatí;Mujeres;2011;625
17903 Sant Julià del Llor i Bonmatí;Mujeres;2010;645
17903 Sant Julià del Llor i Bonmatí;Mujeres;2009;639
17903 Sant Julià del Llor i Bonmatí;Mujeres;2008;598
17903 Sant Julià del Llor i Bonmatí;Mujeres;2007;587
17903 Sant Julià del Llor i Bonmatí;Mujeres;2006;535
17903 Sant Julià del Llor i Bonmatí;Mujeres;2005;493
17903 Sant Julià del Llor i Bonmatí;Mujeres;2004;484
17903 Sant Julià del Llor i Bonmatí;Mujeres;2003;488
17903 Sant Julià del Llor i Bonmatí;Mujeres;2002;473
17903 Sant Julià del Llor i Bonmatí;Mujeres;2001;466
17903 Sant Julià del Llor i Bonmatí;Mujeres;2000;454
17903 Sant Julià del Llor i Bonmatí;Mujeres;1999;465
17903 Sant Julià del Llor i Bonmatí;Mujeres;1998;454
17903 Sant Julià del Llor i Bonmatí;Mujeres;1997;""
17903 Sant Julià del Llor i Bonmatí;Mujeres;1996;461
17171 Sant Llorenç de la Muga;Total;2025;247
17171 Sant Llorenç de la Muga;Total;2024;258
17171 Sant Llorenç de la Muga;Total;2023;275
17171 Sant Llorenç de la Muga;Total;2022;267
17171 Sant Llorenç de la Muga;Total;2021;267
17171 Sant Llorenç de la Muga;Total;2020;265
17171 Sant Llorenç de la Muga;Total;2019;264
17171 Sant Llorenç de la Muga;Total;2018;251
17171 Sant Llorenç de la Muga;Total;2017;251
17171 Sant Llorenç de la Muga;Total;2016;247
17171 Sant Llorenç de la Muga;Total;2015;255
17171 Sant Llorenç de la Muga;Total;2014;249
17171 Sant Llorenç de la Muga;Total;2013;256
17171 Sant Llorenç de la Muga;Total;2012;248
17171 Sant Llorenç de la Muga;Total;2011;227
17171 Sant Llorenç de la Muga;Total;2010;222
17171 Sant Llorenç de la Muga;Total;2009;213
17171 Sant Llorenç de la Muga;Total;2008;218
17171 Sant Llorenç de la Muga;Total;2007;215
17171 Sant Llorenç de la Muga;Total;2006;196
17171 Sant Llorenç de la Muga;Total;2005;202
17171 Sant Llorenç de la Muga;Total;2004;192
17171 Sant Llorenç de la Muga;Total;2003;177
17171 Sant Llorenç de la Muga;Total;2002;185
17171 Sant Llorenç de la Muga;Total;2001;188
17171 Sant Llorenç de la Muga;Total;2000;182
17171 Sant Llorenç de la Muga;Total;1999;152
17171 Sant Llorenç de la Muga;Total;1998;127
17171 Sant Llorenç de la Muga;Total;1997;""
17171 Sant Llorenç de la Muga;Total;1996;131
17171 Sant Llorenç de la Muga;Hombres;2025;128
17171 Sant Llorenç de la Muga;Hombres;2024;136
17171 Sant Llorenç de la Muga;Hombres;2023;139
17171 Sant Llorenç de la Muga;Hombres;2022;143
17171 Sant Llorenç de la Muga;Hombres;2021;139
17171 Sant Llorenç de la Muga;Hombres;2020;134
17171 Sant Llorenç de la Muga;Hombres;2019;135
17171 Sant Llorenç de la Muga;Hombres;2018;131
17171 Sant Llorenç de la Muga;Hombres;2017;133
17171 Sant Llorenç de la Muga;Hombres;2016;126
17171 Sant Llorenç de la Muga;Hombres;2015;129
17171 Sant Llorenç de la Muga;Hombres;2014;130
17171 Sant Llorenç de la Muga;Hombres;2013;132
17171 Sant Llorenç de la Muga;Hombres;2012;126
17171 Sant Llorenç de la Muga;Hombres;2011;117
17171 Sant Llorenç de la Muga;Hombres;2010;110
17171 Sant Llorenç de la Muga;Hombres;2009;109
17171 Sant Llorenç de la Muga;Hombres;2008;112
17171 Sant Llorenç de la Muga;Hombres;2007;115
17171 Sant Llorenç de la Muga;Hombres;2006;102
17171 Sant Llorenç de la Muga;Hombres;2005;101
17171 Sant Llorenç de la Muga;Hombres;2004;92
17171 Sant Llorenç de la Muga;Hombres;2003;84
17171 Sant Llorenç de la Muga;Hombres;2002;85
17171 Sant Llorenç de la Muga;Hombres;2001;87
17171 Sant Llorenç de la Muga;Hombres;2000;86
17171 Sant Llorenç de la Muga;Hombres;1999;74
17171 Sant Llorenç de la Muga;Hombres;1998;64
17171 Sant Llorenç de la Muga;Hombres;1997;""
17171 Sant Llorenç de la Muga;Hombres;1996;66
17171 Sant Llorenç de la Muga;Mujeres;2025;119
17171 Sant Llorenç de la Muga;Mujeres;2024;122
17171 Sant Llorenç de la Muga;Mujeres;2023;136
17171 Sant Llorenç de la Muga;Mujeres;2022;124
17171 Sant Llorenç de la Muga;Mujeres;2021;128
17171 Sant Llorenç de la Muga;Mujeres;2020;131
17171 Sant Llorenç de la Muga;Mujeres;2019;129
17171 Sant Llorenç de la Muga;Mujeres;2018;120
17171 Sant Llorenç de la Muga;Mujeres;2017;118
17171 Sant Llorenç de la Muga;Mujeres;2016;121
17171 Sant Llorenç de la Muga;Mujeres;2015;126
17171 Sant Llorenç de la Muga;Mujeres;2014;119
17171 Sant Llorenç de la Muga;Mujeres;2013;124
17171 Sant Llorenç de la Muga;Mujeres;2012;122
17171 Sant Llorenç de la Muga;Mujeres;2011;110
17171 Sant Llorenç de la Muga;Mujeres;2010;112
17171 Sant Llorenç de la Muga;Mujeres;2009;104
17171 Sant Llorenç de la Muga;Mujeres;2008;106
17171 Sant Llorenç de la Muga;Mujeres;2007;100
17171 Sant Llorenç de la Muga;Mujeres;2006;94
17171 Sant Llorenç de la Muga;Mujeres;2005;101
17171 Sant Llorenç de la Muga;Mujeres;2004;100
17171 Sant Llorenç de la Muga;Mujeres;2003;93
17171 Sant Llorenç de la Muga;Mujeres;2002;100
17171 Sant Llorenç de la Muga;Mujeres;2001;101
17171 Sant Llorenç de la Muga;Mujeres;2000;96
17171 Sant Llorenç de la Muga;Mujeres;1999;78
17171 Sant Llorenç de la Muga;Mujeres;1998;63
17171 Sant Llorenç de la Muga;Mujeres;1997;""
17171 Sant Llorenç de la Muga;Mujeres;1996;65
17173 Sant Martí Vell;Total;2025;271
17173 Sant Martí Vell;Total;2024;264
17173 Sant Martí Vell;Total;2023;269
17173 Sant Martí Vell;Total;2022;261
17173 Sant Martí Vell;Total;2021;244
17173 Sant Martí Vell;Total;2020;251
17173 Sant Martí Vell;Total;2019;252
17173 Sant Martí Vell;Total;2018;249
17173 Sant Martí Vell;Total;2017;245
17173 Sant Martí Vell;Total;2016;250
17173 Sant Martí Vell;Total;2015;248
17173 Sant Martí Vell;Total;2014;242
17173 Sant Martí Vell;Total;2013;240
17173 Sant Martí Vell;Total;2012;266
17173 Sant Martí Vell;Total;2011;258
17173 Sant Martí Vell;Total;2010;265
17173 Sant Martí Vell;Total;2009;250
17173 Sant Martí Vell;Total;2008;242
17173 Sant Martí Vell;Total;2007;232
17173 Sant Martí Vell;Total;2006;209
17173 Sant Martí Vell;Total;2005;185
17173 Sant Martí Vell;Total;2004;185
17173 Sant Martí Vell;Total;2003;191
17173 Sant Martí Vell;Total;2002;161
17173 Sant Martí Vell;Total;2001;160
17173 Sant Martí Vell;Total;2000;161
17173 Sant Martí Vell;Total;1999;164
17173 Sant Martí Vell;Total;1998;171
17173 Sant Martí Vell;Total;1997;""
17173 Sant Martí Vell;Total;1996;185
17173 Sant Martí Vell;Hombres;2025;146
17173 Sant Martí Vell;Hombres;2024;143
17173 Sant Martí Vell;Hombres;2023;146
17173 Sant Martí Vell;Hombres;2022;140
17173 Sant Martí Vell;Hombres;2021;130
17173 Sant Martí Vell;Hombres;2020;136
17173 Sant Martí Vell;Hombres;2019;131
17173 Sant Martí Vell;Hombres;2018;127
17173 Sant Martí Vell;Hombres;2017;126
17173 Sant Martí Vell;Hombres;2016;128
17173 Sant Martí Vell;Hombres;2015;131
17173 Sant Martí Vell;Hombres;2014;128
17173 Sant Martí Vell;Hombres;2013;129
17173 Sant Martí Vell;Hombres;2012;137
17173 Sant Martí Vell;Hombres;2011;137
17173 Sant Martí Vell;Hombres;2010;141
17173 Sant Martí Vell;Hombres;2009;131
17173 Sant Martí Vell;Hombres;2008;128
17173 Sant Martí Vell;Hombres;2007;117
17173 Sant Martí Vell;Hombres;2006;116
17173 Sant Martí Vell;Hombres;2005;101
17173 Sant Martí Vell;Hombres;2004;103
17173 Sant Martí Vell;Hombres;2003;104
17173 Sant Martí Vell;Hombres;2002;82
17173 Sant Martí Vell;Hombres;2001;81
17173 Sant Martí Vell;Hombres;2000;82
17173 Sant Martí Vell;Hombres;1999;84
17173 Sant Martí Vell;Hombres;1998;88
17173 Sant Martí Vell;Hombres;1997;""
17173 Sant Martí Vell;Hombres;1996;95
17173 Sant Martí Vell;Mujeres;2025;125
17173 Sant Martí Vell;Mujeres;2024;121
17173 Sant Martí Vell;Mujeres;2023;123
17173 Sant Martí Vell;Mujeres;2022;121
17173 Sant Martí Vell;Mujeres;2021;114
17173 Sant Martí Vell;Mujeres;2020;115
17173 Sant Martí Vell;Mujeres;2019;121
17173 Sant Martí Vell;Mujeres;2018;122
17173 Sant Martí Vell;Mujeres;2017;119
17173 Sant Martí Vell;Mujeres;2016;122
17173 Sant Martí Vell;Mujeres;2015;117
17173 Sant Martí Vell;Mujeres;2014;114
17173 Sant Martí Vell;Mujeres;2013;111
17173 Sant Martí Vell;Mujeres;2012;129
17173 Sant Martí Vell;Mujeres;2011;121
17173 Sant Martí Vell;Mujeres;2010;124
17173 Sant Martí Vell;Mujeres;2009;119
17173 Sant Martí Vell;Mujeres;2008;114
17173 Sant Martí Vell;Mujeres;2007;115
17173 Sant Martí Vell;Mujeres;2006;93
17173 Sant Martí Vell;Mujeres;2005;84
17173 Sant Martí Vell;Mujeres;2004;82
17173 Sant Martí Vell;Mujeres;2003;87
17173 Sant Martí Vell;Mujeres;2002;79
17173 Sant Martí Vell;Mujeres;2001;79
17173 Sant Martí Vell;Mujeres;2000;79
17173 Sant Martí Vell;Mujeres;1999;80
17173 Sant Martí Vell;Mujeres;1998;83
17173 Sant Martí Vell;Mujeres;1997;""
17173 Sant Martí Vell;Mujeres;1996;90
17172 Sant Martí de Llémena;Total;2025;726
17172 Sant Martí de Llémena;Total;2024;706
17172 Sant Martí de Llémena;Total;2023;709
17172 Sant Martí de Llémena;Total;2022;679
17172 Sant Martí de Llémena;Total;2021;663
17172 Sant Martí de Llémena;Total;2020;641
17172 Sant Martí de Llémena;Total;2019;633
17172 Sant Martí de Llémena;Total;2018;626
17172 Sant Martí de Llémena;Total;2017;612
17172 Sant Martí de Llémena;Total;2016;618
17172 Sant Martí de Llémena;Total;2015;605
17172 Sant Martí de Llémena;Total;2014;626
17172 Sant Martí de Llémena;Total;2013;615
17172 Sant Martí de Llémena;Total;2012;596
17172 Sant Martí de Llémena;Total;2011;591
17172 Sant Martí de Llémena;Total;2010;566
17172 Sant Martí de Llémena;Total;2009;545
17172 Sant Martí de Llémena;Total;2008;532
17172 Sant Martí de Llémena;Total;2007;527
17172 Sant Martí de Llémena;Total;2006;520
17172 Sant Martí de Llémena;Total;2005;526
17172 Sant Martí de Llémena;Total;2004;509
17172 Sant Martí de Llémena;Total;2003;487
17172 Sant Martí de Llémena;Total;2002;475
17172 Sant Martí de Llémena;Total;2001;474
17172 Sant Martí de Llémena;Total;2000;478
17172 Sant Martí de Llémena;Total;1999;463
17172 Sant Martí de Llémena;Total;1998;396
17172 Sant Martí de Llémena;Total;1997;""
17172 Sant Martí de Llémena;Total;1996;372
17172 Sant Martí de Llémena;Hombres;2025;376
17172 Sant Martí de Llémena;Hombres;2024;356
17172 Sant Martí de Llémena;Hombres;2023;364
17172 Sant Martí de Llémena;Hombres;2022;346
17172 Sant Martí de Llémena;Hombres;2021;340
17172 Sant Martí de Llémena;Hombres;2020;334
17172 Sant Martí de Llémena;Hombres;2019;330
17172 Sant Martí de Llémena;Hombres;2018;324
17172 Sant Martí de Llémena;Hombres;2017;314
17172 Sant Martí de Llémena;Hombres;2016;324
17172 Sant Martí de Llémena;Hombres;2015;319
17172 Sant Martí de Llémena;Hombres;2014;335
17172 Sant Martí de Llémena;Hombres;2013;327
17172 Sant Martí de Llémena;Hombres;2012;309
17172 Sant Martí de Llémena;Hombres;2011;306
17172 Sant Martí de Llémena;Hombres;2010;292
17172 Sant Martí de Llémena;Hombres;2009;287
17172 Sant Martí de Llémena;Hombres;2008;279
17172 Sant Martí de Llémena;Hombres;2007;272
17172 Sant Martí de Llémena;Hombres;2006;268
17172 Sant Martí de Llémena;Hombres;2005;276
17172 Sant Martí de Llémena;Hombres;2004;267
17172 Sant Martí de Llémena;Hombres;2003;256
17172 Sant Martí de Llémena;Hombres;2002;256
17172 Sant Martí de Llémena;Hombres;2001;253
17172 Sant Martí de Llémena;Hombres;2000;245
17172 Sant Martí de Llémena;Hombres;1999;237
17172 Sant Martí de Llémena;Hombres;1998;205
17172 Sant Martí de Llémena;Hombres;1997;""
17172 Sant Martí de Llémena;Hombres;1996;190
17172 Sant Martí de Llémena;Mujeres;2025;350
17172 Sant Martí de Llémena;Mujeres;2024;350
17172 Sant Martí de Llémena;Mujeres;2023;345
17172 Sant Martí de Llémena;Mujeres;2022;333
17172 Sant Martí de Llémena;Mujeres;2021;323
17172 Sant Martí de Llémena;Mujeres;2020;307
17172 Sant Martí de Llémena;Mujeres;2019;303
17172 Sant Martí de Llémena;Mujeres;2018;302
17172 Sant Martí de Llémena;Mujeres;2017;298
17172 Sant Martí de Llémena;Mujeres;2016;294
17172 Sant Martí de Llémena;Mujeres;2015;286
17172 Sant Martí de Llémena;Mujeres;2014;291
17172 Sant Martí de Llémena;Mujeres;2013;288
17172 Sant Martí de Llémena;Mujeres;2012;287
17172 Sant Martí de Llémena;Mujeres;2011;285
17172 Sant Martí de Llémena;Mujeres;2010;274
17172 Sant Martí de Llémena;Mujeres;2009;258
17172 Sant Martí de Llémena;Mujeres;2008;253
17172 Sant Martí de Llémena;Mujeres;2007;255
17172 Sant Martí de Llémena;Mujeres;2006;252
17172 Sant Martí de Llémena;Mujeres;2005;250
17172 Sant Martí de Llémena;Mujeres;2004;242
17172 Sant Martí de Llémena;Mujeres;2003;231
17172 Sant Martí de Llémena;Mujeres;2002;219
17172 Sant Martí de Llémena;Mujeres;2001;221
17172 Sant Martí de Llémena;Mujeres;2000;233
17172 Sant Martí de Llémena;Mujeres;1999;226
17172 Sant Martí de Llémena;Mujeres;1998;191
17172 Sant Martí de Llémena;Mujeres;1997;""
17172 Sant Martí de Llémena;Mujeres;1996;182
17174 Sant Miquel de Campmajor;Total;2025;258
17174 Sant Miquel de Campmajor;Total;2024;254
17174 Sant Miquel de Campmajor;Total;2023;247
17174 Sant Miquel de Campmajor;Total;2022;239
17174 Sant Miquel de Campmajor;Total;2021;243
17174 Sant Miquel de Campmajor;Total;2020;229
17174 Sant Miquel de Campmajor;Total;2019;231
17174 Sant Miquel de Campmajor;Total;2018;228
17174 Sant Miquel de Campmajor;Total;2017;226
17174 Sant Miquel de Campmajor;Total;2016;226
17174 Sant Miquel de Campmajor;Total;2015;219
17174 Sant Miquel de Campmajor;Total;2014;232
17174 Sant Miquel de Campmajor;Total;2013;219
17174 Sant Miquel de Campmajor;Total;2012;230
17174 Sant Miquel de Campmajor;Total;2011;234
17174 Sant Miquel de Campmajor;Total;2010;243
17174 Sant Miquel de Campmajor;Total;2009;252
17174 Sant Miquel de Campmajor;Total;2008;243
17174 Sant Miquel de Campmajor;Total;2007;218
17174 Sant Miquel de Campmajor;Total;2006;218
17174 Sant Miquel de Campmajor;Total;2005;197
17174 Sant Miquel de Campmajor;Total;2004;199
17174 Sant Miquel de Campmajor;Total;2003;201
17174 Sant Miquel de Campmajor;Total;2002;196
17174 Sant Miquel de Campmajor;Total;2001;197
17174 Sant Miquel de Campmajor;Total;2000;206
17174 Sant Miquel de Campmajor;Total;1999;218
17174 Sant Miquel de Campmajor;Total;1998;219
17174 Sant Miquel de Campmajor;Total;1997;""
17174 Sant Miquel de Campmajor;Total;1996;208
17174 Sant Miquel de Campmajor;Hombres;2025;136
17174 Sant Miquel de Campmajor;Hombres;2024;134
17174 Sant Miquel de Campmajor;Hombres;2023;135
17174 Sant Miquel de Campmajor;Hombres;2022;133
17174 Sant Miquel de Campmajor;Hombres;2021;134
17174 Sant Miquel de Campmajor;Hombres;2020;127
17174 Sant Miquel de Campmajor;Hombres;2019;127
17174 Sant Miquel de Campmajor;Hombres;2018;120
17174 Sant Miquel de Campmajor;Hombres;2017;119
17174 Sant Miquel de Campmajor;Hombres;2016;119
17174 Sant Miquel de Campmajor;Hombres;2015;115
17174 Sant Miquel de Campmajor;Hombres;2014;123
17174 Sant Miquel de Campmajor;Hombres;2013;119
17174 Sant Miquel de Campmajor;Hombres;2012;121
17174 Sant Miquel de Campmajor;Hombres;2011;121
17174 Sant Miquel de Campmajor;Hombres;2010;126
17174 Sant Miquel de Campmajor;Hombres;2009;129
17174 Sant Miquel de Campmajor;Hombres;2008;127
17174 Sant Miquel de Campmajor;Hombres;2007;119
17174 Sant Miquel de Campmajor;Hombres;2006;117
17174 Sant Miquel de Campmajor;Hombres;2005;110
17174 Sant Miquel de Campmajor;Hombres;2004;110
17174 Sant Miquel de Campmajor;Hombres;2003;111
17174 Sant Miquel de Campmajor;Hombres;2002;107
17174 Sant Miquel de Campmajor;Hombres;2001;108
17174 Sant Miquel de Campmajor;Hombres;2000;116
17174 Sant Miquel de Campmajor;Hombres;1999;123
17174 Sant Miquel de Campmajor;Hombres;1998;123
17174 Sant Miquel de Campmajor;Hombres;1997;""
17174 Sant Miquel de Campmajor;Hombres;1996;113
17174 Sant Miquel de Campmajor;Mujeres;2025;122
17174 Sant Miquel de Campmajor;Mujeres;2024;120
17174 Sant Miquel de Campmajor;Mujeres;2023;112
17174 Sant Miquel de Campmajor;Mujeres;2022;106
17174 Sant Miquel de Campmajor;Mujeres;2021;109
17174 Sant Miquel de Campmajor;Mujeres;2020;102
17174 Sant Miquel de Campmajor;Mujeres;2019;104
17174 Sant Miquel de Campmajor;Mujeres;2018;108
17174 Sant Miquel de Campmajor;Mujeres;2017;107
17174 Sant Miquel de Campmajor;Mujeres;2016;107
17174 Sant Miquel de Campmajor;Mujeres;2015;104
17174 Sant Miquel de Campmajor;Mujeres;2014;109
17174 Sant Miquel de Campmajor;Mujeres;2013;100
17174 Sant Miquel de Campmajor;Mujeres;2012;109
17174 Sant Miquel de Campmajor;Mujeres;2011;113
17174 Sant Miquel de Campmajor;Mujeres;2010;117
17174 Sant Miquel de Campmajor;Mujeres;2009;123
17174 Sant Miquel de Campmajor;Mujeres;2008;116
17174 Sant Miquel de Campmajor;Mujeres;2007;99
17174 Sant Miquel de Campmajor;Mujeres;2006;101
17174 Sant Miquel de Campmajor;Mujeres;2005;87
17174 Sant Miquel de Campmajor;Mujeres;2004;89
17174 Sant Miquel de Campmajor;Mujeres;2003;90
17174 Sant Miquel de Campmajor;Mujeres;2002;89
17174 Sant Miquel de Campmajor;Mujeres;2001;89
17174 Sant Miquel de Campmajor;Mujeres;2000;90
17174 Sant Miquel de Campmajor;Mujeres;1999;95
17174 Sant Miquel de Campmajor;Mujeres;1998;96
17174 Sant Miquel de Campmajor;Mujeres;1997;""
17174 Sant Miquel de Campmajor;Mujeres;1996;95
17175 Sant Miquel de Fluvià;Total;2025;860
17175 Sant Miquel de Fluvià;Total;2024;839
17175 Sant Miquel de Fluvià;Total;2023;833
17175 Sant Miquel de Fluvià;Total;2022;808
17175 Sant Miquel de Fluvià;Total;2021;755
17175 Sant Miquel de Fluvià;Total;2020;761
17175 Sant Miquel de Fluvià;Total;2019;764
17175 Sant Miquel de Fluvià;Total;2018;746
17175 Sant Miquel de Fluvià;Total;2017;746
17175 Sant Miquel de Fluvià;Total;2016;742
17175 Sant Miquel de Fluvià;Total;2015;756
17175 Sant Miquel de Fluvià;Total;2014;798
17175 Sant Miquel de Fluvià;Total;2013;779
17175 Sant Miquel de Fluvià;Total;2012;780
17175 Sant Miquel de Fluvià;Total;2011;764
17175 Sant Miquel de Fluvià;Total;2010;765
17175 Sant Miquel de Fluvià;Total;2009;782
17175 Sant Miquel de Fluvià;Total;2008;718
17175 Sant Miquel de Fluvià;Total;2007;710
17175 Sant Miquel de Fluvià;Total;2006;671
17175 Sant Miquel de Fluvià;Total;2005;671
17175 Sant Miquel de Fluvià;Total;2004;654
17175 Sant Miquel de Fluvià;Total;2003;616
17175 Sant Miquel de Fluvià;Total;2002;609
17175 Sant Miquel de Fluvià;Total;2001;631
17175 Sant Miquel de Fluvià;Total;2000;625
17175 Sant Miquel de Fluvià;Total;1999;603
17175 Sant Miquel de Fluvià;Total;1998;539
17175 Sant Miquel de Fluvià;Total;1997;""
17175 Sant Miquel de Fluvià;Total;1996;576
17175 Sant Miquel de Fluvià;Hombres;2025;448
17175 Sant Miquel de Fluvià;Hombres;2024;441
17175 Sant Miquel de Fluvià;Hombres;2023;435
17175 Sant Miquel de Fluvià;Hombres;2022;414
17175 Sant Miquel de Fluvià;Hombres;2021;390
17175 Sant Miquel de Fluvià;Hombres;2020;396
17175 Sant Miquel de Fluvià;Hombres;2019;397
17175 Sant Miquel de Fluvià;Hombres;2018;395
17175 Sant Miquel de Fluvià;Hombres;2017;390
17175 Sant Miquel de Fluvià;Hombres;2016;387
17175 Sant Miquel de Fluvià;Hombres;2015;395
17175 Sant Miquel de Fluvià;Hombres;2014;410
17175 Sant Miquel de Fluvià;Hombres;2013;399
17175 Sant Miquel de Fluvià;Hombres;2012;396
17175 Sant Miquel de Fluvià;Hombres;2011;390
17175 Sant Miquel de Fluvià;Hombres;2010;396
17175 Sant Miquel de Fluvià;Hombres;2009;408
17175 Sant Miquel de Fluvià;Hombres;2008;363
17175 Sant Miquel de Fluvià;Hombres;2007;360
17175 Sant Miquel de Fluvià;Hombres;2006;347
17175 Sant Miquel de Fluvià;Hombres;2005;350
17175 Sant Miquel de Fluvià;Hombres;2004;340
17175 Sant Miquel de Fluvià;Hombres;2003;315
17175 Sant Miquel de Fluvià;Hombres;2002;307
17175 Sant Miquel de Fluvià;Hombres;2001;321
17175 Sant Miquel de Fluvià;Hombres;2000;318
17175 Sant Miquel de Fluvià;Hombres;1999;308
17175 Sant Miquel de Fluvià;Hombres;1998;275
17175 Sant Miquel de Fluvià;Hombres;1997;""
17175 Sant Miquel de Fluvià;Hombres;1996;294
17175 Sant Miquel de Fluvià;Mujeres;2025;412
17175 Sant Miquel de Fluvià;Mujeres;2024;398
17175 Sant Miquel de Fluvià;Mujeres;2023;398
17175 Sant Miquel de Fluvià;Mujeres;2022;394
17175 Sant Miquel de Fluvià;Mujeres;2021;365
17175 Sant Miquel de Fluvià;Mujeres;2020;365
17175 Sant Miquel de Fluvià;Mujeres;2019;367
17175 Sant Miquel de Fluvià;Mujeres;2018;351
17175 Sant Miquel de Fluvià;Mujeres;2017;356
17175 Sant Miquel de Fluvià;Mujeres;2016;355
17175 Sant Miquel de Fluvià;Mujeres;2015;361
17175 Sant Miquel de Fluvià;Mujeres;2014;388
17175 Sant Miquel de Fluvià;Mujeres;2013;380
17175 Sant Miquel de Fluvià;Mujeres;2012;384
17175 Sant Miquel de Fluvià;Mujeres;2011;374
17175 Sant Miquel de Fluvià;Mujeres;2010;369
17175 Sant Miquel de Fluvià;Mujeres;2009;374
17175 Sant Miquel de Fluvià;Mujeres;2008;355
17175 Sant Miquel de Fluvià;Mujeres;2007;350
17175 Sant Miquel de Fluvià;Mujeres;2006;324
17175 Sant Miquel de Fluvià;Mujeres;2005;321
17175 Sant Miquel de Fluvià;Mujeres;2004;314
17175 Sant Miquel de Fluvià;Mujeres;2003;301
17175 Sant Miquel de Fluvià;Mujeres;2002;302
17175 Sant Miquel de Fluvià;Mujeres;2001;310
17175 Sant Miquel de Fluvià;Mujeres;2000;307
17175 Sant Miquel de Fluvià;Mujeres;1999;295
17175 Sant Miquel de Fluvià;Mujeres;1998;264
17175 Sant Miquel de Fluvià;Mujeres;1997;""
17175 Sant Miquel de Fluvià;Mujeres;1996;282
17176 Sant Mori;Total;2025;163
17176 Sant Mori;Total;2024;163
17176 Sant Mori;Total;2023;173
17176 Sant Mori;Total;2022;159
17176 Sant Mori;Total;2021;157
17176 Sant Mori;Total;2020;166
17176 Sant Mori;Total;2019;177
17176 Sant Mori;Total;2018;177
17176 Sant Mori;Total;2017;175
17176 Sant Mori;Total;2016;176
17176 Sant Mori;Total;2015;176
17176 Sant Mori;Total;2014;177
17176 Sant Mori;Total;2013;181
17176 Sant Mori;Total;2012;196
17176 Sant Mori;Total;2011;193
17176 Sant Mori;Total;2010;166
17176 Sant Mori;Total;2009;180
17176 Sant Mori;Total;2008;179
17176 Sant Mori;Total;2007;163
17176 Sant Mori;Total;2006;164
17176 Sant Mori;Total;2005;167
17176 Sant Mori;Total;2004;160
17176 Sant Mori;Total;2003;160
17176 Sant Mori;Total;2002;156
17176 Sant Mori;Total;2001;152
17176 Sant Mori;Total;2000;158
17176 Sant Mori;Total;1999;154
17176 Sant Mori;Total;1998;144
17176 Sant Mori;Total;1997;""
17176 Sant Mori;Total;1996;142
17176 Sant Mori;Hombres;2025;82
17176 Sant Mori;Hombres;2024;81
17176 Sant Mori;Hombres;2023;87
17176 Sant Mori;Hombres;2022;80
17176 Sant Mori;Hombres;2021;78
17176 Sant Mori;Hombres;2020;84
17176 Sant Mori;Hombres;2019;90
17176 Sant Mori;Hombres;2018;93
17176 Sant Mori;Hombres;2017;94
17176 Sant Mori;Hombres;2016;98
17176 Sant Mori;Hombres;2015;96
17176 Sant Mori;Hombres;2014;97
17176 Sant Mori;Hombres;2013;95
17176 Sant Mori;Hombres;2012;101
17176 Sant Mori;Hombres;2011;100
17176 Sant Mori;Hombres;2010;83
17176 Sant Mori;Hombres;2009;89
17176 Sant Mori;Hombres;2008;86
17176 Sant Mori;Hombres;2007;78
17176 Sant Mori;Hombres;2006;80
17176 Sant Mori;Hombres;2005;80
17176 Sant Mori;Hombres;2004;79
17176 Sant Mori;Hombres;2003;77
17176 Sant Mori;Hombres;2002;75
17176 Sant Mori;Hombres;2001;71
17176 Sant Mori;Hombres;2000;75
17176 Sant Mori;Hombres;1999;76
17176 Sant Mori;Hombres;1998;72
17176 Sant Mori;Hombres;1997;""
17176 Sant Mori;Hombres;1996;69
17176 Sant Mori;Mujeres;2025;81
17176 Sant Mori;Mujeres;2024;82
17176 Sant Mori;Mujeres;2023;86
17176 Sant Mori;Mujeres;2022;79
17176 Sant Mori;Mujeres;2021;79
17176 Sant Mori;Mujeres;2020;82
17176 Sant Mori;Mujeres;2019;87
17176 Sant Mori;Mujeres;2018;84
17176 Sant Mori;Mujeres;2017;81
17176 Sant Mori;Mujeres;2016;78
17176 Sant Mori;Mujeres;2015;80
17176 Sant Mori;Mujeres;2014;80
17176 Sant Mori;Mujeres;2013;86
17176 Sant Mori;Mujeres;2012;95
17176 Sant Mori;Mujeres;2011;93
17176 Sant Mori;Mujeres;2010;83
17176 Sant Mori;Mujeres;2009;91
17176 Sant Mori;Mujeres;2008;93
17176 Sant Mori;Mujeres;2007;85
17176 Sant Mori;Mujeres;2006;84
17176 Sant Mori;Mujeres;2005;87
17176 Sant Mori;Mujeres;2004;81
17176 Sant Mori;Mujeres;2003;83
17176 Sant Mori;Mujeres;2002;81
17176 Sant Mori;Mujeres;2001;81
17176 Sant Mori;Mujeres;2000;83
17176 Sant Mori;Mujeres;1999;78
17176 Sant Mori;Mujeres;1998;72
17176 Sant Mori;Mujeres;1997;""
17176 Sant Mori;Mujeres;1996;73
17177 Sant Pau de Segúries;Total;2025;719
17177 Sant Pau de Segúries;Total;2024;724
17177 Sant Pau de Segúries;Total;2023;742
17177 Sant Pau de Segúries;Total;2022;732
17177 Sant Pau de Segúries;Total;2021;725
17177 Sant Pau de Segúries;Total;2020;688
17177 Sant Pau de Segúries;Total;2019;697
17177 Sant Pau de Segúries;Total;2018;707
17177 Sant Pau de Segúries;Total;2017;672
17177 Sant Pau de Segúries;Total;2016;670
17177 Sant Pau de Segúries;Total;2015;682
17177 Sant Pau de Segúries;Total;2014;674
17177 Sant Pau de Segúries;Total;2013;677
17177 Sant Pau de Segúries;Total;2012;675
17177 Sant Pau de Segúries;Total;2011;694
17177 Sant Pau de Segúries;Total;2010;710
17177 Sant Pau de Segúries;Total;2009;717
17177 Sant Pau de Segúries;Total;2008;699
17177 Sant Pau de Segúries;Total;2007;681
17177 Sant Pau de Segúries;Total;2006;666
17177 Sant Pau de Segúries;Total;2005;669
17177 Sant Pau de Segúries;Total;2004;656
17177 Sant Pau de Segúries;Total;2003;656
17177 Sant Pau de Segúries;Total;2002;658
17177 Sant Pau de Segúries;Total;2001;657
17177 Sant Pau de Segúries;Total;2000;655
17177 Sant Pau de Segúries;Total;1999;650
17177 Sant Pau de Segúries;Total;1998;659
17177 Sant Pau de Segúries;Total;1997;""
17177 Sant Pau de Segúries;Total;1996;648
17177 Sant Pau de Segúries;Hombres;2025;363
17177 Sant Pau de Segúries;Hombres;2024;357
17177 Sant Pau de Segúries;Hombres;2023;366
17177 Sant Pau de Segúries;Hombres;2022;372
17177 Sant Pau de Segúries;Hombres;2021;359
17177 Sant Pau de Segúries;Hombres;2020;344
17177 Sant Pau de Segúries;Hombres;2019;347
17177 Sant Pau de Segúries;Hombres;2018;349
17177 Sant Pau de Segúries;Hombres;2017;330
17177 Sant Pau de Segúries;Hombres;2016;327
17177 Sant Pau de Segúries;Hombres;2015;336
17177 Sant Pau de Segúries;Hombres;2014;333
17177 Sant Pau de Segúries;Hombres;2013;331
17177 Sant Pau de Segúries;Hombres;2012;333
17177 Sant Pau de Segúries;Hombres;2011;347
17177 Sant Pau de Segúries;Hombres;2010;359
17177 Sant Pau de Segúries;Hombres;2009;361
17177 Sant Pau de Segúries;Hombres;2008;349
17177 Sant Pau de Segúries;Hombres;2007;335
17177 Sant Pau de Segúries;Hombres;2006;335
17177 Sant Pau de Segúries;Hombres;2005;338
17177 Sant Pau de Segúries;Hombres;2004;328
17177 Sant Pau de Segúries;Hombres;2003;333
17177 Sant Pau de Segúries;Hombres;2002;333
17177 Sant Pau de Segúries;Hombres;2001;331
17177 Sant Pau de Segúries;Hombres;2000;333
17177 Sant Pau de Segúries;Hombres;1999;329
17177 Sant Pau de Segúries;Hombres;1998;327
17177 Sant Pau de Segúries;Hombres;1997;""
17177 Sant Pau de Segúries;Hombres;1996;322
17177 Sant Pau de Segúries;Mujeres;2025;356
17177 Sant Pau de Segúries;Mujeres;2024;367
17177 Sant Pau de Segúries;Mujeres;2023;376
17177 Sant Pau de Segúries;Mujeres;2022;360
17177 Sant Pau de Segúries;Mujeres;2021;366
17177 Sant Pau de Segúries;Mujeres;2020;344
17177 Sant Pau de Segúries;Mujeres;2019;350
17177 Sant Pau de Segúries;Mujeres;2018;358
17177 Sant Pau de Segúries;Mujeres;2017;342
17177 Sant Pau de Segúries;Mujeres;2016;343
17177 Sant Pau de Segúries;Mujeres;2015;346
17177 Sant Pau de Segúries;Mujeres;2014;341
17177 Sant Pau de Segúries;Mujeres;2013;346
17177 Sant Pau de Segúries;Mujeres;2012;342
17177 Sant Pau de Segúries;Mujeres;2011;347
17177 Sant Pau de Segúries;Mujeres;2010;351
17177 Sant Pau de Segúries;Mujeres;2009;356
17177 Sant Pau de Segúries;Mujeres;2008;350
17177 Sant Pau de Segúries;Mujeres;2007;346
17177 Sant Pau de Segúries;Mujeres;2006;331
17177 Sant Pau de Segúries;Mujeres;2005;331
17177 Sant Pau de Segúries;Mujeres;2004;328
17177 Sant Pau de Segúries;Mujeres;2003;323
17177 Sant Pau de Segúries;Mujeres;2002;325
17177 Sant Pau de Segúries;Mujeres;2001;326
17177 Sant Pau de Segúries;Mujeres;2000;322
17177 Sant Pau de Segúries;Mujeres;1999;321
17177 Sant Pau de Segúries;Mujeres;1998;332
17177 Sant Pau de Segúries;Mujeres;1997;""
17177 Sant Pau de Segúries;Mujeres;1996;326
17178 Sant Pere Pescador;Total;2025;2.290
17178 Sant Pere Pescador;Total;2024;2.241
17178 Sant Pere Pescador;Total;2023;2.122
17178 Sant Pere Pescador;Total;2022;2.079
17178 Sant Pere Pescador;Total;2021;2.083
17178 Sant Pere Pescador;Total;2020;2.090
17178 Sant Pere Pescador;Total;2019;2.042
17178 Sant Pere Pescador;Total;2018;2.039
17178 Sant Pere Pescador;Total;2017;2.040
17178 Sant Pere Pescador;Total;2016;2.134
17178 Sant Pere Pescador;Total;2015;2.143
17178 Sant Pere Pescador;Total;2014;2.138
17178 Sant Pere Pescador;Total;2013;2.175
17178 Sant Pere Pescador;Total;2012;2.161
17178 Sant Pere Pescador;Total;2011;2.108
17178 Sant Pere Pescador;Total;2010;2.033
17178 Sant Pere Pescador;Total;2009;2.029
17178 Sant Pere Pescador;Total;2008;1.970
17178 Sant Pere Pescador;Total;2007;1.878
17178 Sant Pere Pescador;Total;2006;1.804
17178 Sant Pere Pescador;Total;2005;1.775
17178 Sant Pere Pescador;Total;2004;1.618
17178 Sant Pere Pescador;Total;2003;1.604
17178 Sant Pere Pescador;Total;2002;1.577
17178 Sant Pere Pescador;Total;2001;1.524
17178 Sant Pere Pescador;Total;2000;1.428
17178 Sant Pere Pescador;Total;1999;1.377
17178 Sant Pere Pescador;Total;1998;1.379
17178 Sant Pere Pescador;Total;1997;""
17178 Sant Pere Pescador;Total;1996;1.330
17178 Sant Pere Pescador;Hombres;2025;1.225
17178 Sant Pere Pescador;Hombres;2024;1.198
17178 Sant Pere Pescador;Hombres;2023;1.126
17178 Sant Pere Pescador;Hombres;2022;1.114
17178 Sant Pere Pescador;Hombres;2021;1.120
17178 Sant Pere Pescador;Hombres;2020;1.112
17178 Sant Pere Pescador;Hombres;2019;1.084
17178 Sant Pere Pescador;Hombres;2018;1.088
17178 Sant Pere Pescador;Hombres;2017;1.102
17178 Sant Pere Pescador;Hombres;2016;1.153
17178 Sant Pere Pescador;Hombres;2015;1.159
17178 Sant Pere Pescador;Hombres;2014;1.142
17178 Sant Pere Pescador;Hombres;2013;1.160
17178 Sant Pere Pescador;Hombres;2012;1.166
17178 Sant Pere Pescador;Hombres;2011;1.133
17178 Sant Pere Pescador;Hombres;2010;1.091
17178 Sant Pere Pescador;Hombres;2009;1.099
17178 Sant Pere Pescador;Hombres;2008;1.065
17178 Sant Pere Pescador;Hombres;2007;1.021
17178 Sant Pere Pescador;Hombres;2006;988
17178 Sant Pere Pescador;Hombres;2005;989
17178 Sant Pere Pescador;Hombres;2004;882
17178 Sant Pere Pescador;Hombres;2003;898
17178 Sant Pere Pescador;Hombres;2002;876
17178 Sant Pere Pescador;Hombres;2001;855
17178 Sant Pere Pescador;Hombres;2000;788
17178 Sant Pere Pescador;Hombres;1999;749
17178 Sant Pere Pescador;Hombres;1998;747
17178 Sant Pere Pescador;Hombres;1997;""
17178 Sant Pere Pescador;Hombres;1996;717
17178 Sant Pere Pescador;Mujeres;2025;1.065
17178 Sant Pere Pescador;Mujeres;2024;1.043
17178 Sant Pere Pescador;Mujeres;2023;996
17178 Sant Pere Pescador;Mujeres;2022;965
17178 Sant Pere Pescador;Mujeres;2021;963
17178 Sant Pere Pescador;Mujeres;2020;978
17178 Sant Pere Pescador;Mujeres;2019;958
17178 Sant Pere Pescador;Mujeres;2018;951
17178 Sant Pere Pescador;Mujeres;2017;938
17178 Sant Pere Pescador;Mujeres;2016;981
17178 Sant Pere Pescador;Mujeres;2015;984
17178 Sant Pere Pescador;Mujeres;2014;996
17178 Sant Pere Pescador;Mujeres;2013;1.015
17178 Sant Pere Pescador;Mujeres;2012;995
17178 Sant Pere Pescador;Mujeres;2011;975
17178 Sant Pere Pescador;Mujeres;2010;942
17178 Sant Pere Pescador;Mujeres;2009;930
17178 Sant Pere Pescador;Mujeres;2008;905
17178 Sant Pere Pescador;Mujeres;2007;857
17178 Sant Pere Pescador;Mujeres;2006;816
17178 Sant Pere Pescador;Mujeres;2005;786
17178 Sant Pere Pescador;Mujeres;2004;736
17178 Sant Pere Pescador;Mujeres;2003;706
17178 Sant Pere Pescador;Mujeres;2002;701
17178 Sant Pere Pescador;Mujeres;2001;669
17178 Sant Pere Pescador;Mujeres;2000;640
17178 Sant Pere Pescador;Mujeres;1999;628
17178 Sant Pere Pescador;Mujeres;1998;632
17178 Sant Pere Pescador;Mujeres;1997;""
17178 Sant Pere Pescador;Mujeres;1996;613
17180 Santa Coloma de Farners;Total;2025;13.993
17180 Santa Coloma de Farners;Total;2024;13.657
17180 Santa Coloma de Farners;Total;2023;13.634
17180 Santa Coloma de Farners;Total;2022;13.557
17180 Santa Coloma de Farners;Total;2021;13.459
17180 Santa Coloma de Farners;Total;2020;13.363
17180 Santa Coloma de Farners;Total;2019;13.143
17180 Santa Coloma de Farners;Total;2018;12.894
17180 Santa Coloma de Farners;Total;2017;12.854
17180 Santa Coloma de Farners;Total;2016;12.583
17180 Santa Coloma de Farners;Total;2015;12.681
17180 Santa Coloma de Farners;Total;2014;12.601
17180 Santa Coloma de Farners;Total;2013;12.601
17180 Santa Coloma de Farners;Total;2012;12.448
17180 Santa Coloma de Farners;Total;2011;12.305
17180 Santa Coloma de Farners;Total;2010;11.948
17180 Santa Coloma de Farners;Total;2009;11.739
17180 Santa Coloma de Farners;Total;2008;11.412
17180 Santa Coloma de Farners;Total;2007;11.090
17180 Santa Coloma de Farners;Total;2006;10.565
17180 Santa Coloma de Farners;Total;2005;10.557
17180 Santa Coloma de Farners;Total;2004;10.036
17180 Santa Coloma de Farners;Total;2003;9.741
17180 Santa Coloma de Farners;Total;2002;9.396
17180 Santa Coloma de Farners;Total;2001;9.127
17180 Santa Coloma de Farners;Total;2000;8.867
17180 Santa Coloma de Farners;Total;1999;8.695
17180 Santa Coloma de Farners;Total;1998;8.594
17180 Santa Coloma de Farners;Total;1997;""
17180 Santa Coloma de Farners;Total;1996;8.404
17180 Santa Coloma de Farners;Hombres;2025;7.088
17180 Santa Coloma de Farners;Hombres;2024;6.909
17180 Santa Coloma de Farners;Hombres;2023;6.874
17180 Santa Coloma de Farners;Hombres;2022;6.851
17180 Santa Coloma de Farners;Hombres;2021;6.800
17180 Santa Coloma de Farners;Hombres;2020;6.762
17180 Santa Coloma de Farners;Hombres;2019;6.621
17180 Santa Coloma de Farners;Hombres;2018;6.490
17180 Santa Coloma de Farners;Hombres;2017;6.461
17180 Santa Coloma de Farners;Hombres;2016;6.361
17180 Santa Coloma de Farners;Hombres;2015;6.447
17180 Santa Coloma de Farners;Hombres;2014;6.393
17180 Santa Coloma de Farners;Hombres;2013;6.403
17180 Santa Coloma de Farners;Hombres;2012;6.346
17180 Santa Coloma de Farners;Hombres;2011;6.293
17180 Santa Coloma de Farners;Hombres;2010;6.111
17180 Santa Coloma de Farners;Hombres;2009;6.057
17180 Santa Coloma de Farners;Hombres;2008;5.889
17180 Santa Coloma de Farners;Hombres;2007;5.715
17180 Santa Coloma de Farners;Hombres;2006;5.417
17180 Santa Coloma de Farners;Hombres;2005;5.443
17180 Santa Coloma de Farners;Hombres;2004;5.143
17180 Santa Coloma de Farners;Hombres;2003;5.006
17180 Santa Coloma de Farners;Hombres;2002;4.801
17180 Santa Coloma de Farners;Hombres;2001;4.659
17180 Santa Coloma de Farners;Hombres;2000;4.510
17180 Santa Coloma de Farners;Hombres;1999;4.427
17180 Santa Coloma de Farners;Hombres;1998;4.375
17180 Santa Coloma de Farners;Hombres;1997;""
17180 Santa Coloma de Farners;Hombres;1996;4.254
17180 Santa Coloma de Farners;Mujeres;2025;6.905
17180 Santa Coloma de Farners;Mujeres;2024;6.748
17180 Santa Coloma de Farners;Mujeres;2023;6.760
17180 Santa Coloma de Farners;Mujeres;2022;6.706
17180 Santa Coloma de Farners;Mujeres;2021;6.659
17180 Santa Coloma de Farners;Mujeres;2020;6.601
17180 Santa Coloma de Farners;Mujeres;2019;6.522
17180 Santa Coloma de Farners;Mujeres;2018;6.404
17180 Santa Coloma de Farners;Mujeres;2017;6.393
17180 Santa Coloma de Farners;Mujeres;2016;6.222
17180 Santa Coloma de Farners;Mujeres;2015;6.234
17180 Santa Coloma de Farners;Mujeres;2014;6.208
17180 Santa Coloma de Farners;Mujeres;2013;6.198
17180 Santa Coloma de Farners;Mujeres;2012;6.102
17180 Santa Coloma de Farners;Mujeres;2011;6.012
17180 Santa Coloma de Farners;Mujeres;2010;5.837
17180 Santa Coloma de Farners;Mujeres;2009;5.682
17180 Santa Coloma de Farners;Mujeres;2008;5.523
17180 Santa Coloma de Farners;Mujeres;2007;5.375
17180 Santa Coloma de Farners;Mujeres;2006;5.148
17180 Santa Coloma de Farners;Mujeres;2005;5.114
17180 Santa Coloma de Farners;Mujeres;2004;4.893
17180 Santa Coloma de Farners;Mujeres;2003;4.735
17180 Santa Coloma de Farners;Mujeres;2002;4.595
17180 Santa Coloma de Farners;Mujeres;2001;4.468
17180 Santa Coloma de Farners;Mujeres;2000;4.357
17180 Santa Coloma de Farners;Mujeres;1999;4.268
17180 Santa Coloma de Farners;Mujeres;1998;4.219
17180 Santa Coloma de Farners;Mujeres;1997;""
17180 Santa Coloma de Farners;Mujeres;1996;4.150
17181 Santa Cristina d'Aro;Total;2025;5.987
17181 Santa Cristina d'Aro;Total;2024;5.866
17181 Santa Cristina d'Aro;Total;2023;5.664
17181 Santa Cristina d'Aro;Total;2022;5.585
17181 Santa Cristina d'Aro;Total;2021;5.408
17181 Santa Cristina d'Aro;Total;2020;5.287
17181 Santa Cristina d'Aro;Total;2019;5.223
17181 Santa Cristina d'Aro;Total;2018;5.203
17181 Santa Cristina d'Aro;Total;2017;5.194
17181 Santa Cristina d'Aro;Total;2016;5.128
17181 Santa Cristina d'Aro;Total;2015;5.089
17181 Santa Cristina d'Aro;Total;2014;5.194
17181 Santa Cristina d'Aro;Total;2013;5.128
17181 Santa Cristina d'Aro;Total;2012;5.106
17181 Santa Cristina d'Aro;Total;2011;5.066
17181 Santa Cristina d'Aro;Total;2010;5.067
17181 Santa Cristina d'Aro;Total;2009;5.017
17181 Santa Cristina d'Aro;Total;2008;4.713
17181 Santa Cristina d'Aro;Total;2007;4.547
17181 Santa Cristina d'Aro;Total;2006;4.214
17181 Santa Cristina d'Aro;Total;2005;3.983
17181 Santa Cristina d'Aro;Total;2004;3.735
17181 Santa Cristina d'Aro;Total;2003;3.522
17181 Santa Cristina d'Aro;Total;2002;3.206
17181 Santa Cristina d'Aro;Total;2001;3.049
17181 Santa Cristina d'Aro;Total;2000;2.902
17181 Santa Cristina d'Aro;Total;1999;2.730
17181 Santa Cristina d'Aro;Total;1998;2.650
17181 Santa Cristina d'Aro;Total;1997;""
17181 Santa Cristina d'Aro;Total;1996;2.443
17181 Santa Cristina d'Aro;Hombres;2025;3.003
17181 Santa Cristina d'Aro;Hombres;2024;2.976
17181 Santa Cristina d'Aro;Hombres;2023;2.879
17181 Santa Cristina d'Aro;Hombres;2022;2.819
17181 Santa Cristina d'Aro;Hombres;2021;2.725
17181 Santa Cristina d'Aro;Hombres;2020;2.661
17181 Santa Cristina d'Aro;Hombres;2019;2.624
17181 Santa Cristina d'Aro;Hombres;2018;2.608
17181 Santa Cristina d'Aro;Hombres;2017;2.600
17181 Santa Cristina d'Aro;Hombres;2016;2.571
17181 Santa Cristina d'Aro;Hombres;2015;2.570
17181 Santa Cristina d'Aro;Hombres;2014;2.630
17181 Santa Cristina d'Aro;Hombres;2013;2.612
17181 Santa Cristina d'Aro;Hombres;2012;2.598
17181 Santa Cristina d'Aro;Hombres;2011;2.582
17181 Santa Cristina d'Aro;Hombres;2010;2.603
17181 Santa Cristina d'Aro;Hombres;2009;2.559
17181 Santa Cristina d'Aro;Hombres;2008;2.405
17181 Santa Cristina d'Aro;Hombres;2007;2.330
17181 Santa Cristina d'Aro;Hombres;2006;2.164
17181 Santa Cristina d'Aro;Hombres;2005;2.063
17181 Santa Cristina d'Aro;Hombres;2004;1.949
17181 Santa Cristina d'Aro;Hombres;2003;1.819
17181 Santa Cristina d'Aro;Hombres;2002;1.687
17181 Santa Cristina d'Aro;Hombres;2001;1.594
17181 Santa Cristina d'Aro;Hombres;2000;1.518
17181 Santa Cristina d'Aro;Hombres;1999;1.430
17181 Santa Cristina d'Aro;Hombres;1998;1.380
17181 Santa Cristina d'Aro;Hombres;1997;""
17181 Santa Cristina d'Aro;Hombres;1996;1.273
17181 Santa Cristina d'Aro;Mujeres;2025;2.984
17181 Santa Cristina d'Aro;Mujeres;2024;2.890
17181 Santa Cristina d'Aro;Mujeres;2023;2.785
17181 Santa Cristina d'Aro;Mujeres;2022;2.766
17181 Santa Cristina d'Aro;Mujeres;2021;2.683
17181 Santa Cristina d'Aro;Mujeres;2020;2.626
17181 Santa Cristina d'Aro;Mujeres;2019;2.599
17181 Santa Cristina d'Aro;Mujeres;2018;2.595
17181 Santa Cristina d'Aro;Mujeres;2017;2.594
17181 Santa Cristina d'Aro;Mujeres;2016;2.557
17181 Santa Cristina d'Aro;Mujeres;2015;2.519
17181 Santa Cristina d'Aro;Mujeres;2014;2.564
17181 Santa Cristina d'Aro;Mujeres;2013;2.516
17181 Santa Cristina d'Aro;Mujeres;2012;2.508
17181 Santa Cristina d'Aro;Mujeres;2011;2.484
17181 Santa Cristina d'Aro;Mujeres;2010;2.464
17181 Santa Cristina d'Aro;Mujeres;2009;2.458
17181 Santa Cristina d'Aro;Mujeres;2008;2.308
17181 Santa Cristina d'Aro;Mujeres;2007;2.217
17181 Santa Cristina d'Aro;Mujeres;2006;2.050
17181 Santa Cristina d'Aro;Mujeres;2005;1.920
17181 Santa Cristina d'Aro;Mujeres;2004;1.786
17181 Santa Cristina d'Aro;Mujeres;2003;1.703
17181 Santa Cristina d'Aro;Mujeres;2002;1.519
17181 Santa Cristina d'Aro;Mujeres;2001;1.455
17181 Santa Cristina d'Aro;Mujeres;2000;1.384
17181 Santa Cristina d'Aro;Mujeres;1999;1.300
17181 Santa Cristina d'Aro;Mujeres;1998;1.270
17181 Santa Cristina d'Aro;Mujeres;1997;""
17181 Santa Cristina d'Aro;Mujeres;1996;1.170
17182 Santa Llogaia d'Àlguema;Total;2025;396
17182 Santa Llogaia d'Àlguema;Total;2024;397
17182 Santa Llogaia d'Àlguema;Total;2023;382
17182 Santa Llogaia d'Àlguema;Total;2022;379
17182 Santa Llogaia d'Àlguema;Total;2021;378
17182 Santa Llogaia d'Àlguema;Total;2020;368
17182 Santa Llogaia d'Àlguema;Total;2019;370
17182 Santa Llogaia d'Àlguema;Total;2018;363
17182 Santa Llogaia d'Àlguema;Total;2017;353
17182 Santa Llogaia d'Àlguema;Total;2016;343
17182 Santa Llogaia d'Àlguema;Total;2015;339
17182 Santa Llogaia d'Àlguema;Total;2014;341
17182 Santa Llogaia d'Àlguema;Total;2013;347
17182 Santa Llogaia d'Àlguema;Total;2012;348
17182 Santa Llogaia d'Àlguema;Total;2011;342
17182 Santa Llogaia d'Àlguema;Total;2010;325
17182 Santa Llogaia d'Àlguema;Total;2009;335
17182 Santa Llogaia d'Àlguema;Total;2008;317
17182 Santa Llogaia d'Àlguema;Total;2007;310
17182 Santa Llogaia d'Àlguema;Total;2006;313
17182 Santa Llogaia d'Àlguema;Total;2005;311
17182 Santa Llogaia d'Àlguema;Total;2004;294
17182 Santa Llogaia d'Àlguema;Total;2003;299
17182 Santa Llogaia d'Àlguema;Total;2002;285
17182 Santa Llogaia d'Àlguema;Total;2001;286
17182 Santa Llogaia d'Àlguema;Total;2000;300
17182 Santa Llogaia d'Àlguema;Total;1999;298
17182 Santa Llogaia d'Àlguema;Total;1998;305
17182 Santa Llogaia d'Àlguema;Total;1997;""
17182 Santa Llogaia d'Àlguema;Total;1996;301
17182 Santa Llogaia d'Àlguema;Hombres;2025;197
17182 Santa Llogaia d'Àlguema;Hombres;2024;197
17182 Santa Llogaia d'Àlguema;Hombres;2023;182
17182 Santa Llogaia d'Àlguema;Hombres;2022;190
17182 Santa Llogaia d'Àlguema;Hombres;2021;193
17182 Santa Llogaia d'Àlguema;Hombres;2020;189
17182 Santa Llogaia d'Àlguema;Hombres;2019;189
17182 Santa Llogaia d'Àlguema;Hombres;2018;191
17182 Santa Llogaia d'Àlguema;Hombres;2017;184
17182 Santa Llogaia d'Àlguema;Hombres;2016;179
17182 Santa Llogaia d'Àlguema;Hombres;2015;178
17182 Santa Llogaia d'Àlguema;Hombres;2014;188
17182 Santa Llogaia d'Àlguema;Hombres;2013;184
17182 Santa Llogaia d'Àlguema;Hombres;2012;183
17182 Santa Llogaia d'Àlguema;Hombres;2011;177
17182 Santa Llogaia d'Àlguema;Hombres;2010;172
17182 Santa Llogaia d'Àlguema;Hombres;2009;181
17182 Santa Llogaia d'Àlguema;Hombres;2008;169
17182 Santa Llogaia d'Àlguema;Hombres;2007;161
17182 Santa Llogaia d'Àlguema;Hombres;2006;165
17182 Santa Llogaia d'Àlguema;Hombres;2005;168
17182 Santa Llogaia d'Àlguema;Hombres;2004;156
17182 Santa Llogaia d'Àlguema;Hombres;2003;157
17182 Santa Llogaia d'Àlguema;Hombres;2002;145
17182 Santa Llogaia d'Àlguema;Hombres;2001;148
17182 Santa Llogaia d'Àlguema;Hombres;2000;157
17182 Santa Llogaia d'Àlguema;Hombres;1999;157
17182 Santa Llogaia d'Àlguema;Hombres;1998;160
17182 Santa Llogaia d'Àlguema;Hombres;1997;""
17182 Santa Llogaia d'Àlguema;Hombres;1996;156
17182 Santa Llogaia d'Àlguema;Mujeres;2025;199
17182 Santa Llogaia d'Àlguema;Mujeres;2024;200
17182 Santa Llogaia d'Àlguema;Mujeres;2023;200
17182 Santa Llogaia d'Àlguema;Mujeres;2022;189
17182 Santa Llogaia d'Àlguema;Mujeres;2021;185
17182 Santa Llogaia d'Àlguema;Mujeres;2020;179
17182 Santa Llogaia d'Àlguema;Mujeres;2019;181
17182 Santa Llogaia d'Àlguema;Mujeres;2018;172
17182 Santa Llogaia d'Àlguema;Mujeres;2017;169
17182 Santa Llogaia d'Àlguema;Mujeres;2016;164
17182 Santa Llogaia d'Àlguema;Mujeres;2015;161
17182 Santa Llogaia d'Àlguema;Mujeres;2014;153
17182 Santa Llogaia d'Àlguema;Mujeres;2013;163
17182 Santa Llogaia d'Àlguema;Mujeres;2012;165
17182 Santa Llogaia d'Àlguema;Mujeres;2011;165
17182 Santa Llogaia d'Àlguema;Mujeres;2010;153
17182 Santa Llogaia d'Àlguema;Mujeres;2009;154
17182 Santa Llogaia d'Àlguema;Mujeres;2008;148
17182 Santa Llogaia d'Àlguema;Mujeres;2007;149
17182 Santa Llogaia d'Àlguema;Mujeres;2006;148
17182 Santa Llogaia d'Àlguema;Mujeres;2005;143
17182 Santa Llogaia d'Àlguema;Mujeres;2004;138
17182 Santa Llogaia d'Àlguema;Mujeres;2003;142
17182 Santa Llogaia d'Àlguema;Mujeres;2002;140
17182 Santa Llogaia d'Àlguema;Mujeres;2001;138
17182 Santa Llogaia d'Àlguema;Mujeres;2000;143
17182 Santa Llogaia d'Àlguema;Mujeres;1999;141
17182 Santa Llogaia d'Àlguema;Mujeres;1998;145
17182 Santa Llogaia d'Àlguema;Mujeres;1997;""
17182 Santa Llogaia d'Àlguema;Mujeres;1996;145
17184 Santa Pau;Total;2025;1.579
17184 Santa Pau;Total;2024;1.611
17184 Santa Pau;Total;2023;1.616
17184 Santa Pau;Total;2022;1.605
17184 Santa Pau;Total;2021;1.585
17184 Santa Pau;Total;2020;1.614
17184 Santa Pau;Total;2019;1.565
17184 Santa Pau;Total;2018;1.573
17184 Santa Pau;Total;2017;1.549
17184 Santa Pau;Total;2016;1.524
17184 Santa Pau;Total;2015;1.562
17184 Santa Pau;Total;2014;1.567
17184 Santa Pau;Total;2013;1.589
17184 Santa Pau;Total;2012;1.604
17184 Santa Pau;Total;2011;1.601
17184 Santa Pau;Total;2010;1.600
17184 Santa Pau;Total;2009;1.610
17184 Santa Pau;Total;2008;1.584
17184 Santa Pau;Total;2007;1.567
17184 Santa Pau;Total;2006;1.565
17184 Santa Pau;Total;2005;1.541
17184 Santa Pau;Total;2004;1.516
17184 Santa Pau;Total;2003;1.481
17184 Santa Pau;Total;2002;1.506
17184 Santa Pau;Total;2001;1.469
17184 Santa Pau;Total;2000;1.484
17184 Santa Pau;Total;1999;1.501
17184 Santa Pau;Total;1998;1.448
17184 Santa Pau;Total;1997;""
17184 Santa Pau;Total;1996;1.445
17184 Santa Pau;Hombres;2025;801
17184 Santa Pau;Hombres;2024;809
17184 Santa Pau;Hombres;2023;815
17184 Santa Pau;Hombres;2022;808
17184 Santa Pau;Hombres;2021;814
17184 Santa Pau;Hombres;2020;837
17184 Santa Pau;Hombres;2019;792
17184 Santa Pau;Hombres;2018;794
17184 Santa Pau;Hombres;2017;777
17184 Santa Pau;Hombres;2016;769
17184 Santa Pau;Hombres;2015;796
17184 Santa Pau;Hombres;2014;792
17184 Santa Pau;Hombres;2013;803
17184 Santa Pau;Hombres;2012;803
17184 Santa Pau;Hombres;2011;807
17184 Santa Pau;Hombres;2010;809
17184 Santa Pau;Hombres;2009;810
17184 Santa Pau;Hombres;2008;800
17184 Santa Pau;Hombres;2007;792
17184 Santa Pau;Hombres;2006;799
17184 Santa Pau;Hombres;2005;787
17184 Santa Pau;Hombres;2004;772
17184 Santa Pau;Hombres;2003;750
17184 Santa Pau;Hombres;2002;765
17184 Santa Pau;Hombres;2001;750
17184 Santa Pau;Hombres;2000;755
17184 Santa Pau;Hombres;1999;770
17184 Santa Pau;Hombres;1998;745
17184 Santa Pau;Hombres;1997;""
17184 Santa Pau;Hombres;1996;730
17184 Santa Pau;Mujeres;2025;778
17184 Santa Pau;Mujeres;2024;802
17184 Santa Pau;Mujeres;2023;801
17184 Santa Pau;Mujeres;2022;797
17184 Santa Pau;Mujeres;2021;771
17184 Santa Pau;Mujeres;2020;777
17184 Santa Pau;Mujeres;2019;773
17184 Santa Pau;Mujeres;2018;779
17184 Santa Pau;Mujeres;2017;772
17184 Santa Pau;Mujeres;2016;755
17184 Santa Pau;Mujeres;2015;766
17184 Santa Pau;Mujeres;2014;775
17184 Santa Pau;Mujeres;2013;786
17184 Santa Pau;Mujeres;2012;801
17184 Santa Pau;Mujeres;2011;794
17184 Santa Pau;Mujeres;2010;791
17184 Santa Pau;Mujeres;2009;800
17184 Santa Pau;Mujeres;2008;784
17184 Santa Pau;Mujeres;2007;775
17184 Santa Pau;Mujeres;2006;766
17184 Santa Pau;Mujeres;2005;754
17184 Santa Pau;Mujeres;2004;744
17184 Santa Pau;Mujeres;2003;731
17184 Santa Pau;Mujeres;2002;741
17184 Santa Pau;Mujeres;2001;719
17184 Santa Pau;Mujeres;2000;729
17184 Santa Pau;Mujeres;1999;731
17184 Santa Pau;Mujeres;1998;703
17184 Santa Pau;Mujeres;1997;""
17184 Santa Pau;Mujeres;1996;715
17186 Sarrià de Ter;Total;2025;5.406
17186 Sarrià de Ter;Total;2024;5.392
17186 Sarrià de Ter;Total;2023;5.327
17186 Sarrià de Ter;Total;2022;5.294
17186 Sarrià de Ter;Total;2021;5.231
17186 Sarrià de Ter;Total;2020;5.229
17186 Sarrià de Ter;Total;2019;5.170
17186 Sarrià de Ter;Total;2018;5.114
17186 Sarrià de Ter;Total;2017;5.052
17186 Sarrià de Ter;Total;2016;5.035
17186 Sarrià de Ter;Total;2015;4.973
17186 Sarrià de Ter;Total;2014;4.937
17186 Sarrià de Ter;Total;2013;4.892
17186 Sarrià de Ter;Total;2012;4.790
17186 Sarrià de Ter;Total;2011;4.714
17186 Sarrià de Ter;Total;2010;4.596
17186 Sarrià de Ter;Total;2009;4.468
17186 Sarrià de Ter;Total;2008;4.320
17186 Sarrià de Ter;Total;2007;4.144
17186 Sarrià de Ter;Total;2006;4.065
17186 Sarrià de Ter;Total;2005;4.036
17186 Sarrià de Ter;Total;2004;3.930
17186 Sarrià de Ter;Total;2003;3.858
17186 Sarrià de Ter;Total;2002;3.730
17186 Sarrià de Ter;Total;2001;3.610
17186 Sarrià de Ter;Total;2000;3.457
17186 Sarrià de Ter;Total;1999;3.347
17186 Sarrià de Ter;Total;1998;3.139
17186 Sarrià de Ter;Total;1997;""
17186 Sarrià de Ter;Total;1996;3.032
17186 Sarrià de Ter;Hombres;2025;2.678
17186 Sarrià de Ter;Hombres;2024;2.686
17186 Sarrià de Ter;Hombres;2023;2.646
17186 Sarrià de Ter;Hombres;2022;2.607
17186 Sarrià de Ter;Hombres;2021;2.585
17186 Sarrià de Ter;Hombres;2020;2.567
17186 Sarrià de Ter;Hombres;2019;2.530
17186 Sarrià de Ter;Hombres;2018;2.513
17186 Sarrià de Ter;Hombres;2017;2.484
17186 Sarrià de Ter;Hombres;2016;2.498
17186 Sarrià de Ter;Hombres;2015;2.474
17186 Sarrià de Ter;Hombres;2014;2.463
17186 Sarrià de Ter;Hombres;2013;2.443
17186 Sarrià de Ter;Hombres;2012;2.380
17186 Sarrià de Ter;Hombres;2011;2.343
17186 Sarrià de Ter;Hombres;2010;2.289
17186 Sarrià de Ter;Hombres;2009;2.223
17186 Sarrià de Ter;Hombres;2008;2.151
17186 Sarrià de Ter;Hombres;2007;2.054
17186 Sarrià de Ter;Hombres;2006;2.011
17186 Sarrià de Ter;Hombres;2005;1.997
17186 Sarrià de Ter;Hombres;2004;1.956
17186 Sarrià de Ter;Hombres;2003;1.910
17186 Sarrià de Ter;Hombres;2002;1.850
17186 Sarrià de Ter;Hombres;2001;1.788
17186 Sarrià de Ter;Hombres;2000;1.711
17186 Sarrià de Ter;Hombres;1999;1.648
17186 Sarrià de Ter;Hombres;1998;1.532
17186 Sarrià de Ter;Hombres;1997;""
17186 Sarrià de Ter;Hombres;1996;1.486
17186 Sarrià de Ter;Mujeres;2025;2.728
17186 Sarrià de Ter;Mujeres;2024;2.706
17186 Sarrià de Ter;Mujeres;2023;2.681
17186 Sarrià de Ter;Mujeres;2022;2.687
17186 Sarrià de Ter;Mujeres;2021;2.646
17186 Sarrià de Ter;Mujeres;2020;2.662
17186 Sarrià de Ter;Mujeres;2019;2.640
17186 Sarrià de Ter;Mujeres;2018;2.601
17186 Sarrià de Ter;Mujeres;2017;2.568
17186 Sarrià de Ter;Mujeres;2016;2.537
17186 Sarrià de Ter;Mujeres;2015;2.499
17186 Sarrià de Ter;Mujeres;2014;2.474
17186 Sarrià de Ter;Mujeres;2013;2.449
17186 Sarrià de Ter;Mujeres;2012;2.410
17186 Sarrià de Ter;Mujeres;2011;2.371
17186 Sarrià de Ter;Mujeres;2010;2.307
17186 Sarrià de Ter;Mujeres;2009;2.245
17186 Sarrià de Ter;Mujeres;2008;2.169
17186 Sarrià de Ter;Mujeres;2007;2.090
17186 Sarrià de Ter;Mujeres;2006;2.054
17186 Sarrià de Ter;Mujeres;2005;2.039
17186 Sarrià de Ter;Mujeres;2004;1.974
17186 Sarrià de Ter;Mujeres;2003;1.948
17186 Sarrià de Ter;Mujeres;2002;1.880
17186 Sarrià de Ter;Mujeres;2001;1.822
17186 Sarrià de Ter;Mujeres;2000;1.746
17186 Sarrià de Ter;Mujeres;1999;1.699
17186 Sarrià de Ter;Mujeres;1998;1.607
17186 Sarrià de Ter;Mujeres;1997;""
17186 Sarrià de Ter;Mujeres;1996;1.546
17187 Saus, Camallera i Llampaies;Total;2025;897
17187 Saus, Camallera i Llampaies;Total;2024;898
17187 Saus, Camallera i Llampaies;Total;2023;872
17187 Saus, Camallera i Llampaies;Total;2022;865
17187 Saus, Camallera i Llampaies;Total;2021;865
17187 Saus, Camallera i Llampaies;Total;2020;856
17187 Saus, Camallera i Llampaies;Total;2019;837
17187 Saus, Camallera i Llampaies;Total;2018;848
17187 Saus, Camallera i Llampaies;Total;2017;839
17187 Saus, Camallera i Llampaies;Total;2016;842
17187 Saus, Camallera i Llampaies;Total;2015;830
17187 Saus, Camallera i Llampaies;Total;2014;815
17187 Saus, Camallera i Llampaies;Total;2013;781
17187 Saus, Camallera i Llampaies;Total;2012;807
17187 Saus, Camallera i Llampaies;Total;2011;780
17187 Saus, Camallera i Llampaies;Total;2010;765
17187 Saus, Camallera i Llampaies;Total;2009;768
17187 Saus, Camallera i Llampaies;Total;2008;761
17187 Saus, Camallera i Llampaies;Total;2007;760
17187 Saus, Camallera i Llampaies;Total;2006;737
17187 Saus, Camallera i Llampaies;Total;2005;733
17187 Saus, Camallera i Llampaies;Total;2004;713
17187 Saus, Camallera i Llampaies;Total;2003;708
17187 Saus, Camallera i Llampaies;Total;2002;719
17187 Saus, Camallera i Llampaies;Total;2001;681
17187 Saus, Camallera i Llampaies;Total;2000;688
17187 Saus, Camallera i Llampaies;Total;1999;702
17187 Saus, Camallera i Llampaies;Total;1998;688
17187 Saus, Camallera i Llampaies;Total;1997;""
17187 Saus, Camallera i Llampaies;Total;1996;703
17187 Saus, Camallera i Llampaies;Hombres;2025;436
17187 Saus, Camallera i Llampaies;Hombres;2024;444
17187 Saus, Camallera i Llampaies;Hombres;2023;431
17187 Saus, Camallera i Llampaies;Hombres;2022;438
17187 Saus, Camallera i Llampaies;Hombres;2021;440
17187 Saus, Camallera i Llampaies;Hombres;2020;426
17187 Saus, Camallera i Llampaies;Hombres;2019;424
17187 Saus, Camallera i Llampaies;Hombres;2018;419
17187 Saus, Camallera i Llampaies;Hombres;2017;415
17187 Saus, Camallera i Llampaies;Hombres;2016;419
17187 Saus, Camallera i Llampaies;Hombres;2015;413
17187 Saus, Camallera i Llampaies;Hombres;2014;402
17187 Saus, Camallera i Llampaies;Hombres;2013;376
17187 Saus, Camallera i Llampaies;Hombres;2012;383
17187 Saus, Camallera i Llampaies;Hombres;2011;372
17187 Saus, Camallera i Llampaies;Hombres;2010;369
17187 Saus, Camallera i Llampaies;Hombres;2009;370
17187 Saus, Camallera i Llampaies;Hombres;2008;369
17187 Saus, Camallera i Llampaies;Hombres;2007;371
17187 Saus, Camallera i Llampaies;Hombres;2006;372
17187 Saus, Camallera i Llampaies;Hombres;2005;360
17187 Saus, Camallera i Llampaies;Hombres;2004;348
17187 Saus, Camallera i Llampaies;Hombres;2003;353
17187 Saus, Camallera i Llampaies;Hombres;2002;353
17187 Saus, Camallera i Llampaies;Hombres;2001;334
17187 Saus, Camallera i Llampaies;Hombres;2000;340
17187 Saus, Camallera i Llampaies;Hombres;1999;343
17187 Saus, Camallera i Llampaies;Hombres;1998;336
17187 Saus, Camallera i Llampaies;Hombres;1997;""
17187 Saus, Camallera i Llampaies;Hombres;1996;350
17187 Saus, Camallera i Llampaies;Mujeres;2025;461
17187 Saus, Camallera i Llampaies;Mujeres;2024;454
17187 Saus, Camallera i Llampaies;Mujeres;2023;441
17187 Saus, Camallera i Llampaies;Mujeres;2022;427
17187 Saus, Camallera i Llampaies;Mujeres;2021;425
17187 Saus, Camallera i Llampaies;Mujeres;2020;430
17187 Saus, Camallera i Llampaies;Mujeres;2019;413
17187 Saus, Camallera i Llampaies;Mujeres;2018;429
17187 Saus, Camallera i Llampaies;Mujeres;2017;424
17187 Saus, Camallera i Llampaies;Mujeres;2016;423
17187 Saus, Camallera i Llampaies;Mujeres;2015;417
17187 Saus, Camallera i Llampaies;Mujeres;2014;413
17187 Saus, Camallera i Llampaies;Mujeres;2013;405
17187 Saus, Camallera i Llampaies;Mujeres;2012;424
17187 Saus, Camallera i Llampaies;Mujeres;2011;408
17187 Saus, Camallera i Llampaies;Mujeres;2010;396
17187 Saus, Camallera i Llampaies;Mujeres;2009;398
17187 Saus, Camallera i Llampaies;Mujeres;2008;392
17187 Saus, Camallera i Llampaies;Mujeres;2007;389
17187 Saus, Camallera i Llampaies;Mujeres;2006;365
17187 Saus, Camallera i Llampaies;Mujeres;2005;373
17187 Saus, Camallera i Llampaies;Mujeres;2004;365
17187 Saus, Camallera i Llampaies;Mujeres;2003;355
17187 Saus, Camallera i Llampaies;Mujeres;2002;366
17187 Saus, Camallera i Llampaies;Mujeres;2001;347
17187 Saus, Camallera i Llampaies;Mujeres;2000;348
17187 Saus, Camallera i Llampaies;Mujeres;1999;359
17187 Saus, Camallera i Llampaies;Mujeres;1998;352
17187 Saus, Camallera i Llampaies;Mujeres;1997;""
17187 Saus, Camallera i Llampaies;Mujeres;1996;353
17188 Selva de Mar, La;Total;2025;223
17188 Selva de Mar, La;Total;2024;220
17188 Selva de Mar, La;Total;2023;221
17188 Selva de Mar, La;Total;2022;220
17188 Selva de Mar, La;Total;2021;212
17188 Selva de Mar, La;Total;2020;195
17188 Selva de Mar, La;Total;2019;196
17188 Selva de Mar, La;Total;2018;187
17188 Selva de Mar, La;Total;2017;191
17188 Selva de Mar, La;Total;2016;188
17188 Selva de Mar, La;Total;2015;184
17188 Selva de Mar, La;Total;2014;181
17188 Selva de Mar, La;Total;2013;185
17188 Selva de Mar, La;Total;2012;203
17188 Selva de Mar, La;Total;2011;209
17188 Selva de Mar, La;Total;2010;220
17188 Selva de Mar, La;Total;2009;226
17188 Selva de Mar, La;Total;2008;213
17188 Selva de Mar, La;Total;2007;216
17188 Selva de Mar, La;Total;2006;223
17188 Selva de Mar, La;Total;2005;216
17188 Selva de Mar, La;Total;2004;207
17188 Selva de Mar, La;Total;2003;202
17188 Selva de Mar, La;Total;2002;207
17188 Selva de Mar, La;Total;2001;196
17188 Selva de Mar, La;Total;2000;190
17188 Selva de Mar, La;Total;1999;191
17188 Selva de Mar, La;Total;1998;189
17188 Selva de Mar, La;Total;1997;""
17188 Selva de Mar, La;Total;1996;182
17188 Selva de Mar, La;Hombres;2025;113
17188 Selva de Mar, La;Hombres;2024;111
17188 Selva de Mar, La;Hombres;2023;109
17188 Selva de Mar, La;Hombres;2022;111
17188 Selva de Mar, La;Hombres;2021;109
17188 Selva de Mar, La;Hombres;2020;105
17188 Selva de Mar, La;Hombres;2019;108
17188 Selva de Mar, La;Hombres;2018;106
17188 Selva de Mar, La;Hombres;2017;109
17188 Selva de Mar, La;Hombres;2016;106
17188 Selva de Mar, La;Hombres;2015;103
17188 Selva de Mar, La;Hombres;2014;102
17188 Selva de Mar, La;Hombres;2013;100
17188 Selva de Mar, La;Hombres;2012;106
17188 Selva de Mar, La;Hombres;2011;111
17188 Selva de Mar, La;Hombres;2010;115
17188 Selva de Mar, La;Hombres;2009;116
17188 Selva de Mar, La;Hombres;2008;106
17188 Selva de Mar, La;Hombres;2007;109
17188 Selva de Mar, La;Hombres;2006;115
17188 Selva de Mar, La;Hombres;2005;111
17188 Selva de Mar, La;Hombres;2004;106
17188 Selva de Mar, La;Hombres;2003;104
17188 Selva de Mar, La;Hombres;2002;109
17188 Selva de Mar, La;Hombres;2001;101
17188 Selva de Mar, La;Hombres;2000;96
17188 Selva de Mar, La;Hombres;1999;97
17188 Selva de Mar, La;Hombres;1998;98
17188 Selva de Mar, La;Hombres;1997;""
17188 Selva de Mar, La;Hombres;1996;91
17188 Selva de Mar, La;Mujeres;2025;110
17188 Selva de Mar, La;Mujeres;2024;109
17188 Selva de Mar, La;Mujeres;2023;112
17188 Selva de Mar, La;Mujeres;2022;109
17188 Selva de Mar, La;Mujeres;2021;103
17188 Selva de Mar, La;Mujeres;2020;90
17188 Selva de Mar, La;Mujeres;2019;88
17188 Selva de Mar, La;Mujeres;2018;81
17188 Selva de Mar, La;Mujeres;2017;82
17188 Selva de Mar, La;Mujeres;2016;82
17188 Selva de Mar, La;Mujeres;2015;81
17188 Selva de Mar, La;Mujeres;2014;79
17188 Selva de Mar, La;Mujeres;2013;85
17188 Selva de Mar, La;Mujeres;2012;97
17188 Selva de Mar, La;Mujeres;2011;98
17188 Selva de Mar, La;Mujeres;2010;105
17188 Selva de Mar, La;Mujeres;2009;110
17188 Selva de Mar, La;Mujeres;2008;107
17188 Selva de Mar, La;Mujeres;2007;107
17188 Selva de Mar, La;Mujeres;2006;108
17188 Selva de Mar, La;Mujeres;2005;105
17188 Selva de Mar, La;Mujeres;2004;101
17188 Selva de Mar, La;Mujeres;2003;98
17188 Selva de Mar, La;Mujeres;2002;98
17188 Selva de Mar, La;Mujeres;2001;95
17188 Selva de Mar, La;Mujeres;2000;94
17188 Selva de Mar, La;Mujeres;1999;94
17188 Selva de Mar, La;Mujeres;1998;91
17188 Selva de Mar, La;Mujeres;1997;""
17188 Selva de Mar, La;Mujeres;1996;91
17190 Serinyà;Total;2025;1.228
17190 Serinyà;Total;2024;1.198
17190 Serinyà;Total;2023;1.158
17190 Serinyà;Total;2022;1.153
17190 Serinyà;Total;2021;1.143
17190 Serinyà;Total;2020;1.133
17190 Serinyà;Total;2019;1.136
17190 Serinyà;Total;2018;1.108
17190 Serinyà;Total;2017;1.117
17190 Serinyà;Total;2016;1.132
17190 Serinyà;Total;2015;1.130
17190 Serinyà;Total;2014;1.123
17190 Serinyà;Total;2013;1.108
17190 Serinyà;Total;2012;1.122
17190 Serinyà;Total;2011;1.117
17190 Serinyà;Total;2010;1.104
17190 Serinyà;Total;2009;1.095
17190 Serinyà;Total;2008;1.101
17190 Serinyà;Total;2007;1.084
17190 Serinyà;Total;2006;1.045
17190 Serinyà;Total;2005;998
17190 Serinyà;Total;2004;962
17190 Serinyà;Total;2003;901
17190 Serinyà;Total;2002;878
17190 Serinyà;Total;2001;850
17190 Serinyà;Total;2000;837
17190 Serinyà;Total;1999;822
17190 Serinyà;Total;1998;791
17190 Serinyà;Total;1997;""
17190 Serinyà;Total;1996;776
17190 Serinyà;Hombres;2025;630
17190 Serinyà;Hombres;2024;616
17190 Serinyà;Hombres;2023;592
17190 Serinyà;Hombres;2022;582
17190 Serinyà;Hombres;2021;576
17190 Serinyà;Hombres;2020;574
17190 Serinyà;Hombres;2019;576
17190 Serinyà;Hombres;2018;570
17190 Serinyà;Hombres;2017;577
17190 Serinyà;Hombres;2016;580
17190 Serinyà;Hombres;2015;585
17190 Serinyà;Hombres;2014;572
17190 Serinyà;Hombres;2013;569
17190 Serinyà;Hombres;2012;576
17190 Serinyà;Hombres;2011;569
17190 Serinyà;Hombres;2010;557
17190 Serinyà;Hombres;2009;556
17190 Serinyà;Hombres;2008;570
17190 Serinyà;Hombres;2007;558
17190 Serinyà;Hombres;2006;546
17190 Serinyà;Hombres;2005;517
17190 Serinyà;Hombres;2004;502
17190 Serinyà;Hombres;2003;471
17190 Serinyà;Hombres;2002;467
17190 Serinyà;Hombres;2001;446
17190 Serinyà;Hombres;2000;436
17190 Serinyà;Hombres;1999;432
17190 Serinyà;Hombres;1998;411
17190 Serinyà;Hombres;1997;""
17190 Serinyà;Hombres;1996;395
17190 Serinyà;Mujeres;2025;598
17190 Serinyà;Mujeres;2024;582
17190 Serinyà;Mujeres;2023;566
17190 Serinyà;Mujeres;2022;571
17190 Serinyà;Mujeres;2021;567
17190 Serinyà;Mujeres;2020;559
17190 Serinyà;Mujeres;2019;560
17190 Serinyà;Mujeres;2018;538
17190 Serinyà;Mujeres;2017;540
17190 Serinyà;Mujeres;2016;552
17190 Serinyà;Mujeres;2015;545
17190 Serinyà;Mujeres;2014;551
17190 Serinyà;Mujeres;2013;539
17190 Serinyà;Mujeres;2012;546
17190 Serinyà;Mujeres;2011;548
17190 Serinyà;Mujeres;2010;547
17190 Serinyà;Mujeres;2009;539
17190 Serinyà;Mujeres;2008;531
17190 Serinyà;Mujeres;2007;526
17190 Serinyà;Mujeres;2006;499
17190 Serinyà;Mujeres;2005;481
17190 Serinyà;Mujeres;2004;460
17190 Serinyà;Mujeres;2003;430
17190 Serinyà;Mujeres;2002;411
17190 Serinyà;Mujeres;2001;404
17190 Serinyà;Mujeres;2000;401
17190 Serinyà;Mujeres;1999;390
17190 Serinyà;Mujeres;1998;380
17190 Serinyà;Mujeres;1997;""
17190 Serinyà;Mujeres;1996;381
17191 Serra de Daró;Total;2025;240
17191 Serra de Daró;Total;2024;229
17191 Serra de Daró;Total;2023;237
17191 Serra de Daró;Total;2022;233
17191 Serra de Daró;Total;2021;235
17191 Serra de Daró;Total;2020;222
17191 Serra de Daró;Total;2019;221
17191 Serra de Daró;Total;2018;210
17191 Serra de Daró;Total;2017;206
17191 Serra de Daró;Total;2016;209
17191 Serra de Daró;Total;2015;209
17191 Serra de Daró;Total;2014;211
17191 Serra de Daró;Total;2013;203
17191 Serra de Daró;Total;2012;208
17191 Serra de Daró;Total;2011;209
17191 Serra de Daró;Total;2010;209
17191 Serra de Daró;Total;2009;194
17191 Serra de Daró;Total;2008;197
17191 Serra de Daró;Total;2007;190
17191 Serra de Daró;Total;2006;184
17191 Serra de Daró;Total;2005;177
17191 Serra de Daró;Total;2004;178
17191 Serra de Daró;Total;2003;176
17191 Serra de Daró;Total;2002;178
17191 Serra de Daró;Total;2001;176
17191 Serra de Daró;Total;2000;186
17191 Serra de Daró;Total;1999;180
17191 Serra de Daró;Total;1998;180
17191 Serra de Daró;Total;1997;""
17191 Serra de Daró;Total;1996;174
17191 Serra de Daró;Hombres;2025;124
17191 Serra de Daró;Hombres;2024;122
17191 Serra de Daró;Hombres;2023;124
17191 Serra de Daró;Hombres;2022;124
17191 Serra de Daró;Hombres;2021;128
17191 Serra de Daró;Hombres;2020;121
17191 Serra de Daró;Hombres;2019;122
17191 Serra de Daró;Hombres;2018;117
17191 Serra de Daró;Hombres;2017;113
17191 Serra de Daró;Hombres;2016;116
17191 Serra de Daró;Hombres;2015;114
17191 Serra de Daró;Hombres;2014;115
17191 Serra de Daró;Hombres;2013;111
17191 Serra de Daró;Hombres;2012;115
17191 Serra de Daró;Hombres;2011;113
17191 Serra de Daró;Hombres;2010;114
17191 Serra de Daró;Hombres;2009;111
17191 Serra de Daró;Hombres;2008;114
17191 Serra de Daró;Hombres;2007;108
17191 Serra de Daró;Hombres;2006;104
17191 Serra de Daró;Hombres;2005;99
17191 Serra de Daró;Hombres;2004;97
17191 Serra de Daró;Hombres;2003;97
17191 Serra de Daró;Hombres;2002;94
17191 Serra de Daró;Hombres;2001;90
17191 Serra de Daró;Hombres;2000;95
17191 Serra de Daró;Hombres;1999;91
17191 Serra de Daró;Hombres;1998;91
17191 Serra de Daró;Hombres;1997;""
17191 Serra de Daró;Hombres;1996;85
17191 Serra de Daró;Mujeres;2025;116
17191 Serra de Daró;Mujeres;2024;107
17191 Serra de Daró;Mujeres;2023;113
17191 Serra de Daró;Mujeres;2022;109
17191 Serra de Daró;Mujeres;2021;107
17191 Serra de Daró;Mujeres;2020;101
17191 Serra de Daró;Mujeres;2019;99
17191 Serra de Daró;Mujeres;2018;93
17191 Serra de Daró;Mujeres;2017;93
17191 Serra de Daró;Mujeres;2016;93
17191 Serra de Daró;Mujeres;2015;95
17191 Serra de Daró;Mujeres;2014;96
17191 Serra de Daró;Mujeres;2013;92
17191 Serra de Daró;Mujeres;2012;93
17191 Serra de Daró;Mujeres;2011;96
17191 Serra de Daró;Mujeres;2010;95
17191 Serra de Daró;Mujeres;2009;83
17191 Serra de Daró;Mujeres;2008;83
17191 Serra de Daró;Mujeres;2007;82
17191 Serra de Daró;Mujeres;2006;80
17191 Serra de Daró;Mujeres;2005;78
17191 Serra de Daró;Mujeres;2004;81
17191 Serra de Daró;Mujeres;2003;79
17191 Serra de Daró;Mujeres;2002;84
17191 Serra de Daró;Mujeres;2001;86
17191 Serra de Daró;Mujeres;2000;91
17191 Serra de Daró;Mujeres;1999;89
17191 Serra de Daró;Mujeres;1998;89
17191 Serra de Daró;Mujeres;1997;""
17191 Serra de Daró;Mujeres;1996;89
17192 Setcases;Total;2025;195
17192 Setcases;Total;2024;191
17192 Setcases;Total;2023;185
17192 Setcases;Total;2022;200
17192 Setcases;Total;2021;185
17192 Setcases;Total;2020;170
17192 Setcases;Total;2019;177
17192 Setcases;Total;2018;168
17192 Setcases;Total;2017;182
17192 Setcases;Total;2016;181
17192 Setcases;Total;2015;180
17192 Setcases;Total;2014;195
17192 Setcases;Total;2013;189
17192 Setcases;Total;2012;187
17192 Setcases;Total;2011;176
17192 Setcases;Total;2010;181
17192 Setcases;Total;2009;173
17192 Setcases;Total;2008;165
17192 Setcases;Total;2007;176
17192 Setcases;Total;2006;181
17192 Setcases;Total;2005;180
17192 Setcases;Total;2004;185
17192 Setcases;Total;2003;192
17192 Setcases;Total;2002;181
17192 Setcases;Total;2001;164
17192 Setcases;Total;2000;163
17192 Setcases;Total;1999;160
17192 Setcases;Total;1998;158
17192 Setcases;Total;1997;""
17192 Setcases;Total;1996;160
17192 Setcases;Hombres;2025;107
17192 Setcases;Hombres;2024;107
17192 Setcases;Hombres;2023;103
17192 Setcases;Hombres;2022;112
17192 Setcases;Hombres;2021;102
17192 Setcases;Hombres;2020;96
17192 Setcases;Hombres;2019;98
17192 Setcases;Hombres;2018;89
17192 Setcases;Hombres;2017;97
17192 Setcases;Hombres;2016;98
17192 Setcases;Hombres;2015;100
17192 Setcases;Hombres;2014;108
17192 Setcases;Hombres;2013;104
17192 Setcases;Hombres;2012;103
17192 Setcases;Hombres;2011;95
17192 Setcases;Hombres;2010;96
17192 Setcases;Hombres;2009;96
17192 Setcases;Hombres;2008;91
17192 Setcases;Hombres;2007;94
17192 Setcases;Hombres;2006;97
17192 Setcases;Hombres;2005;94
17192 Setcases;Hombres;2004;95
17192 Setcases;Hombres;2003;101
17192 Setcases;Hombres;2002;96
17192 Setcases;Hombres;2001;85
17192 Setcases;Hombres;2000;87
17192 Setcases;Hombres;1999;83
17192 Setcases;Hombres;1998;81
17192 Setcases;Hombres;1997;""
17192 Setcases;Hombres;1996;81
17192 Setcases;Mujeres;2025;88
17192 Setcases;Mujeres;2024;84
17192 Setcases;Mujeres;2023;82
17192 Setcases;Mujeres;2022;88
17192 Setcases;Mujeres;2021;83
17192 Setcases;Mujeres;2020;74
17192 Setcases;Mujeres;2019;79
17192 Setcases;Mujeres;2018;79
17192 Setcases;Mujeres;2017;85
17192 Setcases;Mujeres;2016;83
17192 Setcases;Mujeres;2015;80
17192 Setcases;Mujeres;2014;87
17192 Setcases;Mujeres;2013;85
17192 Setcases;Mujeres;2012;84
17192 Setcases;Mujeres;2011;81
17192 Setcases;Mujeres;2010;85
17192 Setcases;Mujeres;2009;77
17192 Setcases;Mujeres;2008;74
17192 Setcases;Mujeres;2007;82
17192 Setcases;Mujeres;2006;84
17192 Setcases;Mujeres;2005;86
17192 Setcases;Mujeres;2004;90
17192 Setcases;Mujeres;2003;91
17192 Setcases;Mujeres;2002;85
17192 Setcases;Mujeres;2001;79
17192 Setcases;Mujeres;2000;76
17192 Setcases;Mujeres;1999;77
17192 Setcases;Mujeres;1998;77
17192 Setcases;Mujeres;1997;""
17192 Setcases;Mujeres;1996;79
17193 Sils;Total;2025;6.920
17193 Sils;Total;2024;6.720
17193 Sils;Total;2023;6.624
17193 Sils;Total;2022;6.507
17193 Sils;Total;2021;6.349
17193 Sils;Total;2020;6.219
17193 Sils;Total;2019;6.093
17193 Sils;Total;2018;5.969
17193 Sils;Total;2017;5.910
17193 Sils;Total;2016;5.910
17193 Sils;Total;2015;5.797
17193 Sils;Total;2014;5.851
17193 Sils;Total;2013;5.685
17193 Sils;Total;2012;5.702
17193 Sils;Total;2011;5.492
17193 Sils;Total;2010;5.356
17193 Sils;Total;2009;5.127
17193 Sils;Total;2008;4.850
17193 Sils;Total;2007;4.347
17193 Sils;Total;2006;4.126
17193 Sils;Total;2005;3.947
17193 Sils;Total;2004;3.693
17193 Sils;Total;2003;3.512
17193 Sils;Total;2002;3.365
17193 Sils;Total;2001;3.178
17193 Sils;Total;2000;3.078
17193 Sils;Total;1999;2.896
17193 Sils;Total;1998;2.848
17193 Sils;Total;1997;""
17193 Sils;Total;1996;2.724
17193 Sils;Hombres;2025;3.535
17193 Sils;Hombres;2024;3.447
17193 Sils;Hombres;2023;3.392
17193 Sils;Hombres;2022;3.358
17193 Sils;Hombres;2021;3.257
17193 Sils;Hombres;2020;3.187
17193 Sils;Hombres;2019;3.108
17193 Sils;Hombres;2018;3.023
17193 Sils;Hombres;2017;2.996
17193 Sils;Hombres;2016;3.000
17193 Sils;Hombres;2015;2.932
17193 Sils;Hombres;2014;2.968
17193 Sils;Hombres;2013;2.886
17193 Sils;Hombres;2012;2.898
17193 Sils;Hombres;2011;2.799
17193 Sils;Hombres;2010;2.725
17193 Sils;Hombres;2009;2.631
17193 Sils;Hombres;2008;2.499
17193 Sils;Hombres;2007;2.215
17193 Sils;Hombres;2006;2.089
17193 Sils;Hombres;2005;1.981
17193 Sils;Hombres;2004;1.856
17193 Sils;Hombres;2003;1.770
17193 Sils;Hombres;2002;1.692
17193 Sils;Hombres;2001;1.595
17193 Sils;Hombres;2000;1.558
17193 Sils;Hombres;1999;1.468
17193 Sils;Hombres;1998;1.440
17193 Sils;Hombres;1997;""
17193 Sils;Hombres;1996;1.382
17193 Sils;Mujeres;2025;3.385
17193 Sils;Mujeres;2024;3.273
17193 Sils;Mujeres;2023;3.232
17193 Sils;Mujeres;2022;3.149
17193 Sils;Mujeres;2021;3.092
17193 Sils;Mujeres;2020;3.032
17193 Sils;Mujeres;2019;2.985
17193 Sils;Mujeres;2018;2.946
17193 Sils;Mujeres;2017;2.914
17193 Sils;Mujeres;2016;2.910
17193 Sils;Mujeres;2015;2.865
17193 Sils;Mujeres;2014;2.883
17193 Sils;Mujeres;2013;2.799
17193 Sils;Mujeres;2012;2.804
17193 Sils;Mujeres;2011;2.693
17193 Sils;Mujeres;2010;2.631
17193 Sils;Mujeres;2009;2.496
17193 Sils;Mujeres;2008;2.351
17193 Sils;Mujeres;2007;2.132
17193 Sils;Mujeres;2006;2.037
17193 Sils;Mujeres;2005;1.966
17193 Sils;Mujeres;2004;1.837
17193 Sils;Mujeres;2003;1.742
17193 Sils;Mujeres;2002;1.673
17193 Sils;Mujeres;2001;1.583
17193 Sils;Mujeres;2000;1.520
17193 Sils;Mujeres;1999;1.428
17193 Sils;Mujeres;1998;1.408
17193 Sils;Mujeres;1997;""
17193 Sils;Mujeres;1996;1.342
17052 Siurana;Total;2025;188
17052 Siurana;Total;2024;180
17052 Siurana;Total;2023;186
17052 Siurana;Total;2022;178
17052 Siurana;Total;2021;179
17052 Siurana;Total;2020;171
17052 Siurana;Total;2019;168
17052 Siurana;Total;2018;162
17052 Siurana;Total;2017;159
17052 Siurana;Total;2016;155
17052 Siurana;Total;2015;152
17052 Siurana;Total;2014;150
17052 Siurana;Total;2013;172
17052 Siurana;Total;2012;170
17052 Siurana;Total;2011;181
17052 Siurana;Total;2010;190
17052 Siurana;Total;2009;206
17052 Siurana;Total;2008;211
17052 Siurana;Total;2007;205
17052 Siurana;Total;2006;181
17052 Siurana;Total;2005;175
17052 Siurana;Total;2004;180
17052 Siurana;Total;2003;176
17052 Siurana;Total;2002;190
17052 Siurana;Total;2001;158
17052 Siurana;Total;2000;159
17052 Siurana;Total;1999;155
17052 Siurana;Total;1998;158
17052 Siurana;Total;1997;""
17052 Siurana;Total;1996;153
17052 Siurana;Hombres;2025;87
17052 Siurana;Hombres;2024;85
17052 Siurana;Hombres;2023;88
17052 Siurana;Hombres;2022;84
17052 Siurana;Hombres;2021;85
17052 Siurana;Hombres;2020;82
17052 Siurana;Hombres;2019;84
17052 Siurana;Hombres;2018;77
17052 Siurana;Hombres;2017;74
17052 Siurana;Hombres;2016;72
17052 Siurana;Hombres;2015;73
17052 Siurana;Hombres;2014;74
17052 Siurana;Hombres;2013;89
17052 Siurana;Hombres;2012;88
17052 Siurana;Hombres;2011;95
17052 Siurana;Hombres;2010;100
17052 Siurana;Hombres;2009;107
17052 Siurana;Hombres;2008;110
17052 Siurana;Hombres;2007;110
17052 Siurana;Hombres;2006;91
17052 Siurana;Hombres;2005;89
17052 Siurana;Hombres;2004;92
17052 Siurana;Hombres;2003;89
17052 Siurana;Hombres;2002;98
17052 Siurana;Hombres;2001;82
17052 Siurana;Hombres;2000;80
17052 Siurana;Hombres;1999;74
17052 Siurana;Hombres;1998;73
17052 Siurana;Hombres;1997;""
17052 Siurana;Hombres;1996;73
17052 Siurana;Mujeres;2025;101
17052 Siurana;Mujeres;2024;95
17052 Siurana;Mujeres;2023;98
17052 Siurana;Mujeres;2022;94
17052 Siurana;Mujeres;2021;94
17052 Siurana;Mujeres;2020;89
17052 Siurana;Mujeres;2019;84
17052 Siurana;Mujeres;2018;85
17052 Siurana;Mujeres;2017;85
17052 Siurana;Mujeres;2016;83
17052 Siurana;Mujeres;2015;79
17052 Siurana;Mujeres;2014;76
17052 Siurana;Mujeres;2013;83
17052 Siurana;Mujeres;2012;82
17052 Siurana;Mujeres;2011;86
17052 Siurana;Mujeres;2010;90
17052 Siurana;Mujeres;2009;99
17052 Siurana;Mujeres;2008;101
17052 Siurana;Mujeres;2007;95
17052 Siurana;Mujeres;2006;90
17052 Siurana;Mujeres;2005;86
17052 Siurana;Mujeres;2004;88
17052 Siurana;Mujeres;2003;87
17052 Siurana;Mujeres;2002;92
17052 Siurana;Mujeres;2001;76
17052 Siurana;Mujeres;2000;79
17052 Siurana;Mujeres;1999;81
17052 Siurana;Mujeres;1998;85
17052 Siurana;Mujeres;1997;""
17052 Siurana;Mujeres;1996;80
17194 Susqueda;Total;2025;103
17194 Susqueda;Total;2024;97
17194 Susqueda;Total;2023;97
17194 Susqueda;Total;2022;96
17194 Susqueda;Total;2021;99
17194 Susqueda;Total;2020;93
17194 Susqueda;Total;2019;101
17194 Susqueda;Total;2018;97
17194 Susqueda;Total;2017;98
17194 Susqueda;Total;2016;95
17194 Susqueda;Total;2015;92
17194 Susqueda;Total;2014;95
17194 Susqueda;Total;2013;101
17194 Susqueda;Total;2012;105
17194 Susqueda;Total;2011;115
17194 Susqueda;Total;2010;118
17194 Susqueda;Total;2009;130
17194 Susqueda;Total;2008;125
17194 Susqueda;Total;2007;126
17194 Susqueda;Total;2006;112
17194 Susqueda;Total;2005;113
17194 Susqueda;Total;2004;111
17194 Susqueda;Total;2003;107
17194 Susqueda;Total;2002;100
17194 Susqueda;Total;2001;89
17194 Susqueda;Total;2000;87
17194 Susqueda;Total;1999;92
17194 Susqueda;Total;1998;89
17194 Susqueda;Total;1997;""
17194 Susqueda;Total;1996;87
17194 Susqueda;Hombres;2025;61
17194 Susqueda;Hombres;2024;59
17194 Susqueda;Hombres;2023;59
17194 Susqueda;Hombres;2022;55
17194 Susqueda;Hombres;2021;59
17194 Susqueda;Hombres;2020;55
17194 Susqueda;Hombres;2019;60
17194 Susqueda;Hombres;2018;56
17194 Susqueda;Hombres;2017;56
17194 Susqueda;Hombres;2016;57
17194 Susqueda;Hombres;2015;55
17194 Susqueda;Hombres;2014;58
17194 Susqueda;Hombres;2013;60
17194 Susqueda;Hombres;2012;61
17194 Susqueda;Hombres;2011;68
17194 Susqueda;Hombres;2010;68
17194 Susqueda;Hombres;2009;73
17194 Susqueda;Hombres;2008;69
17194 Susqueda;Hombres;2007;69
17194 Susqueda;Hombres;2006;64
17194 Susqueda;Hombres;2005;64
17194 Susqueda;Hombres;2004;62
17194 Susqueda;Hombres;2003;55
17194 Susqueda;Hombres;2002;54
17194 Susqueda;Hombres;2001;50
17194 Susqueda;Hombres;2000;49
17194 Susqueda;Hombres;1999;52
17194 Susqueda;Hombres;1998;49
17194 Susqueda;Hombres;1997;""
17194 Susqueda;Hombres;1996;51
17194 Susqueda;Mujeres;2025;42
17194 Susqueda;Mujeres;2024;38
17194 Susqueda;Mujeres;2023;38
17194 Susqueda;Mujeres;2022;41
17194 Susqueda;Mujeres;2021;40
17194 Susqueda;Mujeres;2020;38
17194 Susqueda;Mujeres;2019;41
17194 Susqueda;Mujeres;2018;41
17194 Susqueda;Mujeres;2017;42
17194 Susqueda;Mujeres;2016;38
17194 Susqueda;Mujeres;2015;37
17194 Susqueda;Mujeres;2014;37
17194 Susqueda;Mujeres;2013;41
17194 Susqueda;Mujeres;2012;44
17194 Susqueda;Mujeres;2011;47
17194 Susqueda;Mujeres;2010;50
17194 Susqueda;Mujeres;2009;57
17194 Susqueda;Mujeres;2008;56
17194 Susqueda;Mujeres;2007;57
17194 Susqueda;Mujeres;2006;48
17194 Susqueda;Mujeres;2005;49
17194 Susqueda;Mujeres;2004;49
17194 Susqueda;Mujeres;2003;52
17194 Susqueda;Mujeres;2002;46
17194 Susqueda;Mujeres;2001;39
17194 Susqueda;Mujeres;2000;38
17194 Susqueda;Mujeres;1999;40
17194 Susqueda;Mujeres;1998;40
17194 Susqueda;Mujeres;1997;""
17194 Susqueda;Mujeres;1996;36
17195 Tallada d'Empordà, La;Total;2025;490
17195 Tallada d'Empordà, La;Total;2024;478
17195 Tallada d'Empordà, La;Total;2023;475
17195 Tallada d'Empordà, La;Total;2022;480
17195 Tallada d'Empordà, La;Total;2021;466
17195 Tallada d'Empordà, La;Total;2020;454
17195 Tallada d'Empordà, La;Total;2019;463
17195 Tallada d'Empordà, La;Total;2018;459
17195 Tallada d'Empordà, La;Total;2017;450
17195 Tallada d'Empordà, La;Total;2016;451
17195 Tallada d'Empordà, La;Total;2015;458
17195 Tallada d'Empordà, La;Total;2014;454
17195 Tallada d'Empordà, La;Total;2013;455
17195 Tallada d'Empordà, La;Total;2012;459
17195 Tallada d'Empordà, La;Total;2011;449
17195 Tallada d'Empordà, La;Total;2010;435
17195 Tallada d'Empordà, La;Total;2009;420
17195 Tallada d'Empordà, La;Total;2008;401
17195 Tallada d'Empordà, La;Total;2007;395
17195 Tallada d'Empordà, La;Total;2006;367
17195 Tallada d'Empordà, La;Total;2005;346
17195 Tallada d'Empordà, La;Total;2004;338
17195 Tallada d'Empordà, La;Total;2003;332
17195 Tallada d'Empordà, La;Total;2002;332
17195 Tallada d'Empordà, La;Total;2001;334
17195 Tallada d'Empordà, La;Total;2000;332
17195 Tallada d'Empordà, La;Total;1999;330
17195 Tallada d'Empordà, La;Total;1998;326
17195 Tallada d'Empordà, La;Total;1997;""
17195 Tallada d'Empordà, La;Total;1996;327
17195 Tallada d'Empordà, La;Hombres;2025;257
17195 Tallada d'Empordà, La;Hombres;2024;253
17195 Tallada d'Empordà, La;Hombres;2023;251
17195 Tallada d'Empordà, La;Hombres;2022;254
17195 Tallada d'Empordà, La;Hombres;2021;247
17195 Tallada d'Empordà, La;Hombres;2020;237
17195 Tallada d'Empordà, La;Hombres;2019;241
17195 Tallada d'Empordà, La;Hombres;2018;234
17195 Tallada d'Empordà, La;Hombres;2017;234
17195 Tallada d'Empordà, La;Hombres;2016;233
17195 Tallada d'Empordà, La;Hombres;2015;237
17195 Tallada d'Empordà, La;Hombres;2014;236
17195 Tallada d'Empordà, La;Hombres;2013;235
17195 Tallada d'Empordà, La;Hombres;2012;238
17195 Tallada d'Empordà, La;Hombres;2011;224
17195 Tallada d'Empordà, La;Hombres;2010;227
17195 Tallada d'Empordà, La;Hombres;2009;213
17195 Tallada d'Empordà, La;Hombres;2008;208
17195 Tallada d'Empordà, La;Hombres;2007;210
17195 Tallada d'Empordà, La;Hombres;2006;199
17195 Tallada d'Empordà, La;Hombres;2005;190
17195 Tallada d'Empordà, La;Hombres;2004;183
17195 Tallada d'Empordà, La;Hombres;2003;180
17195 Tallada d'Empordà, La;Hombres;2002;174
17195 Tallada d'Empordà, La;Hombres;2001;173
17195 Tallada d'Empordà, La;Hombres;2000;173
17195 Tallada d'Empordà, La;Hombres;1999;171
17195 Tallada d'Empordà, La;Hombres;1998;169
17195 Tallada d'Empordà, La;Hombres;1997;""
17195 Tallada d'Empordà, La;Hombres;1996;169
17195 Tallada d'Empordà, La;Mujeres;2025;233
17195 Tallada d'Empordà, La;Mujeres;2024;225
17195 Tallada d'Empordà, La;Mujeres;2023;224
17195 Tallada d'Empordà, La;Mujeres;2022;226
17195 Tallada d'Empordà, La;Mujeres;2021;219
17195 Tallada d'Empordà, La;Mujeres;2020;217
17195 Tallada d'Empordà, La;Mujeres;2019;222
17195 Tallada d'Empordà, La;Mujeres;2018;225
17195 Tallada d'Empordà, La;Mujeres;2017;216
17195 Tallada d'Empordà, La;Mujeres;2016;218
17195 Tallada d'Empordà, La;Mujeres;2015;221
17195 Tallada d'Empordà, La;Mujeres;2014;218
17195 Tallada d'Empordà, La;Mujeres;2013;220
17195 Tallada d'Empordà, La;Mujeres;2012;221
17195 Tallada d'Empordà, La;Mujeres;2011;225
17195 Tallada d'Empordà, La;Mujeres;2010;208
17195 Tallada d'Empordà, La;Mujeres;2009;207
17195 Tallada d'Empordà, La;Mujeres;2008;193
17195 Tallada d'Empordà, La;Mujeres;2007;185
17195 Tallada d'Empordà, La;Mujeres;2006;168
17195 Tallada d'Empordà, La;Mujeres;2005;156
17195 Tallada d'Empordà, La;Mujeres;2004;155
17195 Tallada d'Empordà, La;Mujeres;2003;152
17195 Tallada d'Empordà, La;Mujeres;2002;158
17195 Tallada d'Empordà, La;Mujeres;2001;161
17195 Tallada d'Empordà, La;Mujeres;2000;159
17195 Tallada d'Empordà, La;Mujeres;1999;159
17195 Tallada d'Empordà, La;Mujeres;1998;157
17195 Tallada d'Empordà, La;Mujeres;1997;""
17195 Tallada d'Empordà, La;Mujeres;1996;158
17196 Terrades;Total;2025;337
17196 Terrades;Total;2024;345
17196 Terrades;Total;2023;346
17196 Terrades;Total;2022;345
17196 Terrades;Total;2021;334
17196 Terrades;Total;2020;338
17196 Terrades;Total;2019;329
17196 Terrades;Total;2018;314
17196 Terrades;Total;2017;306
17196 Terrades;Total;2016;285
17196 Terrades;Total;2015;294
17196 Terrades;Total;2014;288
17196 Terrades;Total;2013;278
17196 Terrades;Total;2012;311
17196 Terrades;Total;2011;311
17196 Terrades;Total;2010;317
17196 Terrades;Total;2009;301
17196 Terrades;Total;2008;254
17196 Terrades;Total;2007;266
17196 Terrades;Total;2006;146
17196 Terrades;Total;2005;155
17196 Terrades;Total;2004;167
17196 Terrades;Total;2003;174
17196 Terrades;Total;2002;182
17196 Terrades;Total;2001;190
17196 Terrades;Total;2000;200
17196 Terrades;Total;1999;185
17196 Terrades;Total;1998;183
17196 Terrades;Total;1997;""
17196 Terrades;Total;1996;192
17196 Terrades;Hombres;2025;170
17196 Terrades;Hombres;2024;166
17196 Terrades;Hombres;2023;166
17196 Terrades;Hombres;2022;167
17196 Terrades;Hombres;2021;164
17196 Terrades;Hombres;2020;166
17196 Terrades;Hombres;2019;162
17196 Terrades;Hombres;2018;149
17196 Terrades;Hombres;2017;149
17196 Terrades;Hombres;2016;140
17196 Terrades;Hombres;2015;145
17196 Terrades;Hombres;2014;141
17196 Terrades;Hombres;2013;134
17196 Terrades;Hombres;2012;157
17196 Terrades;Hombres;2011;157
17196 Terrades;Hombres;2010;157
17196 Terrades;Hombres;2009;149
17196 Terrades;Hombres;2008;129
17196 Terrades;Hombres;2007;138
17196 Terrades;Hombres;2006;72
17196 Terrades;Hombres;2005;77
17196 Terrades;Hombres;2004;81
17196 Terrades;Hombres;2003;83
17196 Terrades;Hombres;2002;87
17196 Terrades;Hombres;2001;90
17196 Terrades;Hombres;2000;95
17196 Terrades;Hombres;1999;88
17196 Terrades;Hombres;1998;86
17196 Terrades;Hombres;1997;""
17196 Terrades;Hombres;1996;90
17196 Terrades;Mujeres;2025;167
17196 Terrades;Mujeres;2024;179
17196 Terrades;Mujeres;2023;180
17196 Terrades;Mujeres;2022;178
17196 Terrades;Mujeres;2021;170
17196 Terrades;Mujeres;2020;172
17196 Terrades;Mujeres;2019;167
17196 Terrades;Mujeres;2018;165
17196 Terrades;Mujeres;2017;157
17196 Terrades;Mujeres;2016;145
17196 Terrades;Mujeres;2015;149
17196 Terrades;Mujeres;2014;147
17196 Terrades;Mujeres;2013;144
17196 Terrades;Mujeres;2012;154
17196 Terrades;Mujeres;2011;154
17196 Terrades;Mujeres;2010;160
17196 Terrades;Mujeres;2009;152
17196 Terrades;Mujeres;2008;125
17196 Terrades;Mujeres;2007;128
17196 Terrades;Mujeres;2006;74
17196 Terrades;Mujeres;2005;78
17196 Terrades;Mujeres;2004;86
17196 Terrades;Mujeres;2003;91
17196 Terrades;Mujeres;2002;95
17196 Terrades;Mujeres;2001;100
17196 Terrades;Mujeres;2000;105
17196 Terrades;Mujeres;1999;97
17196 Terrades;Mujeres;1998;97
17196 Terrades;Mujeres;1997;""
17196 Terrades;Mujeres;1996;102
17197 Torrent;Total;2025;182
17197 Torrent;Total;2024;173
17197 Torrent;Total;2023;170
17197 Torrent;Total;2022;166
17197 Torrent;Total;2021;160
17197 Torrent;Total;2020;164
17197 Torrent;Total;2019;175
17197 Torrent;Total;2018;165
17197 Torrent;Total;2017;161
17197 Torrent;Total;2016;163
17197 Torrent;Total;2015;169
17197 Torrent;Total;2014;170
17197 Torrent;Total;2013;185
17197 Torrent;Total;2012;193
17197 Torrent;Total;2011;189
17197 Torrent;Total;2010;190
17197 Torrent;Total;2009;193
17197 Torrent;Total;2008;184
17197 Torrent;Total;2007;191
17197 Torrent;Total;2006;190
17197 Torrent;Total;2005;188
17197 Torrent;Total;2004;173
17197 Torrent;Total;2003;168
17197 Torrent;Total;2002;180
17197 Torrent;Total;2001;176
17197 Torrent;Total;2000;172
17197 Torrent;Total;1999;167
17197 Torrent;Total;1998;173
17197 Torrent;Total;1997;""
17197 Torrent;Total;1996;176
17197 Torrent;Hombres;2025;96
17197 Torrent;Hombres;2024;94
17197 Torrent;Hombres;2023;91
17197 Torrent;Hombres;2022;92
17197 Torrent;Hombres;2021;88
17197 Torrent;Hombres;2020;87
17197 Torrent;Hombres;2019;92
17197 Torrent;Hombres;2018;90
17197 Torrent;Hombres;2017;90
17197 Torrent;Hombres;2016;91
17197 Torrent;Hombres;2015;91
17197 Torrent;Hombres;2014;89
17197 Torrent;Hombres;2013;96
17197 Torrent;Hombres;2012;101
17197 Torrent;Hombres;2011;100
17197 Torrent;Hombres;2010;98
17197 Torrent;Hombres;2009;101
17197 Torrent;Hombres;2008;95
17197 Torrent;Hombres;2007;98
17197 Torrent;Hombres;2006;100
17197 Torrent;Hombres;2005;101
17197 Torrent;Hombres;2004;93
17197 Torrent;Hombres;2003;92
17197 Torrent;Hombres;2002;92
17197 Torrent;Hombres;2001;86
17197 Torrent;Hombres;2000;84
17197 Torrent;Hombres;1999;82
17197 Torrent;Hombres;1998;86
17197 Torrent;Hombres;1997;""
17197 Torrent;Hombres;1996;89
17197 Torrent;Mujeres;2025;86
17197 Torrent;Mujeres;2024;79
17197 Torrent;Mujeres;2023;79
17197 Torrent;Mujeres;2022;74
17197 Torrent;Mujeres;2021;72
17197 Torrent;Mujeres;2020;77
17197 Torrent;Mujeres;2019;83
17197 Torrent;Mujeres;2018;75
17197 Torrent;Mujeres;2017;71
17197 Torrent;Mujeres;2016;72
17197 Torrent;Mujeres;2015;78
17197 Torrent;Mujeres;2014;81
17197 Torrent;Mujeres;2013;89
17197 Torrent;Mujeres;2012;92
17197 Torrent;Mujeres;2011;89
17197 Torrent;Mujeres;2010;92
17197 Torrent;Mujeres;2009;92
17197 Torrent;Mujeres;2008;89
17197 Torrent;Mujeres;2007;93
17197 Torrent;Mujeres;2006;90
17197 Torrent;Mujeres;2005;87
17197 Torrent;Mujeres;2004;80
17197 Torrent;Mujeres;2003;76
17197 Torrent;Mujeres;2002;88
17197 Torrent;Mujeres;2001;90
17197 Torrent;Mujeres;2000;88
17197 Torrent;Mujeres;1999;85
17197 Torrent;Mujeres;1998;87
17197 Torrent;Mujeres;1997;""
17197 Torrent;Mujeres;1996;87
17198 Torroella de Fluvià;Total;2025;778
17198 Torroella de Fluvià;Total;2024;772
17198 Torroella de Fluvià;Total;2023;768
17198 Torroella de Fluvià;Total;2022;741
17198 Torroella de Fluvià;Total;2021;726
17198 Torroella de Fluvià;Total;2020;703
17198 Torroella de Fluvià;Total;2019;694
17198 Torroella de Fluvià;Total;2018;723
17198 Torroella de Fluvià;Total;2017;688
17198 Torroella de Fluvià;Total;2016;711
17198 Torroella de Fluvià;Total;2015;732
17198 Torroella de Fluvià;Total;2014;704
17198 Torroella de Fluvià;Total;2013;729
17198 Torroella de Fluvià;Total;2012;704
17198 Torroella de Fluvià;Total;2011;699
17198 Torroella de Fluvià;Total;2010;686
17198 Torroella de Fluvià;Total;2009;678
17198 Torroella de Fluvià;Total;2008;658
17198 Torroella de Fluvià;Total;2007;556
17198 Torroella de Fluvià;Total;2006;460
17198 Torroella de Fluvià;Total;2005;437
17198 Torroella de Fluvià;Total;2004;418
17198 Torroella de Fluvià;Total;2003;378
17198 Torroella de Fluvià;Total;2002;365
17198 Torroella de Fluvià;Total;2001;342
17198 Torroella de Fluvià;Total;2000;319
17198 Torroella de Fluvià;Total;1999;309
17198 Torroella de Fluvià;Total;1998;300
17198 Torroella de Fluvià;Total;1997;""
17198 Torroella de Fluvià;Total;1996;316
17198 Torroella de Fluvià;Hombres;2025;387
17198 Torroella de Fluvià;Hombres;2024;387
17198 Torroella de Fluvià;Hombres;2023;393
17198 Torroella de Fluvià;Hombres;2022;378
17198 Torroella de Fluvià;Hombres;2021;372
17198 Torroella de Fluvià;Hombres;2020;367
17198 Torroella de Fluvià;Hombres;2019;354
17198 Torroella de Fluvià;Hombres;2018;365
17198 Torroella de Fluvià;Hombres;2017;367
17198 Torroella de Fluvià;Hombres;2016;379
17198 Torroella de Fluvià;Hombres;2015;387
17198 Torroella de Fluvià;Hombres;2014;362
17198 Torroella de Fluvià;Hombres;2013;366
17198 Torroella de Fluvià;Hombres;2012;355
17198 Torroella de Fluvià;Hombres;2011;354
17198 Torroella de Fluvià;Hombres;2010;349
17198 Torroella de Fluvià;Hombres;2009;352
17198 Torroella de Fluvià;Hombres;2008;351
17198 Torroella de Fluvià;Hombres;2007;305
17198 Torroella de Fluvià;Hombres;2006;253
17198 Torroella de Fluvià;Hombres;2005;251
17198 Torroella de Fluvià;Hombres;2004;239
17198 Torroella de Fluvià;Hombres;2003;216
17198 Torroella de Fluvià;Hombres;2002;211
17198 Torroella de Fluvià;Hombres;2001;190
17198 Torroella de Fluvià;Hombres;2000;180
17198 Torroella de Fluvià;Hombres;1999;174
17198 Torroella de Fluvià;Hombres;1998;165
17198 Torroella de Fluvià;Hombres;1997;""
17198 Torroella de Fluvià;Hombres;1996;172
17198 Torroella de Fluvià;Mujeres;2025;391
17198 Torroella de Fluvià;Mujeres;2024;385
17198 Torroella de Fluvià;Mujeres;2023;375
17198 Torroella de Fluvià;Mujeres;2022;363
17198 Torroella de Fluvià;Mujeres;2021;354
17198 Torroella de Fluvià;Mujeres;2020;336
17198 Torroella de Fluvià;Mujeres;2019;340
17198 Torroella de Fluvià;Mujeres;2018;358
17198 Torroella de Fluvià;Mujeres;2017;321
17198 Torroella de Fluvià;Mujeres;2016;332
17198 Torroella de Fluvià;Mujeres;2015;345
17198 Torroella de Fluvià;Mujeres;2014;342
17198 Torroella de Fluvià;Mujeres;2013;363
17198 Torroella de Fluvià;Mujeres;2012;349
17198 Torroella de Fluvià;Mujeres;2011;345
17198 Torroella de Fluvià;Mujeres;2010;337
17198 Torroella de Fluvià;Mujeres;2009;326
17198 Torroella de Fluvià;Mujeres;2008;307
17198 Torroella de Fluvià;Mujeres;2007;251
17198 Torroella de Fluvià;Mujeres;2006;207
17198 Torroella de Fluvià;Mujeres;2005;186
17198 Torroella de Fluvià;Mujeres;2004;179
17198 Torroella de Fluvià;Mujeres;2003;162
17198 Torroella de Fluvià;Mujeres;2002;154
17198 Torroella de Fluvià;Mujeres;2001;152
17198 Torroella de Fluvià;Mujeres;2000;139
17198 Torroella de Fluvià;Mujeres;1999;135
17198 Torroella de Fluvià;Mujeres;1998;135
17198 Torroella de Fluvià;Mujeres;1997;""
17198 Torroella de Fluvià;Mujeres;1996;144
17199 Torroella de Montgrí;Total;2025;12.570
17199 Torroella de Montgrí;Total;2024;12.521
17199 Torroella de Montgrí;Total;2023;12.356
17199 Torroella de Montgrí;Total;2022;12.061
17199 Torroella de Montgrí;Total;2021;12.023
17199 Torroella de Montgrí;Total;2020;11.836
17199 Torroella de Montgrí;Total;2019;11.645
17199 Torroella de Montgrí;Total;2018;11.537
17199 Torroella de Montgrí;Total;2017;11.516
17199 Torroella de Montgrí;Total;2016;11.506
17199 Torroella de Montgrí;Total;2015;11.388
17199 Torroella de Montgrí;Total;2014;11.381
17199 Torroella de Montgrí;Total;2013;11.472
17199 Torroella de Montgrí;Total;2012;11.494
17199 Torroella de Montgrí;Total;2011;11.385
17199 Torroella de Montgrí;Total;2010;11.522
17199 Torroella de Montgrí;Total;2009;11.598
17199 Torroella de Montgrí;Total;2008;11.441
17199 Torroella de Montgrí;Total;2007;10.924
17199 Torroella de Montgrí;Total;2006;10.588
17199 Torroella de Montgrí;Total;2005;10.228
17199 Torroella de Montgrí;Total;2004;9.714
17199 Torroella de Montgrí;Total;2003;9.393
17199 Torroella de Montgrí;Total;2002;9.004
17199 Torroella de Montgrí;Total;2001;8.725
17199 Torroella de Montgrí;Total;2000;8.454
17199 Torroella de Montgrí;Total;1999;8.265
17199 Torroella de Montgrí;Total;1998;8.020
17199 Torroella de Montgrí;Total;1997;""
17199 Torroella de Montgrí;Total;1996;7.726
17199 Torroella de Montgrí;Hombres;2025;6.467
17199 Torroella de Montgrí;Hombres;2024;6.459
17199 Torroella de Montgrí;Hombres;2023;6.316
17199 Torroella de Montgrí;Hombres;2022;6.143
17199 Torroella de Montgrí;Hombres;2021;6.107
17199 Torroella de Montgrí;Hombres;2020;5.983
17199 Torroella de Montgrí;Hombres;2019;5.900
17199 Torroella de Montgrí;Hombres;2018;5.842
17199 Torroella de Montgrí;Hombres;2017;5.842
17199 Torroella de Montgrí;Hombres;2016;5.823
17199 Torroella de Montgrí;Hombres;2015;5.778
17199 Torroella de Montgrí;Hombres;2014;5.784
17199 Torroella de Montgrí;Hombres;2013;5.824
17199 Torroella de Montgrí;Hombres;2012;5.821
17199 Torroella de Montgrí;Hombres;2011;5.770
17199 Torroella de Montgrí;Hombres;2010;5.857
17199 Torroella de Montgrí;Hombres;2009;5.880
17199 Torroella de Montgrí;Hombres;2008;5.832
17199 Torroella de Montgrí;Hombres;2007;5.569
17199 Torroella de Montgrí;Hombres;2006;5.449
17199 Torroella de Montgrí;Hombres;2005;5.270
17199 Torroella de Montgrí;Hombres;2004;4.953
17199 Torroella de Montgrí;Hombres;2003;4.778
17199 Torroella de Montgrí;Hombres;2002;4.584
17199 Torroella de Montgrí;Hombres;2001;4.422
17199 Torroella de Montgrí;Hombres;2000;4.281
17199 Torroella de Montgrí;Hombres;1999;4.201
17199 Torroella de Montgrí;Hombres;1998;4.065
17199 Torroella de Montgrí;Hombres;1997;""
17199 Torroella de Montgrí;Hombres;1996;3.898
17199 Torroella de Montgrí;Mujeres;2025;6.103
17199 Torroella de Montgrí;Mujeres;2024;6.062
17199 Torroella de Montgrí;Mujeres;2023;6.040
17199 Torroella de Montgrí;Mujeres;2022;5.918
17199 Torroella de Montgrí;Mujeres;2021;5.916
17199 Torroella de Montgrí;Mujeres;2020;5.853
17199 Torroella de Montgrí;Mujeres;2019;5.745
17199 Torroella de Montgrí;Mujeres;2018;5.695
17199 Torroella de Montgrí;Mujeres;2017;5.674
17199 Torroella de Montgrí;Mujeres;2016;5.683
17199 Torroella de Montgrí;Mujeres;2015;5.610
17199 Torroella de Montgrí;Mujeres;2014;5.597
17199 Torroella de Montgrí;Mujeres;2013;5.648
17199 Torroella de Montgrí;Mujeres;2012;5.673
17199 Torroella de Montgrí;Mujeres;2011;5.615
17199 Torroella de Montgrí;Mujeres;2010;5.665
17199 Torroella de Montgrí;Mujeres;2009;5.718
17199 Torroella de Montgrí;Mujeres;2008;5.609
17199 Torroella de Montgrí;Mujeres;2007;5.355
17199 Torroella de Montgrí;Mujeres;2006;5.139
17199 Torroella de Montgrí;Mujeres;2005;4.958
17199 Torroella de Montgrí;Mujeres;2004;4.761
17199 Torroella de Montgrí;Mujeres;2003;4.615
17199 Torroella de Montgrí;Mujeres;2002;4.420
17199 Torroella de Montgrí;Mujeres;2001;4.303
17199 Torroella de Montgrí;Mujeres;2000;4.173
17199 Torroella de Montgrí;Mujeres;1999;4.064
17199 Torroella de Montgrí;Mujeres;1998;3.955
17199 Torroella de Montgrí;Mujeres;1997;""
17199 Torroella de Montgrí;Mujeres;1996;3.828
17200 Tortellà;Total;2025;849
17200 Tortellà;Total;2024;828
17200 Tortellà;Total;2023;822
17200 Tortellà;Total;2022;823
17200 Tortellà;Total;2021;816
17200 Tortellà;Total;2020;818
17200 Tortellà;Total;2019;809
17200 Tortellà;Total;2018;801
17200 Tortellà;Total;2017;783
17200 Tortellà;Total;2016;781
17200 Tortellà;Total;2015;775
17200 Tortellà;Total;2014;772
17200 Tortellà;Total;2013;774
17200 Tortellà;Total;2012;793
17200 Tortellà;Total;2011;760
17200 Tortellà;Total;2010;771
17200 Tortellà;Total;2009;760
17200 Tortellà;Total;2008;758
17200 Tortellà;Total;2007;749
17200 Tortellà;Total;2006;729
17200 Tortellà;Total;2005;714
17200 Tortellà;Total;2004;728
17200 Tortellà;Total;2003;713
17200 Tortellà;Total;2002;713
17200 Tortellà;Total;2001;710
17200 Tortellà;Total;2000;717
17200 Tortellà;Total;1999;697
17200 Tortellà;Total;1998;709
17200 Tortellà;Total;1997;""
17200 Tortellà;Total;1996;683
17200 Tortellà;Hombres;2025;397
17200 Tortellà;Hombres;2024;387
17200 Tortellà;Hombres;2023;385
17200 Tortellà;Hombres;2022;391
17200 Tortellà;Hombres;2021;394
17200 Tortellà;Hombres;2020;391
17200 Tortellà;Hombres;2019;393
17200 Tortellà;Hombres;2018;390
17200 Tortellà;Hombres;2017;380
17200 Tortellà;Hombres;2016;383
17200 Tortellà;Hombres;2015;377
17200 Tortellà;Hombres;2014;370
17200 Tortellà;Hombres;2013;372
17200 Tortellà;Hombres;2012;389
17200 Tortellà;Hombres;2011;380
17200 Tortellà;Hombres;2010;387
17200 Tortellà;Hombres;2009;377
17200 Tortellà;Hombres;2008;378
17200 Tortellà;Hombres;2007;377
17200 Tortellà;Hombres;2006;364
17200 Tortellà;Hombres;2005;358
17200 Tortellà;Hombres;2004;364
17200 Tortellà;Hombres;2003;354
17200 Tortellà;Hombres;2002;359
17200 Tortellà;Hombres;2001;361
17200 Tortellà;Hombres;2000;363
17200 Tortellà;Hombres;1999;350
17200 Tortellà;Hombres;1998;358
17200 Tortellà;Hombres;1997;""
17200 Tortellà;Hombres;1996;349
17200 Tortellà;Mujeres;2025;452
17200 Tortellà;Mujeres;2024;441
17200 Tortellà;Mujeres;2023;437
17200 Tortellà;Mujeres;2022;432
17200 Tortellà;Mujeres;2021;422
17200 Tortellà;Mujeres;2020;427
17200 Tortellà;Mujeres;2019;416
17200 Tortellà;Mujeres;2018;411
17200 Tortellà;Mujeres;2017;403
17200 Tortellà;Mujeres;2016;398
17200 Tortellà;Mujeres;2015;398
17200 Tortellà;Mujeres;2014;402
17200 Tortellà;Mujeres;2013;402
17200 Tortellà;Mujeres;2012;404
17200 Tortellà;Mujeres;2011;380
17200 Tortellà;Mujeres;2010;384
17200 Tortellà;Mujeres;2009;383
17200 Tortellà;Mujeres;2008;380
17200 Tortellà;Mujeres;2007;372
17200 Tortellà;Mujeres;2006;365
17200 Tortellà;Mujeres;2005;356
17200 Tortellà;Mujeres;2004;364
17200 Tortellà;Mujeres;2003;359
17200 Tortellà;Mujeres;2002;354
17200 Tortellà;Mujeres;2001;349
17200 Tortellà;Mujeres;2000;354
17200 Tortellà;Mujeres;1999;347
17200 Tortellà;Mujeres;1998;351
17200 Tortellà;Mujeres;1997;""
17200 Tortellà;Mujeres;1996;334
17201 Toses;Total;2025;198
17201 Toses;Total;2024;191
17201 Toses;Total;2023;189
17201 Toses;Total;2022;185
17201 Toses;Total;2021;178
17201 Toses;Total;2020;168
17201 Toses;Total;2019;171
17201 Toses;Total;2018;165
17201 Toses;Total;2017;168
17201 Toses;Total;2016;166
17201 Toses;Total;2015;155
17201 Toses;Total;2014;150
17201 Toses;Total;2013;149
17201 Toses;Total;2012;155
17201 Toses;Total;2011;161
17201 Toses;Total;2010;155
17201 Toses;Total;2009;160
17201 Toses;Total;2008;150
17201 Toses;Total;2007;158
17201 Toses;Total;2006;160
17201 Toses;Total;2005;163
17201 Toses;Total;2004;161
17201 Toses;Total;2003;159
17201 Toses;Total;2002;151
17201 Toses;Total;2001;148
17201 Toses;Total;2000;151
17201 Toses;Total;1999;139
17201 Toses;Total;1998;141
17201 Toses;Total;1997;""
17201 Toses;Total;1996;139
17201 Toses;Hombres;2025;111
17201 Toses;Hombres;2024;108
17201 Toses;Hombres;2023;108
17201 Toses;Hombres;2022;104
17201 Toses;Hombres;2021;104
17201 Toses;Hombres;2020;98
17201 Toses;Hombres;2019;102
17201 Toses;Hombres;2018;100
17201 Toses;Hombres;2017;99
17201 Toses;Hombres;2016;100
17201 Toses;Hombres;2015;92
17201 Toses;Hombres;2014;89
17201 Toses;Hombres;2013;86
17201 Toses;Hombres;2012;90
17201 Toses;Hombres;2011;99
17201 Toses;Hombres;2010;96
17201 Toses;Hombres;2009;98
17201 Toses;Hombres;2008;90
17201 Toses;Hombres;2007;97
17201 Toses;Hombres;2006;97
17201 Toses;Hombres;2005;99
17201 Toses;Hombres;2004;98
17201 Toses;Hombres;2003;97
17201 Toses;Hombres;2002;94
17201 Toses;Hombres;2001;89
17201 Toses;Hombres;2000;87
17201 Toses;Hombres;1999;83
17201 Toses;Hombres;1998;84
17201 Toses;Hombres;1997;""
17201 Toses;Hombres;1996;85
17201 Toses;Mujeres;2025;87
17201 Toses;Mujeres;2024;83
17201 Toses;Mujeres;2023;81
17201 Toses;Mujeres;2022;81
17201 Toses;Mujeres;2021;74
17201 Toses;Mujeres;2020;70
17201 Toses;Mujeres;2019;69
17201 Toses;Mujeres;2018;65
17201 Toses;Mujeres;2017;69
17201 Toses;Mujeres;2016;66
17201 Toses;Mujeres;2015;63
17201 Toses;Mujeres;2014;61
17201 Toses;Mujeres;2013;63
17201 Toses;Mujeres;2012;65
17201 Toses;Mujeres;2011;62
17201 Toses;Mujeres;2010;59
17201 Toses;Mujeres;2009;62
17201 Toses;Mujeres;2008;60
17201 Toses;Mujeres;2007;61
17201 Toses;Mujeres;2006;63
17201 Toses;Mujeres;2005;64
17201 Toses;Mujeres;2004;63
17201 Toses;Mujeres;2003;62
17201 Toses;Mujeres;2002;57
17201 Toses;Mujeres;2001;59
17201 Toses;Mujeres;2000;64
17201 Toses;Mujeres;1999;56
17201 Toses;Mujeres;1998;57
17201 Toses;Mujeres;1997;""
17201 Toses;Mujeres;1996;54
17202 Tossa de Mar;Total;2025;6.347
17202 Tossa de Mar;Total;2024;6.274
17202 Tossa de Mar;Total;2023;6.206
17202 Tossa de Mar;Total;2022;5.956
17202 Tossa de Mar;Total;2021;5.930
17202 Tossa de Mar;Total;2020;5.818
17202 Tossa de Mar;Total;2019;5.683
17202 Tossa de Mar;Total;2018;5.584
17202 Tossa de Mar;Total;2017;5.542
17202 Tossa de Mar;Total;2016;5.498
17202 Tossa de Mar;Total;2015;5.623
17202 Tossa de Mar;Total;2014;5.681
17202 Tossa de Mar;Total;2013;5.910
17202 Tossa de Mar;Total;2012;5.952
17202 Tossa de Mar;Total;2011;5.917
17202 Tossa de Mar;Total;2010;5.976
17202 Tossa de Mar;Total;2009;5.948
17202 Tossa de Mar;Total;2008;5.845
17202 Tossa de Mar;Total;2007;5.662
17202 Tossa de Mar;Total;2006;5.414
17202 Tossa de Mar;Total;2005;5.260
17202 Tossa de Mar;Total;2004;5.001
17202 Tossa de Mar;Total;2003;4.786
17202 Tossa de Mar;Total;2002;4.608
17202 Tossa de Mar;Total;2001;4.317
17202 Tossa de Mar;Total;2000;4.195
17202 Tossa de Mar;Total;1999;4.115
17202 Tossa de Mar;Total;1998;4.016
17202 Tossa de Mar;Total;1997;""
17202 Tossa de Mar;Total;1996;3.853
17202 Tossa de Mar;Hombres;2025;3.199
17202 Tossa de Mar;Hombres;2024;3.171
17202 Tossa de Mar;Hombres;2023;3.146
17202 Tossa de Mar;Hombres;2022;3.052
17202 Tossa de Mar;Hombres;2021;3.010
17202 Tossa de Mar;Hombres;2020;2.927
17202 Tossa de Mar;Hombres;2019;2.861
17202 Tossa de Mar;Hombres;2018;2.816
17202 Tossa de Mar;Hombres;2017;2.792
17202 Tossa de Mar;Hombres;2016;2.788
17202 Tossa de Mar;Hombres;2015;2.857
17202 Tossa de Mar;Hombres;2014;2.897
17202 Tossa de Mar;Hombres;2013;3.013
17202 Tossa de Mar;Hombres;2012;3.049
17202 Tossa de Mar;Hombres;2011;3.023
17202 Tossa de Mar;Hombres;2010;3.064
17202 Tossa de Mar;Hombres;2009;3.047
17202 Tossa de Mar;Hombres;2008;2.982
17202 Tossa de Mar;Hombres;2007;2.873
17202 Tossa de Mar;Hombres;2006;2.753
17202 Tossa de Mar;Hombres;2005;2.678
17202 Tossa de Mar;Hombres;2004;2.531
17202 Tossa de Mar;Hombres;2003;2.425
17202 Tossa de Mar;Hombres;2002;2.320
17202 Tossa de Mar;Hombres;2001;2.168
17202 Tossa de Mar;Hombres;2000;2.083
17202 Tossa de Mar;Hombres;1999;2.041
17202 Tossa de Mar;Hombres;1998;1.984
17202 Tossa de Mar;Hombres;1997;""
17202 Tossa de Mar;Hombres;1996;1.904
17202 Tossa de Mar;Mujeres;2025;3.148
17202 Tossa de Mar;Mujeres;2024;3.103
17202 Tossa de Mar;Mujeres;2023;3.060
17202 Tossa de Mar;Mujeres;2022;2.904
17202 Tossa de Mar;Mujeres;2021;2.920
17202 Tossa de Mar;Mujeres;2020;2.891
17202 Tossa de Mar;Mujeres;2019;2.822
17202 Tossa de Mar;Mujeres;2018;2.768
17202 Tossa de Mar;Mujeres;2017;2.750
17202 Tossa de Mar;Mujeres;2016;2.710
17202 Tossa de Mar;Mujeres;2015;2.766
17202 Tossa de Mar;Mujeres;2014;2.784
17202 Tossa de Mar;Mujeres;2013;2.897
17202 Tossa de Mar;Mujeres;2012;2.903
17202 Tossa de Mar;Mujeres;2011;2.894
17202 Tossa de Mar;Mujeres;2010;2.912
17202 Tossa de Mar;Mujeres;2009;2.901
17202 Tossa de Mar;Mujeres;2008;2.863
17202 Tossa de Mar;Mujeres;2007;2.789
17202 Tossa de Mar;Mujeres;2006;2.661
17202 Tossa de Mar;Mujeres;2005;2.582
17202 Tossa de Mar;Mujeres;2004;2.470
17202 Tossa de Mar;Mujeres;2003;2.361
17202 Tossa de Mar;Mujeres;2002;2.288
17202 Tossa de Mar;Mujeres;2001;2.149
17202 Tossa de Mar;Mujeres;2000;2.112
17202 Tossa de Mar;Mujeres;1999;2.074
17202 Tossa de Mar;Mujeres;1998;2.032
17202 Tossa de Mar;Mujeres;1997;""
17202 Tossa de Mar;Mujeres;1996;1.949
17205 Ullastret;Total;2025;249
17205 Ullastret;Total;2024;260
17205 Ullastret;Total;2023;261
17205 Ullastret;Total;2022;250
17205 Ullastret;Total;2021;258
17205 Ullastret;Total;2020;274
17205 Ullastret;Total;2019;290
17205 Ullastret;Total;2018;286
17205 Ullastret;Total;2017;295
17205 Ullastret;Total;2016;288
17205 Ullastret;Total;2015;295
17205 Ullastret;Total;2014;289
17205 Ullastret;Total;2013;287
17205 Ullastret;Total;2012;287
17205 Ullastret;Total;2011;268
17205 Ullastret;Total;2010;250
17205 Ullastret;Total;2009;239
17205 Ullastret;Total;2008;227
17205 Ullastret;Total;2007;218
17205 Ullastret;Total;2006;233
17205 Ullastret;Total;2005;226
17205 Ullastret;Total;2004;221
17205 Ullastret;Total;2003;230
17205 Ullastret;Total;2002;230
17205 Ullastret;Total;2001;239
17205 Ullastret;Total;2000;234
17205 Ullastret;Total;1999;245
17205 Ullastret;Total;1998;243
17205 Ullastret;Total;1997;""
17205 Ullastret;Total;1996;243
17205 Ullastret;Hombres;2025;129
17205 Ullastret;Hombres;2024;135
17205 Ullastret;Hombres;2023;135
17205 Ullastret;Hombres;2022;127
17205 Ullastret;Hombres;2021;128
17205 Ullastret;Hombres;2020;138
17205 Ullastret;Hombres;2019;140
17205 Ullastret;Hombres;2018;141
17205 Ullastret;Hombres;2017;148
17205 Ullastret;Hombres;2016;144
17205 Ullastret;Hombres;2015;144
17205 Ullastret;Hombres;2014;143
17205 Ullastret;Hombres;2013;142
17205 Ullastret;Hombres;2012;144
17205 Ullastret;Hombres;2011;138
17205 Ullastret;Hombres;2010;125
17205 Ullastret;Hombres;2009;124
17205 Ullastret;Hombres;2008;117
17205 Ullastret;Hombres;2007;113
17205 Ullastret;Hombres;2006;121
17205 Ullastret;Hombres;2005;113
17205 Ullastret;Hombres;2004;109
17205 Ullastret;Hombres;2003;117
17205 Ullastret;Hombres;2002;117
17205 Ullastret;Hombres;2001;123
17205 Ullastret;Hombres;2000;122
17205 Ullastret;Hombres;1999;129
17205 Ullastret;Hombres;1998;127
17205 Ullastret;Hombres;1997;""
17205 Ullastret;Hombres;1996;128
17205 Ullastret;Mujeres;2025;120
17205 Ullastret;Mujeres;2024;125
17205 Ullastret;Mujeres;2023;126
17205 Ullastret;Mujeres;2022;123
17205 Ullastret;Mujeres;2021;130
17205 Ullastret;Mujeres;2020;136
17205 Ullastret;Mujeres;2019;150
17205 Ullastret;Mujeres;2018;145
17205 Ullastret;Mujeres;2017;147
17205 Ullastret;Mujeres;2016;144
17205 Ullastret;Mujeres;2015;151
17205 Ullastret;Mujeres;2014;146
17205 Ullastret;Mujeres;2013;145
17205 Ullastret;Mujeres;2012;143
17205 Ullastret;Mujeres;2011;130
17205 Ullastret;Mujeres;2010;125
17205 Ullastret;Mujeres;2009;115
17205 Ullastret;Mujeres;2008;110
17205 Ullastret;Mujeres;2007;105
17205 Ullastret;Mujeres;2006;112
17205 Ullastret;Mujeres;2005;113
17205 Ullastret;Mujeres;2004;112
17205 Ullastret;Mujeres;2003;113
17205 Ullastret;Mujeres;2002;113
17205 Ullastret;Mujeres;2001;116
17205 Ullastret;Mujeres;2000;112
17205 Ullastret;Mujeres;1999;116
17205 Ullastret;Mujeres;1998;116
17205 Ullastret;Mujeres;1997;""
17205 Ullastret;Mujeres;1996;115
17204 Ullà;Total;2025;1.258
17204 Ullà;Total;2024;1.219
17204 Ullà;Total;2023;1.193
17204 Ullà;Total;2022;1.195
17204 Ullà;Total;2021;1.167
17204 Ullà;Total;2020;1.177
17204 Ullà;Total;2019;1.153
17204 Ullà;Total;2018;1.139
17204 Ullà;Total;2017;1.138
17204 Ullà;Total;2016;1.077
17204 Ullà;Total;2015;1.068
17204 Ullà;Total;2014;1.053
17204 Ullà;Total;2013;1.057
17204 Ullà;Total;2012;1.037
17204 Ullà;Total;2011;1.075
17204 Ullà;Total;2010;1.019
17204 Ullà;Total;2009;1.076
17204 Ullà;Total;2008;1.067
17204 Ullà;Total;2007;1.019
17204 Ullà;Total;2006;1.039
17204 Ullà;Total;2005;946
17204 Ullà;Total;2004;917
17204 Ullà;Total;2003;893
17204 Ullà;Total;2002;880
17204 Ullà;Total;2001;829
17204 Ullà;Total;2000;814
17204 Ullà;Total;1999;788
17204 Ullà;Total;1998;803
17204 Ullà;Total;1997;""
17204 Ullà;Total;1996;787
17204 Ullà;Hombres;2025;684
17204 Ullà;Hombres;2024;655
17204 Ullà;Hombres;2023;644
17204 Ullà;Hombres;2022;655
17204 Ullà;Hombres;2021;643
17204 Ullà;Hombres;2020;648
17204 Ullà;Hombres;2019;632
17204 Ullà;Hombres;2018;625
17204 Ullà;Hombres;2017;626
17204 Ullà;Hombres;2016;597
17204 Ullà;Hombres;2015;593
17204 Ullà;Hombres;2014;585
17204 Ullà;Hombres;2013;584
17204 Ullà;Hombres;2012;572
17204 Ullà;Hombres;2011;590
17204 Ullà;Hombres;2010;571
17204 Ullà;Hombres;2009;616
17204 Ullà;Hombres;2008;622
17204 Ullà;Hombres;2007;593
17204 Ullà;Hombres;2006;591
17204 Ullà;Hombres;2005;516
17204 Ullà;Hombres;2004;494
17204 Ullà;Hombres;2003;498
17204 Ullà;Hombres;2002;476
17204 Ullà;Hombres;2001;437
17204 Ullà;Hombres;2000;425
17204 Ullà;Hombres;1999;409
17204 Ullà;Hombres;1998;419
17204 Ullà;Hombres;1997;""
17204 Ullà;Hombres;1996;403
17204 Ullà;Mujeres;2025;574
17204 Ullà;Mujeres;2024;564
17204 Ullà;Mujeres;2023;549
17204 Ullà;Mujeres;2022;540
17204 Ullà;Mujeres;2021;524
17204 Ullà;Mujeres;2020;529
17204 Ullà;Mujeres;2019;521
17204 Ullà;Mujeres;2018;514
17204 Ullà;Mujeres;2017;512
17204 Ullà;Mujeres;2016;480
17204 Ullà;Mujeres;2015;475
17204 Ullà;Mujeres;2014;468
17204 Ullà;Mujeres;2013;473
17204 Ullà;Mujeres;2012;465
17204 Ullà;Mujeres;2011;485
17204 Ullà;Mujeres;2010;448
17204 Ullà;Mujeres;2009;460
17204 Ullà;Mujeres;2008;445
17204 Ullà;Mujeres;2007;426
17204 Ullà;Mujeres;2006;448
17204 Ullà;Mujeres;2005;430
17204 Ullà;Mujeres;2004;423
17204 Ullà;Mujeres;2003;395
17204 Ullà;Mujeres;2002;404
17204 Ullà;Mujeres;2001;392
17204 Ullà;Mujeres;2000;389
17204 Ullà;Mujeres;1999;379
17204 Ullà;Mujeres;1998;384
17204 Ullà;Mujeres;1997;""
17204 Ullà;Mujeres;1996;384
17203 Ultramort;Total;2025;218
17203 Ultramort;Total;2024;214
17203 Ultramort;Total;2023;224
17203 Ultramort;Total;2022;224
17203 Ultramort;Total;2021;226
17203 Ultramort;Total;2020;225
17203 Ultramort;Total;2019;223
17203 Ultramort;Total;2018;214
17203 Ultramort;Total;2017;216
17203 Ultramort;Total;2016;210
17203 Ultramort;Total;2015;200
17203 Ultramort;Total;2014;204
17203 Ultramort;Total;2013;208
17203 Ultramort;Total;2012;208
17203 Ultramort;Total;2011;211
17203 Ultramort;Total;2010;213
17203 Ultramort;Total;2009;196
17203 Ultramort;Total;2008;193
17203 Ultramort;Total;2007;196
17203 Ultramort;Total;2006;200
17203 Ultramort;Total;2005;203
17203 Ultramort;Total;2004;196
17203 Ultramort;Total;2003;199
17203 Ultramort;Total;2002;203
17203 Ultramort;Total;2001;197
17203 Ultramort;Total;2000;203
17203 Ultramort;Total;1999;193
17203 Ultramort;Total;1998;194
17203 Ultramort;Total;1997;""
17203 Ultramort;Total;1996;188
17203 Ultramort;Hombres;2025;114
17203 Ultramort;Hombres;2024;112
17203 Ultramort;Hombres;2023;117
17203 Ultramort;Hombres;2022;116
17203 Ultramort;Hombres;2021;118
17203 Ultramort;Hombres;2020;117
17203 Ultramort;Hombres;2019;118
17203 Ultramort;Hombres;2018;117
17203 Ultramort;Hombres;2017;121
17203 Ultramort;Hombres;2016;118
17203 Ultramort;Hombres;2015;111
17203 Ultramort;Hombres;2014;111
17203 Ultramort;Hombres;2013;114
17203 Ultramort;Hombres;2012;113
17203 Ultramort;Hombres;2011;113
17203 Ultramort;Hombres;2010;118
17203 Ultramort;Hombres;2009;110
17203 Ultramort;Hombres;2008;112
17203 Ultramort;Hombres;2007;116
17203 Ultramort;Hombres;2006;115
17203 Ultramort;Hombres;2005;117
17203 Ultramort;Hombres;2004;112
17203 Ultramort;Hombres;2003;112
17203 Ultramort;Hombres;2002;115
17203 Ultramort;Hombres;2001;112
17203 Ultramort;Hombres;2000;114
17203 Ultramort;Hombres;1999;107
17203 Ultramort;Hombres;1998;107
17203 Ultramort;Hombres;1997;""
17203 Ultramort;Hombres;1996;101
17203 Ultramort;Mujeres;2025;104
17203 Ultramort;Mujeres;2024;102
17203 Ultramort;Mujeres;2023;107
17203 Ultramort;Mujeres;2022;108
17203 Ultramort;Mujeres;2021;108
17203 Ultramort;Mujeres;2020;108
17203 Ultramort;Mujeres;2019;105
17203 Ultramort;Mujeres;2018;97
17203 Ultramort;Mujeres;2017;95
17203 Ultramort;Mujeres;2016;92
17203 Ultramort;Mujeres;2015;89
17203 Ultramort;Mujeres;2014;93
17203 Ultramort;Mujeres;2013;94
17203 Ultramort;Mujeres;2012;95
17203 Ultramort;Mujeres;2011;98
17203 Ultramort;Mujeres;2010;95
17203 Ultramort;Mujeres;2009;86
17203 Ultramort;Mujeres;2008;81
17203 Ultramort;Mujeres;2007;80
17203 Ultramort;Mujeres;2006;85
17203 Ultramort;Mujeres;2005;86
17203 Ultramort;Mujeres;2004;84
17203 Ultramort;Mujeres;2003;87
17203 Ultramort;Mujeres;2002;88
17203 Ultramort;Mujeres;2001;85
17203 Ultramort;Mujeres;2000;89
17203 Ultramort;Mujeres;1999;86
17203 Ultramort;Mujeres;1998;87
17203 Ultramort;Mujeres;1997;""
17203 Ultramort;Mujeres;1996;87
17206 Urús;Total;2025;201
17206 Urús;Total;2024;207
17206 Urús;Total;2023;212
17206 Urús;Total;2022;214
17206 Urús;Total;2021;210
17206 Urús;Total;2020;196
17206 Urús;Total;2019;189
17206 Urús;Total;2018;178
17206 Urús;Total;2017;173
17206 Urús;Total;2016;181
17206 Urús;Total;2015;176
17206 Urús;Total;2014;185
17206 Urús;Total;2013;183
17206 Urús;Total;2012;201
17206 Urús;Total;2011;204
17206 Urús;Total;2010;208
17206 Urús;Total;2009;201
17206 Urús;Total;2008;196
17206 Urús;Total;2007;200
17206 Urús;Total;2006;200
17206 Urús;Total;2005;205
17206 Urús;Total;2004;206
17206 Urús;Total;2003;203
17206 Urús;Total;2002;195
17206 Urús;Total;2001;189
17206 Urús;Total;2000;188
17206 Urús;Total;1999;179
17206 Urús;Total;1998;163
17206 Urús;Total;1997;""
17206 Urús;Total;1996;141
17206 Urús;Hombres;2025;102
17206 Urús;Hombres;2024;107
17206 Urús;Hombres;2023;109
17206 Urús;Hombres;2022;112
17206 Urús;Hombres;2021;105
17206 Urús;Hombres;2020;96
17206 Urús;Hombres;2019;93
17206 Urús;Hombres;2018;84
17206 Urús;Hombres;2017;81
17206 Urús;Hombres;2016;84
17206 Urús;Hombres;2015;83
17206 Urús;Hombres;2014;89
17206 Urús;Hombres;2013;89
17206 Urús;Hombres;2012;97
17206 Urús;Hombres;2011;99
17206 Urús;Hombres;2010;105
17206 Urús;Hombres;2009;103
17206 Urús;Hombres;2008;102
17206 Urús;Hombres;2007;106
17206 Urús;Hombres;2006;103
17206 Urús;Hombres;2005;105
17206 Urús;Hombres;2004;107
17206 Urús;Hombres;2003;107
17206 Urús;Hombres;2002;103
17206 Urús;Hombres;2001;99
17206 Urús;Hombres;2000;101
17206 Urús;Hombres;1999;94
17206 Urús;Hombres;1998;86
17206 Urús;Hombres;1997;""
17206 Urús;Hombres;1996;71
17206 Urús;Mujeres;2025;99
17206 Urús;Mujeres;2024;100
17206 Urús;Mujeres;2023;103
17206 Urús;Mujeres;2022;102
17206 Urús;Mujeres;2021;105
17206 Urús;Mujeres;2020;100
17206 Urús;Mujeres;2019;96
17206 Urús;Mujeres;2018;94
17206 Urús;Mujeres;2017;92
17206 Urús;Mujeres;2016;97
17206 Urús;Mujeres;2015;93
17206 Urús;Mujeres;2014;96
17206 Urús;Mujeres;2013;94
17206 Urús;Mujeres;2012;104
17206 Urús;Mujeres;2011;105
17206 Urús;Mujeres;2010;103
17206 Urús;Mujeres;2009;98
17206 Urús;Mujeres;2008;94
17206 Urús;Mujeres;2007;94
17206 Urús;Mujeres;2006;97
17206 Urús;Mujeres;2005;100
17206 Urús;Mujeres;2004;99
17206 Urús;Mujeres;2003;96
17206 Urús;Mujeres;2002;92
17206 Urús;Mujeres;2001;90
17206 Urús;Mujeres;2000;87
17206 Urús;Mujeres;1999;85
17206 Urús;Mujeres;1998;77
17206 Urús;Mujeres;1997;""
17206 Urús;Mujeres;1996;70
17014 Vajol, La;Total;2025;112
17014 Vajol, La;Total;2024;96
17014 Vajol, La;Total;2023;98
17014 Vajol, La;Total;2022;87
17014 Vajol, La;Total;2021;88
17014 Vajol, La;Total;2020;89
17014 Vajol, La;Total;2019;89
17014 Vajol, La;Total;2018;85
17014 Vajol, La;Total;2017;85
17014 Vajol, La;Total;2016;83
17014 Vajol, La;Total;2015;88
17014 Vajol, La;Total;2014;86
17014 Vajol, La;Total;2013;94
17014 Vajol, La;Total;2012;93
17014 Vajol, La;Total;2011;101
17014 Vajol, La;Total;2010;98
17014 Vajol, La;Total;2009;98
17014 Vajol, La;Total;2008;102
17014 Vajol, La;Total;2007;109
17014 Vajol, La;Total;2006;101
17014 Vajol, La;Total;2005;96
17014 Vajol, La;Total;2004;103
17014 Vajol, La;Total;2003;114
17014 Vajol, La;Total;2002;123
17014 Vajol, La;Total;2001;122
17014 Vajol, La;Total;2000;96
17014 Vajol, La;Total;1999;97
17014 Vajol, La;Total;1998;68
17014 Vajol, La;Total;1997;""
17014 Vajol, La;Total;1996;84
17014 Vajol, La;Hombres;2025;66
17014 Vajol, La;Hombres;2024;55
17014 Vajol, La;Hombres;2023;57
17014 Vajol, La;Hombres;2022;49
17014 Vajol, La;Hombres;2021;48
17014 Vajol, La;Hombres;2020;51
17014 Vajol, La;Hombres;2019;48
17014 Vajol, La;Hombres;2018;46
17014 Vajol, La;Hombres;2017;47
17014 Vajol, La;Hombres;2016;48
17014 Vajol, La;Hombres;2015;50
17014 Vajol, La;Hombres;2014;48
17014 Vajol, La;Hombres;2013;55
17014 Vajol, La;Hombres;2012;53
17014 Vajol, La;Hombres;2011;59
17014 Vajol, La;Hombres;2010;59
17014 Vajol, La;Hombres;2009;58
17014 Vajol, La;Hombres;2008;61
17014 Vajol, La;Hombres;2007;63
17014 Vajol, La;Hombres;2006;59
17014 Vajol, La;Hombres;2005;53
17014 Vajol, La;Hombres;2004;59
17014 Vajol, La;Hombres;2003;65
17014 Vajol, La;Hombres;2002;67
17014 Vajol, La;Hombres;2001;66
17014 Vajol, La;Hombres;2000;50
17014 Vajol, La;Hombres;1999;51
17014 Vajol, La;Hombres;1998;35
17014 Vajol, La;Hombres;1997;""
17014 Vajol, La;Hombres;1996;46
17014 Vajol, La;Mujeres;2025;46
17014 Vajol, La;Mujeres;2024;41
17014 Vajol, La;Mujeres;2023;41
17014 Vajol, La;Mujeres;2022;38
17014 Vajol, La;Mujeres;2021;40
17014 Vajol, La;Mujeres;2020;38
17014 Vajol, La;Mujeres;2019;41
17014 Vajol, La;Mujeres;2018;39
17014 Vajol, La;Mujeres;2017;38
17014 Vajol, La;Mujeres;2016;35
17014 Vajol, La;Mujeres;2015;38
17014 Vajol, La;Mujeres;2014;38
17014 Vajol, La;Mujeres;2013;39
17014 Vajol, La;Mujeres;2012;40
17014 Vajol, La;Mujeres;2011;42
17014 Vajol, La;Mujeres;2010;39
17014 Vajol, La;Mujeres;2009;40
17014 Vajol, La;Mujeres;2008;41
17014 Vajol, La;Mujeres;2007;46
17014 Vajol, La;Mujeres;2006;42
17014 Vajol, La;Mujeres;2005;43
17014 Vajol, La;Mujeres;2004;44
17014 Vajol, La;Mujeres;2003;49
17014 Vajol, La;Mujeres;2002;56
17014 Vajol, La;Mujeres;2001;56
17014 Vajol, La;Mujeres;2000;46
17014 Vajol, La;Mujeres;1999;46
17014 Vajol, La;Mujeres;1998;33
17014 Vajol, La;Mujeres;1997;""
17014 Vajol, La;Mujeres;1996;38
17207 Vall d'en Bas, La;Total;2025;3.269
17207 Vall d'en Bas, La;Total;2024;3.219
17207 Vall d'en Bas, La;Total;2023;3.178
17207 Vall d'en Bas, La;Total;2022;3.143
17207 Vall d'en Bas, La;Total;2021;3.115
17207 Vall d'en Bas, La;Total;2020;3.093
17207 Vall d'en Bas, La;Total;2019;3.072
17207 Vall d'en Bas, La;Total;2018;3.029
17207 Vall d'en Bas, La;Total;2017;3.018
17207 Vall d'en Bas, La;Total;2016;2.983
17207 Vall d'en Bas, La;Total;2015;2.966
17207 Vall d'en Bas, La;Total;2014;2.965
17207 Vall d'en Bas, La;Total;2013;2.974
17207 Vall d'en Bas, La;Total;2012;2.931
17207 Vall d'en Bas, La;Total;2011;2.888
17207 Vall d'en Bas, La;Total;2010;2.833
17207 Vall d'en Bas, La;Total;2009;2.780
17207 Vall d'en Bas, La;Total;2008;2.735
17207 Vall d'en Bas, La;Total;2007;2.680
17207 Vall d'en Bas, La;Total;2006;2.650
17207 Vall d'en Bas, La;Total;2005;2.616
17207 Vall d'en Bas, La;Total;2004;2.591
17207 Vall d'en Bas, La;Total;2003;2.565
17207 Vall d'en Bas, La;Total;2002;2.508
17207 Vall d'en Bas, La;Total;2001;2.538
17207 Vall d'en Bas, La;Total;2000;2.552
17207 Vall d'en Bas, La;Total;1999;2.536
17207 Vall d'en Bas, La;Total;1998;2.501
17207 Vall d'en Bas, La;Total;1997;""
17207 Vall d'en Bas, La;Total;1996;2.542
17207 Vall d'en Bas, La;Hombres;2025;1.654
17207 Vall d'en Bas, La;Hombres;2024;1.630
17207 Vall d'en Bas, La;Hombres;2023;1.599
17207 Vall d'en Bas, La;Hombres;2022;1.590
17207 Vall d'en Bas, La;Hombres;2021;1.581
17207 Vall d'en Bas, La;Hombres;2020;1.568
17207 Vall d'en Bas, La;Hombres;2019;1.553
17207 Vall d'en Bas, La;Hombres;2018;1.528
17207 Vall d'en Bas, La;Hombres;2017;1.519
17207 Vall d'en Bas, La;Hombres;2016;1.505
17207 Vall d'en Bas, La;Hombres;2015;1.480
17207 Vall d'en Bas, La;Hombres;2014;1.485
17207 Vall d'en Bas, La;Hombres;2013;1.484
17207 Vall d'en Bas, La;Hombres;2012;1.466
17207 Vall d'en Bas, La;Hombres;2011;1.443
17207 Vall d'en Bas, La;Hombres;2010;1.422
17207 Vall d'en Bas, La;Hombres;2009;1.395
17207 Vall d'en Bas, La;Hombres;2008;1.376
17207 Vall d'en Bas, La;Hombres;2007;1.354
17207 Vall d'en Bas, La;Hombres;2006;1.345
17207 Vall d'en Bas, La;Hombres;2005;1.325
17207 Vall d'en Bas, La;Hombres;2004;1.314
17207 Vall d'en Bas, La;Hombres;2003;1.293
17207 Vall d'en Bas, La;Hombres;2002;1.273
17207 Vall d'en Bas, La;Hombres;2001;1.288
17207 Vall d'en Bas, La;Hombres;2000;1.311
17207 Vall d'en Bas, La;Hombres;1999;1.295
17207 Vall d'en Bas, La;Hombres;1998;1.285
17207 Vall d'en Bas, La;Hombres;1997;""
17207 Vall d'en Bas, La;Hombres;1996;1.293
17207 Vall d'en Bas, La;Mujeres;2025;1.615
17207 Vall d'en Bas, La;Mujeres;2024;1.589
17207 Vall d'en Bas, La;Mujeres;2023;1.579
17207 Vall d'en Bas, La;Mujeres;2022;1.553
17207 Vall d'en Bas, La;Mujeres;2021;1.534
17207 Vall d'en Bas, La;Mujeres;2020;1.525
17207 Vall d'en Bas, La;Mujeres;2019;1.519
17207 Vall d'en Bas, La;Mujeres;2018;1.501
17207 Vall d'en Bas, La;Mujeres;2017;1.499
17207 Vall d'en Bas, La;Mujeres;2016;1.478
17207 Vall d'en Bas, La;Mujeres;2015;1.486
17207 Vall d'en Bas, La;Mujeres;2014;1.480
17207 Vall d'en Bas, La;Mujeres;2013;1.490
17207 Vall d'en Bas, La;Mujeres;2012;1.465
17207 Vall d'en Bas, La;Mujeres;2011;1.445
17207 Vall d'en Bas, La;Mujeres;2010;1.411
17207 Vall d'en Bas, La;Mujeres;2009;1.385
17207 Vall d'en Bas, La;Mujeres;2008;1.359
17207 Vall d'en Bas, La;Mujeres;2007;1.326
17207 Vall d'en Bas, La;Mujeres;2006;1.305
17207 Vall d'en Bas, La;Mujeres;2005;1.291
17207 Vall d'en Bas, La;Mujeres;2004;1.277
17207 Vall d'en Bas, La;Mujeres;2003;1.272
17207 Vall d'en Bas, La;Mujeres;2002;1.235
17207 Vall d'en Bas, La;Mujeres;2001;1.250
17207 Vall d'en Bas, La;Mujeres;2000;1.241
17207 Vall d'en Bas, La;Mujeres;1999;1.241
17207 Vall d'en Bas, La;Mujeres;1998;1.216
17207 Vall d'en Bas, La;Mujeres;1997;""
17207 Vall d'en Bas, La;Mujeres;1996;1.249
17208 Vall de Bianya, La;Total;2025;1.347
17208 Vall de Bianya, La;Total;2024;1.350
17208 Vall de Bianya, La;Total;2023;1.356
17208 Vall de Bianya, La;Total;2022;1.345
17208 Vall de Bianya, La;Total;2021;1.315
17208 Vall de Bianya, La;Total;2020;1.275
17208 Vall de Bianya, La;Total;2019;1.264
17208 Vall de Bianya, La;Total;2018;1.286
17208 Vall de Bianya, La;Total;2017;1.265
17208 Vall de Bianya, La;Total;2016;1.266
17208 Vall de Bianya, La;Total;2015;1.297
17208 Vall de Bianya, La;Total;2014;1.305
17208 Vall de Bianya, La;Total;2013;1.316
17208 Vall de Bianya, La;Total;2012;1.335
17208 Vall de Bianya, La;Total;2011;1.315
17208 Vall de Bianya, La;Total;2010;1.320
17208 Vall de Bianya, La;Total;2009;1.321
17208 Vall de Bianya, La;Total;2008;1.307
17208 Vall de Bianya, La;Total;2007;1.304
17208 Vall de Bianya, La;Total;2006;1.256
17208 Vall de Bianya, La;Total;2005;1.228
17208 Vall de Bianya, La;Total;2004;1.214
17208 Vall de Bianya, La;Total;2003;1.172
17208 Vall de Bianya, La;Total;2002;1.158
17208 Vall de Bianya, La;Total;2001;1.123
17208 Vall de Bianya, La;Total;2000;1.130
17208 Vall de Bianya, La;Total;1999;1.131
17208 Vall de Bianya, La;Total;1998;1.129
17208 Vall de Bianya, La;Total;1997;""
17208 Vall de Bianya, La;Total;1996;1.076
17208 Vall de Bianya, La;Hombres;2025;661
17208 Vall de Bianya, La;Hombres;2024;669
17208 Vall de Bianya, La;Hombres;2023;672
17208 Vall de Bianya, La;Hombres;2022;673
17208 Vall de Bianya, La;Hombres;2021;664
17208 Vall de Bianya, La;Hombres;2020;641
17208 Vall de Bianya, La;Hombres;2019;639
17208 Vall de Bianya, La;Hombres;2018;651
17208 Vall de Bianya, La;Hombres;2017;633
17208 Vall de Bianya, La;Hombres;2016;635
17208 Vall de Bianya, La;Hombres;2015;661
17208 Vall de Bianya, La;Hombres;2014;657
17208 Vall de Bianya, La;Hombres;2013;668
17208 Vall de Bianya, La;Hombres;2012;680
17208 Vall de Bianya, La;Hombres;2011;667
17208 Vall de Bianya, La;Hombres;2010;667
17208 Vall de Bianya, La;Hombres;2009;668
17208 Vall de Bianya, La;Hombres;2008;660
17208 Vall de Bianya, La;Hombres;2007;658
17208 Vall de Bianya, La;Hombres;2006;640
17208 Vall de Bianya, La;Hombres;2005;618
17208 Vall de Bianya, La;Hombres;2004;602
17208 Vall de Bianya, La;Hombres;2003;584
17208 Vall de Bianya, La;Hombres;2002;573
17208 Vall de Bianya, La;Hombres;2001;560
17208 Vall de Bianya, La;Hombres;2000;569
17208 Vall de Bianya, La;Hombres;1999;564
17208 Vall de Bianya, La;Hombres;1998;556
17208 Vall de Bianya, La;Hombres;1997;""
17208 Vall de Bianya, La;Hombres;1996;524
17208 Vall de Bianya, La;Mujeres;2025;686
17208 Vall de Bianya, La;Mujeres;2024;681
17208 Vall de Bianya, La;Mujeres;2023;684
17208 Vall de Bianya, La;Mujeres;2022;672
17208 Vall de Bianya, La;Mujeres;2021;651
17208 Vall de Bianya, La;Mujeres;2020;634
17208 Vall de Bianya, La;Mujeres;2019;625
17208 Vall de Bianya, La;Mujeres;2018;635
17208 Vall de Bianya, La;Mujeres;2017;632
17208 Vall de Bianya, La;Mujeres;2016;631
17208 Vall de Bianya, La;Mujeres;2015;636
17208 Vall de Bianya, La;Mujeres;2014;648
17208 Vall de Bianya, La;Mujeres;2013;648
17208 Vall de Bianya, La;Mujeres;2012;655
17208 Vall de Bianya, La;Mujeres;2011;648
17208 Vall de Bianya, La;Mujeres;2010;653
17208 Vall de Bianya, La;Mujeres;2009;653
17208 Vall de Bianya, La;Mujeres;2008;647
17208 Vall de Bianya, La;Mujeres;2007;646
17208 Vall de Bianya, La;Mujeres;2006;616
17208 Vall de Bianya, La;Mujeres;2005;610
17208 Vall de Bianya, La;Mujeres;2004;612
17208 Vall de Bianya, La;Mujeres;2003;588
17208 Vall de Bianya, La;Mujeres;2002;585
17208 Vall de Bianya, La;Mujeres;2001;563
17208 Vall de Bianya, La;Mujeres;2000;561
17208 Vall de Bianya, La;Mujeres;1999;567
17208 Vall de Bianya, La;Mujeres;1998;573
17208 Vall de Bianya, La;Mujeres;1997;""
17208 Vall de Bianya, La;Mujeres;1996;552
17209 Vall-llobrega;Total;2025;891
17209 Vall-llobrega;Total;2024;906
17209 Vall-llobrega;Total;2023;908
17209 Vall-llobrega;Total;2022;926
17209 Vall-llobrega;Total;2021;918
17209 Vall-llobrega;Total;2020;897
17209 Vall-llobrega;Total;2019;899
17209 Vall-llobrega;Total;2018;912
17209 Vall-llobrega;Total;2017;924
17209 Vall-llobrega;Total;2016;922
17209 Vall-llobrega;Total;2015;915
17209 Vall-llobrega;Total;2014;901
17209 Vall-llobrega;Total;2013;910
17209 Vall-llobrega;Total;2012;904
17209 Vall-llobrega;Total;2011;877
17209 Vall-llobrega;Total;2010;866
17209 Vall-llobrega;Total;2009;853
17209 Vall-llobrega;Total;2008;825
17209 Vall-llobrega;Total;2007;778
17209 Vall-llobrega;Total;2006;730
17209 Vall-llobrega;Total;2005;655
17209 Vall-llobrega;Total;2004;597
17209 Vall-llobrega;Total;2003;549
17209 Vall-llobrega;Total;2002;452
17209 Vall-llobrega;Total;2001;400
17209 Vall-llobrega;Total;2000;377
17209 Vall-llobrega;Total;1999;358
17209 Vall-llobrega;Total;1998;324
17209 Vall-llobrega;Total;1997;""
17209 Vall-llobrega;Total;1996;295
17209 Vall-llobrega;Hombres;2025;454
17209 Vall-llobrega;Hombres;2024;467
17209 Vall-llobrega;Hombres;2023;456
17209 Vall-llobrega;Hombres;2022;463
17209 Vall-llobrega;Hombres;2021;464
17209 Vall-llobrega;Hombres;2020;451
17209 Vall-llobrega;Hombres;2019;446
17209 Vall-llobrega;Hombres;2018;454
17209 Vall-llobrega;Hombres;2017;464
17209 Vall-llobrega;Hombres;2016;457
17209 Vall-llobrega;Hombres;2015;458
17209 Vall-llobrega;Hombres;2014;457
17209 Vall-llobrega;Hombres;2013;467
17209 Vall-llobrega;Hombres;2012;459
17209 Vall-llobrega;Hombres;2011;439
17209 Vall-llobrega;Hombres;2010;443
17209 Vall-llobrega;Hombres;2009;432
17209 Vall-llobrega;Hombres;2008;433
17209 Vall-llobrega;Hombres;2007;400
17209 Vall-llobrega;Hombres;2006;439
17209 Vall-llobrega;Hombres;2005;319
17209 Vall-llobrega;Hombres;2004;274
17209 Vall-llobrega;Hombres;2003;249
17209 Vall-llobrega;Hombres;2002;177
17209 Vall-llobrega;Hombres;2001;151
17209 Vall-llobrega;Hombres;2000;141
17209 Vall-llobrega;Hombres;1999;147
17209 Vall-llobrega;Hombres;1998;147
17209 Vall-llobrega;Hombres;1997;""
17209 Vall-llobrega;Hombres;1996;153
17209 Vall-llobrega;Mujeres;2025;437
17209 Vall-llobrega;Mujeres;2024;439
17209 Vall-llobrega;Mujeres;2023;452
17209 Vall-llobrega;Mujeres;2022;463
17209 Vall-llobrega;Mujeres;2021;454
17209 Vall-llobrega;Mujeres;2020;446
17209 Vall-llobrega;Mujeres;2019;453
17209 Vall-llobrega;Mujeres;2018;458
17209 Vall-llobrega;Mujeres;2017;460
17209 Vall-llobrega;Mujeres;2016;465
17209 Vall-llobrega;Mujeres;2015;457
17209 Vall-llobrega;Mujeres;2014;444
17209 Vall-llobrega;Mujeres;2013;443
17209 Vall-llobrega;Mujeres;2012;445
17209 Vall-llobrega;Mujeres;2011;438
17209 Vall-llobrega;Mujeres;2010;423
17209 Vall-llobrega;Mujeres;2009;421
17209 Vall-llobrega;Mujeres;2008;392
17209 Vall-llobrega;Mujeres;2007;378
17209 Vall-llobrega;Mujeres;2006;291
17209 Vall-llobrega;Mujeres;2005;336
17209 Vall-llobrega;Mujeres;2004;323
17209 Vall-llobrega;Mujeres;2003;300
17209 Vall-llobrega;Mujeres;2002;275
17209 Vall-llobrega;Mujeres;2001;249
17209 Vall-llobrega;Mujeres;2000;236
17209 Vall-llobrega;Mujeres;1999;211
17209 Vall-llobrega;Mujeres;1998;177
17209 Vall-llobrega;Mujeres;1997;""
17209 Vall-llobrega;Mujeres;1996;142
17170 Vallfogona de Ripollès;Total;2025;225
17170 Vallfogona de Ripollès;Total;2024;222
17170 Vallfogona de Ripollès;Total;2023;222
17170 Vallfogona de Ripollès;Total;2022;222
17170 Vallfogona de Ripollès;Total;2021;213
17170 Vallfogona de Ripollès;Total;2020;196
17170 Vallfogona de Ripollès;Total;2019;206
17170 Vallfogona de Ripollès;Total;2018;212
17170 Vallfogona de Ripollès;Total;2017;204
17170 Vallfogona de Ripollès;Total;2016;200
17170 Vallfogona de Ripollès;Total;2015;205
17170 Vallfogona de Ripollès;Total;2014;215
17170 Vallfogona de Ripollès;Total;2013;217
17170 Vallfogona de Ripollès;Total;2012;223
17170 Vallfogona de Ripollès;Total;2011;223
17170 Vallfogona de Ripollès;Total;2010;234
17170 Vallfogona de Ripollès;Total;2009;221
17170 Vallfogona de Ripollès;Total;2008;225
17170 Vallfogona de Ripollès;Total;2007;219
17170 Vallfogona de Ripollès;Total;2006;206
17170 Vallfogona de Ripollès;Total;2005;221
17170 Vallfogona de Ripollès;Total;2004;224
17170 Vallfogona de Ripollès;Total;2003;213
17170 Vallfogona de Ripollès;Total;2002;214
17170 Vallfogona de Ripollès;Total;2001;210
17170 Vallfogona de Ripollès;Total;2000;219
17170 Vallfogona de Ripollès;Total;1999;224
17170 Vallfogona de Ripollès;Total;1998;217
17170 Vallfogona de Ripollès;Total;1997;""
17170 Vallfogona de Ripollès;Total;1996;230
17170 Vallfogona de Ripollès;Hombres;2025;118
17170 Vallfogona de Ripollès;Hombres;2024;115
17170 Vallfogona de Ripollès;Hombres;2023;117
17170 Vallfogona de Ripollès;Hombres;2022;116
17170 Vallfogona de Ripollès;Hombres;2021;112
17170 Vallfogona de Ripollès;Hombres;2020;107
17170 Vallfogona de Ripollès;Hombres;2019;109
17170 Vallfogona de Ripollès;Hombres;2018;115
17170 Vallfogona de Ripollès;Hombres;2017;112
17170 Vallfogona de Ripollès;Hombres;2016;111
17170 Vallfogona de Ripollès;Hombres;2015;111
17170 Vallfogona de Ripollès;Hombres;2014;116
17170 Vallfogona de Ripollès;Hombres;2013;119
17170 Vallfogona de Ripollès;Hombres;2012;121
17170 Vallfogona de Ripollès;Hombres;2011;121
17170 Vallfogona de Ripollès;Hombres;2010;130
17170 Vallfogona de Ripollès;Hombres;2009;120
17170 Vallfogona de Ripollès;Hombres;2008;118
17170 Vallfogona de Ripollès;Hombres;2007;119
17170 Vallfogona de Ripollès;Hombres;2006;110
17170 Vallfogona de Ripollès;Hombres;2005;116
17170 Vallfogona de Ripollès;Hombres;2004;118
17170 Vallfogona de Ripollès;Hombres;2003;112
17170 Vallfogona de Ripollès;Hombres;2002;113
17170 Vallfogona de Ripollès;Hombres;2001;109
17170 Vallfogona de Ripollès;Hombres;2000;114
17170 Vallfogona de Ripollès;Hombres;1999;115
17170 Vallfogona de Ripollès;Hombres;1998;112
17170 Vallfogona de Ripollès;Hombres;1997;""
17170 Vallfogona de Ripollès;Hombres;1996;117
17170 Vallfogona de Ripollès;Mujeres;2025;107
17170 Vallfogona de Ripollès;Mujeres;2024;107
17170 Vallfogona de Ripollès;Mujeres;2023;105
17170 Vallfogona de Ripollès;Mujeres;2022;106
17170 Vallfogona de Ripollès;Mujeres;2021;101
17170 Vallfogona de Ripollès;Mujeres;2020;89
17170 Vallfogona de Ripollès;Mujeres;2019;97
17170 Vallfogona de Ripollès;Mujeres;2018;97
17170 Vallfogona de Ripollès;Mujeres;2017;92
17170 Vallfogona de Ripollès;Mujeres;2016;89
17170 Vallfogona de Ripollès;Mujeres;2015;94
17170 Vallfogona de Ripollès;Mujeres;2014;99
17170 Vallfogona de Ripollès;Mujeres;2013;98
17170 Vallfogona de Ripollès;Mujeres;2012;102
17170 Vallfogona de Ripollès;Mujeres;2011;102
17170 Vallfogona de Ripollès;Mujeres;2010;104
17170 Vallfogona de Ripollès;Mujeres;2009;101
17170 Vallfogona de Ripollès;Mujeres;2008;107
17170 Vallfogona de Ripollès;Mujeres;2007;100
17170 Vallfogona de Ripollès;Mujeres;2006;96
17170 Vallfogona de Ripollès;Mujeres;2005;105
17170 Vallfogona de Ripollès;Mujeres;2004;106
17170 Vallfogona de Ripollès;Mujeres;2003;101
17170 Vallfogona de Ripollès;Mujeres;2002;101
17170 Vallfogona de Ripollès;Mujeres;2001;101
17170 Vallfogona de Ripollès;Mujeres;2000;105
17170 Vallfogona de Ripollès;Mujeres;1999;109
17170 Vallfogona de Ripollès;Mujeres;1998;105
17170 Vallfogona de Ripollès;Mujeres;1997;""
17170 Vallfogona de Ripollès;Mujeres;1996;113
17210 Ventalló;Total;2025;914
17210 Ventalló;Total;2024;891
17210 Ventalló;Total;2023;903
17210 Ventalló;Total;2022;911
17210 Ventalló;Total;2021;914
17210 Ventalló;Total;2020;846
17210 Ventalló;Total;2019;859
17210 Ventalló;Total;2018;854
17210 Ventalló;Total;2017;793
17210 Ventalló;Total;2016;802
17210 Ventalló;Total;2015;830
17210 Ventalló;Total;2014;836
17210 Ventalló;Total;2013;815
17210 Ventalló;Total;2012;816
17210 Ventalló;Total;2011;800
17210 Ventalló;Total;2010;792
17210 Ventalló;Total;2009;780
17210 Ventalló;Total;2008;730
17210 Ventalló;Total;2007;725
17210 Ventalló;Total;2006;698
17210 Ventalló;Total;2005;710
17210 Ventalló;Total;2004;669
17210 Ventalló;Total;2003;668
17210 Ventalló;Total;2002;663
17210 Ventalló;Total;2001;637
17210 Ventalló;Total;2000;608
17210 Ventalló;Total;1999;606
17210 Ventalló;Total;1998;571
17210 Ventalló;Total;1997;""
17210 Ventalló;Total;1996;547
17210 Ventalló;Hombres;2025;461
17210 Ventalló;Hombres;2024;451
17210 Ventalló;Hombres;2023;458
17210 Ventalló;Hombres;2022;456
17210 Ventalló;Hombres;2021;464
17210 Ventalló;Hombres;2020;428
17210 Ventalló;Hombres;2019;438
17210 Ventalló;Hombres;2018;432
17210 Ventalló;Hombres;2017;397
17210 Ventalló;Hombres;2016;403
17210 Ventalló;Hombres;2015;429
17210 Ventalló;Hombres;2014;439
17210 Ventalló;Hombres;2013;424
17210 Ventalló;Hombres;2012;422
17210 Ventalló;Hombres;2011;406
17210 Ventalló;Hombres;2010;412
17210 Ventalló;Hombres;2009;410
17210 Ventalló;Hombres;2008;389
17210 Ventalló;Hombres;2007;383
17210 Ventalló;Hombres;2006;375
17210 Ventalló;Hombres;2005;375
17210 Ventalló;Hombres;2004;344
17210 Ventalló;Hombres;2003;347
17210 Ventalló;Hombres;2002;349
17210 Ventalló;Hombres;2001;338
17210 Ventalló;Hombres;2000;317
17210 Ventalló;Hombres;1999;317
17210 Ventalló;Hombres;1998;296
17210 Ventalló;Hombres;1997;""
17210 Ventalló;Hombres;1996;286
17210 Ventalló;Mujeres;2025;453
17210 Ventalló;Mujeres;2024;440
17210 Ventalló;Mujeres;2023;445
17210 Ventalló;Mujeres;2022;455
17210 Ventalló;Mujeres;2021;450
17210 Ventalló;Mujeres;2020;418
17210 Ventalló;Mujeres;2019;421
17210 Ventalló;Mujeres;2018;422
17210 Ventalló;Mujeres;2017;396
17210 Ventalló;Mujeres;2016;399
17210 Ventalló;Mujeres;2015;401
17210 Ventalló;Mujeres;2014;397
17210 Ventalló;Mujeres;2013;391
17210 Ventalló;Mujeres;2012;394
17210 Ventalló;Mujeres;2011;394
17210 Ventalló;Mujeres;2010;380
17210 Ventalló;Mujeres;2009;370
17210 Ventalló;Mujeres;2008;341
17210 Ventalló;Mujeres;2007;342
17210 Ventalló;Mujeres;2006;323
17210 Ventalló;Mujeres;2005;335
17210 Ventalló;Mujeres;2004;325
17210 Ventalló;Mujeres;2003;321
17210 Ventalló;Mujeres;2002;314
17210 Ventalló;Mujeres;2001;299
17210 Ventalló;Mujeres;2000;291
17210 Ventalló;Mujeres;1999;289
17210 Ventalló;Mujeres;1998;275
17210 Ventalló;Mujeres;1997;""
17210 Ventalló;Mujeres;1996;261
17211 Verges;Total;2025;1.167
17211 Verges;Total;2024;1.187
17211 Verges;Total;2023;1.165
17211 Verges;Total;2022;1.162
17211 Verges;Total;2021;1.183
17211 Verges;Total;2020;1.169
17211 Verges;Total;2019;1.171
17211 Verges;Total;2018;1.189
17211 Verges;Total;2017;1.159
17211 Verges;Total;2016;1.150
17211 Verges;Total;2015;1.197
17211 Verges;Total;2014;1.195
17211 Verges;Total;2013;1.210
17211 Verges;Total;2012;1.193
17211 Verges;Total;2011;1.207
17211 Verges;Total;2010;1.166
17211 Verges;Total;2009;1.162
17211 Verges;Total;2008;1.195
17211 Verges;Total;2007;1.175
17211 Verges;Total;2006;1.179
17211 Verges;Total;2005;1.173
17211 Verges;Total;2004;1.155
17211 Verges;Total;2003;1.145
17211 Verges;Total;2002;1.139
17211 Verges;Total;2001;1.135
17211 Verges;Total;2000;1.134
17211 Verges;Total;1999;1.126
17211 Verges;Total;1998;1.127
17211 Verges;Total;1997;""
17211 Verges;Total;1996;1.090
17211 Verges;Hombres;2025;585
17211 Verges;Hombres;2024;587
17211 Verges;Hombres;2023;574
17211 Verges;Hombres;2022;576
17211 Verges;Hombres;2021;589
17211 Verges;Hombres;2020;575
17211 Verges;Hombres;2019;572
17211 Verges;Hombres;2018;582
17211 Verges;Hombres;2017;558
17211 Verges;Hombres;2016;559
17211 Verges;Hombres;2015;578
17211 Verges;Hombres;2014;572
17211 Verges;Hombres;2013;579
17211 Verges;Hombres;2012;585
17211 Verges;Hombres;2011;600
17211 Verges;Hombres;2010;574
17211 Verges;Hombres;2009;576
17211 Verges;Hombres;2008;602
17211 Verges;Hombres;2007;588
17211 Verges;Hombres;2006;588
17211 Verges;Hombres;2005;574
17211 Verges;Hombres;2004;568
17211 Verges;Hombres;2003;578
17211 Verges;Hombres;2002;573
17211 Verges;Hombres;2001;573
17211 Verges;Hombres;2000;566
17211 Verges;Hombres;1999;556
17211 Verges;Hombres;1998;555
17211 Verges;Hombres;1997;""
17211 Verges;Hombres;1996;542
17211 Verges;Mujeres;2025;582
17211 Verges;Mujeres;2024;600
17211 Verges;Mujeres;2023;591
17211 Verges;Mujeres;2022;586
17211 Verges;Mujeres;2021;594
17211 Verges;Mujeres;2020;594
17211 Verges;Mujeres;2019;599
17211 Verges;Mujeres;2018;607
17211 Verges;Mujeres;2017;601
17211 Verges;Mujeres;2016;591
17211 Verges;Mujeres;2015;619
17211 Verges;Mujeres;2014;623
17211 Verges;Mujeres;2013;631
17211 Verges;Mujeres;2012;608
17211 Verges;Mujeres;2011;607
17211 Verges;Mujeres;2010;592
17211 Verges;Mujeres;2009;586
17211 Verges;Mujeres;2008;593
17211 Verges;Mujeres;2007;587
17211 Verges;Mujeres;2006;591
17211 Verges;Mujeres;2005;599
17211 Verges;Mujeres;2004;587
17211 Verges;Mujeres;2003;567
17211 Verges;Mujeres;2002;566
17211 Verges;Mujeres;2001;562
17211 Verges;Mujeres;2000;568
17211 Verges;Mujeres;1999;570
17211 Verges;Mujeres;1998;572
17211 Verges;Mujeres;1997;""
17211 Verges;Mujeres;1996;548
17213 Vidreres;Total;2025;8.862
17213 Vidreres;Total;2024;8.538
17213 Vidreres;Total;2023;8.339
17213 Vidreres;Total;2022;8.167
17213 Vidreres;Total;2021;8.073
17213 Vidreres;Total;2020;7.951
17213 Vidreres;Total;2019;7.797
17213 Vidreres;Total;2018;7.740
17213 Vidreres;Total;2017;7.652
17213 Vidreres;Total;2016;7.632
17213 Vidreres;Total;2015;7.741
17213 Vidreres;Total;2014;7.702
17213 Vidreres;Total;2013;7.748
17213 Vidreres;Total;2012;7.732
17213 Vidreres;Total;2011;7.661
17213 Vidreres;Total;2010;7.629
17213 Vidreres;Total;2009;7.430
17213 Vidreres;Total;2008;7.316
17213 Vidreres;Total;2007;7.016
17213 Vidreres;Total;2006;6.676
17213 Vidreres;Total;2005;6.215
17213 Vidreres;Total;2004;5.762
17213 Vidreres;Total;2003;5.559
17213 Vidreres;Total;2002;5.287
17213 Vidreres;Total;2001;5.026
17213 Vidreres;Total;2000;4.740
17213 Vidreres;Total;1999;4.489
17213 Vidreres;Total;1998;4.302
17213 Vidreres;Total;1997;""
17213 Vidreres;Total;1996;4.095
17213 Vidreres;Hombres;2025;4.584
17213 Vidreres;Hombres;2024;4.436
17213 Vidreres;Hombres;2023;4.300
17213 Vidreres;Hombres;2022;4.217
17213 Vidreres;Hombres;2021;4.186
17213 Vidreres;Hombres;2020;4.130
17213 Vidreres;Hombres;2019;4.048
17213 Vidreres;Hombres;2018;3.995
17213 Vidreres;Hombres;2017;3.949
17213 Vidreres;Hombres;2016;3.949
17213 Vidreres;Hombres;2015;4.006
17213 Vidreres;Hombres;2014;3.981
17213 Vidreres;Hombres;2013;4.003
17213 Vidreres;Hombres;2012;4.017
17213 Vidreres;Hombres;2011;3.967
17213 Vidreres;Hombres;2010;3.941
17213 Vidreres;Hombres;2009;3.843
17213 Vidreres;Hombres;2008;3.819
17213 Vidreres;Hombres;2007;3.666
17213 Vidreres;Hombres;2006;3.501
17213 Vidreres;Hombres;2005;3.258
17213 Vidreres;Hombres;2004;3.017
17213 Vidreres;Hombres;2003;2.873
17213 Vidreres;Hombres;2002;2.719
17213 Vidreres;Hombres;2001;2.572
17213 Vidreres;Hombres;2000;2.405
17213 Vidreres;Hombres;1999;2.269
17213 Vidreres;Hombres;1998;2.162
17213 Vidreres;Hombres;1997;""
17213 Vidreres;Hombres;1996;2.036
17213 Vidreres;Mujeres;2025;4.278
17213 Vidreres;Mujeres;2024;4.102
17213 Vidreres;Mujeres;2023;4.039
17213 Vidreres;Mujeres;2022;3.950
17213 Vidreres;Mujeres;2021;3.887
17213 Vidreres;Mujeres;2020;3.821
17213 Vidreres;Mujeres;2019;3.749
17213 Vidreres;Mujeres;2018;3.745
17213 Vidreres;Mujeres;2017;3.703
17213 Vidreres;Mujeres;2016;3.683
17213 Vidreres;Mujeres;2015;3.735
17213 Vidreres;Mujeres;2014;3.721
17213 Vidreres;Mujeres;2013;3.745
17213 Vidreres;Mujeres;2012;3.715
17213 Vidreres;Mujeres;2011;3.694
17213 Vidreres;Mujeres;2010;3.688
17213 Vidreres;Mujeres;2009;3.587
17213 Vidreres;Mujeres;2008;3.497
17213 Vidreres;Mujeres;2007;3.350
17213 Vidreres;Mujeres;2006;3.175
17213 Vidreres;Mujeres;2005;2.957
17213 Vidreres;Mujeres;2004;2.745
17213 Vidreres;Mujeres;2003;2.686
17213 Vidreres;Mujeres;2002;2.568
17213 Vidreres;Mujeres;2001;2.454
17213 Vidreres;Mujeres;2000;2.335
17213 Vidreres;Mujeres;1999;2.220
17213 Vidreres;Mujeres;1998;2.140
17213 Vidreres;Mujeres;1997;""
17213 Vidreres;Mujeres;1996;2.059
17212 Vidrà;Total;2025;167
17212 Vidrà;Total;2024;169
17212 Vidrà;Total;2023;178
17212 Vidrà;Total;2022;181
17212 Vidrà;Total;2021;186
17212 Vidrà;Total;2020;177
17212 Vidrà;Total;2019;167
17212 Vidrà;Total;2018;173
17212 Vidrà;Total;2017;177
17212 Vidrà;Total;2016;176
17212 Vidrà;Total;2015;173
17212 Vidrà;Total;2014;169
17212 Vidrà;Total;2013;166
17212 Vidrà;Total;2012;163
17212 Vidrà;Total;2011;167
17212 Vidrà;Total;2010;168
17212 Vidrà;Total;2009;173
17212 Vidrà;Total;2008;178
17212 Vidrà;Total;2007;179
17212 Vidrà;Total;2006;168
17212 Vidrà;Total;2005;172
17212 Vidrà;Total;2004;162
17212 Vidrà;Total;2003;157
17212 Vidrà;Total;2002;163
17212 Vidrà;Total;2001;160
17212 Vidrà;Total;2000;158
17212 Vidrà;Total;1999;164
17212 Vidrà;Total;1998;163
17212 Vidrà;Total;1997;""
17212 Vidrà;Total;1996;172
17212 Vidrà;Hombres;2025;81
17212 Vidrà;Hombres;2024;83
17212 Vidrà;Hombres;2023;89
17212 Vidrà;Hombres;2022;91
17212 Vidrà;Hombres;2021;95
17212 Vidrà;Hombres;2020;88
17212 Vidrà;Hombres;2019;83
17212 Vidrà;Hombres;2018;88
17212 Vidrà;Hombres;2017;89
17212 Vidrà;Hombres;2016;91
17212 Vidrà;Hombres;2015;89
17212 Vidrà;Hombres;2014;87
17212 Vidrà;Hombres;2013;88
17212 Vidrà;Hombres;2012;88
17212 Vidrà;Hombres;2011;88
17212 Vidrà;Hombres;2010;88
17212 Vidrà;Hombres;2009;89
17212 Vidrà;Hombres;2008;90
17212 Vidrà;Hombres;2007;89
17212 Vidrà;Hombres;2006;84
17212 Vidrà;Hombres;2005;85
17212 Vidrà;Hombres;2004;81
17212 Vidrà;Hombres;2003;79
17212 Vidrà;Hombres;2002;82
17212 Vidrà;Hombres;2001;80
17212 Vidrà;Hombres;2000;78
17212 Vidrà;Hombres;1999;80
17212 Vidrà;Hombres;1998;82
17212 Vidrà;Hombres;1997;""
17212 Vidrà;Hombres;1996;86
17212 Vidrà;Mujeres;2025;86
17212 Vidrà;Mujeres;2024;86
17212 Vidrà;Mujeres;2023;89
17212 Vidrà;Mujeres;2022;90
17212 Vidrà;Mujeres;2021;91
17212 Vidrà;Mujeres;2020;89
17212 Vidrà;Mujeres;2019;84
17212 Vidrà;Mujeres;2018;85
17212 Vidrà;Mujeres;2017;88
17212 Vidrà;Mujeres;2016;85
17212 Vidrà;Mujeres;2015;84
17212 Vidrà;Mujeres;2014;82
17212 Vidrà;Mujeres;2013;78
17212 Vidrà;Mujeres;2012;75
17212 Vidrà;Mujeres;2011;79
17212 Vidrà;Mujeres;2010;80
17212 Vidrà;Mujeres;2009;84
17212 Vidrà;Mujeres;2008;88
17212 Vidrà;Mujeres;2007;90
17212 Vidrà;Mujeres;2006;84
17212 Vidrà;Mujeres;2005;87
17212 Vidrà;Mujeres;2004;81
17212 Vidrà;Mujeres;2003;78
17212 Vidrà;Mujeres;2002;81
17212 Vidrà;Mujeres;2001;80
17212 Vidrà;Mujeres;2000;80
17212 Vidrà;Mujeres;1999;84
17212 Vidrà;Mujeres;1998;81
17212 Vidrà;Mujeres;1997;""
17212 Vidrà;Mujeres;1996;86
17230 Vila-sacra;Total;2025;878
17230 Vila-sacra;Total;2024;811
17230 Vila-sacra;Total;2023;785
17230 Vila-sacra;Total;2022;785
17230 Vila-sacra;Total;2021;761
17230 Vila-sacra;Total;2020;758
17230 Vila-sacra;Total;2019;760
17230 Vila-sacra;Total;2018;709
17230 Vila-sacra;Total;2017;706
17230 Vila-sacra;Total;2016;713
17230 Vila-sacra;Total;2015;670
17230 Vila-sacra;Total;2014;681
17230 Vila-sacra;Total;2013;661
17230 Vila-sacra;Total;2012;671
17230 Vila-sacra;Total;2011;656
17230 Vila-sacra;Total;2010;627
17230 Vila-sacra;Total;2009;598
17230 Vila-sacra;Total;2008;545
17230 Vila-sacra;Total;2007;508
17230 Vila-sacra;Total;2006;485
17230 Vila-sacra;Total;2005;509
17230 Vila-sacra;Total;2004;483
17230 Vila-sacra;Total;2003;452
17230 Vila-sacra;Total;2002;414
17230 Vila-sacra;Total;2001;398
17230 Vila-sacra;Total;2000;383
17230 Vila-sacra;Total;1999;363
17230 Vila-sacra;Total;1998;344
17230 Vila-sacra;Total;1997;""
17230 Vila-sacra;Total;1996;351
17230 Vila-sacra;Hombres;2025;426
17230 Vila-sacra;Hombres;2024;390
17230 Vila-sacra;Hombres;2023;376
17230 Vila-sacra;Hombres;2022;377
17230 Vila-sacra;Hombres;2021;372
17230 Vila-sacra;Hombres;2020;377
17230 Vila-sacra;Hombres;2019;372
17230 Vila-sacra;Hombres;2018;348
17230 Vila-sacra;Hombres;2017;345
17230 Vila-sacra;Hombres;2016;341
17230 Vila-sacra;Hombres;2015;319
17230 Vila-sacra;Hombres;2014;327
17230 Vila-sacra;Hombres;2013;323
17230 Vila-sacra;Hombres;2012;323
17230 Vila-sacra;Hombres;2011;321
17230 Vila-sacra;Hombres;2010;301
17230 Vila-sacra;Hombres;2009;287
17230 Vila-sacra;Hombres;2008;264
17230 Vila-sacra;Hombres;2007;251
17230 Vila-sacra;Hombres;2006;241
17230 Vila-sacra;Hombres;2005;253
17230 Vila-sacra;Hombres;2004;244
17230 Vila-sacra;Hombres;2003;227
17230 Vila-sacra;Hombres;2002;209
17230 Vila-sacra;Hombres;2001;203
17230 Vila-sacra;Hombres;2000;190
17230 Vila-sacra;Hombres;1999;181
17230 Vila-sacra;Hombres;1998;165
17230 Vila-sacra;Hombres;1997;""
17230 Vila-sacra;Hombres;1996;165
17230 Vila-sacra;Mujeres;2025;452
17230 Vila-sacra;Mujeres;2024;421
17230 Vila-sacra;Mujeres;2023;409
17230 Vila-sacra;Mujeres;2022;408
17230 Vila-sacra;Mujeres;2021;389
17230 Vila-sacra;Mujeres;2020;381
17230 Vila-sacra;Mujeres;2019;388
17230 Vila-sacra;Mujeres;2018;361
17230 Vila-sacra;Mujeres;2017;361
17230 Vila-sacra;Mujeres;2016;372
17230 Vila-sacra;Mujeres;2015;351
17230 Vila-sacra;Mujeres;2014;354
17230 Vila-sacra;Mujeres;2013;338
17230 Vila-sacra;Mujeres;2012;348
17230 Vila-sacra;Mujeres;2011;335
17230 Vila-sacra;Mujeres;2010;326
17230 Vila-sacra;Mujeres;2009;311
17230 Vila-sacra;Mujeres;2008;281
17230 Vila-sacra;Mujeres;2007;257
17230 Vila-sacra;Mujeres;2006;244
17230 Vila-sacra;Mujeres;2005;256
17230 Vila-sacra;Mujeres;2004;239
17230 Vila-sacra;Mujeres;2003;225
17230 Vila-sacra;Mujeres;2002;205
17230 Vila-sacra;Mujeres;2001;195
17230 Vila-sacra;Mujeres;2000;193
17230 Vila-sacra;Mujeres;1999;182
17230 Vila-sacra;Mujeres;1998;179
17230 Vila-sacra;Mujeres;1997;""
17230 Vila-sacra;Mujeres;1996;186
17214 Vilabertran;Total;2025;961
17214 Vilabertran;Total;2024;984
17214 Vilabertran;Total;2023;995
17214 Vilabertran;Total;2022;991
17214 Vilabertran;Total;2021;969
17214 Vilabertran;Total;2020;993
17214 Vilabertran;Total;2019;979
17214 Vilabertran;Total;2018;951
17214 Vilabertran;Total;2017;919
17214 Vilabertran;Total;2016;919
17214 Vilabertran;Total;2015;902
17214 Vilabertran;Total;2014;913
17214 Vilabertran;Total;2013;917
17214 Vilabertran;Total;2012;911
17214 Vilabertran;Total;2011;902
17214 Vilabertran;Total;2010;907
17214 Vilabertran;Total;2009;882
17214 Vilabertran;Total;2008;860
17214 Vilabertran;Total;2007;844
17214 Vilabertran;Total;2006;843
17214 Vilabertran;Total;2005;831
17214 Vilabertran;Total;2004;822
17214 Vilabertran;Total;2003;798
17214 Vilabertran;Total;2002;813
17214 Vilabertran;Total;2001;791
17214 Vilabertran;Total;2000;784
17214 Vilabertran;Total;1999;797
17214 Vilabertran;Total;1998;775
17214 Vilabertran;Total;1997;""
17214 Vilabertran;Total;1996;795
17214 Vilabertran;Hombres;2025;485
17214 Vilabertran;Hombres;2024;494
17214 Vilabertran;Hombres;2023;497
17214 Vilabertran;Hombres;2022;497
17214 Vilabertran;Hombres;2021;483
17214 Vilabertran;Hombres;2020;493
17214 Vilabertran;Hombres;2019;489
17214 Vilabertran;Hombres;2018;486
17214 Vilabertran;Hombres;2017;468
17214 Vilabertran;Hombres;2016;467
17214 Vilabertran;Hombres;2015;460
17214 Vilabertran;Hombres;2014;468
17214 Vilabertran;Hombres;2013;475
17214 Vilabertran;Hombres;2012;468
17214 Vilabertran;Hombres;2011;463
17214 Vilabertran;Hombres;2010;480
17214 Vilabertran;Hombres;2009;469
17214 Vilabertran;Hombres;2008;455
17214 Vilabertran;Hombres;2007;439
17214 Vilabertran;Hombres;2006;435
17214 Vilabertran;Hombres;2005;423
17214 Vilabertran;Hombres;2004;420
17214 Vilabertran;Hombres;2003;410
17214 Vilabertran;Hombres;2002;413
17214 Vilabertran;Hombres;2001;401
17214 Vilabertran;Hombres;2000;397
17214 Vilabertran;Hombres;1999;400
17214 Vilabertran;Hombres;1998;388
17214 Vilabertran;Hombres;1997;""
17214 Vilabertran;Hombres;1996;395
17214 Vilabertran;Mujeres;2025;476
17214 Vilabertran;Mujeres;2024;490
17214 Vilabertran;Mujeres;2023;498
17214 Vilabertran;Mujeres;2022;494
17214 Vilabertran;Mujeres;2021;486
17214 Vilabertran;Mujeres;2020;500
17214 Vilabertran;Mujeres;2019;490
17214 Vilabertran;Mujeres;2018;465
17214 Vilabertran;Mujeres;2017;451
17214 Vilabertran;Mujeres;2016;452
17214 Vilabertran;Mujeres;2015;442
17214 Vilabertran;Mujeres;2014;445
17214 Vilabertran;Mujeres;2013;442
17214 Vilabertran;Mujeres;2012;443
17214 Vilabertran;Mujeres;2011;439
17214 Vilabertran;Mujeres;2010;427
17214 Vilabertran;Mujeres;2009;413
17214 Vilabertran;Mujeres;2008;405
17214 Vilabertran;Mujeres;2007;405
17214 Vilabertran;Mujeres;2006;408
17214 Vilabertran;Mujeres;2005;408
17214 Vilabertran;Mujeres;2004;402
17214 Vilabertran;Mujeres;2003;388
17214 Vilabertran;Mujeres;2002;400
17214 Vilabertran;Mujeres;2001;390
17214 Vilabertran;Mujeres;2000;387
17214 Vilabertran;Mujeres;1999;397
17214 Vilabertran;Mujeres;1998;387
17214 Vilabertran;Mujeres;1997;""
17214 Vilabertran;Mujeres;1996;400
17215 Vilablareix;Total;2025;4.077
17215 Vilablareix;Total;2024;3.772
17215 Vilablareix;Total;2023;3.511
17215 Vilablareix;Total;2022;3.396
17215 Vilablareix;Total;2021;3.225
17215 Vilablareix;Total;2020;3.063
17215 Vilablareix;Total;2019;2.897
17215 Vilablareix;Total;2018;2.789
17215 Vilablareix;Total;2017;2.691
17215 Vilablareix;Total;2016;2.636
17215 Vilablareix;Total;2015;2.559
17215 Vilablareix;Total;2014;2.529
17215 Vilablareix;Total;2013;2.492
17215 Vilablareix;Total;2012;2.427
17215 Vilablareix;Total;2011;2.401
17215 Vilablareix;Total;2010;2.297
17215 Vilablareix;Total;2009;2.283
17215 Vilablareix;Total;2008;2.277
17215 Vilablareix;Total;2007;2.266
17215 Vilablareix;Total;2006;2.213
17215 Vilablareix;Total;2005;2.189
17215 Vilablareix;Total;2004;2.146
17215 Vilablareix;Total;2003;2.099
17215 Vilablareix;Total;2002;2.098
17215 Vilablareix;Total;2001;1.982
17215 Vilablareix;Total;2000;1.842
17215 Vilablareix;Total;1999;1.658
17215 Vilablareix;Total;1998;1.535
17215 Vilablareix;Total;1997;""
17215 Vilablareix;Total;1996;1.323
17215 Vilablareix;Hombres;2025;2.036
17215 Vilablareix;Hombres;2024;1.875
17215 Vilablareix;Hombres;2023;1.753
17215 Vilablareix;Hombres;2022;1.691
17215 Vilablareix;Hombres;2021;1.609
17215 Vilablareix;Hombres;2020;1.517
17215 Vilablareix;Hombres;2019;1.438
17215 Vilablareix;Hombres;2018;1.383
17215 Vilablareix;Hombres;2017;1.328
17215 Vilablareix;Hombres;2016;1.302
17215 Vilablareix;Hombres;2015;1.256
17215 Vilablareix;Hombres;2014;1.250
17215 Vilablareix;Hombres;2013;1.225
17215 Vilablareix;Hombres;2012;1.203
17215 Vilablareix;Hombres;2011;1.186
17215 Vilablareix;Hombres;2010;1.133
17215 Vilablareix;Hombres;2009;1.123
17215 Vilablareix;Hombres;2008;1.129
17215 Vilablareix;Hombres;2007;1.133
17215 Vilablareix;Hombres;2006;1.107
17215 Vilablareix;Hombres;2005;1.101
17215 Vilablareix;Hombres;2004;1.080
17215 Vilablareix;Hombres;2003;1.056
17215 Vilablareix;Hombres;2002;1.053
17215 Vilablareix;Hombres;2001;991
17215 Vilablareix;Hombres;2000;916
17215 Vilablareix;Hombres;1999;826
17215 Vilablareix;Hombres;1998;766
17215 Vilablareix;Hombres;1997;""
17215 Vilablareix;Hombres;1996;653
17215 Vilablareix;Mujeres;2025;2.041
17215 Vilablareix;Mujeres;2024;1.897
17215 Vilablareix;Mujeres;2023;1.758
17215 Vilablareix;Mujeres;2022;1.705
17215 Vilablareix;Mujeres;2021;1.616
17215 Vilablareix;Mujeres;2020;1.546
17215 Vilablareix;Mujeres;2019;1.459
17215 Vilablareix;Mujeres;2018;1.406
17215 Vilablareix;Mujeres;2017;1.363
17215 Vilablareix;Mujeres;2016;1.334
17215 Vilablareix;Mujeres;2015;1.303
17215 Vilablareix;Mujeres;2014;1.279
17215 Vilablareix;Mujeres;2013;1.267
17215 Vilablareix;Mujeres;2012;1.224
17215 Vilablareix;Mujeres;2011;1.215
17215 Vilablareix;Mujeres;2010;1.164
17215 Vilablareix;Mujeres;2009;1.160
17215 Vilablareix;Mujeres;2008;1.148
17215 Vilablareix;Mujeres;2007;1.133
17215 Vilablareix;Mujeres;2006;1.106
17215 Vilablareix;Mujeres;2005;1.088
17215 Vilablareix;Mujeres;2004;1.066
17215 Vilablareix;Mujeres;2003;1.043
17215 Vilablareix;Mujeres;2002;1.045
17215 Vilablareix;Mujeres;2001;991
17215 Vilablareix;Mujeres;2000;926
17215 Vilablareix;Mujeres;1999;832
17215 Vilablareix;Mujeres;1998;769
17215 Vilablareix;Mujeres;1997;""
17215 Vilablareix;Mujeres;1996;670
17217 Viladamat;Total;2025;500
17217 Viladamat;Total;2024;492
17217 Viladamat;Total;2023;488
17217 Viladamat;Total;2022;479
17217 Viladamat;Total;2021;471
17217 Viladamat;Total;2020;458
17217 Viladamat;Total;2019;468
17217 Viladamat;Total;2018;466
17217 Viladamat;Total;2017;468
17217 Viladamat;Total;2016;466
17217 Viladamat;Total;2015;441
17217 Viladamat;Total;2014;440
17217 Viladamat;Total;2013;453
17217 Viladamat;Total;2012;451
17217 Viladamat;Total;2011;458
17217 Viladamat;Total;2010;458
17217 Viladamat;Total;2009;466
17217 Viladamat;Total;2008;439
17217 Viladamat;Total;2007;440
17217 Viladamat;Total;2006;421
17217 Viladamat;Total;2005;422
17217 Viladamat;Total;2004;404
17217 Viladamat;Total;2003;386
17217 Viladamat;Total;2002;397
17217 Viladamat;Total;2001;405
17217 Viladamat;Total;2000;417
17217 Viladamat;Total;1999;404
17217 Viladamat;Total;1998;408
17217 Viladamat;Total;1997;""
17217 Viladamat;Total;1996;401
17217 Viladamat;Hombres;2025;266
17217 Viladamat;Hombres;2024;259
17217 Viladamat;Hombres;2023;247
17217 Viladamat;Hombres;2022;242
17217 Viladamat;Hombres;2021;237
17217 Viladamat;Hombres;2020;232
17217 Viladamat;Hombres;2019;241
17217 Viladamat;Hombres;2018;246
17217 Viladamat;Hombres;2017;241
17217 Viladamat;Hombres;2016;238
17217 Viladamat;Hombres;2015;229
17217 Viladamat;Hombres;2014;227
17217 Viladamat;Hombres;2013;236
17217 Viladamat;Hombres;2012;237
17217 Viladamat;Hombres;2011;242
17217 Viladamat;Hombres;2010;240
17217 Viladamat;Hombres;2009;241
17217 Viladamat;Hombres;2008;231
17217 Viladamat;Hombres;2007;229
17217 Viladamat;Hombres;2006;216
17217 Viladamat;Hombres;2005;214
17217 Viladamat;Hombres;2004;207
17217 Viladamat;Hombres;2003;198
17217 Viladamat;Hombres;2002;206
17217 Viladamat;Hombres;2001;211
17217 Viladamat;Hombres;2000;221
17217 Viladamat;Hombres;1999;212
17217 Viladamat;Hombres;1998;210
17217 Viladamat;Hombres;1997;""
17217 Viladamat;Hombres;1996;204
17217 Viladamat;Mujeres;2025;234
17217 Viladamat;Mujeres;2024;233
17217 Viladamat;Mujeres;2023;241
17217 Viladamat;Mujeres;2022;237
17217 Viladamat;Mujeres;2021;234
17217 Viladamat;Mujeres;2020;226
17217 Viladamat;Mujeres;2019;227
17217 Viladamat;Mujeres;2018;220
17217 Viladamat;Mujeres;2017;227
17217 Viladamat;Mujeres;2016;228
17217 Viladamat;Mujeres;2015;212
17217 Viladamat;Mujeres;2014;213
17217 Viladamat;Mujeres;2013;217
17217 Viladamat;Mujeres;2012;214
17217 Viladamat;Mujeres;2011;216
17217 Viladamat;Mujeres;2010;218
17217 Viladamat;Mujeres;2009;225
17217 Viladamat;Mujeres;2008;208
17217 Viladamat;Mujeres;2007;211
17217 Viladamat;Mujeres;2006;205
17217 Viladamat;Mujeres;2005;208
17217 Viladamat;Mujeres;2004;197
17217 Viladamat;Mujeres;2003;188
17217 Viladamat;Mujeres;2002;191
17217 Viladamat;Mujeres;2001;194
17217 Viladamat;Mujeres;2000;196
17217 Viladamat;Mujeres;1999;192
17217 Viladamat;Mujeres;1998;198
17217 Viladamat;Mujeres;1997;""
17217 Viladamat;Mujeres;1996;197
17216 Viladasens;Total;2025;206
17216 Viladasens;Total;2024;212
17216 Viladasens;Total;2023;222
17216 Viladasens;Total;2022;216
17216 Viladasens;Total;2021;214
17216 Viladasens;Total;2020;206
17216 Viladasens;Total;2019;200
17216 Viladasens;Total;2018;204
17216 Viladasens;Total;2017;216
17216 Viladasens;Total;2016;224
17216 Viladasens;Total;2015;221
17216 Viladasens;Total;2014;216
17216 Viladasens;Total;2013;218
17216 Viladasens;Total;2012;208
17216 Viladasens;Total;2011;210
17216 Viladasens;Total;2010;216
17216 Viladasens;Total;2009;217
17216 Viladasens;Total;2008;207
17216 Viladasens;Total;2007;200
17216 Viladasens;Total;2006;191
17216 Viladasens;Total;2005;182
17216 Viladasens;Total;2004;172
17216 Viladasens;Total;2003;167
17216 Viladasens;Total;2002;173
17216 Viladasens;Total;2001;181
17216 Viladasens;Total;2000;185
17216 Viladasens;Total;1999;187
17216 Viladasens;Total;1998;193
17216 Viladasens;Total;1997;""
17216 Viladasens;Total;1996;182
17216 Viladasens;Hombres;2025;111
17216 Viladasens;Hombres;2024;115
17216 Viladasens;Hombres;2023;122
17216 Viladasens;Hombres;2022;116
17216 Viladasens;Hombres;2021;115
17216 Viladasens;Hombres;2020;110
17216 Viladasens;Hombres;2019;107
17216 Viladasens;Hombres;2018;108
17216 Viladasens;Hombres;2017;112
17216 Viladasens;Hombres;2016;114
17216 Viladasens;Hombres;2015;114
17216 Viladasens;Hombres;2014;112
17216 Viladasens;Hombres;2013;112
17216 Viladasens;Hombres;2012;108
17216 Viladasens;Hombres;2011;110
17216 Viladasens;Hombres;2010;111
17216 Viladasens;Hombres;2009;111
17216 Viladasens;Hombres;2008;104
17216 Viladasens;Hombres;2007;98
17216 Viladasens;Hombres;2006;98
17216 Viladasens;Hombres;2005;92
17216 Viladasens;Hombres;2004;89
17216 Viladasens;Hombres;2003;89
17216 Viladasens;Hombres;2002;89
17216 Viladasens;Hombres;2001;94
17216 Viladasens;Hombres;2000;96
17216 Viladasens;Hombres;1999;96
17216 Viladasens;Hombres;1998;98
17216 Viladasens;Hombres;1997;""
17216 Viladasens;Hombres;1996;97
17216 Viladasens;Mujeres;2025;95
17216 Viladasens;Mujeres;2024;97
17216 Viladasens;Mujeres;2023;100
17216 Viladasens;Mujeres;2022;100
17216 Viladasens;Mujeres;2021;99
17216 Viladasens;Mujeres;2020;96
17216 Viladasens;Mujeres;2019;93
17216 Viladasens;Mujeres;2018;96
17216 Viladasens;Mujeres;2017;104
17216 Viladasens;Mujeres;2016;110
17216 Viladasens;Mujeres;2015;107
17216 Viladasens;Mujeres;2014;104
17216 Viladasens;Mujeres;2013;106
17216 Viladasens;Mujeres;2012;100
17216 Viladasens;Mujeres;2011;100
17216 Viladasens;Mujeres;2010;105
17216 Viladasens;Mujeres;2009;106
17216 Viladasens;Mujeres;2008;103
17216 Viladasens;Mujeres;2007;102
17216 Viladasens;Mujeres;2006;93
17216 Viladasens;Mujeres;2005;90
17216 Viladasens;Mujeres;2004;83
17216 Viladasens;Mujeres;2003;78
17216 Viladasens;Mujeres;2002;84
17216 Viladasens;Mujeres;2001;87
17216 Viladasens;Mujeres;2000;89
17216 Viladasens;Mujeres;1999;91
17216 Viladasens;Mujeres;1998;95
17216 Viladasens;Mujeres;1997;""
17216 Viladasens;Mujeres;1996;85
17218 Vilademuls;Total;2025;898
17218 Vilademuls;Total;2024;866
17218 Vilademuls;Total;2023;842
17218 Vilademuls;Total;2022;840
17218 Vilademuls;Total;2021;835
17218 Vilademuls;Total;2020;835
17218 Vilademuls;Total;2019;815
17218 Vilademuls;Total;2018;823
17218 Vilademuls;Total;2017;789
17218 Vilademuls;Total;2016;808
17218 Vilademuls;Total;2015;834
17218 Vilademuls;Total;2014;787
17218 Vilademuls;Total;2013;802
17218 Vilademuls;Total;2012;780
17218 Vilademuls;Total;2011;780
17218 Vilademuls;Total;2010;766
17218 Vilademuls;Total;2009;786
17218 Vilademuls;Total;2008;781
17218 Vilademuls;Total;2007;769
17218 Vilademuls;Total;2006;786
17218 Vilademuls;Total;2005;787
17218 Vilademuls;Total;2004;769
17218 Vilademuls;Total;2003;770
17218 Vilademuls;Total;2002;737
17218 Vilademuls;Total;2001;728
17218 Vilademuls;Total;2000;720
17218 Vilademuls;Total;1999;744
17218 Vilademuls;Total;1998;736
17218 Vilademuls;Total;1997;""
17218 Vilademuls;Total;1996;751
17218 Vilademuls;Hombres;2025;466
17218 Vilademuls;Hombres;2024;447
17218 Vilademuls;Hombres;2023;434
17218 Vilademuls;Hombres;2022;437
17218 Vilademuls;Hombres;2021;431
17218 Vilademuls;Hombres;2020;431
17218 Vilademuls;Hombres;2019;424
17218 Vilademuls;Hombres;2018;432
17218 Vilademuls;Hombres;2017;415
17218 Vilademuls;Hombres;2016;426
17218 Vilademuls;Hombres;2015;436
17218 Vilademuls;Hombres;2014;408
17218 Vilademuls;Hombres;2013;407
17218 Vilademuls;Hombres;2012;396
17218 Vilademuls;Hombres;2011;397
17218 Vilademuls;Hombres;2010;401
17218 Vilademuls;Hombres;2009;408
17218 Vilademuls;Hombres;2008;407
17218 Vilademuls;Hombres;2007;406
17218 Vilademuls;Hombres;2006;409
17218 Vilademuls;Hombres;2005;409
17218 Vilademuls;Hombres;2004;398
17218 Vilademuls;Hombres;2003;403
17218 Vilademuls;Hombres;2002;384
17218 Vilademuls;Hombres;2001;370
17218 Vilademuls;Hombres;2000;365
17218 Vilademuls;Hombres;1999;373
17218 Vilademuls;Hombres;1998;371
17218 Vilademuls;Hombres;1997;""
17218 Vilademuls;Hombres;1996;378
17218 Vilademuls;Mujeres;2025;432
17218 Vilademuls;Mujeres;2024;419
17218 Vilademuls;Mujeres;2023;408
17218 Vilademuls;Mujeres;2022;403
17218 Vilademuls;Mujeres;2021;404
17218 Vilademuls;Mujeres;2020;404
17218 Vilademuls;Mujeres;2019;391
17218 Vilademuls;Mujeres;2018;391
17218 Vilademuls;Mujeres;2017;374
17218 Vilademuls;Mujeres;2016;382
17218 Vilademuls;Mujeres;2015;398
17218 Vilademuls;Mujeres;2014;379
17218 Vilademuls;Mujeres;2013;395
17218 Vilademuls;Mujeres;2012;384
17218 Vilademuls;Mujeres;2011;383
17218 Vilademuls;Mujeres;2010;365
17218 Vilademuls;Mujeres;2009;378
17218 Vilademuls;Mujeres;2008;374
17218 Vilademuls;Mujeres;2007;363
17218 Vilademuls;Mujeres;2006;377
17218 Vilademuls;Mujeres;2005;378
17218 Vilademuls;Mujeres;2004;371
17218 Vilademuls;Mujeres;2003;367
17218 Vilademuls;Mujeres;2002;353
17218 Vilademuls;Mujeres;2001;358
17218 Vilademuls;Mujeres;2000;355
17218 Vilademuls;Mujeres;1999;371
17218 Vilademuls;Mujeres;1998;365
17218 Vilademuls;Mujeres;1997;""
17218 Vilademuls;Mujeres;1996;373
17220 Viladrau;Total;2025;1.184
17220 Viladrau;Total;2024;1.172
17220 Viladrau;Total;2023;1.133
17220 Viladrau;Total;2022;1.103
17220 Viladrau;Total;2021;1.102
17220 Viladrau;Total;2020;1.047
17220 Viladrau;Total;2019;1.040
17220 Viladrau;Total;2018;1.026
17220 Viladrau;Total;2017;1.038
17220 Viladrau;Total;2016;1.030
17220 Viladrau;Total;2015;1.035
17220 Viladrau;Total;2014;1.037
17220 Viladrau;Total;2013;1.065
17220 Viladrau;Total;2012;1.087
17220 Viladrau;Total;2011;1.102
17220 Viladrau;Total;2010;1.098
17220 Viladrau;Total;2009;1.100
17220 Viladrau;Total;2008;1.066
17220 Viladrau;Total;2007;1.036
17220 Viladrau;Total;2006;999
17220 Viladrau;Total;2005;982
17220 Viladrau;Total;2004;959
17220 Viladrau;Total;2003;906
17220 Viladrau;Total;2002;879
17220 Viladrau;Total;2001;863
17220 Viladrau;Total;2000;856
17220 Viladrau;Total;1999;856
17220 Viladrau;Total;1998;861
17220 Viladrau;Total;1997;""
17220 Viladrau;Total;1996;866
17220 Viladrau;Hombres;2025;593
17220 Viladrau;Hombres;2024;589
17220 Viladrau;Hombres;2023;568
17220 Viladrau;Hombres;2022;556
17220 Viladrau;Hombres;2021;542
17220 Viladrau;Hombres;2020;508
17220 Viladrau;Hombres;2019;509
17220 Viladrau;Hombres;2018;505
17220 Viladrau;Hombres;2017;517
17220 Viladrau;Hombres;2016;518
17220 Viladrau;Hombres;2015;527
17220 Viladrau;Hombres;2014;527
17220 Viladrau;Hombres;2013;538
17220 Viladrau;Hombres;2012;553
17220 Viladrau;Hombres;2011;558
17220 Viladrau;Hombres;2010;562
17220 Viladrau;Hombres;2009;567
17220 Viladrau;Hombres;2008;554
17220 Viladrau;Hombres;2007;535
17220 Viladrau;Hombres;2006;522
17220 Viladrau;Hombres;2005;512
17220 Viladrau;Hombres;2004;499
17220 Viladrau;Hombres;2003;469
17220 Viladrau;Hombres;2002;451
17220 Viladrau;Hombres;2001;430
17220 Viladrau;Hombres;2000;426
17220 Viladrau;Hombres;1999;429
17220 Viladrau;Hombres;1998;434
17220 Viladrau;Hombres;1997;""
17220 Viladrau;Hombres;1996;440
17220 Viladrau;Mujeres;2025;591
17220 Viladrau;Mujeres;2024;583
17220 Viladrau;Mujeres;2023;565
17220 Viladrau;Mujeres;2022;547
17220 Viladrau;Mujeres;2021;560
17220 Viladrau;Mujeres;2020;539
17220 Viladrau;Mujeres;2019;531
17220 Viladrau;Mujeres;2018;521
17220 Viladrau;Mujeres;2017;521
17220 Viladrau;Mujeres;2016;512
17220 Viladrau;Mujeres;2015;508
17220 Viladrau;Mujeres;2014;510
17220 Viladrau;Mujeres;2013;527
17220 Viladrau;Mujeres;2012;534
17220 Viladrau;Mujeres;2011;544
17220 Viladrau;Mujeres;2010;536
17220 Viladrau;Mujeres;2009;533
17220 Viladrau;Mujeres;2008;512
17220 Viladrau;Mujeres;2007;501
17220 Viladrau;Mujeres;2006;477
17220 Viladrau;Mujeres;2005;470
17220 Viladrau;Mujeres;2004;460
17220 Viladrau;Mujeres;2003;437
17220 Viladrau;Mujeres;2002;428
17220 Viladrau;Mujeres;2001;433
17220 Viladrau;Mujeres;2000;430
17220 Viladrau;Mujeres;1999;427
17220 Viladrau;Mujeres;1998;427
17220 Viladrau;Mujeres;1997;""
17220 Viladrau;Mujeres;1996;426
17221 Vilafant;Total;2025;5.663
17221 Vilafant;Total;2024;5.706
17221 Vilafant;Total;2023;5.642
17221 Vilafant;Total;2022;5.562
17221 Vilafant;Total;2021;5.480
17221 Vilafant;Total;2020;5.421
17221 Vilafant;Total;2019;5.394
17221 Vilafant;Total;2018;5.443
17221 Vilafant;Total;2017;5.465
17221 Vilafant;Total;2016;5.466
17221 Vilafant;Total;2015;5.543
17221 Vilafant;Total;2014;5.481
17221 Vilafant;Total;2013;5.502
17221 Vilafant;Total;2012;5.523
17221 Vilafant;Total;2011;5.465
17221 Vilafant;Total;2010;5.429
17221 Vilafant;Total;2009;5.416
17221 Vilafant;Total;2008;5.314
17221 Vilafant;Total;2007;5.193
17221 Vilafant;Total;2006;5.013
17221 Vilafant;Total;2005;4.852
17221 Vilafant;Total;2004;4.657
17221 Vilafant;Total;2003;4.482
17221 Vilafant;Total;2002;4.359
17221 Vilafant;Total;2001;4.234
17221 Vilafant;Total;2000;4.100
17221 Vilafant;Total;1999;3.834
17221 Vilafant;Total;1998;3.636
17221 Vilafant;Total;1997;""
17221 Vilafant;Total;1996;3.467
17221 Vilafant;Hombres;2025;2.816
17221 Vilafant;Hombres;2024;2.820
17221 Vilafant;Hombres;2023;2.789
17221 Vilafant;Hombres;2022;2.740
17221 Vilafant;Hombres;2021;2.693
17221 Vilafant;Hombres;2020;2.660
17221 Vilafant;Hombres;2019;2.636
17221 Vilafant;Hombres;2018;2.658
17221 Vilafant;Hombres;2017;2.700
17221 Vilafant;Hombres;2016;2.689
17221 Vilafant;Hombres;2015;2.720
17221 Vilafant;Hombres;2014;2.694
17221 Vilafant;Hombres;2013;2.705
17221 Vilafant;Hombres;2012;2.733
17221 Vilafant;Hombres;2011;2.726
17221 Vilafant;Hombres;2010;2.687
17221 Vilafant;Hombres;2009;2.676
17221 Vilafant;Hombres;2008;2.640
17221 Vilafant;Hombres;2007;2.595
17221 Vilafant;Hombres;2006;2.489
17221 Vilafant;Hombres;2005;2.423
17221 Vilafant;Hombres;2004;2.324
17221 Vilafant;Hombres;2003;2.238
17221 Vilafant;Hombres;2002;2.180
17221 Vilafant;Hombres;2001;2.118
17221 Vilafant;Hombres;2000;2.047
17221 Vilafant;Hombres;1999;1.909
17221 Vilafant;Hombres;1998;1.822
17221 Vilafant;Hombres;1997;""
17221 Vilafant;Hombres;1996;1.715
17221 Vilafant;Mujeres;2025;2.847
17221 Vilafant;Mujeres;2024;2.886
17221 Vilafant;Mujeres;2023;2.853
17221 Vilafant;Mujeres;2022;2.822
17221 Vilafant;Mujeres;2021;2.787
17221 Vilafant;Mujeres;2020;2.761
17221 Vilafant;Mujeres;2019;2.758
17221 Vilafant;Mujeres;2018;2.785
17221 Vilafant;Mujeres;2017;2.765
17221 Vilafant;Mujeres;2016;2.777
17221 Vilafant;Mujeres;2015;2.823
17221 Vilafant;Mujeres;2014;2.787
17221 Vilafant;Mujeres;2013;2.797
17221 Vilafant;Mujeres;2012;2.790
17221 Vilafant;Mujeres;2011;2.739
17221 Vilafant;Mujeres;2010;2.742
17221 Vilafant;Mujeres;2009;2.740
17221 Vilafant;Mujeres;2008;2.674
17221 Vilafant;Mujeres;2007;2.598
17221 Vilafant;Mujeres;2006;2.524
17221 Vilafant;Mujeres;2005;2.429
17221 Vilafant;Mujeres;2004;2.333
17221 Vilafant;Mujeres;2003;2.244
17221 Vilafant;Mujeres;2002;2.179
17221 Vilafant;Mujeres;2001;2.116
17221 Vilafant;Mujeres;2000;2.053
17221 Vilafant;Mujeres;1999;1.925
17221 Vilafant;Mujeres;1998;1.814
17221 Vilafant;Mujeres;1997;""
17221 Vilafant;Mujeres;1996;1.752
17223 Vilajuïga;Total;2025;1.177
17223 Vilajuïga;Total;2024;1.179
17223 Vilajuïga;Total;2023;1.153
17223 Vilajuïga;Total;2022;1.142
17223 Vilajuïga;Total;2021;1.124
17223 Vilajuïga;Total;2020;1.116
17223 Vilajuïga;Total;2019;1.104
17223 Vilajuïga;Total;2018;1.112
17223 Vilajuïga;Total;2017;1.123
17223 Vilajuïga;Total;2016;1.155
17223 Vilajuïga;Total;2015;1.169
17223 Vilajuïga;Total;2014;1.190
17223 Vilajuïga;Total;2013;1.220
17223 Vilajuïga;Total;2012;1.177
17223 Vilajuïga;Total;2011;1.166
17223 Vilajuïga;Total;2010;1.155
17223 Vilajuïga;Total;2009;1.149
17223 Vilajuïga;Total;2008;1.138
17223 Vilajuïga;Total;2007;1.117
17223 Vilajuïga;Total;2006;1.072
17223 Vilajuïga;Total;2005;1.059
17223 Vilajuïga;Total;2004;1.035
17223 Vilajuïga;Total;2003;1.013
17223 Vilajuïga;Total;2002;1.002
17223 Vilajuïga;Total;2001;980
17223 Vilajuïga;Total;2000;953
17223 Vilajuïga;Total;1999;924
17223 Vilajuïga;Total;1998;894
17223 Vilajuïga;Total;1997;""
17223 Vilajuïga;Total;1996;856
17223 Vilajuïga;Hombres;2025;585
17223 Vilajuïga;Hombres;2024;585
17223 Vilajuïga;Hombres;2023;572
17223 Vilajuïga;Hombres;2022;567
17223 Vilajuïga;Hombres;2021;556
17223 Vilajuïga;Hombres;2020;558
17223 Vilajuïga;Hombres;2019;549
17223 Vilajuïga;Hombres;2018;552
17223 Vilajuïga;Hombres;2017;561
17223 Vilajuïga;Hombres;2016;570
17223 Vilajuïga;Hombres;2015;577
17223 Vilajuïga;Hombres;2014;590
17223 Vilajuïga;Hombres;2013;602
17223 Vilajuïga;Hombres;2012;577
17223 Vilajuïga;Hombres;2011;575
17223 Vilajuïga;Hombres;2010;565
17223 Vilajuïga;Hombres;2009;561
17223 Vilajuïga;Hombres;2008;570
17223 Vilajuïga;Hombres;2007;562
17223 Vilajuïga;Hombres;2006;530
17223 Vilajuïga;Hombres;2005;517
17223 Vilajuïga;Hombres;2004;512
17223 Vilajuïga;Hombres;2003;503
17223 Vilajuïga;Hombres;2002;500
17223 Vilajuïga;Hombres;2001;491
17223 Vilajuïga;Hombres;2000;474
17223 Vilajuïga;Hombres;1999;462
17223 Vilajuïga;Hombres;1998;443
17223 Vilajuïga;Hombres;1997;""
17223 Vilajuïga;Hombres;1996;425
17223 Vilajuïga;Mujeres;2025;592
17223 Vilajuïga;Mujeres;2024;594
17223 Vilajuïga;Mujeres;2023;581
17223 Vilajuïga;Mujeres;2022;575
17223 Vilajuïga;Mujeres;2021;568
17223 Vilajuïga;Mujeres;2020;558
17223 Vilajuïga;Mujeres;2019;555
17223 Vilajuïga;Mujeres;2018;560
17223 Vilajuïga;Mujeres;2017;562
17223 Vilajuïga;Mujeres;2016;585
17223 Vilajuïga;Mujeres;2015;592
17223 Vilajuïga;Mujeres;2014;600
17223 Vilajuïga;Mujeres;2013;618
17223 Vilajuïga;Mujeres;2012;600
17223 Vilajuïga;Mujeres;2011;591
17223 Vilajuïga;Mujeres;2010;590
17223 Vilajuïga;Mujeres;2009;588
17223 Vilajuïga;Mujeres;2008;568
17223 Vilajuïga;Mujeres;2007;555
17223 Vilajuïga;Mujeres;2006;542
17223 Vilajuïga;Mujeres;2005;542
17223 Vilajuïga;Mujeres;2004;523
17223 Vilajuïga;Mujeres;2003;510
17223 Vilajuïga;Mujeres;2002;502
17223 Vilajuïga;Mujeres;2001;489
17223 Vilajuïga;Mujeres;2000;479
17223 Vilajuïga;Mujeres;1999;462
17223 Vilajuïga;Mujeres;1998;451
17223 Vilajuïga;Mujeres;1997;""
17223 Vilajuïga;Mujeres;1996;431
17224 Vilallonga de Ter;Total;2025;395
17224 Vilallonga de Ter;Total;2024;395
17224 Vilallonga de Ter;Total;2023;399
17224 Vilallonga de Ter;Total;2022;410
17224 Vilallonga de Ter;Total;2021;386
17224 Vilallonga de Ter;Total;2020;398
17224 Vilallonga de Ter;Total;2019;398
17224 Vilallonga de Ter;Total;2018;404
17224 Vilallonga de Ter;Total;2017;406
17224 Vilallonga de Ter;Total;2016;400
17224 Vilallonga de Ter;Total;2015;398
17224 Vilallonga de Ter;Total;2014;421
17224 Vilallonga de Ter;Total;2013;447
17224 Vilallonga de Ter;Total;2012;466
17224 Vilallonga de Ter;Total;2011;476
17224 Vilallonga de Ter;Total;2010;477
17224 Vilallonga de Ter;Total;2009;478
17224 Vilallonga de Ter;Total;2008;477
17224 Vilallonga de Ter;Total;2007;459
17224 Vilallonga de Ter;Total;2006;448
17224 Vilallonga de Ter;Total;2005;437
17224 Vilallonga de Ter;Total;2004;425
17224 Vilallonga de Ter;Total;2003;442
17224 Vilallonga de Ter;Total;2002;432
17224 Vilallonga de Ter;Total;2001;416
17224 Vilallonga de Ter;Total;2000;421
17224 Vilallonga de Ter;Total;1999;427
17224 Vilallonga de Ter;Total;1998;423
17224 Vilallonga de Ter;Total;1997;""
17224 Vilallonga de Ter;Total;1996;416
17224 Vilallonga de Ter;Hombres;2025;216
17224 Vilallonga de Ter;Hombres;2024;216
17224 Vilallonga de Ter;Hombres;2023;218
17224 Vilallonga de Ter;Hombres;2022;224
17224 Vilallonga de Ter;Hombres;2021;209
17224 Vilallonga de Ter;Hombres;2020;213
17224 Vilallonga de Ter;Hombres;2019;212
17224 Vilallonga de Ter;Hombres;2018;211
17224 Vilallonga de Ter;Hombres;2017;213
17224 Vilallonga de Ter;Hombres;2016;204
17224 Vilallonga de Ter;Hombres;2015;205
17224 Vilallonga de Ter;Hombres;2014;219
17224 Vilallonga de Ter;Hombres;2013;238
17224 Vilallonga de Ter;Hombres;2012;253
17224 Vilallonga de Ter;Hombres;2011;258
17224 Vilallonga de Ter;Hombres;2010;259
17224 Vilallonga de Ter;Hombres;2009;256
17224 Vilallonga de Ter;Hombres;2008;262
17224 Vilallonga de Ter;Hombres;2007;249
17224 Vilallonga de Ter;Hombres;2006;243
17224 Vilallonga de Ter;Hombres;2005;241
17224 Vilallonga de Ter;Hombres;2004;229
17224 Vilallonga de Ter;Hombres;2003;240
17224 Vilallonga de Ter;Hombres;2002;237
17224 Vilallonga de Ter;Hombres;2001;227
17224 Vilallonga de Ter;Hombres;2000;232
17224 Vilallonga de Ter;Hombres;1999;230
17224 Vilallonga de Ter;Hombres;1998;227
17224 Vilallonga de Ter;Hombres;1997;""
17224 Vilallonga de Ter;Hombres;1996;222
17224 Vilallonga de Ter;Mujeres;2025;179
17224 Vilallonga de Ter;Mujeres;2024;179
17224 Vilallonga de Ter;Mujeres;2023;181
17224 Vilallonga de Ter;Mujeres;2022;186
17224 Vilallonga de Ter;Mujeres;2021;177
17224 Vilallonga de Ter;Mujeres;2020;185
17224 Vilallonga de Ter;Mujeres;2019;186
17224 Vilallonga de Ter;Mujeres;2018;193
17224 Vilallonga de Ter;Mujeres;2017;193
17224 Vilallonga de Ter;Mujeres;2016;196
17224 Vilallonga de Ter;Mujeres;2015;193
17224 Vilallonga de Ter;Mujeres;2014;202
17224 Vilallonga de Ter;Mujeres;2013;209
17224 Vilallonga de Ter;Mujeres;2012;213
17224 Vilallonga de Ter;Mujeres;2011;218
17224 Vilallonga de Ter;Mujeres;2010;218
17224 Vilallonga de Ter;Mujeres;2009;222
17224 Vilallonga de Ter;Mujeres;2008;215
17224 Vilallonga de Ter;Mujeres;2007;210
17224 Vilallonga de Ter;Mujeres;2006;205
17224 Vilallonga de Ter;Mujeres;2005;196
17224 Vilallonga de Ter;Mujeres;2004;196
17224 Vilallonga de Ter;Mujeres;2003;202
17224 Vilallonga de Ter;Mujeres;2002;195
17224 Vilallonga de Ter;Mujeres;2001;189
17224 Vilallonga de Ter;Mujeres;2000;189
17224 Vilallonga de Ter;Mujeres;1999;197
17224 Vilallonga de Ter;Mujeres;1998;196
17224 Vilallonga de Ter;Mujeres;1997;""
17224 Vilallonga de Ter;Mujeres;1996;194
17225 Vilamacolum;Total;2025;406
17225 Vilamacolum;Total;2024;376
17225 Vilamacolum;Total;2023;379
17225 Vilamacolum;Total;2022;386
17225 Vilamacolum;Total;2021;371
17225 Vilamacolum;Total;2020;377
17225 Vilamacolum;Total;2019;348
17225 Vilamacolum;Total;2018;312
17225 Vilamacolum;Total;2017;325
17225 Vilamacolum;Total;2016;320
17225 Vilamacolum;Total;2015;294
17225 Vilamacolum;Total;2014;307
17225 Vilamacolum;Total;2013;298
17225 Vilamacolum;Total;2012;289
17225 Vilamacolum;Total;2011;299
17225 Vilamacolum;Total;2010;328
17225 Vilamacolum;Total;2009;322
17225 Vilamacolum;Total;2008;318
17225 Vilamacolum;Total;2007;293
17225 Vilamacolum;Total;2006;280
17225 Vilamacolum;Total;2005;292
17225 Vilamacolum;Total;2004;294
17225 Vilamacolum;Total;2003;291
17225 Vilamacolum;Total;2002;281
17225 Vilamacolum;Total;2001;253
17225 Vilamacolum;Total;2000;261
17225 Vilamacolum;Total;1999;255
17225 Vilamacolum;Total;1998;246
17225 Vilamacolum;Total;1997;""
17225 Vilamacolum;Total;1996;252
17225 Vilamacolum;Hombres;2025;238
17225 Vilamacolum;Hombres;2024;210
17225 Vilamacolum;Hombres;2023;214
17225 Vilamacolum;Hombres;2022;222
17225 Vilamacolum;Hombres;2021;218
17225 Vilamacolum;Hombres;2020;211
17225 Vilamacolum;Hombres;2019;193
17225 Vilamacolum;Hombres;2018;167
17225 Vilamacolum;Hombres;2017;168
17225 Vilamacolum;Hombres;2016;163
17225 Vilamacolum;Hombres;2015;150
17225 Vilamacolum;Hombres;2014;163
17225 Vilamacolum;Hombres;2013;165
17225 Vilamacolum;Hombres;2012;153
17225 Vilamacolum;Hombres;2011;159
17225 Vilamacolum;Hombres;2010;177
17225 Vilamacolum;Hombres;2009;167
17225 Vilamacolum;Hombres;2008;168
17225 Vilamacolum;Hombres;2007;153
17225 Vilamacolum;Hombres;2006;148
17225 Vilamacolum;Hombres;2005;153
17225 Vilamacolum;Hombres;2004;152
17225 Vilamacolum;Hombres;2003;153
17225 Vilamacolum;Hombres;2002;149
17225 Vilamacolum;Hombres;2001;130
17225 Vilamacolum;Hombres;2000;138
17225 Vilamacolum;Hombres;1999;128
17225 Vilamacolum;Hombres;1998;120
17225 Vilamacolum;Hombres;1997;""
17225 Vilamacolum;Hombres;1996;121
17225 Vilamacolum;Mujeres;2025;168
17225 Vilamacolum;Mujeres;2024;166
17225 Vilamacolum;Mujeres;2023;165
17225 Vilamacolum;Mujeres;2022;164
17225 Vilamacolum;Mujeres;2021;153
17225 Vilamacolum;Mujeres;2020;166
17225 Vilamacolum;Mujeres;2019;155
17225 Vilamacolum;Mujeres;2018;145
17225 Vilamacolum;Mujeres;2017;157
17225 Vilamacolum;Mujeres;2016;157
17225 Vilamacolum;Mujeres;2015;144
17225 Vilamacolum;Mujeres;2014;144
17225 Vilamacolum;Mujeres;2013;133
17225 Vilamacolum;Mujeres;2012;136
17225 Vilamacolum;Mujeres;2011;140
17225 Vilamacolum;Mujeres;2010;151
17225 Vilamacolum;Mujeres;2009;155
17225 Vilamacolum;Mujeres;2008;150
17225 Vilamacolum;Mujeres;2007;140
17225 Vilamacolum;Mujeres;2006;132
17225 Vilamacolum;Mujeres;2005;139
17225 Vilamacolum;Mujeres;2004;142
17225 Vilamacolum;Mujeres;2003;138
17225 Vilamacolum;Mujeres;2002;132
17225 Vilamacolum;Mujeres;2001;123
17225 Vilamacolum;Mujeres;2000;123
17225 Vilamacolum;Mujeres;1999;127
17225 Vilamacolum;Mujeres;1998;126
17225 Vilamacolum;Mujeres;1997;""
17225 Vilamacolum;Mujeres;1996;131
17226 Vilamalla;Total;2025;1.205
17226 Vilamalla;Total;2024;1.220
17226 Vilamalla;Total;2023;1.188
17226 Vilamalla;Total;2022;1.166
17226 Vilamalla;Total;2021;1.154
17226 Vilamalla;Total;2020;1.161
17226 Vilamalla;Total;2019;1.181
17226 Vilamalla;Total;2018;1.157
17226 Vilamalla;Total;2017;1.146
17226 Vilamalla;Total;2016;1.121
17226 Vilamalla;Total;2015;1.133
17226 Vilamalla;Total;2014;1.103
17226 Vilamalla;Total;2013;1.097
17226 Vilamalla;Total;2012;1.101
17226 Vilamalla;Total;2011;1.115
17226 Vilamalla;Total;2010;1.100
17226 Vilamalla;Total;2009;1.134
17226 Vilamalla;Total;2008;1.115
17226 Vilamalla;Total;2007;1.106
17226 Vilamalla;Total;2006;1.092
17226 Vilamalla;Total;2005;947
17226 Vilamalla;Total;2004;878
17226 Vilamalla;Total;2003;868
17226 Vilamalla;Total;2002;851
17226 Vilamalla;Total;2001;794
17226 Vilamalla;Total;2000;761
17226 Vilamalla;Total;1999;699
17226 Vilamalla;Total;1998;615
17226 Vilamalla;Total;1997;""
17226 Vilamalla;Total;1996;606
17226 Vilamalla;Hombres;2025;611
17226 Vilamalla;Hombres;2024;620
17226 Vilamalla;Hombres;2023;601
17226 Vilamalla;Hombres;2022;593
17226 Vilamalla;Hombres;2021;584
17226 Vilamalla;Hombres;2020;586
17226 Vilamalla;Hombres;2019;586
17226 Vilamalla;Hombres;2018;581
17226 Vilamalla;Hombres;2017;579
17226 Vilamalla;Hombres;2016;567
17226 Vilamalla;Hombres;2015;581
17226 Vilamalla;Hombres;2014;573
17226 Vilamalla;Hombres;2013;571
17226 Vilamalla;Hombres;2012;586
17226 Vilamalla;Hombres;2011;593
17226 Vilamalla;Hombres;2010;585
17226 Vilamalla;Hombres;2009;607
17226 Vilamalla;Hombres;2008;599
17226 Vilamalla;Hombres;2007;588
17226 Vilamalla;Hombres;2006;581
17226 Vilamalla;Hombres;2005;499
17226 Vilamalla;Hombres;2004;463
17226 Vilamalla;Hombres;2003;463
17226 Vilamalla;Hombres;2002;456
17226 Vilamalla;Hombres;2001;423
17226 Vilamalla;Hombres;2000;408
17226 Vilamalla;Hombres;1999;366
17226 Vilamalla;Hombres;1998;319
17226 Vilamalla;Hombres;1997;""
17226 Vilamalla;Hombres;1996;308
17226 Vilamalla;Mujeres;2025;594
17226 Vilamalla;Mujeres;2024;600
17226 Vilamalla;Mujeres;2023;587
17226 Vilamalla;Mujeres;2022;573
17226 Vilamalla;Mujeres;2021;570
17226 Vilamalla;Mujeres;2020;575
17226 Vilamalla;Mujeres;2019;595
17226 Vilamalla;Mujeres;2018;576
17226 Vilamalla;Mujeres;2017;567
17226 Vilamalla;Mujeres;2016;554
17226 Vilamalla;Mujeres;2015;552
17226 Vilamalla;Mujeres;2014;530
17226 Vilamalla;Mujeres;2013;526
17226 Vilamalla;Mujeres;2012;515
17226 Vilamalla;Mujeres;2011;522
17226 Vilamalla;Mujeres;2010;515
17226 Vilamalla;Mujeres;2009;527
17226 Vilamalla;Mujeres;2008;516
17226 Vilamalla;Mujeres;2007;518
17226 Vilamalla;Mujeres;2006;511
17226 Vilamalla;Mujeres;2005;448
17226 Vilamalla;Mujeres;2004;415
17226 Vilamalla;Mujeres;2003;405
17226 Vilamalla;Mujeres;2002;395
17226 Vilamalla;Mujeres;2001;371
17226 Vilamalla;Mujeres;2000;353
17226 Vilamalla;Mujeres;1999;333
17226 Vilamalla;Mujeres;1998;296
17226 Vilamalla;Mujeres;1997;""
17226 Vilamalla;Mujeres;1996;298
17227 Vilamaniscle;Total;2025;185
17227 Vilamaniscle;Total;2024;201
17227 Vilamaniscle;Total;2023;198
17227 Vilamaniscle;Total;2022;204
17227 Vilamaniscle;Total;2021;205
17227 Vilamaniscle;Total;2020;212
17227 Vilamaniscle;Total;2019;200
17227 Vilamaniscle;Total;2018;208
17227 Vilamaniscle;Total;2017;199
17227 Vilamaniscle;Total;2016;202
17227 Vilamaniscle;Total;2015;179
17227 Vilamaniscle;Total;2014;170
17227 Vilamaniscle;Total;2013;158
17227 Vilamaniscle;Total;2012;176
17227 Vilamaniscle;Total;2011;171
17227 Vilamaniscle;Total;2010;181
17227 Vilamaniscle;Total;2009;169
17227 Vilamaniscle;Total;2008;173
17227 Vilamaniscle;Total;2007;172
17227 Vilamaniscle;Total;2006;182
17227 Vilamaniscle;Total;2005;168
17227 Vilamaniscle;Total;2004;160
17227 Vilamaniscle;Total;2003;149
17227 Vilamaniscle;Total;2002;140
17227 Vilamaniscle;Total;2001;118
17227 Vilamaniscle;Total;2000;120
17227 Vilamaniscle;Total;1999;120
17227 Vilamaniscle;Total;1998;123
17227 Vilamaniscle;Total;1997;""
17227 Vilamaniscle;Total;1996;128
17227 Vilamaniscle;Hombres;2025;106
17227 Vilamaniscle;Hombres;2024;119
17227 Vilamaniscle;Hombres;2023;112
17227 Vilamaniscle;Hombres;2022;113
17227 Vilamaniscle;Hombres;2021;116
17227 Vilamaniscle;Hombres;2020;121
17227 Vilamaniscle;Hombres;2019;116
17227 Vilamaniscle;Hombres;2018;116
17227 Vilamaniscle;Hombres;2017;108
17227 Vilamaniscle;Hombres;2016;109
17227 Vilamaniscle;Hombres;2015;97
17227 Vilamaniscle;Hombres;2014;94
17227 Vilamaniscle;Hombres;2013;89
17227 Vilamaniscle;Hombres;2012;102
17227 Vilamaniscle;Hombres;2011;100
17227 Vilamaniscle;Hombres;2010;99
17227 Vilamaniscle;Hombres;2009;91
17227 Vilamaniscle;Hombres;2008;94
17227 Vilamaniscle;Hombres;2007;94
17227 Vilamaniscle;Hombres;2006;98
17227 Vilamaniscle;Hombres;2005;93
17227 Vilamaniscle;Hombres;2004;89
17227 Vilamaniscle;Hombres;2003;81
17227 Vilamaniscle;Hombres;2002;77
17227 Vilamaniscle;Hombres;2001;64
17227 Vilamaniscle;Hombres;2000;65
17227 Vilamaniscle;Hombres;1999;63
17227 Vilamaniscle;Hombres;1998;64
17227 Vilamaniscle;Hombres;1997;""
17227 Vilamaniscle;Hombres;1996;67
17227 Vilamaniscle;Mujeres;2025;79
17227 Vilamaniscle;Mujeres;2024;82
17227 Vilamaniscle;Mujeres;2023;86
17227 Vilamaniscle;Mujeres;2022;91
17227 Vilamaniscle;Mujeres;2021;89
17227 Vilamaniscle;Mujeres;2020;91
17227 Vilamaniscle;Mujeres;2019;84
17227 Vilamaniscle;Mujeres;2018;92
17227 Vilamaniscle;Mujeres;2017;91
17227 Vilamaniscle;Mujeres;2016;93
17227 Vilamaniscle;Mujeres;2015;82
17227 Vilamaniscle;Mujeres;2014;76
17227 Vilamaniscle;Mujeres;2013;69
17227 Vilamaniscle;Mujeres;2012;74
17227 Vilamaniscle;Mujeres;2011;71
17227 Vilamaniscle;Mujeres;2010;82
17227 Vilamaniscle;Mujeres;2009;78
17227 Vilamaniscle;Mujeres;2008;79
17227 Vilamaniscle;Mujeres;2007;78
17227 Vilamaniscle;Mujeres;2006;84
17227 Vilamaniscle;Mujeres;2005;75
17227 Vilamaniscle;Mujeres;2004;71
17227 Vilamaniscle;Mujeres;2003;68
17227 Vilamaniscle;Mujeres;2002;63
17227 Vilamaniscle;Mujeres;2001;54
17227 Vilamaniscle;Mujeres;2000;55
17227 Vilamaniscle;Mujeres;1999;57
17227 Vilamaniscle;Mujeres;1998;59
17227 Vilamaniscle;Mujeres;1997;""
17227 Vilamaniscle;Mujeres;1996;61
17228 Vilanant;Total;2025;406
17228 Vilanant;Total;2024;402
17228 Vilanant;Total;2023;413
17228 Vilanant;Total;2022;401
17228 Vilanant;Total;2021;399
17228 Vilanant;Total;2020;386
17228 Vilanant;Total;2019;392
17228 Vilanant;Total;2018;399
17228 Vilanant;Total;2017;401
17228 Vilanant;Total;2016;405
17228 Vilanant;Total;2015;399
17228 Vilanant;Total;2014;399
17228 Vilanant;Total;2013;384
17228 Vilanant;Total;2012;376
17228 Vilanant;Total;2011;373
17228 Vilanant;Total;2010;363
17228 Vilanant;Total;2009;356
17228 Vilanant;Total;2008;348
17228 Vilanant;Total;2007;328
17228 Vilanant;Total;2006;333
17228 Vilanant;Total;2005;336
17228 Vilanant;Total;2004;327
17228 Vilanant;Total;2003;328
17228 Vilanant;Total;2002;285
17228 Vilanant;Total;2001;301
17228 Vilanant;Total;2000;308
17228 Vilanant;Total;1999;297
17228 Vilanant;Total;1998;295
17228 Vilanant;Total;1997;""
17228 Vilanant;Total;1996;271
17228 Vilanant;Hombres;2025;194
17228 Vilanant;Hombres;2024;194
17228 Vilanant;Hombres;2023;201
17228 Vilanant;Hombres;2022;199
17228 Vilanant;Hombres;2021;201
17228 Vilanant;Hombres;2020;194
17228 Vilanant;Hombres;2019;197
17228 Vilanant;Hombres;2018;198
17228 Vilanant;Hombres;2017;201
17228 Vilanant;Hombres;2016;206
17228 Vilanant;Hombres;2015;198
17228 Vilanant;Hombres;2014;199
17228 Vilanant;Hombres;2013;187
17228 Vilanant;Hombres;2012;183
17228 Vilanant;Hombres;2011;181
17228 Vilanant;Hombres;2010;177
17228 Vilanant;Hombres;2009;175
17228 Vilanant;Hombres;2008;171
17228 Vilanant;Hombres;2007;161
17228 Vilanant;Hombres;2006;163
17228 Vilanant;Hombres;2005;166
17228 Vilanant;Hombres;2004;164
17228 Vilanant;Hombres;2003;162
17228 Vilanant;Hombres;2002;144
17228 Vilanant;Hombres;2001;154
17228 Vilanant;Hombres;2000;155
17228 Vilanant;Hombres;1999;157
17228 Vilanant;Hombres;1998;157
17228 Vilanant;Hombres;1997;""
17228 Vilanant;Hombres;1996;139
17228 Vilanant;Mujeres;2025;212
17228 Vilanant;Mujeres;2024;208
17228 Vilanant;Mujeres;2023;212
17228 Vilanant;Mujeres;2022;202
17228 Vilanant;Mujeres;2021;198
17228 Vilanant;Mujeres;2020;192
17228 Vilanant;Mujeres;2019;195
17228 Vilanant;Mujeres;2018;201
17228 Vilanant;Mujeres;2017;200
17228 Vilanant;Mujeres;2016;199
17228 Vilanant;Mujeres;2015;201
17228 Vilanant;Mujeres;2014;200
17228 Vilanant;Mujeres;2013;197
17228 Vilanant;Mujeres;2012;193
17228 Vilanant;Mujeres;2011;192
17228 Vilanant;Mujeres;2010;186
17228 Vilanant;Mujeres;2009;181
17228 Vilanant;Mujeres;2008;177
17228 Vilanant;Mujeres;2007;167
17228 Vilanant;Mujeres;2006;170
17228 Vilanant;Mujeres;2005;170
17228 Vilanant;Mujeres;2004;163
17228 Vilanant;Mujeres;2003;166
17228 Vilanant;Mujeres;2002;141
17228 Vilanant;Mujeres;2001;147
17228 Vilanant;Mujeres;2000;153
17228 Vilanant;Mujeres;1999;140
17228 Vilanant;Mujeres;1998;138
17228 Vilanant;Mujeres;1997;""
17228 Vilanant;Mujeres;1996;132
17222 Vilaür;Total;2025;164
17222 Vilaür;Total;2024;170
17222 Vilaür;Total;2023;167
17222 Vilaür;Total;2022;162
17222 Vilaür;Total;2021;162
17222 Vilaür;Total;2020;158
17222 Vilaür;Total;2019;157
17222 Vilaür;Total;2018;147
17222 Vilaür;Total;2017;145
17222 Vilaür;Total;2016;156
17222 Vilaür;Total;2015;159
17222 Vilaür;Total;2014;153
17222 Vilaür;Total;2013;148
17222 Vilaür;Total;2012;142
17222 Vilaür;Total;2011;149
17222 Vilaür;Total;2010;146
17222 Vilaür;Total;2009;140
17222 Vilaür;Total;2008;142
17222 Vilaür;Total;2007;142
17222 Vilaür;Total;2006;139
17222 Vilaür;Total;2005;140
17222 Vilaür;Total;2004;136
17222 Vilaür;Total;2003;131
17222 Vilaür;Total;2002;123
17222 Vilaür;Total;2001;130
17222 Vilaür;Total;2000;125
17222 Vilaür;Total;1999;115
17222 Vilaür;Total;1998;115
17222 Vilaür;Total;1997;""
17222 Vilaür;Total;1996;117
17222 Vilaür;Hombres;2025;87
17222 Vilaür;Hombres;2024;90
17222 Vilaür;Hombres;2023;88
17222 Vilaür;Hombres;2022;84
17222 Vilaür;Hombres;2021;83
17222 Vilaür;Hombres;2020;80
17222 Vilaür;Hombres;2019;81
17222 Vilaür;Hombres;2018;77
17222 Vilaür;Hombres;2017;74
17222 Vilaür;Hombres;2016;79
17222 Vilaür;Hombres;2015;80
17222 Vilaür;Hombres;2014;75
17222 Vilaür;Hombres;2013;72
17222 Vilaür;Hombres;2012;68
17222 Vilaür;Hombres;2011;72
17222 Vilaür;Hombres;2010;71
17222 Vilaür;Hombres;2009;68
17222 Vilaür;Hombres;2008;72
17222 Vilaür;Hombres;2007;73
17222 Vilaür;Hombres;2006;69
17222 Vilaür;Hombres;2005;69
17222 Vilaür;Hombres;2004;67
17222 Vilaür;Hombres;2003;68
17222 Vilaür;Hombres;2002;69
17222 Vilaür;Hombres;2001;72
17222 Vilaür;Hombres;2000;72
17222 Vilaür;Hombres;1999;67
17222 Vilaür;Hombres;1998;67
17222 Vilaür;Hombres;1997;""
17222 Vilaür;Hombres;1996;57
17222 Vilaür;Mujeres;2025;77
17222 Vilaür;Mujeres;2024;80
17222 Vilaür;Mujeres;2023;79
17222 Vilaür;Mujeres;2022;78
17222 Vilaür;Mujeres;2021;79
17222 Vilaür;Mujeres;2020;78
17222 Vilaür;Mujeres;2019;76
17222 Vilaür;Mujeres;2018;70
17222 Vilaür;Mujeres;2017;71
17222 Vilaür;Mujeres;2016;77
17222 Vilaür;Mujeres;2015;79
17222 Vilaür;Mujeres;2014;78
17222 Vilaür;Mujeres;2013;76
17222 Vilaür;Mujeres;2012;74
17222 Vilaür;Mujeres;2011;77
17222 Vilaür;Mujeres;2010;75
17222 Vilaür;Mujeres;2009;72
17222 Vilaür;Mujeres;2008;70
17222 Vilaür;Mujeres;2007;69
17222 Vilaür;Mujeres;2006;70
17222 Vilaür;Mujeres;2005;71
17222 Vilaür;Mujeres;2004;69
17222 Vilaür;Mujeres;2003;63
17222 Vilaür;Mujeres;2002;54
17222 Vilaür;Mujeres;2001;58
17222 Vilaür;Mujeres;2000;53
17222 Vilaür;Mujeres;1999;48
17222 Vilaür;Mujeres;1998;48
17222 Vilaür;Mujeres;1997;""
17222 Vilaür;Mujeres;1996;60
17233 Vilobí d'Onyar;Total;2025;3.297
17233 Vilobí d'Onyar;Total;2024;3.315
17233 Vilobí d'Onyar;Total;2023;3.278
17233 Vilobí d'Onyar;Total;2022;3.304
17233 Vilobí d'Onyar;Total;2021;3.310
17233 Vilobí d'Onyar;Total;2020;3.333
17233 Vilobí d'Onyar;Total;2019;3.291
17233 Vilobí d'Onyar;Total;2018;3.196
17233 Vilobí d'Onyar;Total;2017;3.138
17233 Vilobí d'Onyar;Total;2016;3.163
17233 Vilobí d'Onyar;Total;2015;3.166
17233 Vilobí d'Onyar;Total;2014;3.136
17233 Vilobí d'Onyar;Total;2013;3.108
17233 Vilobí d'Onyar;Total;2012;3.053
17233 Vilobí d'Onyar;Total;2011;3.031
17233 Vilobí d'Onyar;Total;2010;3.032
17233 Vilobí d'Onyar;Total;2009;2.956
17233 Vilobí d'Onyar;Total;2008;2.862
17233 Vilobí d'Onyar;Total;2007;2.756
17233 Vilobí d'Onyar;Total;2006;2.718
17233 Vilobí d'Onyar;Total;2005;2.664
17233 Vilobí d'Onyar;Total;2004;2.504
17233 Vilobí d'Onyar;Total;2003;2.430
17233 Vilobí d'Onyar;Total;2002;2.328
17233 Vilobí d'Onyar;Total;2001;2.239
17233 Vilobí d'Onyar;Total;2000;2.223
17233 Vilobí d'Onyar;Total;1999;2.182
17233 Vilobí d'Onyar;Total;1998;2.153
17233 Vilobí d'Onyar;Total;1997;""
17233 Vilobí d'Onyar;Total;1996;2.141
17233 Vilobí d'Onyar;Hombres;2025;1.709
17233 Vilobí d'Onyar;Hombres;2024;1.709
17233 Vilobí d'Onyar;Hombres;2023;1.704
17233 Vilobí d'Onyar;Hombres;2022;1.701
17233 Vilobí d'Onyar;Hombres;2021;1.719
17233 Vilobí d'Onyar;Hombres;2020;1.732
17233 Vilobí d'Onyar;Hombres;2019;1.711
17233 Vilobí d'Onyar;Hombres;2018;1.660
17233 Vilobí d'Onyar;Hombres;2017;1.635
17233 Vilobí d'Onyar;Hombres;2016;1.635
17233 Vilobí d'Onyar;Hombres;2015;1.647
17233 Vilobí d'Onyar;Hombres;2014;1.640
17233 Vilobí d'Onyar;Hombres;2013;1.612
17233 Vilobí d'Onyar;Hombres;2012;1.603
17233 Vilobí d'Onyar;Hombres;2011;1.578
17233 Vilobí d'Onyar;Hombres;2010;1.596
17233 Vilobí d'Onyar;Hombres;2009;1.548
17233 Vilobí d'Onyar;Hombres;2008;1.516
17233 Vilobí d'Onyar;Hombres;2007;1.453
17233 Vilobí d'Onyar;Hombres;2006;1.468
17233 Vilobí d'Onyar;Hombres;2005;1.444
17233 Vilobí d'Onyar;Hombres;2004;1.359
17233 Vilobí d'Onyar;Hombres;2003;1.306
17233 Vilobí d'Onyar;Hombres;2002;1.252
17233 Vilobí d'Onyar;Hombres;2001;1.187
17233 Vilobí d'Onyar;Hombres;2000;1.170
17233 Vilobí d'Onyar;Hombres;1999;1.148
17233 Vilobí d'Onyar;Hombres;1998;1.118
17233 Vilobí d'Onyar;Hombres;1997;""
17233 Vilobí d'Onyar;Hombres;1996;1.116
17233 Vilobí d'Onyar;Mujeres;2025;1.588
17233 Vilobí d'Onyar;Mujeres;2024;1.606
17233 Vilobí d'Onyar;Mujeres;2023;1.574
17233 Vilobí d'Onyar;Mujeres;2022;1.603
17233 Vilobí d'Onyar;Mujeres;2021;1.591
17233 Vilobí d'Onyar;Mujeres;2020;1.601
17233 Vilobí d'Onyar;Mujeres;2019;1.580
17233 Vilobí d'Onyar;Mujeres;2018;1.536
17233 Vilobí d'Onyar;Mujeres;2017;1.503
17233 Vilobí d'Onyar;Mujeres;2016;1.528
17233 Vilobí d'Onyar;Mujeres;2015;1.519
17233 Vilobí d'Onyar;Mujeres;2014;1.496
17233 Vilobí d'Onyar;Mujeres;2013;1.496
17233 Vilobí d'Onyar;Mujeres;2012;1.450
17233 Vilobí d'Onyar;Mujeres;2011;1.453
17233 Vilobí d'Onyar;Mujeres;2010;1.436
17233 Vilobí d'Onyar;Mujeres;2009;1.408
17233 Vilobí d'Onyar;Mujeres;2008;1.346
17233 Vilobí d'Onyar;Mujeres;2007;1.303
17233 Vilobí d'Onyar;Mujeres;2006;1.250
17233 Vilobí d'Onyar;Mujeres;2005;1.220
17233 Vilobí d'Onyar;Mujeres;2004;1.145
17233 Vilobí d'Onyar;Mujeres;2003;1.124
17233 Vilobí d'Onyar;Mujeres;2002;1.076
17233 Vilobí d'Onyar;Mujeres;2001;1.052
17233 Vilobí d'Onyar;Mujeres;2000;1.053
17233 Vilobí d'Onyar;Mujeres;1999;1.034
17233 Vilobí d'Onyar;Mujeres;1998;1.035
17233 Vilobí d'Onyar;Mujeres;1997;""
17233 Vilobí d'Onyar;Mujeres;1996;1.025
17232 Vilopriu;Total;2025;209
17232 Vilopriu;Total;2024;201
17232 Vilopriu;Total;2023;200
17232 Vilopriu;Total;2022;223
17232 Vilopriu;Total;2021;230
17232 Vilopriu;Total;2020;204
17232 Vilopriu;Total;2019;202
17232 Vilopriu;Total;2018;205
17232 Vilopriu;Total;2017;207
17232 Vilopriu;Total;2016;201
17232 Vilopriu;Total;2015;199
17232 Vilopriu;Total;2014;209
17232 Vilopriu;Total;2013;200
17232 Vilopriu;Total;2012;217
17232 Vilopriu;Total;2011;212
17232 Vilopriu;Total;2010;208
17232 Vilopriu;Total;2009;221
17232 Vilopriu;Total;2008;217
17232 Vilopriu;Total;2007;187
17232 Vilopriu;Total;2006;189
17232 Vilopriu;Total;2005;181
17232 Vilopriu;Total;2004;175
17232 Vilopriu;Total;2003;167
17232 Vilopriu;Total;2002;152
17232 Vilopriu;Total;2001;155
17232 Vilopriu;Total;2000;161
17232 Vilopriu;Total;1999;172
17232 Vilopriu;Total;1998;158
17232 Vilopriu;Total;1997;""
17232 Vilopriu;Total;1996;161
17232 Vilopriu;Hombres;2025;111
17232 Vilopriu;Hombres;2024;108
17232 Vilopriu;Hombres;2023;104
17232 Vilopriu;Hombres;2022;119
17232 Vilopriu;Hombres;2021;122
17232 Vilopriu;Hombres;2020;109
17232 Vilopriu;Hombres;2019;107
17232 Vilopriu;Hombres;2018;109
17232 Vilopriu;Hombres;2017;110
17232 Vilopriu;Hombres;2016;108
17232 Vilopriu;Hombres;2015;107
17232 Vilopriu;Hombres;2014;114
17232 Vilopriu;Hombres;2013;111
17232 Vilopriu;Hombres;2012;118
17232 Vilopriu;Hombres;2011;117
17232 Vilopriu;Hombres;2010;112
17232 Vilopriu;Hombres;2009;120
17232 Vilopriu;Hombres;2008;111
17232 Vilopriu;Hombres;2007;100
17232 Vilopriu;Hombres;2006;103
17232 Vilopriu;Hombres;2005;94
17232 Vilopriu;Hombres;2004;87
17232 Vilopriu;Hombres;2003;84
17232 Vilopriu;Hombres;2002;77
17232 Vilopriu;Hombres;2001;79
17232 Vilopriu;Hombres;2000;83
17232 Vilopriu;Hombres;1999;88
17232 Vilopriu;Hombres;1998;78
17232 Vilopriu;Hombres;1997;""
17232 Vilopriu;Hombres;1996;80
17232 Vilopriu;Mujeres;2025;98
17232 Vilopriu;Mujeres;2024;93
17232 Vilopriu;Mujeres;2023;96
17232 Vilopriu;Mujeres;2022;104
17232 Vilopriu;Mujeres;2021;108
17232 Vilopriu;Mujeres;2020;95
17232 Vilopriu;Mujeres;2019;95
17232 Vilopriu;Mujeres;2018;96
17232 Vilopriu;Mujeres;2017;97
17232 Vilopriu;Mujeres;2016;93
17232 Vilopriu;Mujeres;2015;92
17232 Vilopriu;Mujeres;2014;95
17232 Vilopriu;Mujeres;2013;89
17232 Vilopriu;Mujeres;2012;99
17232 Vilopriu;Mujeres;2011;95
17232 Vilopriu;Mujeres;2010;96
17232 Vilopriu;Mujeres;2009;101
17232 Vilopriu;Mujeres;2008;106
17232 Vilopriu;Mujeres;2007;87
17232 Vilopriu;Mujeres;2006;86
17232 Vilopriu;Mujeres;2005;87
17232 Vilopriu;Mujeres;2004;88
17232 Vilopriu;Mujeres;2003;83
17232 Vilopriu;Mujeres;2002;75
17232 Vilopriu;Mujeres;2001;76
17232 Vilopriu;Mujeres;2000;78
17232 Vilopriu;Mujeres;1999;84
17232 Vilopriu;Mujeres;1998;80
17232 Vilopriu;Mujeres;1997;""
17232 Vilopriu;Mujeres;1996;81
