Municipios;Sexo;Periodo;Total
43001 Aiguamúrcia;Total;2025;987
43001 Aiguamúrcia;Total;2024;957
43001 Aiguamúrcia;Total;2023;974
43001 Aiguamúrcia;Total;2022;961
43001 Aiguamúrcia;Total;2021;960
43001 Aiguamúrcia;Hombres;2025;519
43001 Aiguamúrcia;Hombres;2024;502
43001 Aiguamúrcia;Hombres;2023;506
43001 Aiguamúrcia;Hombres;2022;497
43001 Aiguamúrcia;Hombres;2021;495
43001 Aiguamúrcia;Mujeres;2025;468
43001 Aiguamúrcia;Mujeres;2024;455
43001 Aiguamúrcia;Mujeres;2023;468
43001 Aiguamúrcia;Mujeres;2022;464
43001 Aiguamúrcia;Mujeres;2021;465
43002 Albinyana;Total;2025;2.718
43002 Albinyana;Total;2024;2.677
43002 Albinyana;Total;2023;2.666
43002 Albinyana;Total;2022;2.581
43002 Albinyana;Total;2021;2.504
43002 Albinyana;Hombres;2025;1.406
43002 Albinyana;Hombres;2024;1.380
43002 Albinyana;Hombres;2023;1.362
43002 Albinyana;Hombres;2022;1.324
43002 Albinyana;Hombres;2021;1.294
43002 Albinyana;Mujeres;2025;1.312
43002 Albinyana;Mujeres;2024;1.297
43002 Albinyana;Mujeres;2023;1.304
43002 Albinyana;Mujeres;2022;1.257
43002 Albinyana;Mujeres;2021;1.210
43003 Albiol, L';Total;2025;557
43003 Albiol, L';Total;2024;537
43003 Albiol, L';Total;2023;535
43003 Albiol, L';Total;2022;528
43003 Albiol, L';Total;2021;515
43003 Albiol, L';Hombres;2025;291
43003 Albiol, L';Hombres;2024;285
43003 Albiol, L';Hombres;2023;288
43003 Albiol, L';Hombres;2022;282
43003 Albiol, L';Hombres;2021;278
43003 Albiol, L';Mujeres;2025;266
43003 Albiol, L';Mujeres;2024;252
43003 Albiol, L';Mujeres;2023;247
43003 Albiol, L';Mujeres;2022;246
43003 Albiol, L';Mujeres;2021;237
43004 Alcanar;Total;2025;10.104
43004 Alcanar;Total;2024;9.943
43004 Alcanar;Total;2023;9.827
43004 Alcanar;Total;2022;9.612
43004 Alcanar;Total;2021;9.579
43004 Alcanar;Hombres;2025;5.098
43004 Alcanar;Hombres;2024;5.024
43004 Alcanar;Hombres;2023;4.965
43004 Alcanar;Hombres;2022;4.852
43004 Alcanar;Hombres;2021;4.862
43004 Alcanar;Mujeres;2025;5.006
43004 Alcanar;Mujeres;2024;4.919
43004 Alcanar;Mujeres;2023;4.862
43004 Alcanar;Mujeres;2022;4.760
43004 Alcanar;Mujeres;2021;4.717
43005 Alcover;Total;2025;5.362
43005 Alcover;Total;2024;5.348
43005 Alcover;Total;2023;5.278
43005 Alcover;Total;2022;5.290
43005 Alcover;Total;2021;5.185
43005 Alcover;Hombres;2025;2.662
43005 Alcover;Hombres;2024;2.658
43005 Alcover;Hombres;2023;2.614
43005 Alcover;Hombres;2022;2.620
43005 Alcover;Hombres;2021;2.569
43005 Alcover;Mujeres;2025;2.700
43005 Alcover;Mujeres;2024;2.690
43005 Alcover;Mujeres;2023;2.664
43005 Alcover;Mujeres;2022;2.670
43005 Alcover;Mujeres;2021;2.616
43904 Aldea, L';Total;2025;4.657
43904 Aldea, L';Total;2024;4.471
43904 Aldea, L';Total;2023;4.445
43904 Aldea, L';Total;2022;4.332
43904 Aldea, L';Total;2021;4.160
43904 Aldea, L';Hombres;2025;2.535
43904 Aldea, L';Hombres;2024;2.405
43904 Aldea, L';Hombres;2023;2.402
43904 Aldea, L';Hombres;2022;2.351
43904 Aldea, L';Hombres;2021;2.219
43904 Aldea, L';Mujeres;2025;2.122
43904 Aldea, L';Mujeres;2024;2.066
43904 Aldea, L';Mujeres;2023;2.043
43904 Aldea, L';Mujeres;2022;1.981
43904 Aldea, L';Mujeres;2021;1.941
43006 Aldover;Total;2025;901
43006 Aldover;Total;2024;880
43006 Aldover;Total;2023;867
43006 Aldover;Total;2022;862
43006 Aldover;Total;2021;911
43006 Aldover;Hombres;2025;457
43006 Aldover;Hombres;2024;451
43006 Aldover;Hombres;2023;444
43006 Aldover;Hombres;2022;442
43006 Aldover;Hombres;2021;464
43006 Aldover;Mujeres;2025;444
43006 Aldover;Mujeres;2024;429
43006 Aldover;Mujeres;2023;423
43006 Aldover;Mujeres;2022;420
43006 Aldover;Mujeres;2021;447
43007 Aleixar, L';Total;2025;1.009
43007 Aleixar, L';Total;2024;962
43007 Aleixar, L';Total;2023;940
43007 Aleixar, L';Total;2022;924
43007 Aleixar, L';Total;2021;912
43007 Aleixar, L';Hombres;2025;520
43007 Aleixar, L';Hombres;2024;494
43007 Aleixar, L';Hombres;2023;486
43007 Aleixar, L';Hombres;2022;477
43007 Aleixar, L';Hombres;2021;469
43007 Aleixar, L';Mujeres;2025;489
43007 Aleixar, L';Mujeres;2024;468
43007 Aleixar, L';Mujeres;2023;454
43007 Aleixar, L';Mujeres;2022;447
43007 Aleixar, L';Mujeres;2021;443
43008 Alfara de Carles;Total;2025;355
43008 Alfara de Carles;Total;2024;361
43008 Alfara de Carles;Total;2023;361
43008 Alfara de Carles;Total;2022;359
43008 Alfara de Carles;Total;2021;376
43008 Alfara de Carles;Hombres;2025;183
43008 Alfara de Carles;Hombres;2024;186
43008 Alfara de Carles;Hombres;2023;191
43008 Alfara de Carles;Hombres;2022;198
43008 Alfara de Carles;Hombres;2021;203
43008 Alfara de Carles;Mujeres;2025;172
43008 Alfara de Carles;Mujeres;2024;175
43008 Alfara de Carles;Mujeres;2023;170
43008 Alfara de Carles;Mujeres;2022;161
43008 Alfara de Carles;Mujeres;2021;173
43009 Alforja;Total;2025;2.024
43009 Alforja;Total;2024;2.019
43009 Alforja;Total;2023;1.965
43009 Alforja;Total;2022;1.928
43009 Alforja;Total;2021;1.843
43009 Alforja;Hombres;2025;1.019
43009 Alforja;Hombres;2024;1.022
43009 Alforja;Hombres;2023;992
43009 Alforja;Hombres;2022;978
43009 Alforja;Hombres;2021;937
43009 Alforja;Mujeres;2025;1.005
43009 Alforja;Mujeres;2024;997
43009 Alforja;Mujeres;2023;973
43009 Alforja;Mujeres;2022;950
43009 Alforja;Mujeres;2021;906
43010 Alió;Total;2025;496
43010 Alió;Total;2024;504
43010 Alió;Total;2023;508
43010 Alió;Total;2022;496
43010 Alió;Total;2021;478
43010 Alió;Hombres;2025;244
43010 Alió;Hombres;2024;245
43010 Alió;Hombres;2023;250
43010 Alió;Hombres;2022;247
43010 Alió;Hombres;2021;237
43010 Alió;Mujeres;2025;252
43010 Alió;Mujeres;2024;259
43010 Alió;Mujeres;2023;258
43010 Alió;Mujeres;2022;249
43010 Alió;Mujeres;2021;241
43011 Almoster;Total;2025;1.384
43011 Almoster;Total;2024;1.338
43011 Almoster;Total;2023;1.310
43011 Almoster;Total;2022;1.334
43011 Almoster;Total;2021;1.322
43011 Almoster;Hombres;2025;695
43011 Almoster;Hombres;2024;674
43011 Almoster;Hombres;2023;658
43011 Almoster;Hombres;2022;666
43011 Almoster;Hombres;2021;658
43011 Almoster;Mujeres;2025;689
43011 Almoster;Mujeres;2024;664
43011 Almoster;Mujeres;2023;652
43011 Almoster;Mujeres;2022;668
43011 Almoster;Mujeres;2021;664
43012 Altafulla;Total;2025;5.870
43012 Altafulla;Total;2024;5.838
43012 Altafulla;Total;2023;5.693
43012 Altafulla;Total;2022;5.609
43012 Altafulla;Total;2021;5.512
43012 Altafulla;Hombres;2025;2.832
43012 Altafulla;Hombres;2024;2.808
43012 Altafulla;Hombres;2023;2.753
43012 Altafulla;Hombres;2022;2.729
43012 Altafulla;Hombres;2021;2.679
43012 Altafulla;Mujeres;2025;3.038
43012 Altafulla;Mujeres;2024;3.030
43012 Altafulla;Mujeres;2023;2.940
43012 Altafulla;Mujeres;2022;2.880
43012 Altafulla;Mujeres;2021;2.833
43013 Ametlla de Mar, L';Total;2025;7.446
43013 Ametlla de Mar, L';Total;2024;7.373
43013 Ametlla de Mar, L';Total;2023;7.325
43013 Ametlla de Mar, L';Total;2022;7.209
43013 Ametlla de Mar, L';Total;2021;7.131
43013 Ametlla de Mar, L';Hombres;2025;3.803
43013 Ametlla de Mar, L';Hombres;2024;3.764
43013 Ametlla de Mar, L';Hombres;2023;3.714
43013 Ametlla de Mar, L';Hombres;2022;3.655
43013 Ametlla de Mar, L';Hombres;2021;3.620
43013 Ametlla de Mar, L';Mujeres;2025;3.643
43013 Ametlla de Mar, L';Mujeres;2024;3.609
43013 Ametlla de Mar, L';Mujeres;2023;3.611
43013 Ametlla de Mar, L';Mujeres;2022;3.554
43013 Ametlla de Mar, L';Mujeres;2021;3.511
43906 Ampolla, L';Total;2025;3.785
43906 Ampolla, L';Total;2024;3.681
43906 Ampolla, L';Total;2023;3.603
43906 Ampolla, L';Total;2022;3.563
43906 Ampolla, L';Total;2021;3.444
43906 Ampolla, L';Hombres;2025;1.922
43906 Ampolla, L';Hombres;2024;1.868
43906 Ampolla, L';Hombres;2023;1.829
43906 Ampolla, L';Hombres;2022;1.828
43906 Ampolla, L';Hombres;2021;1.778
43906 Ampolla, L';Mujeres;2025;1.863
43906 Ampolla, L';Mujeres;2024;1.813
43906 Ampolla, L';Mujeres;2023;1.774
43906 Ampolla, L';Mujeres;2022;1.735
43906 Ampolla, L';Mujeres;2021;1.666
43014 Amposta;Total;2025;23.080
43014 Amposta;Total;2024;22.637
43014 Amposta;Total;2023;22.270
43014 Amposta;Total;2022;21.807
43014 Amposta;Total;2021;21.317
43014 Amposta;Hombres;2025;11.825
43014 Amposta;Hombres;2024;11.529
43014 Amposta;Hombres;2023;11.294
43014 Amposta;Hombres;2022;11.090
43014 Amposta;Hombres;2021;10.776
43014 Amposta;Mujeres;2025;11.255
43014 Amposta;Mujeres;2024;11.108
43014 Amposta;Mujeres;2023;10.976
43014 Amposta;Mujeres;2022;10.717
43014 Amposta;Mujeres;2021;10.541
43016 Arboç, L';Total;2025;5.721
43016 Arboç, L';Total;2024;5.758
43016 Arboç, L';Total;2023;5.713
43016 Arboç, L';Total;2022;5.604
43016 Arboç, L';Total;2021;5.625
43016 Arboç, L';Hombres;2025;2.907
43016 Arboç, L';Hombres;2024;2.928
43016 Arboç, L';Hombres;2023;2.902
43016 Arboç, L';Hombres;2022;2.852
43016 Arboç, L';Hombres;2021;2.886
43016 Arboç, L';Mujeres;2025;2.814
43016 Arboç, L';Mujeres;2024;2.830
43016 Arboç, L';Mujeres;2023;2.811
43016 Arboç, L';Mujeres;2022;2.752
43016 Arboç, L';Mujeres;2021;2.739
43015 Arbolí;Total;2025;138
43015 Arbolí;Total;2024;129
43015 Arbolí;Total;2023;129
43015 Arbolí;Total;2022;122
43015 Arbolí;Total;2021;126
43015 Arbolí;Hombres;2025;82
43015 Arbolí;Hombres;2024;76
43015 Arbolí;Hombres;2023;79
43015 Arbolí;Hombres;2022;74
43015 Arbolí;Hombres;2021;76
43015 Arbolí;Mujeres;2025;56
43015 Arbolí;Mujeres;2024;53
43015 Arbolí;Mujeres;2023;50
43015 Arbolí;Mujeres;2022;48
43015 Arbolí;Mujeres;2021;50
43017 Argentera, L';Total;2025;139
43017 Argentera, L';Total;2024;129
43017 Argentera, L';Total;2023;133
43017 Argentera, L';Total;2022;126
43017 Argentera, L';Total;2021;126
43017 Argentera, L';Hombres;2025;79
43017 Argentera, L';Hombres;2024;75
43017 Argentera, L';Hombres;2023;75
43017 Argentera, L';Hombres;2022;72
43017 Argentera, L';Hombres;2021;72
43017 Argentera, L';Mujeres;2025;60
43017 Argentera, L';Mujeres;2024;54
43017 Argentera, L';Mujeres;2023;58
43017 Argentera, L';Mujeres;2022;54
43017 Argentera, L';Mujeres;2021;54
43018 Arnes;Total;2025;461
43018 Arnes;Total;2024;463
43018 Arnes;Total;2023;455
43018 Arnes;Total;2022;448
43018 Arnes;Total;2021;441
43018 Arnes;Hombres;2025;228
43018 Arnes;Hombres;2024;232
43018 Arnes;Hombres;2023;218
43018 Arnes;Hombres;2022;222
43018 Arnes;Hombres;2021;218
43018 Arnes;Mujeres;2025;233
43018 Arnes;Mujeres;2024;231
43018 Arnes;Mujeres;2023;237
43018 Arnes;Mujeres;2022;226
43018 Arnes;Mujeres;2021;223
43019 Ascó;Total;2025;1.589
43019 Ascó;Total;2024;1.608
43019 Ascó;Total;2023;1.638
43019 Ascó;Total;2022;1.601
43019 Ascó;Total;2021;1.611
43019 Ascó;Hombres;2025;810
43019 Ascó;Hombres;2024;827
43019 Ascó;Hombres;2023;850
43019 Ascó;Hombres;2022;828
43019 Ascó;Hombres;2021;820
43019 Ascó;Mujeres;2025;779
43019 Ascó;Mujeres;2024;781
43019 Ascó;Mujeres;2023;788
43019 Ascó;Mujeres;2022;773
43019 Ascó;Mujeres;2021;791
43020 Banyeres del Penedès;Total;2025;3.395
43020 Banyeres del Penedès;Total;2024;3.347
43020 Banyeres del Penedès;Total;2023;3.356
43020 Banyeres del Penedès;Total;2022;3.271
43020 Banyeres del Penedès;Total;2021;3.280
43020 Banyeres del Penedès;Hombres;2025;1.697
43020 Banyeres del Penedès;Hombres;2024;1.671
43020 Banyeres del Penedès;Hombres;2023;1.690
43020 Banyeres del Penedès;Hombres;2022;1.643
43020 Banyeres del Penedès;Hombres;2021;1.659
43020 Banyeres del Penedès;Mujeres;2025;1.698
43020 Banyeres del Penedès;Mujeres;2024;1.676
43020 Banyeres del Penedès;Mujeres;2023;1.666
43020 Banyeres del Penedès;Mujeres;2022;1.628
43020 Banyeres del Penedès;Mujeres;2021;1.621
43021 Barberà de la Conca;Total;2025;476
43021 Barberà de la Conca;Total;2024;471
43021 Barberà de la Conca;Total;2023;486
43021 Barberà de la Conca;Total;2022;486
43021 Barberà de la Conca;Total;2021;472
43021 Barberà de la Conca;Hombres;2025;250
43021 Barberà de la Conca;Hombres;2024;257
43021 Barberà de la Conca;Hombres;2023;265
43021 Barberà de la Conca;Hombres;2022;267
43021 Barberà de la Conca;Hombres;2021;262
43021 Barberà de la Conca;Mujeres;2025;226
43021 Barberà de la Conca;Mujeres;2024;214
43021 Barberà de la Conca;Mujeres;2023;221
43021 Barberà de la Conca;Mujeres;2022;219
43021 Barberà de la Conca;Mujeres;2021;210
43022 Batea;Total;2025;1.875
43022 Batea;Total;2024;1.877
43022 Batea;Total;2023;1.869
43022 Batea;Total;2022;1.863
43022 Batea;Total;2021;1.879
43022 Batea;Hombres;2025;945
43022 Batea;Hombres;2024;933
43022 Batea;Hombres;2023;929
43022 Batea;Hombres;2022;925
43022 Batea;Hombres;2021;937
43022 Batea;Mujeres;2025;930
43022 Batea;Mujeres;2024;944
43022 Batea;Mujeres;2023;940
43022 Batea;Mujeres;2022;938
43022 Batea;Mujeres;2021;942
43023 Bellmunt del Priorat;Total;2025;290
43023 Bellmunt del Priorat;Total;2024;298
43023 Bellmunt del Priorat;Total;2023;284
43023 Bellmunt del Priorat;Total;2022;272
43023 Bellmunt del Priorat;Total;2021;281
43023 Bellmunt del Priorat;Hombres;2025;149
43023 Bellmunt del Priorat;Hombres;2024;157
43023 Bellmunt del Priorat;Hombres;2023;147
43023 Bellmunt del Priorat;Hombres;2022;136
43023 Bellmunt del Priorat;Hombres;2021;143
43023 Bellmunt del Priorat;Mujeres;2025;141
43023 Bellmunt del Priorat;Mujeres;2024;141
43023 Bellmunt del Priorat;Mujeres;2023;137
43023 Bellmunt del Priorat;Mujeres;2022;136
43023 Bellmunt del Priorat;Mujeres;2021;138
43024 Bellvei;Total;2025;2.460
43024 Bellvei;Total;2024;2.417
43024 Bellvei;Total;2023;2.368
43024 Bellvei;Total;2022;2.346
43024 Bellvei;Total;2021;2.303
43024 Bellvei;Hombres;2025;1.272
43024 Bellvei;Hombres;2024;1.248
43024 Bellvei;Hombres;2023;1.223
43024 Bellvei;Hombres;2022;1.189
43024 Bellvei;Hombres;2021;1.183
43024 Bellvei;Mujeres;2025;1.188
43024 Bellvei;Mujeres;2024;1.169
43024 Bellvei;Mujeres;2023;1.145
43024 Bellvei;Mujeres;2022;1.157
43024 Bellvei;Mujeres;2021;1.120
43025 Benifallet;Total;2025;706
43025 Benifallet;Total;2024;718
43025 Benifallet;Total;2023;733
43025 Benifallet;Total;2022;739
43025 Benifallet;Total;2021;741
43025 Benifallet;Hombres;2025;345
43025 Benifallet;Hombres;2024;350
43025 Benifallet;Hombres;2023;357
43025 Benifallet;Hombres;2022;360
43025 Benifallet;Hombres;2021;358
43025 Benifallet;Mujeres;2025;361
43025 Benifallet;Mujeres;2024;368
43025 Benifallet;Mujeres;2023;376
43025 Benifallet;Mujeres;2022;379
43025 Benifallet;Mujeres;2021;383
43026 Benissanet;Total;2025;1.186
43026 Benissanet;Total;2024;1.186
43026 Benissanet;Total;2023;1.159
43026 Benissanet;Total;2022;1.169
43026 Benissanet;Total;2021;1.129
43026 Benissanet;Hombres;2025;668
43026 Benissanet;Hombres;2024;654
43026 Benissanet;Hombres;2023;631
43026 Benissanet;Hombres;2022;641
43026 Benissanet;Hombres;2021;615
43026 Benissanet;Mujeres;2025;518
43026 Benissanet;Mujeres;2024;532
43026 Benissanet;Mujeres;2023;528
43026 Benissanet;Mujeres;2022;528
43026 Benissanet;Mujeres;2021;514
43027 Bisbal de Montsant, La;Total;2025;214
43027 Bisbal de Montsant, La;Total;2024;208
43027 Bisbal de Montsant, La;Total;2023;207
43027 Bisbal de Montsant, La;Total;2022;219
43027 Bisbal de Montsant, La;Total;2021;218
43027 Bisbal de Montsant, La;Hombres;2025;121
43027 Bisbal de Montsant, La;Hombres;2024;118
43027 Bisbal de Montsant, La;Hombres;2023;118
43027 Bisbal de Montsant, La;Hombres;2022;125
43027 Bisbal de Montsant, La;Hombres;2021;124
43027 Bisbal de Montsant, La;Mujeres;2025;93
43027 Bisbal de Montsant, La;Mujeres;2024;90
43027 Bisbal de Montsant, La;Mujeres;2023;89
43027 Bisbal de Montsant, La;Mujeres;2022;94
43027 Bisbal de Montsant, La;Mujeres;2021;94
43028 Bisbal del Penedès, La;Total;2025;4.278
43028 Bisbal del Penedès, La;Total;2024;4.168
43028 Bisbal del Penedès, La;Total;2023;4.148
43028 Bisbal del Penedès, La;Total;2022;4.062
43028 Bisbal del Penedès, La;Total;2021;3.830
43028 Bisbal del Penedès, La;Hombres;2025;2.225
43028 Bisbal del Penedès, La;Hombres;2024;2.168
43028 Bisbal del Penedès, La;Hombres;2023;2.168
43028 Bisbal del Penedès, La;Hombres;2022;2.139
43028 Bisbal del Penedès, La;Hombres;2021;2.012
43028 Bisbal del Penedès, La;Mujeres;2025;2.053
43028 Bisbal del Penedès, La;Mujeres;2024;2.000
43028 Bisbal del Penedès, La;Mujeres;2023;1.980
43028 Bisbal del Penedès, La;Mujeres;2022;1.923
43028 Bisbal del Penedès, La;Mujeres;2021;1.818
43029 Blancafort;Total;2025;392
43029 Blancafort;Total;2024;393
43029 Blancafort;Total;2023;393
43029 Blancafort;Total;2022;394
43029 Blancafort;Total;2021;398
43029 Blancafort;Hombres;2025;200
43029 Blancafort;Hombres;2024;199
43029 Blancafort;Hombres;2023;202
43029 Blancafort;Hombres;2022;205
43029 Blancafort;Hombres;2021;209
43029 Blancafort;Mujeres;2025;192
43029 Blancafort;Mujeres;2024;194
43029 Blancafort;Mujeres;2023;191
43029 Blancafort;Mujeres;2022;189
43029 Blancafort;Mujeres;2021;189
43030 Bonastre;Total;2025;777
43030 Bonastre;Total;2024;760
43030 Bonastre;Total;2023;745
43030 Bonastre;Total;2022;742
43030 Bonastre;Total;2021;727
43030 Bonastre;Hombres;2025;415
43030 Bonastre;Hombres;2024;405
43030 Bonastre;Hombres;2023;403
43030 Bonastre;Hombres;2022;387
43030 Bonastre;Hombres;2021;384
43030 Bonastre;Mujeres;2025;362
43030 Bonastre;Mujeres;2024;355
43030 Bonastre;Mujeres;2023;342
43030 Bonastre;Mujeres;2022;355
43030 Bonastre;Mujeres;2021;343
43031 Borges del Camp, Les;Total;2025;2.319
43031 Borges del Camp, Les;Total;2024;2.260
43031 Borges del Camp, Les;Total;2023;2.194
43031 Borges del Camp, Les;Total;2022;2.148
43031 Borges del Camp, Les;Total;2021;2.104
43031 Borges del Camp, Les;Hombres;2025;1.210
43031 Borges del Camp, Les;Hombres;2024;1.164
43031 Borges del Camp, Les;Hombres;2023;1.127
43031 Borges del Camp, Les;Hombres;2022;1.104
43031 Borges del Camp, Les;Hombres;2021;1.077
43031 Borges del Camp, Les;Mujeres;2025;1.109
43031 Borges del Camp, Les;Mujeres;2024;1.096
43031 Borges del Camp, Les;Mujeres;2023;1.067
43031 Borges del Camp, Les;Mujeres;2022;1.044
43031 Borges del Camp, Les;Mujeres;2021;1.027
43032 Bot;Total;2025;548
43032 Bot;Total;2024;554
43032 Bot;Total;2023;559
43032 Bot;Total;2022;566
43032 Bot;Total;2021;566
43032 Bot;Hombres;2025;269
43032 Bot;Hombres;2024;276
43032 Bot;Hombres;2023;284
43032 Bot;Hombres;2022;290
43032 Bot;Hombres;2021;289
43032 Bot;Mujeres;2025;279
43032 Bot;Mujeres;2024;278
43032 Bot;Mujeres;2023;275
43032 Bot;Mujeres;2022;276
43032 Bot;Mujeres;2021;277
43033 Botarell;Total;2025;1.161
43033 Botarell;Total;2024;1.174
43033 Botarell;Total;2023;1.156
43033 Botarell;Total;2022;1.102
43033 Botarell;Total;2021;1.094
43033 Botarell;Hombres;2025;597
43033 Botarell;Hombres;2024;609
43033 Botarell;Hombres;2023;588
43033 Botarell;Hombres;2022;567
43033 Botarell;Hombres;2021;559
43033 Botarell;Mujeres;2025;564
43033 Botarell;Mujeres;2024;565
43033 Botarell;Mujeres;2023;568
43033 Botarell;Mujeres;2022;535
43033 Botarell;Mujeres;2021;535
43034 Bràfim;Total;2025;697
43034 Bràfim;Total;2024;696
43034 Bràfim;Total;2023;693
43034 Bràfim;Total;2022;687
43034 Bràfim;Total;2021;695
43034 Bràfim;Hombres;2025;341
43034 Bràfim;Hombres;2024;347
43034 Bràfim;Hombres;2023;348
43034 Bràfim;Hombres;2022;344
43034 Bràfim;Hombres;2021;347
43034 Bràfim;Mujeres;2025;356
43034 Bràfim;Mujeres;2024;349
43034 Bràfim;Mujeres;2023;345
43034 Bràfim;Mujeres;2022;343
43034 Bràfim;Mujeres;2021;348
43035 Cabacés;Total;2025;296
43035 Cabacés;Total;2024;302
43035 Cabacés;Total;2023;304
43035 Cabacés;Total;2022;304
43035 Cabacés;Total;2021;312
43035 Cabacés;Hombres;2025;164
43035 Cabacés;Hombres;2024;167
43035 Cabacés;Hombres;2023;168
43035 Cabacés;Hombres;2022;161
43035 Cabacés;Hombres;2021;165
43035 Cabacés;Mujeres;2025;132
43035 Cabacés;Mujeres;2024;135
43035 Cabacés;Mujeres;2023;136
43035 Cabacés;Mujeres;2022;143
43035 Cabacés;Mujeres;2021;147
43036 Cabra del Camp;Total;2025;1.388
43036 Cabra del Camp;Total;2024;1.321
43036 Cabra del Camp;Total;2023;1.282
43036 Cabra del Camp;Total;2022;1.254
43036 Cabra del Camp;Total;2021;1.230
43036 Cabra del Camp;Hombres;2025;729
43036 Cabra del Camp;Hombres;2024;701
43036 Cabra del Camp;Hombres;2023;669
43036 Cabra del Camp;Hombres;2022;664
43036 Cabra del Camp;Hombres;2021;647
43036 Cabra del Camp;Mujeres;2025;659
43036 Cabra del Camp;Mujeres;2024;620
43036 Cabra del Camp;Mujeres;2023;613
43036 Cabra del Camp;Mujeres;2022;590
43036 Cabra del Camp;Mujeres;2021;583
43037 Calafell;Total;2025;32.624
43037 Calafell;Total;2024;31.828
43037 Calafell;Total;2023;30.631
43037 Calafell;Total;2022;29.102
43037 Calafell;Total;2021;28.463
43037 Calafell;Hombres;2025;16.260
43037 Calafell;Hombres;2024;15.860
43037 Calafell;Hombres;2023;15.345
43037 Calafell;Hombres;2022;14.601
43037 Calafell;Hombres;2021;14.280
43037 Calafell;Mujeres;2025;16.364
43037 Calafell;Mujeres;2024;15.968
43037 Calafell;Mujeres;2023;15.286
43037 Calafell;Mujeres;2022;14.501
43037 Calafell;Mujeres;2021;14.183
43903 Camarles;Total;2025;3.465
43903 Camarles;Total;2024;3.392
43903 Camarles;Total;2023;3.332
43903 Camarles;Total;2022;3.309
43903 Camarles;Total;2021;3.220
43903 Camarles;Hombres;2025;1.787
43903 Camarles;Hombres;2024;1.728
43903 Camarles;Hombres;2023;1.709
43903 Camarles;Hombres;2022;1.680
43903 Camarles;Hombres;2021;1.647
43903 Camarles;Mujeres;2025;1.678
43903 Camarles;Mujeres;2024;1.664
43903 Camarles;Mujeres;2023;1.623
43903 Camarles;Mujeres;2022;1.629
43903 Camarles;Mujeres;2021;1.573
43038 Cambrils;Total;2025;37.042
43038 Cambrils;Total;2024;36.849
43038 Cambrils;Total;2023;36.496
43038 Cambrils;Total;2022;35.675
43038 Cambrils;Total;2021;35.064
43038 Cambrils;Hombres;2025;18.041
43038 Cambrils;Hombres;2024;17.939
43038 Cambrils;Hombres;2023;17.829
43038 Cambrils;Hombres;2022;17.472
43038 Cambrils;Hombres;2021;17.150
43038 Cambrils;Mujeres;2025;19.001
43038 Cambrils;Mujeres;2024;18.910
43038 Cambrils;Mujeres;2023;18.667
43038 Cambrils;Mujeres;2022;18.203
43038 Cambrils;Mujeres;2021;17.914
43907 Canonja, La;Total;2025;6.001
43907 Canonja, La;Total;2024;5.943
43907 Canonja, La;Total;2023;5.922
43907 Canonja, La;Total;2022;5.873
43907 Canonja, La;Total;2021;5.933
43907 Canonja, La;Hombres;2025;2.946
43907 Canonja, La;Hombres;2024;2.897
43907 Canonja, La;Hombres;2023;2.890
43907 Canonja, La;Hombres;2022;2.871
43907 Canonja, La;Hombres;2021;2.892
43907 Canonja, La;Mujeres;2025;3.055
43907 Canonja, La;Mujeres;2024;3.046
43907 Canonja, La;Mujeres;2023;3.032
43907 Canonja, La;Mujeres;2022;3.002
43907 Canonja, La;Mujeres;2021;3.041
43039 Capafonts;Total;2025;101
43039 Capafonts;Total;2024;106
43039 Capafonts;Total;2023;110
43039 Capafonts;Total;2022;121
43039 Capafonts;Total;2021;125
43039 Capafonts;Hombres;2025;56
43039 Capafonts;Hombres;2024;59
43039 Capafonts;Hombres;2023;63
43039 Capafonts;Hombres;2022;68
43039 Capafonts;Hombres;2021;68
43039 Capafonts;Mujeres;2025;45
43039 Capafonts;Mujeres;2024;47
43039 Capafonts;Mujeres;2023;47
43039 Capafonts;Mujeres;2022;53
43039 Capafonts;Mujeres;2021;57
43040 Capçanes;Total;2025;444
43040 Capçanes;Total;2024;428
43040 Capçanes;Total;2023;424
43040 Capçanes;Total;2022;407
43040 Capçanes;Total;2021;394
43040 Capçanes;Hombres;2025;222
43040 Capçanes;Hombres;2024;215
43040 Capçanes;Hombres;2023;213
43040 Capçanes;Hombres;2022;208
43040 Capçanes;Hombres;2021;200
43040 Capçanes;Mujeres;2025;222
43040 Capçanes;Mujeres;2024;213
43040 Capçanes;Mujeres;2023;211
43040 Capçanes;Mujeres;2022;199
43040 Capçanes;Mujeres;2021;194
43041 Caseres;Total;2025;250
43041 Caseres;Total;2024;240
43041 Caseres;Total;2023;241
43041 Caseres;Total;2022;233
43041 Caseres;Total;2021;226
43041 Caseres;Hombres;2025;126
43041 Caseres;Hombres;2024;117
43041 Caseres;Hombres;2023;119
43041 Caseres;Hombres;2022;116
43041 Caseres;Hombres;2021;116
43041 Caseres;Mujeres;2025;124
43041 Caseres;Mujeres;2024;123
43041 Caseres;Mujeres;2023;122
43041 Caseres;Mujeres;2022;117
43041 Caseres;Mujeres;2021;110
43042 Castellvell del Camp;Total;2025;3.002
43042 Castellvell del Camp;Total;2024;2.995
43042 Castellvell del Camp;Total;2023;3.018
43042 Castellvell del Camp;Total;2022;2.946
43042 Castellvell del Camp;Total;2021;2.873
43042 Castellvell del Camp;Hombres;2025;1.508
43042 Castellvell del Camp;Hombres;2024;1.502
43042 Castellvell del Camp;Hombres;2023;1.518
43042 Castellvell del Camp;Hombres;2022;1.474
43042 Castellvell del Camp;Hombres;2021;1.441
43042 Castellvell del Camp;Mujeres;2025;1.494
43042 Castellvell del Camp;Mujeres;2024;1.493
43042 Castellvell del Camp;Mujeres;2023;1.500
43042 Castellvell del Camp;Mujeres;2022;1.472
43042 Castellvell del Camp;Mujeres;2021;1.432
43043 Catllar, El;Total;2025;5.375
43043 Catllar, El;Total;2024;5.218
43043 Catllar, El;Total;2023;5.115
43043 Catllar, El;Total;2022;4.921
43043 Catllar, El;Total;2021;4.740
43043 Catllar, El;Hombres;2025;2.816
43043 Catllar, El;Hombres;2024;2.722
43043 Catllar, El;Hombres;2023;2.671
43043 Catllar, El;Hombres;2022;2.568
43043 Catllar, El;Hombres;2021;2.467
43043 Catllar, El;Mujeres;2025;2.559
43043 Catllar, El;Mujeres;2024;2.496
43043 Catllar, El;Mujeres;2023;2.444
43043 Catllar, El;Mujeres;2022;2.353
43043 Catllar, El;Mujeres;2021;2.273
43045 Colldejou;Total;2025;155
43045 Colldejou;Total;2024;160
43045 Colldejou;Total;2023;161
43045 Colldejou;Total;2022;172
43045 Colldejou;Total;2021;167
43045 Colldejou;Hombres;2025;86
43045 Colldejou;Hombres;2024;91
43045 Colldejou;Hombres;2023;93
43045 Colldejou;Hombres;2022;97
43045 Colldejou;Hombres;2021;93
43045 Colldejou;Mujeres;2025;69
43045 Colldejou;Mujeres;2024;69
43045 Colldejou;Mujeres;2023;68
43045 Colldejou;Mujeres;2022;75
43045 Colldejou;Mujeres;2021;74
43046 Conesa;Total;2025;111
43046 Conesa;Total;2024;113
43046 Conesa;Total;2023;120
43046 Conesa;Total;2022;109
43046 Conesa;Total;2021;106
43046 Conesa;Hombres;2025;58
43046 Conesa;Hombres;2024;59
43046 Conesa;Hombres;2023;60
43046 Conesa;Hombres;2022;53
43046 Conesa;Hombres;2021;52
43046 Conesa;Mujeres;2025;53
43046 Conesa;Mujeres;2024;54
43046 Conesa;Mujeres;2023;60
43046 Conesa;Mujeres;2022;56
43046 Conesa;Mujeres;2021;54
43047 Constantí;Total;2025;7.108
43047 Constantí;Total;2024;6.888
43047 Constantí;Total;2023;6.788
43047 Constantí;Total;2022;6.685
43047 Constantí;Total;2021;6.724
43047 Constantí;Hombres;2025;3.639
43047 Constantí;Hombres;2024;3.507
43047 Constantí;Hombres;2023;3.490
43047 Constantí;Hombres;2022;3.427
43047 Constantí;Hombres;2021;3.470
43047 Constantí;Mujeres;2025;3.469
43047 Constantí;Mujeres;2024;3.381
43047 Constantí;Mujeres;2023;3.298
43047 Constantí;Mujeres;2022;3.258
43047 Constantí;Mujeres;2021;3.254
43048 Corbera d'Ebre;Total;2025;1.023
43048 Corbera d'Ebre;Total;2024;1.019
43048 Corbera d'Ebre;Total;2023;1.011
43048 Corbera d'Ebre;Total;2022;993
43048 Corbera d'Ebre;Total;2021;981
43048 Corbera d'Ebre;Hombres;2025;541
43048 Corbera d'Ebre;Hombres;2024;538
43048 Corbera d'Ebre;Hombres;2023;536
43048 Corbera d'Ebre;Hombres;2022;530
43048 Corbera d'Ebre;Hombres;2021;510
43048 Corbera d'Ebre;Mujeres;2025;482
43048 Corbera d'Ebre;Mujeres;2024;481
43048 Corbera d'Ebre;Mujeres;2023;475
43048 Corbera d'Ebre;Mujeres;2022;463
43048 Corbera d'Ebre;Mujeres;2021;471
43049 Cornudella de Montsant;Total;2025;999
43049 Cornudella de Montsant;Total;2024;1.023
43049 Cornudella de Montsant;Total;2023;993
43049 Cornudella de Montsant;Total;2022;978
43049 Cornudella de Montsant;Total;2021;965
43049 Cornudella de Montsant;Hombres;2025;537
43049 Cornudella de Montsant;Hombres;2024;542
43049 Cornudella de Montsant;Hombres;2023;529
43049 Cornudella de Montsant;Hombres;2022;527
43049 Cornudella de Montsant;Hombres;2021;509
43049 Cornudella de Montsant;Mujeres;2025;462
43049 Cornudella de Montsant;Mujeres;2024;481
43049 Cornudella de Montsant;Mujeres;2023;464
43049 Cornudella de Montsant;Mujeres;2022;451
43049 Cornudella de Montsant;Mujeres;2021;456
43050 Creixell;Total;2025;4.261
43050 Creixell;Total;2024;4.190
43050 Creixell;Total;2023;4.084
43050 Creixell;Total;2022;3.981
43050 Creixell;Total;2021;3.912
43050 Creixell;Hombres;2025;2.104
43050 Creixell;Hombres;2024;2.087
43050 Creixell;Hombres;2023;2.054
43050 Creixell;Hombres;2022;2.004
43050 Creixell;Hombres;2021;1.970
43050 Creixell;Mujeres;2025;2.157
43050 Creixell;Mujeres;2024;2.103
43050 Creixell;Mujeres;2023;2.030
43050 Creixell;Mujeres;2022;1.977
43050 Creixell;Mujeres;2021;1.942
43051 Cunit;Total;2025;16.385
43051 Cunit;Total;2024;15.804
43051 Cunit;Total;2023;15.278
43051 Cunit;Total;2022;14.622
43051 Cunit;Total;2021;14.081
43051 Cunit;Hombres;2025;8.075
43051 Cunit;Hombres;2024;7.796
43051 Cunit;Hombres;2023;7.525
43051 Cunit;Hombres;2022;7.169
43051 Cunit;Hombres;2021;6.956
43051 Cunit;Mujeres;2025;8.310
43051 Cunit;Mujeres;2024;8.008
43051 Cunit;Mujeres;2023;7.753
43051 Cunit;Mujeres;2022;7.453
43051 Cunit;Mujeres;2021;7.125
43901 Deltebre;Total;2025;12.041
43901 Deltebre;Total;2024;11.951
43901 Deltebre;Total;2023;11.818
43901 Deltebre;Total;2022;11.656
43901 Deltebre;Total;2021;11.539
43901 Deltebre;Hombres;2025;6.081
43901 Deltebre;Hombres;2024;6.018
43901 Deltebre;Hombres;2023;5.945
43901 Deltebre;Hombres;2022;5.882
43901 Deltebre;Hombres;2021;5.801
43901 Deltebre;Mujeres;2025;5.960
43901 Deltebre;Mujeres;2024;5.933
43901 Deltebre;Mujeres;2023;5.873
43901 Deltebre;Mujeres;2022;5.774
43901 Deltebre;Mujeres;2021;5.738
43053 Duesaigües;Total;2025;217
43053 Duesaigües;Total;2024;222
43053 Duesaigües;Total;2023;225
43053 Duesaigües;Total;2022;232
43053 Duesaigües;Total;2021;234
43053 Duesaigües;Hombres;2025;120
43053 Duesaigües;Hombres;2024;121
43053 Duesaigües;Hombres;2023;122
43053 Duesaigües;Hombres;2022;128
43053 Duesaigües;Hombres;2021;131
43053 Duesaigües;Mujeres;2025;97
43053 Duesaigües;Mujeres;2024;101
43053 Duesaigües;Mujeres;2023;103
43053 Duesaigües;Mujeres;2022;104
43053 Duesaigües;Mujeres;2021;103
43054 Espluga de Francolí, L';Total;2025;3.863
43054 Espluga de Francolí, L';Total;2024;3.817
43054 Espluga de Francolí, L';Total;2023;3.733
43054 Espluga de Francolí, L';Total;2022;3.698
43054 Espluga de Francolí, L';Total;2021;3.717
43054 Espluga de Francolí, L';Hombres;2025;1.929
43054 Espluga de Francolí, L';Hombres;2024;1.880
43054 Espluga de Francolí, L';Hombres;2023;1.841
43054 Espluga de Francolí, L';Hombres;2022;1.807
43054 Espluga de Francolí, L';Hombres;2021;1.821
43054 Espluga de Francolí, L';Mujeres;2025;1.934
43054 Espluga de Francolí, L';Mujeres;2024;1.937
43054 Espluga de Francolí, L';Mujeres;2023;1.892
43054 Espluga de Francolí, L';Mujeres;2022;1.891
43054 Espluga de Francolí, L';Mujeres;2021;1.896
43055 Falset;Total;2025;2.890
43055 Falset;Total;2024;2.856
43055 Falset;Total;2023;2.809
43055 Falset;Total;2022;2.740
43055 Falset;Total;2021;2.724
43055 Falset;Hombres;2025;1.505
43055 Falset;Hombres;2024;1.476
43055 Falset;Hombres;2023;1.429
43055 Falset;Hombres;2022;1.380
43055 Falset;Hombres;2021;1.368
43055 Falset;Mujeres;2025;1.385
43055 Falset;Mujeres;2024;1.380
43055 Falset;Mujeres;2023;1.380
43055 Falset;Mujeres;2022;1.360
43055 Falset;Mujeres;2021;1.356
43056 Fatarella, La;Total;2025;840
43056 Fatarella, La;Total;2024;852
43056 Fatarella, La;Total;2023;874
43056 Fatarella, La;Total;2022;891
43056 Fatarella, La;Total;2021;917
43056 Fatarella, La;Hombres;2025;418
43056 Fatarella, La;Hombres;2024;425
43056 Fatarella, La;Hombres;2023;434
43056 Fatarella, La;Hombres;2022;440
43056 Fatarella, La;Hombres;2021;447
43056 Fatarella, La;Mujeres;2025;422
43056 Fatarella, La;Mujeres;2024;427
43056 Fatarella, La;Mujeres;2023;440
43056 Fatarella, La;Mujeres;2022;451
43056 Fatarella, La;Mujeres;2021;470
43057 Febró, La;Total;2025;35
43057 Febró, La;Total;2024;36
43057 Febró, La;Total;2023;38
43057 Febró, La;Total;2022;39
43057 Febró, La;Total;2021;41
43057 Febró, La;Hombres;2025;22
43057 Febró, La;Hombres;2024;22
43057 Febró, La;Hombres;2023;23
43057 Febró, La;Hombres;2022;24
43057 Febró, La;Hombres;2021;25
43057 Febró, La;Mujeres;2025;13
43057 Febró, La;Mujeres;2024;14
43057 Febró, La;Mujeres;2023;15
43057 Febró, La;Mujeres;2022;15
43057 Febró, La;Mujeres;2021;16
43058 Figuera, La;Total;2025;115
43058 Figuera, La;Total;2024;122
43058 Figuera, La;Total;2023;119
43058 Figuera, La;Total;2022;123
43058 Figuera, La;Total;2021;117
43058 Figuera, La;Hombres;2025;66
43058 Figuera, La;Hombres;2024;68
43058 Figuera, La;Hombres;2023;68
43058 Figuera, La;Hombres;2022;71
43058 Figuera, La;Hombres;2021;66
43058 Figuera, La;Mujeres;2025;49
43058 Figuera, La;Mujeres;2024;54
43058 Figuera, La;Mujeres;2023;51
43058 Figuera, La;Mujeres;2022;52
43058 Figuera, La;Mujeres;2021;51
43059 Figuerola del Camp;Total;2025;342
43059 Figuerola del Camp;Total;2024;345
43059 Figuerola del Camp;Total;2023;337
43059 Figuerola del Camp;Total;2022;332
43059 Figuerola del Camp;Total;2021;336
43059 Figuerola del Camp;Hombres;2025;167
43059 Figuerola del Camp;Hombres;2024;170
43059 Figuerola del Camp;Hombres;2023;166
43059 Figuerola del Camp;Hombres;2022;168
43059 Figuerola del Camp;Hombres;2021;167
43059 Figuerola del Camp;Mujeres;2025;175
43059 Figuerola del Camp;Mujeres;2024;175
43059 Figuerola del Camp;Mujeres;2023;171
43059 Figuerola del Camp;Mujeres;2022;164
43059 Figuerola del Camp;Mujeres;2021;169
43060 Flix;Total;2025;3.340
43060 Flix;Total;2024;3.324
43060 Flix;Total;2023;3.343
43060 Flix;Total;2022;3.426
43060 Flix;Total;2021;3.451
43060 Flix;Hombres;2025;1.689
43060 Flix;Hombres;2024;1.684
43060 Flix;Hombres;2023;1.684
43060 Flix;Hombres;2022;1.722
43060 Flix;Hombres;2021;1.740
43060 Flix;Mujeres;2025;1.651
43060 Flix;Mujeres;2024;1.640
43060 Flix;Mujeres;2023;1.659
43060 Flix;Mujeres;2022;1.704
43060 Flix;Mujeres;2021;1.711
43061 Forès;Total;2025;38
43061 Forès;Total;2024;40
43061 Forès;Total;2023;47
43061 Forès;Total;2022;48
43061 Forès;Total;2021;48
43061 Forès;Hombres;2025;25
43061 Forès;Hombres;2024;25
43061 Forès;Hombres;2023;29
43061 Forès;Hombres;2022;28
43061 Forès;Hombres;2021;27
43061 Forès;Mujeres;2025;13
43061 Forès;Mujeres;2024;15
43061 Forès;Mujeres;2023;18
43061 Forès;Mujeres;2022;20
43061 Forès;Mujeres;2021;21
43062 Freginals;Total;2025;443
43062 Freginals;Total;2024;424
43062 Freginals;Total;2023;411
43062 Freginals;Total;2022;388
43062 Freginals;Total;2021;391
43062 Freginals;Hombres;2025;251
43062 Freginals;Hombres;2024;233
43062 Freginals;Hombres;2023;222
43062 Freginals;Hombres;2022;213
43062 Freginals;Hombres;2021;210
43062 Freginals;Mujeres;2025;192
43062 Freginals;Mujeres;2024;191
43062 Freginals;Mujeres;2023;189
43062 Freginals;Mujeres;2022;175
43062 Freginals;Mujeres;2021;181
43063 Galera, La;Total;2025;726
43063 Galera, La;Total;2024;708
43063 Galera, La;Total;2023;715
43063 Galera, La;Total;2022;700
43063 Galera, La;Total;2021;723
43063 Galera, La;Hombres;2025;378
43063 Galera, La;Hombres;2024;361
43063 Galera, La;Hombres;2023;369
43063 Galera, La;Hombres;2022;361
43063 Galera, La;Hombres;2021;375
43063 Galera, La;Mujeres;2025;348
43063 Galera, La;Mujeres;2024;347
43063 Galera, La;Mujeres;2023;346
43063 Galera, La;Mujeres;2022;339
43063 Galera, La;Mujeres;2021;348
43064 Gandesa;Total;2025;3.150
43064 Gandesa;Total;2024;3.166
43064 Gandesa;Total;2023;3.140
43064 Gandesa;Total;2022;3.100
43064 Gandesa;Total;2021;3.098
43064 Gandesa;Hombres;2025;1.591
43064 Gandesa;Hombres;2024;1.594
43064 Gandesa;Hombres;2023;1.592
43064 Gandesa;Hombres;2022;1.577
43064 Gandesa;Hombres;2021;1.587
43064 Gandesa;Mujeres;2025;1.559
43064 Gandesa;Mujeres;2024;1.572
43064 Gandesa;Mujeres;2023;1.548
43064 Gandesa;Mujeres;2022;1.523
43064 Gandesa;Mujeres;2021;1.511
43065 Garcia;Total;2025;551
43065 Garcia;Total;2024;543
43065 Garcia;Total;2023;547
43065 Garcia;Total;2022;527
43065 Garcia;Total;2021;535
43065 Garcia;Hombres;2025;288
43065 Garcia;Hombres;2024;273
43065 Garcia;Hombres;2023;277
43065 Garcia;Hombres;2022;263
43065 Garcia;Hombres;2021;261
43065 Garcia;Mujeres;2025;263
43065 Garcia;Mujeres;2024;270
43065 Garcia;Mujeres;2023;270
43065 Garcia;Mujeres;2022;264
43065 Garcia;Mujeres;2021;274
43066 Garidells, Els;Total;2025;211
43066 Garidells, Els;Total;2024;202
43066 Garidells, Els;Total;2023;198
43066 Garidells, Els;Total;2022;196
43066 Garidells, Els;Total;2021;198
43066 Garidells, Els;Hombres;2025;104
43066 Garidells, Els;Hombres;2024;98
43066 Garidells, Els;Hombres;2023;98
43066 Garidells, Els;Hombres;2022;98
43066 Garidells, Els;Hombres;2021;98
43066 Garidells, Els;Mujeres;2025;107
43066 Garidells, Els;Mujeres;2024;104
43066 Garidells, Els;Mujeres;2023;100
43066 Garidells, Els;Mujeres;2022;98
43066 Garidells, Els;Mujeres;2021;100
43067 Ginestar;Total;2025;800
43067 Ginestar;Total;2024;794
43067 Ginestar;Total;2023;794
43067 Ginestar;Total;2022;790
43067 Ginestar;Total;2021;787
43067 Ginestar;Hombres;2025;414
43067 Ginestar;Hombres;2024;414
43067 Ginestar;Hombres;2023;420
43067 Ginestar;Hombres;2022;423
43067 Ginestar;Hombres;2021;420
43067 Ginestar;Mujeres;2025;386
43067 Ginestar;Mujeres;2024;380
43067 Ginestar;Mujeres;2023;374
43067 Ginestar;Mujeres;2022;367
43067 Ginestar;Mujeres;2021;367
43068 Godall;Total;2025;591
43068 Godall;Total;2024;612
43068 Godall;Total;2023;614
43068 Godall;Total;2022;609
43068 Godall;Total;2021;614
43068 Godall;Hombres;2025;297
43068 Godall;Hombres;2024;304
43068 Godall;Hombres;2023;306
43068 Godall;Hombres;2022;297
43068 Godall;Hombres;2021;304
43068 Godall;Mujeres;2025;294
43068 Godall;Mujeres;2024;308
43068 Godall;Mujeres;2023;308
43068 Godall;Mujeres;2022;312
43068 Godall;Mujeres;2021;310
43069 Gratallops;Total;2025;226
43069 Gratallops;Total;2024;229
43069 Gratallops;Total;2023;237
43069 Gratallops;Total;2022;236
43069 Gratallops;Total;2021;237
43069 Gratallops;Hombres;2025;130
43069 Gratallops;Hombres;2024;126
43069 Gratallops;Hombres;2023;134
43069 Gratallops;Hombres;2022;130
43069 Gratallops;Hombres;2021;131
43069 Gratallops;Mujeres;2025;96
43069 Gratallops;Mujeres;2024;103
43069 Gratallops;Mujeres;2023;103
43069 Gratallops;Mujeres;2022;106
43069 Gratallops;Mujeres;2021;106
43070 Guiamets, Els;Total;2025;254
43070 Guiamets, Els;Total;2024;258
43070 Guiamets, Els;Total;2023;267
43070 Guiamets, Els;Total;2022;279
43070 Guiamets, Els;Total;2021;276
43070 Guiamets, Els;Hombres;2025;128
43070 Guiamets, Els;Hombres;2024;130
43070 Guiamets, Els;Hombres;2023;136
43070 Guiamets, Els;Hombres;2022;140
43070 Guiamets, Els;Hombres;2021;134
43070 Guiamets, Els;Mujeres;2025;126
43070 Guiamets, Els;Mujeres;2024;128
43070 Guiamets, Els;Mujeres;2023;131
43070 Guiamets, Els;Mujeres;2022;139
43070 Guiamets, Els;Mujeres;2021;142
43071 Horta de Sant Joan;Total;2025;1.150
43071 Horta de Sant Joan;Total;2024;1.157
43071 Horta de Sant Joan;Total;2023;1.169
43071 Horta de Sant Joan;Total;2022;1.154
43071 Horta de Sant Joan;Total;2021;1.138
43071 Horta de Sant Joan;Hombres;2025;597
43071 Horta de Sant Joan;Hombres;2024;599
43071 Horta de Sant Joan;Hombres;2023;595
43071 Horta de Sant Joan;Hombres;2022;595
43071 Horta de Sant Joan;Hombres;2021;589
43071 Horta de Sant Joan;Mujeres;2025;553
43071 Horta de Sant Joan;Mujeres;2024;558
43071 Horta de Sant Joan;Mujeres;2023;574
43071 Horta de Sant Joan;Mujeres;2022;559
43071 Horta de Sant Joan;Mujeres;2021;549
43072 Lloar, El;Total;2025;99
43072 Lloar, El;Total;2024;101
43072 Lloar, El;Total;2023;105
43072 Lloar, El;Total;2022;104
43072 Lloar, El;Total;2021;111
43072 Lloar, El;Hombres;2025;51
43072 Lloar, El;Hombres;2024;52
43072 Lloar, El;Hombres;2023;56
43072 Lloar, El;Hombres;2022;53
43072 Lloar, El;Hombres;2021;57
43072 Lloar, El;Mujeres;2025;48
43072 Lloar, El;Mujeres;2024;49
43072 Lloar, El;Mujeres;2023;49
43072 Lloar, El;Mujeres;2022;51
43072 Lloar, El;Mujeres;2021;54
43073 Llorac;Total;2025;105
43073 Llorac;Total;2024;101
43073 Llorac;Total;2023;97
43073 Llorac;Total;2022;96
43073 Llorac;Total;2021;92
43073 Llorac;Hombres;2025;59
43073 Llorac;Hombres;2024;55
43073 Llorac;Hombres;2023;51
43073 Llorac;Hombres;2022;52
43073 Llorac;Hombres;2021;49
43073 Llorac;Mujeres;2025;46
43073 Llorac;Mujeres;2024;46
43073 Llorac;Mujeres;2023;46
43073 Llorac;Mujeres;2022;44
43073 Llorac;Mujeres;2021;43
43074 Llorenç del Penedès;Total;2025;2.425
43074 Llorenç del Penedès;Total;2024;2.431
43074 Llorenç del Penedès;Total;2023;2.391
43074 Llorenç del Penedès;Total;2022;2.393
43074 Llorenç del Penedès;Total;2021;2.381
43074 Llorenç del Penedès;Hombres;2025;1.197
43074 Llorenç del Penedès;Hombres;2024;1.208
43074 Llorenç del Penedès;Hombres;2023;1.171
43074 Llorenç del Penedès;Hombres;2022;1.177
43074 Llorenç del Penedès;Hombres;2021;1.169
43074 Llorenç del Penedès;Mujeres;2025;1.228
43074 Llorenç del Penedès;Mujeres;2024;1.223
43074 Llorenç del Penedès;Mujeres;2023;1.220
43074 Llorenç del Penedès;Mujeres;2022;1.216
43074 Llorenç del Penedès;Mujeres;2021;1.212
43076 Marçà;Total;2025;623
43076 Marçà;Total;2024;598
43076 Marçà;Total;2023;589
43076 Marçà;Total;2022;593
43076 Marçà;Total;2021;612
43076 Marçà;Hombres;2025;334
43076 Marçà;Hombres;2024;320
43076 Marçà;Hombres;2023;318
43076 Marçà;Hombres;2022;314
43076 Marçà;Hombres;2021;320
43076 Marçà;Mujeres;2025;289
43076 Marçà;Mujeres;2024;278
43076 Marçà;Mujeres;2023;271
43076 Marçà;Mujeres;2022;279
43076 Marçà;Mujeres;2021;292
43075 Margalef;Total;2025;106
43075 Margalef;Total;2024;106
43075 Margalef;Total;2023;106
43075 Margalef;Total;2022;107
43075 Margalef;Total;2021;104
43075 Margalef;Hombres;2025;64
43075 Margalef;Hombres;2024;64
43075 Margalef;Hombres;2023;67
43075 Margalef;Hombres;2022;65
43075 Margalef;Hombres;2021;61
43075 Margalef;Mujeres;2025;42
43075 Margalef;Mujeres;2024;42
43075 Margalef;Mujeres;2023;39
43075 Margalef;Mujeres;2022;42
43075 Margalef;Mujeres;2021;43
43077 Mas de Barberans;Total;2025;535
43077 Mas de Barberans;Total;2024;547
43077 Mas de Barberans;Total;2023;544
43077 Mas de Barberans;Total;2022;556
43077 Mas de Barberans;Total;2021;572
43077 Mas de Barberans;Hombres;2025;270
43077 Mas de Barberans;Hombres;2024;276
43077 Mas de Barberans;Hombres;2023;274
43077 Mas de Barberans;Hombres;2022;274
43077 Mas de Barberans;Hombres;2021;286
43077 Mas de Barberans;Mujeres;2025;265
43077 Mas de Barberans;Mujeres;2024;271
43077 Mas de Barberans;Mujeres;2023;270
43077 Mas de Barberans;Mujeres;2022;282
43077 Mas de Barberans;Mujeres;2021;286
43078 Masdenverge;Total;2025;1.138
43078 Masdenverge;Total;2024;1.149
43078 Masdenverge;Total;2023;1.137
43078 Masdenverge;Total;2022;1.129
43078 Masdenverge;Total;2021;1.109
43078 Masdenverge;Hombres;2025;604
43078 Masdenverge;Hombres;2024;617
43078 Masdenverge;Hombres;2023;591
43078 Masdenverge;Hombres;2022;587
43078 Masdenverge;Hombres;2021;572
43078 Masdenverge;Mujeres;2025;534
43078 Masdenverge;Mujeres;2024;532
43078 Masdenverge;Mujeres;2023;546
43078 Masdenverge;Mujeres;2022;542
43078 Masdenverge;Mujeres;2021;537
43079 Masllorenç;Total;2025;573
43079 Masllorenç;Total;2024;573
43079 Masllorenç;Total;2023;576
43079 Masllorenç;Total;2022;547
43079 Masllorenç;Total;2021;508
43079 Masllorenç;Hombres;2025;319
43079 Masllorenç;Hombres;2024;317
43079 Masllorenç;Hombres;2023;319
43079 Masllorenç;Hombres;2022;299
43079 Masllorenç;Hombres;2021;276
43079 Masllorenç;Mujeres;2025;254
43079 Masllorenç;Mujeres;2024;256
43079 Masllorenç;Mujeres;2023;257
43079 Masllorenç;Mujeres;2022;248
43079 Masllorenç;Mujeres;2021;232
43080 Masó, La;Total;2025;307
43080 Masó, La;Total;2024;288
43080 Masó, La;Total;2023;296
43080 Masó, La;Total;2022;285
43080 Masó, La;Total;2021;283
43080 Masó, La;Hombres;2025;160
43080 Masó, La;Hombres;2024;149
43080 Masó, La;Hombres;2023;155
43080 Masó, La;Hombres;2022;149
43080 Masó, La;Hombres;2021;148
43080 Masó, La;Mujeres;2025;147
43080 Masó, La;Mujeres;2024;139
43080 Masó, La;Mujeres;2023;141
43080 Masó, La;Mujeres;2022;136
43080 Masó, La;Mujeres;2021;135
43081 Maspujols;Total;2025;915
43081 Maspujols;Total;2024;889
43081 Maspujols;Total;2023;856
43081 Maspujols;Total;2022;859
43081 Maspujols;Total;2021;826
43081 Maspujols;Hombres;2025;475
43081 Maspujols;Hombres;2024;462
43081 Maspujols;Hombres;2023;443
43081 Maspujols;Hombres;2022;443
43081 Maspujols;Hombres;2021;420
43081 Maspujols;Mujeres;2025;440
43081 Maspujols;Mujeres;2024;427
43081 Maspujols;Mujeres;2023;413
43081 Maspujols;Mujeres;2022;416
43081 Maspujols;Mujeres;2021;406
43082 Masroig, El;Total;2025;473
43082 Masroig, El;Total;2024;480
43082 Masroig, El;Total;2023;466
43082 Masroig, El;Total;2022;479
43082 Masroig, El;Total;2021;499
43082 Masroig, El;Hombres;2025;263
43082 Masroig, El;Hombres;2024;265
43082 Masroig, El;Hombres;2023;252
43082 Masroig, El;Hombres;2022;263
43082 Masroig, El;Hombres;2021;278
43082 Masroig, El;Mujeres;2025;210
43082 Masroig, El;Mujeres;2024;215
43082 Masroig, El;Mujeres;2023;214
43082 Masroig, El;Mujeres;2022;216
43082 Masroig, El;Mujeres;2021;221
43083 Milà, El;Total;2025;194
43083 Milà, El;Total;2024;197
43083 Milà, El;Total;2023;181
43083 Milà, El;Total;2022;189
43083 Milà, El;Total;2021;191
43083 Milà, El;Hombres;2025;100
43083 Milà, El;Hombres;2024;99
43083 Milà, El;Hombres;2023;87
43083 Milà, El;Hombres;2022;89
43083 Milà, El;Hombres;2021;91
43083 Milà, El;Mujeres;2025;94
43083 Milà, El;Mujeres;2024;98
43083 Milà, El;Mujeres;2023;94
43083 Milà, El;Mujeres;2022;100
43083 Milà, El;Mujeres;2021;100
43084 Miravet;Total;2025;703
43084 Miravet;Total;2024;688
43084 Miravet;Total;2023;690
43084 Miravet;Total;2022;682
43084 Miravet;Total;2021;685
43084 Miravet;Hombres;2025;373
43084 Miravet;Hombres;2024;363
43084 Miravet;Hombres;2023;365
43084 Miravet;Hombres;2022;357
43084 Miravet;Hombres;2021;364
43084 Miravet;Mujeres;2025;330
43084 Miravet;Mujeres;2024;325
43084 Miravet;Mujeres;2023;325
43084 Miravet;Mujeres;2022;325
43084 Miravet;Mujeres;2021;321
43085 Molar, El;Total;2025;295
43085 Molar, El;Total;2024;307
43085 Molar, El;Total;2023;314
43085 Molar, El;Total;2022;296
43085 Molar, El;Total;2021;298
43085 Molar, El;Hombres;2025;149
43085 Molar, El;Hombres;2024;151
43085 Molar, El;Hombres;2023;156
43085 Molar, El;Hombres;2022;153
43085 Molar, El;Hombres;2021;157
43085 Molar, El;Mujeres;2025;146
43085 Molar, El;Mujeres;2024;156
43085 Molar, El;Mujeres;2023;158
43085 Molar, El;Mujeres;2022;143
43085 Molar, El;Mujeres;2021;141
43086 Montblanc;Total;2025;7.542
43086 Montblanc;Total;2024;7.550
43086 Montblanc;Total;2023;7.456
43086 Montblanc;Total;2022;7.410
43086 Montblanc;Total;2021;7.433
43086 Montblanc;Hombres;2025;3.873
43086 Montblanc;Hombres;2024;3.863
43086 Montblanc;Hombres;2023;3.797
43086 Montblanc;Hombres;2022;3.774
43086 Montblanc;Hombres;2021;3.771
43086 Montblanc;Mujeres;2025;3.669
43086 Montblanc;Mujeres;2024;3.687
43086 Montblanc;Mujeres;2023;3.659
43086 Montblanc;Mujeres;2022;3.636
43086 Montblanc;Mujeres;2021;3.662
43088 Montbrió del Camp;Total;2025;3.157
43088 Montbrió del Camp;Total;2024;3.128
43088 Montbrió del Camp;Total;2023;3.086
43088 Montbrió del Camp;Total;2022;3.073
43088 Montbrió del Camp;Total;2021;2.985
43088 Montbrió del Camp;Hombres;2025;1.612
43088 Montbrió del Camp;Hombres;2024;1.611
43088 Montbrió del Camp;Hombres;2023;1.594
43088 Montbrió del Camp;Hombres;2022;1.588
43088 Montbrió del Camp;Hombres;2021;1.539
43088 Montbrió del Camp;Mujeres;2025;1.545
43088 Montbrió del Camp;Mujeres;2024;1.517
43088 Montbrió del Camp;Mujeres;2023;1.492
43088 Montbrió del Camp;Mujeres;2022;1.485
43088 Montbrió del Camp;Mujeres;2021;1.446
43089 Montferri;Total;2025;502
43089 Montferri;Total;2024;473
43089 Montferri;Total;2023;435
43089 Montferri;Total;2022;419
43089 Montferri;Total;2021;397
43089 Montferri;Hombres;2025;264
43089 Montferri;Hombres;2024;251
43089 Montferri;Hombres;2023;235
43089 Montferri;Hombres;2022;227
43089 Montferri;Hombres;2021;211
43089 Montferri;Mujeres;2025;238
43089 Montferri;Mujeres;2024;222
43089 Montferri;Mujeres;2023;200
43089 Montferri;Mujeres;2022;192
43089 Montferri;Mujeres;2021;186
43090 Montmell, El;Total;2025;1.958
43090 Montmell, El;Total;2024;1.917
43090 Montmell, El;Total;2023;1.887
43090 Montmell, El;Total;2022;1.863
43090 Montmell, El;Total;2021;1.730
43090 Montmell, El;Hombres;2025;1.041
43090 Montmell, El;Hombres;2024;1.031
43090 Montmell, El;Hombres;2023;1.008
43090 Montmell, El;Hombres;2022;997
43090 Montmell, El;Hombres;2021;924
43090 Montmell, El;Mujeres;2025;917
43090 Montmell, El;Mujeres;2024;886
43090 Montmell, El;Mujeres;2023;879
43090 Montmell, El;Mujeres;2022;866
43090 Montmell, El;Mujeres;2021;806
43091 Mont-ral;Total;2025;174
43091 Mont-ral;Total;2024;184
43091 Mont-ral;Total;2023;183
43091 Mont-ral;Total;2022;173
43091 Mont-ral;Total;2021;169
43091 Mont-ral;Hombres;2025;95
43091 Mont-ral;Hombres;2024;99
43091 Mont-ral;Hombres;2023;102
43091 Mont-ral;Hombres;2022;97
43091 Mont-ral;Hombres;2021;94
43091 Mont-ral;Mujeres;2025;79
43091 Mont-ral;Mujeres;2024;85
43091 Mont-ral;Mujeres;2023;81
43091 Mont-ral;Mujeres;2022;76
43091 Mont-ral;Mujeres;2021;75
43092 Mont-roig del Camp;Total;2025;14.615
43092 Mont-roig del Camp;Total;2024;14.114
43092 Mont-roig del Camp;Total;2023;13.592
43092 Mont-roig del Camp;Total;2022;13.101
43092 Mont-roig del Camp;Total;2021;12.689
43092 Mont-roig del Camp;Hombres;2025;7.508
43092 Mont-roig del Camp;Hombres;2024;7.260
43092 Mont-roig del Camp;Hombres;2023;6.962
43092 Mont-roig del Camp;Hombres;2022;6.734
43092 Mont-roig del Camp;Hombres;2021;6.514
43092 Mont-roig del Camp;Mujeres;2025;7.107
43092 Mont-roig del Camp;Mujeres;2024;6.854
43092 Mont-roig del Camp;Mujeres;2023;6.630
43092 Mont-roig del Camp;Mujeres;2022;6.367
43092 Mont-roig del Camp;Mujeres;2021;6.175
43093 Móra d'Ebre;Total;2025;5.811
43093 Móra d'Ebre;Total;2024;5.726
43093 Móra d'Ebre;Total;2023;5.649
43093 Móra d'Ebre;Total;2022;5.585
43093 Móra d'Ebre;Total;2021;5.585
43093 Móra d'Ebre;Hombres;2025;2.953
43093 Móra d'Ebre;Hombres;2024;2.897
43093 Móra d'Ebre;Hombres;2023;2.852
43093 Móra d'Ebre;Hombres;2022;2.806
43093 Móra d'Ebre;Hombres;2021;2.797
43093 Móra d'Ebre;Mujeres;2025;2.858
43093 Móra d'Ebre;Mujeres;2024;2.829
43093 Móra d'Ebre;Mujeres;2023;2.797
43093 Móra d'Ebre;Mujeres;2022;2.779
43093 Móra d'Ebre;Mujeres;2021;2.788
43094 Móra la Nova;Total;2025;3.350
43094 Móra la Nova;Total;2024;3.314
43094 Móra la Nova;Total;2023;3.244
43094 Móra la Nova;Total;2022;3.198
43094 Móra la Nova;Total;2021;3.120
43094 Móra la Nova;Hombres;2025;1.728
43094 Móra la Nova;Hombres;2024;1.661
43094 Móra la Nova;Hombres;2023;1.626
43094 Móra la Nova;Hombres;2022;1.598
43094 Móra la Nova;Hombres;2021;1.562
43094 Móra la Nova;Mujeres;2025;1.622
43094 Móra la Nova;Mujeres;2024;1.653
43094 Móra la Nova;Mujeres;2023;1.618
43094 Móra la Nova;Mujeres;2022;1.600
43094 Móra la Nova;Mujeres;2021;1.558
43095 Morell, El;Total;2025;3.811
43095 Morell, El;Total;2024;3.878
43095 Morell, El;Total;2023;3.893
43095 Morell, El;Total;2022;3.803
43095 Morell, El;Total;2021;3.732
43095 Morell, El;Hombres;2025;1.934
43095 Morell, El;Hombres;2024;1.992
43095 Morell, El;Hombres;2023;2.012
43095 Morell, El;Hombres;2022;1.956
43095 Morell, El;Hombres;2021;1.918
43095 Morell, El;Mujeres;2025;1.877
43095 Morell, El;Mujeres;2024;1.886
43095 Morell, El;Mujeres;2023;1.881
43095 Morell, El;Mujeres;2022;1.847
43095 Morell, El;Mujeres;2021;1.814
43096 Morera de Montsant, La;Total;2025;150
43096 Morera de Montsant, La;Total;2024;138
43096 Morera de Montsant, La;Total;2023;153
43096 Morera de Montsant, La;Total;2022;160
43096 Morera de Montsant, La;Total;2021;163
43096 Morera de Montsant, La;Hombres;2025;90
43096 Morera de Montsant, La;Hombres;2024;81
43096 Morera de Montsant, La;Hombres;2023;87
43096 Morera de Montsant, La;Hombres;2022;87
43096 Morera de Montsant, La;Hombres;2021;87
43096 Morera de Montsant, La;Mujeres;2025;60
43096 Morera de Montsant, La;Mujeres;2024;57
43096 Morera de Montsant, La;Mujeres;2023;66
43096 Morera de Montsant, La;Mujeres;2022;73
43096 Morera de Montsant, La;Mujeres;2021;76
43097 Nou de Gaià, La;Total;2025;603
43097 Nou de Gaià, La;Total;2024;611
43097 Nou de Gaià, La;Total;2023;635
43097 Nou de Gaià, La;Total;2022;636
43097 Nou de Gaià, La;Total;2021;616
43097 Nou de Gaià, La;Hombres;2025;305
43097 Nou de Gaià, La;Hombres;2024;303
43097 Nou de Gaià, La;Hombres;2023;313
43097 Nou de Gaià, La;Hombres;2022;315
43097 Nou de Gaià, La;Hombres;2021;304
43097 Nou de Gaià, La;Mujeres;2025;298
43097 Nou de Gaià, La;Mujeres;2024;308
43097 Nou de Gaià, La;Mujeres;2023;322
43097 Nou de Gaià, La;Mujeres;2022;321
43097 Nou de Gaià, La;Mujeres;2021;312
43098 Nulles;Total;2025;551
43098 Nulles;Total;2024;552
43098 Nulles;Total;2023;544
43098 Nulles;Total;2022;541
43098 Nulles;Total;2021;516
43098 Nulles;Hombres;2025;294
43098 Nulles;Hombres;2024;288
43098 Nulles;Hombres;2023;286
43098 Nulles;Hombres;2022;288
43098 Nulles;Hombres;2021;280
43098 Nulles;Mujeres;2025;257
43098 Nulles;Mujeres;2024;264
43098 Nulles;Mujeres;2023;258
43098 Nulles;Mujeres;2022;253
43098 Nulles;Mujeres;2021;236
43100 Pallaresos, Els;Total;2025;5.028
43100 Pallaresos, Els;Total;2024;5.006
43100 Pallaresos, Els;Total;2023;4.963
43100 Pallaresos, Els;Total;2022;4.930
43100 Pallaresos, Els;Total;2021;4.872
43100 Pallaresos, Els;Hombres;2025;2.550
43100 Pallaresos, Els;Hombres;2024;2.527
43100 Pallaresos, Els;Hombres;2023;2.492
43100 Pallaresos, Els;Hombres;2022;2.477
43100 Pallaresos, Els;Hombres;2021;2.441
43100 Pallaresos, Els;Mujeres;2025;2.478
43100 Pallaresos, Els;Mujeres;2024;2.479
43100 Pallaresos, Els;Mujeres;2023;2.471
43100 Pallaresos, Els;Mujeres;2022;2.453
43100 Pallaresos, Els;Mujeres;2021;2.431
43099 Palma d'Ebre, La;Total;2025;333
43099 Palma d'Ebre, La;Total;2024;335
43099 Palma d'Ebre, La;Total;2023;341
43099 Palma d'Ebre, La;Total;2022;341
43099 Palma d'Ebre, La;Total;2021;334
43099 Palma d'Ebre, La;Hombres;2025;167
43099 Palma d'Ebre, La;Hombres;2024;163
43099 Palma d'Ebre, La;Hombres;2023;165
43099 Palma d'Ebre, La;Hombres;2022;173
43099 Palma d'Ebre, La;Hombres;2021;168
43099 Palma d'Ebre, La;Mujeres;2025;166
43099 Palma d'Ebre, La;Mujeres;2024;172
43099 Palma d'Ebre, La;Mujeres;2023;176
43099 Palma d'Ebre, La;Mujeres;2022;168
43099 Palma d'Ebre, La;Mujeres;2021;166
43101 Passanant i Belltall;Total;2025;149
43101 Passanant i Belltall;Total;2024;162
43101 Passanant i Belltall;Total;2023;180
43101 Passanant i Belltall;Total;2022;170
43101 Passanant i Belltall;Total;2021;167
43101 Passanant i Belltall;Hombres;2025;95
43101 Passanant i Belltall;Hombres;2024;99
43101 Passanant i Belltall;Hombres;2023;106
43101 Passanant i Belltall;Hombres;2022;103
43101 Passanant i Belltall;Hombres;2021;98
43101 Passanant i Belltall;Mujeres;2025;54
43101 Passanant i Belltall;Mujeres;2024;63
43101 Passanant i Belltall;Mujeres;2023;74
43101 Passanant i Belltall;Mujeres;2022;67
43101 Passanant i Belltall;Mujeres;2021;69
43102 Paüls;Total;2025;558
43102 Paüls;Total;2024;544
43102 Paüls;Total;2023;555
43102 Paüls;Total;2022;566
43102 Paüls;Total;2021;563
43102 Paüls;Hombres;2025;283
43102 Paüls;Hombres;2024;274
43102 Paüls;Hombres;2023;282
43102 Paüls;Hombres;2022;287
43102 Paüls;Hombres;2021;287
43102 Paüls;Mujeres;2025;275
43102 Paüls;Mujeres;2024;270
43102 Paüls;Mujeres;2023;273
43102 Paüls;Mujeres;2022;279
43102 Paüls;Mujeres;2021;276
43103 Perafort;Total;2025;1.342
43103 Perafort;Total;2024;1.308
43103 Perafort;Total;2023;1.292
43103 Perafort;Total;2022;1.292
43103 Perafort;Total;2021;1.275
43103 Perafort;Hombres;2025;691
43103 Perafort;Hombres;2024;674
43103 Perafort;Hombres;2023;667
43103 Perafort;Hombres;2022;666
43103 Perafort;Hombres;2021;662
43103 Perafort;Mujeres;2025;651
43103 Perafort;Mujeres;2024;634
43103 Perafort;Mujeres;2023;625
43103 Perafort;Mujeres;2022;626
43103 Perafort;Mujeres;2021;613
43104 Perelló, El;Total;2025;2.948
43104 Perelló, El;Total;2024;2.907
43104 Perelló, El;Total;2023;2.915
43104 Perelló, El;Total;2022;2.885
43104 Perelló, El;Total;2021;2.846
43104 Perelló, El;Hombres;2025;1.529
43104 Perelló, El;Hombres;2024;1.499
43104 Perelló, El;Hombres;2023;1.505
43104 Perelló, El;Hombres;2022;1.483
43104 Perelló, El;Hombres;2021;1.453
43104 Perelló, El;Mujeres;2025;1.419
43104 Perelló, El;Mujeres;2024;1.408
43104 Perelló, El;Mujeres;2023;1.410
43104 Perelló, El;Mujeres;2022;1.402
43104 Perelló, El;Mujeres;2021;1.393
43105 Piles, Les;Total;2025;229
43105 Piles, Les;Total;2024;229
43105 Piles, Les;Total;2023;229
43105 Piles, Les;Total;2022;224
43105 Piles, Les;Total;2021;218
43105 Piles, Les;Hombres;2025;128
43105 Piles, Les;Hombres;2024;128
43105 Piles, Les;Hombres;2023;128
43105 Piles, Les;Hombres;2022;123
43105 Piles, Les;Hombres;2021;117
43105 Piles, Les;Mujeres;2025;101
43105 Piles, Les;Mujeres;2024;101
43105 Piles, Les;Mujeres;2023;101
43105 Piles, Les;Mujeres;2022;101
43105 Piles, Les;Mujeres;2021;101
43106 Pinell de Brai, El;Total;2025;948
43106 Pinell de Brai, El;Total;2024;979
43106 Pinell de Brai, El;Total;2023;1.006
43106 Pinell de Brai, El;Total;2022;1.000
43106 Pinell de Brai, El;Total;2021;998
43106 Pinell de Brai, El;Hombres;2025;466
43106 Pinell de Brai, El;Hombres;2024;487
43106 Pinell de Brai, El;Hombres;2023;508
43106 Pinell de Brai, El;Hombres;2022;498
43106 Pinell de Brai, El;Hombres;2021;503
43106 Pinell de Brai, El;Mujeres;2025;482
43106 Pinell de Brai, El;Mujeres;2024;492
43106 Pinell de Brai, El;Mujeres;2023;498
43106 Pinell de Brai, El;Mujeres;2022;502
43106 Pinell de Brai, El;Mujeres;2021;495
43107 Pira;Total;2025;512
43107 Pira;Total;2024;498
43107 Pira;Total;2023;509
43107 Pira;Total;2022;489
43107 Pira;Total;2021;498
43107 Pira;Hombres;2025;274
43107 Pira;Hombres;2024;266
43107 Pira;Hombres;2023;266
43107 Pira;Hombres;2022;261
43107 Pira;Hombres;2021;267
43107 Pira;Mujeres;2025;238
43107 Pira;Mujeres;2024;232
43107 Pira;Mujeres;2023;243
43107 Pira;Mujeres;2022;228
43107 Pira;Mujeres;2021;231
43108 Pla de Santa Maria, El;Total;2025;2.408
43108 Pla de Santa Maria, El;Total;2024;2.389
43108 Pla de Santa Maria, El;Total;2023;2.395
43108 Pla de Santa Maria, El;Total;2022;2.340
43108 Pla de Santa Maria, El;Total;2021;2.340
43108 Pla de Santa Maria, El;Hombres;2025;1.261
43108 Pla de Santa Maria, El;Hombres;2024;1.242
43108 Pla de Santa Maria, El;Hombres;2023;1.227
43108 Pla de Santa Maria, El;Hombres;2022;1.207
43108 Pla de Santa Maria, El;Hombres;2021;1.222
43108 Pla de Santa Maria, El;Mujeres;2025;1.147
43108 Pla de Santa Maria, El;Mujeres;2024;1.147
43108 Pla de Santa Maria, El;Mujeres;2023;1.168
43108 Pla de Santa Maria, El;Mujeres;2022;1.133
43108 Pla de Santa Maria, El;Mujeres;2021;1.118
43109 Pobla de Mafumet, La;Total;2025;4.175
43109 Pobla de Mafumet, La;Total;2024;4.115
43109 Pobla de Mafumet, La;Total;2023;4.076
43109 Pobla de Mafumet, La;Total;2022;4.052
43109 Pobla de Mafumet, La;Total;2021;4.025
43109 Pobla de Mafumet, La;Hombres;2025;2.108
43109 Pobla de Mafumet, La;Hombres;2024;2.081
43109 Pobla de Mafumet, La;Hombres;2023;2.052
43109 Pobla de Mafumet, La;Hombres;2022;2.040
43109 Pobla de Mafumet, La;Hombres;2021;2.036
43109 Pobla de Mafumet, La;Mujeres;2025;2.067
43109 Pobla de Mafumet, La;Mujeres;2024;2.034
43109 Pobla de Mafumet, La;Mujeres;2023;2.024
43109 Pobla de Mafumet, La;Mujeres;2022;2.012
43109 Pobla de Mafumet, La;Mujeres;2021;1.989
43110 Pobla de Massaluca, La;Total;2025;344
43110 Pobla de Massaluca, La;Total;2024;344
43110 Pobla de Massaluca, La;Total;2023;341
43110 Pobla de Massaluca, La;Total;2022;340
43110 Pobla de Massaluca, La;Total;2021;341
43110 Pobla de Massaluca, La;Hombres;2025;187
43110 Pobla de Massaluca, La;Hombres;2024;191
43110 Pobla de Massaluca, La;Hombres;2023;192
43110 Pobla de Massaluca, La;Hombres;2022;193
43110 Pobla de Massaluca, La;Hombres;2021;192
43110 Pobla de Massaluca, La;Mujeres;2025;157
43110 Pobla de Massaluca, La;Mujeres;2024;153
43110 Pobla de Massaluca, La;Mujeres;2023;149
43110 Pobla de Massaluca, La;Mujeres;2022;147
43110 Pobla de Massaluca, La;Mujeres;2021;149
43111 Pobla de Montornès, La;Total;2025;3.440
43111 Pobla de Montornès, La;Total;2024;3.329
43111 Pobla de Montornès, La;Total;2023;3.221
43111 Pobla de Montornès, La;Total;2022;3.101
43111 Pobla de Montornès, La;Total;2021;2.999
43111 Pobla de Montornès, La;Hombres;2025;1.774
43111 Pobla de Montornès, La;Hombres;2024;1.715
43111 Pobla de Montornès, La;Hombres;2023;1.659
43111 Pobla de Montornès, La;Hombres;2022;1.594
43111 Pobla de Montornès, La;Hombres;2021;1.543
43111 Pobla de Montornès, La;Mujeres;2025;1.666
43111 Pobla de Montornès, La;Mujeres;2024;1.614
43111 Pobla de Montornès, La;Mujeres;2023;1.562
43111 Pobla de Montornès, La;Mujeres;2022;1.507
43111 Pobla de Montornès, La;Mujeres;2021;1.456
43112 Poboleda;Total;2025;345
43112 Poboleda;Total;2024;334
43112 Poboleda;Total;2023;330
43112 Poboleda;Total;2022;327
43112 Poboleda;Total;2021;328
43112 Poboleda;Hombres;2025;179
43112 Poboleda;Hombres;2024;170
43112 Poboleda;Hombres;2023;166
43112 Poboleda;Hombres;2022;162
43112 Poboleda;Hombres;2021;165
43112 Poboleda;Mujeres;2025;166
43112 Poboleda;Mujeres;2024;164
43112 Poboleda;Mujeres;2023;164
43112 Poboleda;Mujeres;2022;165
43112 Poboleda;Mujeres;2021;163
43113 Pont d'Armentera, El;Total;2025;500
43113 Pont d'Armentera, El;Total;2024;498
43113 Pont d'Armentera, El;Total;2023;490
43113 Pont d'Armentera, El;Total;2022;492
43113 Pont d'Armentera, El;Total;2021;493
43113 Pont d'Armentera, El;Hombres;2025;251
43113 Pont d'Armentera, El;Hombres;2024;244
43113 Pont d'Armentera, El;Hombres;2023;243
43113 Pont d'Armentera, El;Hombres;2022;251
43113 Pont d'Armentera, El;Hombres;2021;245
43113 Pont d'Armentera, El;Mujeres;2025;249
43113 Pont d'Armentera, El;Mujeres;2024;254
43113 Pont d'Armentera, El;Mujeres;2023;247
43113 Pont d'Armentera, El;Mujeres;2022;241
43113 Pont d'Armentera, El;Mujeres;2021;248
43141 Pontils;Total;2025;124
43141 Pontils;Total;2024;123
43141 Pontils;Total;2023;128
43141 Pontils;Total;2022;133
43141 Pontils;Total;2021;138
43141 Pontils;Hombres;2025;65
43141 Pontils;Hombres;2024;68
43141 Pontils;Hombres;2023;72
43141 Pontils;Hombres;2022;75
43141 Pontils;Hombres;2021;74
43141 Pontils;Mujeres;2025;59
43141 Pontils;Mujeres;2024;55
43141 Pontils;Mujeres;2023;56
43141 Pontils;Mujeres;2022;58
43141 Pontils;Mujeres;2021;64
43114 Porrera;Total;2025;405
43114 Porrera;Total;2024;417
43114 Porrera;Total;2023;435
43114 Porrera;Total;2022;429
43114 Porrera;Total;2021;428
43114 Porrera;Hombres;2025;213
43114 Porrera;Hombres;2024;215
43114 Porrera;Hombres;2023;223
43114 Porrera;Hombres;2022;223
43114 Porrera;Hombres;2021;224
43114 Porrera;Mujeres;2025;192
43114 Porrera;Mujeres;2024;202
43114 Porrera;Mujeres;2023;212
43114 Porrera;Mujeres;2022;206
43114 Porrera;Mujeres;2021;204
43115 Pradell de la Teixeta;Total;2025;182
43115 Pradell de la Teixeta;Total;2024;178
43115 Pradell de la Teixeta;Total;2023;171
43115 Pradell de la Teixeta;Total;2022;172
43115 Pradell de la Teixeta;Total;2021;164
43115 Pradell de la Teixeta;Hombres;2025;95
43115 Pradell de la Teixeta;Hombres;2024;92
43115 Pradell de la Teixeta;Hombres;2023;87
43115 Pradell de la Teixeta;Hombres;2022;85
43115 Pradell de la Teixeta;Hombres;2021;78
43115 Pradell de la Teixeta;Mujeres;2025;87
43115 Pradell de la Teixeta;Mujeres;2024;86
43115 Pradell de la Teixeta;Mujeres;2023;84
43115 Pradell de la Teixeta;Mujeres;2022;87
43115 Pradell de la Teixeta;Mujeres;2021;86
43116 Prades;Total;2025;629
43116 Prades;Total;2024;665
43116 Prades;Total;2023;656
43116 Prades;Total;2022;625
43116 Prades;Total;2021;602
43116 Prades;Hombres;2025;340
43116 Prades;Hombres;2024;354
43116 Prades;Hombres;2023;350
43116 Prades;Hombres;2022;332
43116 Prades;Hombres;2021;322
43116 Prades;Mujeres;2025;289
43116 Prades;Mujeres;2024;311
43116 Prades;Mujeres;2023;306
43116 Prades;Mujeres;2022;293
43116 Prades;Mujeres;2021;280
43117 Prat de Comte;Total;2025;174
43117 Prat de Comte;Total;2024;185
43117 Prat de Comte;Total;2023;188
43117 Prat de Comte;Total;2022;186
43117 Prat de Comte;Total;2021;186
43117 Prat de Comte;Hombres;2025;89
43117 Prat de Comte;Hombres;2024;97
43117 Prat de Comte;Hombres;2023;99
43117 Prat de Comte;Hombres;2022;98
43117 Prat de Comte;Hombres;2021;98
43117 Prat de Comte;Mujeres;2025;85
43117 Prat de Comte;Mujeres;2024;88
43117 Prat de Comte;Mujeres;2023;89
43117 Prat de Comte;Mujeres;2022;88
43117 Prat de Comte;Mujeres;2021;88
43118 Pratdip;Total;2025;781
43118 Pratdip;Total;2024;759
43118 Pratdip;Total;2023;723
43118 Pratdip;Total;2022;693
43118 Pratdip;Total;2021;680
43118 Pratdip;Hombres;2025;411
43118 Pratdip;Hombres;2024;394
43118 Pratdip;Hombres;2023;372
43118 Pratdip;Hombres;2022;367
43118 Pratdip;Hombres;2021;353
43118 Pratdip;Mujeres;2025;370
43118 Pratdip;Mujeres;2024;365
43118 Pratdip;Mujeres;2023;351
43118 Pratdip;Mujeres;2022;326
43118 Pratdip;Mujeres;2021;327
43119 Puigpelat;Total;2025;1.222
43119 Puigpelat;Total;2024;1.205
43119 Puigpelat;Total;2023;1.215
43119 Puigpelat;Total;2022;1.199
43119 Puigpelat;Total;2021;1.196
43119 Puigpelat;Hombres;2025;636
43119 Puigpelat;Hombres;2024;627
43119 Puigpelat;Hombres;2023;631
43119 Puigpelat;Hombres;2022;628
43119 Puigpelat;Hombres;2021;629
43119 Puigpelat;Mujeres;2025;586
43119 Puigpelat;Mujeres;2024;578
43119 Puigpelat;Mujeres;2023;584
43119 Puigpelat;Mujeres;2022;571
43119 Puigpelat;Mujeres;2021;567
43120 Querol;Total;2025;611
43120 Querol;Total;2024;591
43120 Querol;Total;2023;584
43120 Querol;Total;2022;572
43120 Querol;Total;2021;544
43120 Querol;Hombres;2025;338
43120 Querol;Hombres;2024;334
43120 Querol;Hombres;2023;326
43120 Querol;Hombres;2022;325
43120 Querol;Hombres;2021;305
43120 Querol;Mujeres;2025;273
43120 Querol;Mujeres;2024;257
43120 Querol;Mujeres;2023;258
43120 Querol;Mujeres;2022;247
43120 Querol;Mujeres;2021;239
43136 Ràpita, La;Total;2025;16.119
43136 Ràpita, La;Total;2024;15.683
43136 Ràpita, La;Total;2023;15.046
43136 Ràpita, La;Total;2022;14.767
43136 Ràpita, La;Total;2021;14.931
43136 Ràpita, La;Hombres;2025;7.970
43136 Ràpita, La;Hombres;2024;7.690
43136 Ràpita, La;Hombres;2023;7.330
43136 Ràpita, La;Hombres;2022;7.196
43136 Ràpita, La;Hombres;2021;7.312
43136 Ràpita, La;Mujeres;2025;8.149
43136 Ràpita, La;Mujeres;2024;7.993
43136 Ràpita, La;Mujeres;2023;7.716
43136 Ràpita, La;Mujeres;2022;7.571
43136 Ràpita, La;Mujeres;2021;7.619
43121 Rasquera;Total;2025;786
43121 Rasquera;Total;2024;792
43121 Rasquera;Total;2023;804
43121 Rasquera;Total;2022;822
43121 Rasquera;Total;2021;846
43121 Rasquera;Hombres;2025;387
43121 Rasquera;Hombres;2024;394
43121 Rasquera;Hombres;2023;396
43121 Rasquera;Hombres;2022;402
43121 Rasquera;Hombres;2021;420
43121 Rasquera;Mujeres;2025;399
43121 Rasquera;Mujeres;2024;398
43121 Rasquera;Mujeres;2023;408
43121 Rasquera;Mujeres;2022;420
43121 Rasquera;Mujeres;2021;426
43122 Renau;Total;2025;165
43122 Renau;Total;2024;158
43122 Renau;Total;2023;158
43122 Renau;Total;2022;152
43122 Renau;Total;2021;155
43122 Renau;Hombres;2025;86
43122 Renau;Hombres;2024;80
43122 Renau;Hombres;2023;83
43122 Renau;Hombres;2022;82
43122 Renau;Hombres;2021;83
43122 Renau;Mujeres;2025;79
43122 Renau;Mujeres;2024;78
43122 Renau;Mujeres;2023;75
43122 Renau;Mujeres;2022;70
43122 Renau;Mujeres;2021;72
43123 Reus;Total;2025;111.601
43123 Reus;Total;2024;109.930
43123 Reus;Total;2023;108.479
43123 Reus;Total;2022;106.741
43123 Reus;Total;2021;106.084
43123 Reus;Hombres;2025;54.389
43123 Reus;Hombres;2024;53.449
43123 Reus;Hombres;2023;52.592
43123 Reus;Hombres;2022;51.724
43123 Reus;Hombres;2021;51.298
43123 Reus;Mujeres;2025;57.212
43123 Reus;Mujeres;2024;56.481
43123 Reus;Mujeres;2023;55.887
43123 Reus;Mujeres;2022;55.017
43123 Reus;Mujeres;2021;54.786
43124 Riba, La;Total;2025;574
43124 Riba, La;Total;2024;569
43124 Riba, La;Total;2023;572
43124 Riba, La;Total;2022;552
43124 Riba, La;Total;2021;575
43124 Riba, La;Hombres;2025;318
43124 Riba, La;Hombres;2024;316
43124 Riba, La;Hombres;2023;318
43124 Riba, La;Hombres;2022;301
43124 Riba, La;Hombres;2021;310
43124 Riba, La;Mujeres;2025;256
43124 Riba, La;Mujeres;2024;253
43124 Riba, La;Mujeres;2023;254
43124 Riba, La;Mujeres;2022;251
43124 Riba, La;Mujeres;2021;265
43125 Riba-roja d'Ebre;Total;2025;1.132
43125 Riba-roja d'Ebre;Total;2024;1.128
43125 Riba-roja d'Ebre;Total;2023;1.150
43125 Riba-roja d'Ebre;Total;2022;1.131
43125 Riba-roja d'Ebre;Total;2021;1.117
43125 Riba-roja d'Ebre;Hombres;2025;602
43125 Riba-roja d'Ebre;Hombres;2024;603
43125 Riba-roja d'Ebre;Hombres;2023;617
43125 Riba-roja d'Ebre;Hombres;2022;603
43125 Riba-roja d'Ebre;Hombres;2021;595
43125 Riba-roja d'Ebre;Mujeres;2025;530
43125 Riba-roja d'Ebre;Mujeres;2024;525
43125 Riba-roja d'Ebre;Mujeres;2023;533
43125 Riba-roja d'Ebre;Mujeres;2022;528
43125 Riba-roja d'Ebre;Mujeres;2021;522
43126 Riera de Gaià, La;Total;2025;1.834
43126 Riera de Gaià, La;Total;2024;1.807
43126 Riera de Gaià, La;Total;2023;1.778
43126 Riera de Gaià, La;Total;2022;1.752
43126 Riera de Gaià, La;Total;2021;1.737
43126 Riera de Gaià, La;Hombres;2025;910
43126 Riera de Gaià, La;Hombres;2024;893
43126 Riera de Gaià, La;Hombres;2023;891
43126 Riera de Gaià, La;Hombres;2022;878
43126 Riera de Gaià, La;Hombres;2021;864
43126 Riera de Gaià, La;Mujeres;2025;924
43126 Riera de Gaià, La;Mujeres;2024;914
43126 Riera de Gaià, La;Mujeres;2023;887
43126 Riera de Gaià, La;Mujeres;2022;874
43126 Riera de Gaià, La;Mujeres;2021;873
43127 Riudecanyes;Total;2025;1.362
43127 Riudecanyes;Total;2024;1.345
43127 Riudecanyes;Total;2023;1.349
43127 Riudecanyes;Total;2022;1.279
43127 Riudecanyes;Total;2021;1.194
43127 Riudecanyes;Hombres;2025;717
43127 Riudecanyes;Hombres;2024;712
43127 Riudecanyes;Hombres;2023;704
43127 Riudecanyes;Hombres;2022;668
43127 Riudecanyes;Hombres;2021;635
43127 Riudecanyes;Mujeres;2025;645
43127 Riudecanyes;Mujeres;2024;633
43127 Riudecanyes;Mujeres;2023;645
43127 Riudecanyes;Mujeres;2022;611
43127 Riudecanyes;Mujeres;2021;559
43128 Riudecols;Total;2025;1.264
43128 Riudecols;Total;2024;1.232
43128 Riudecols;Total;2023;1.211
43128 Riudecols;Total;2022;1.198
43128 Riudecols;Total;2021;1.225
43128 Riudecols;Hombres;2025;650
43128 Riudecols;Hombres;2024;629
43128 Riudecols;Hombres;2023;619
43128 Riudecols;Hombres;2022;620
43128 Riudecols;Hombres;2021;631
43128 Riudecols;Mujeres;2025;614
43128 Riudecols;Mujeres;2024;603
43128 Riudecols;Mujeres;2023;592
43128 Riudecols;Mujeres;2022;578
43128 Riudecols;Mujeres;2021;594
43129 Riudoms;Total;2025;6.891
43129 Riudoms;Total;2024;6.905
43129 Riudoms;Total;2023;6.810
43129 Riudoms;Total;2022;6.721
43129 Riudoms;Total;2021;6.617
43129 Riudoms;Hombres;2025;3.507
43129 Riudoms;Hombres;2024;3.516
43129 Riudoms;Hombres;2023;3.457
43129 Riudoms;Hombres;2022;3.401
43129 Riudoms;Hombres;2021;3.364
43129 Riudoms;Mujeres;2025;3.384
43129 Riudoms;Mujeres;2024;3.389
43129 Riudoms;Mujeres;2023;3.353
43129 Riudoms;Mujeres;2022;3.320
43129 Riudoms;Mujeres;2021;3.253
43130 Rocafort de Queralt;Total;2025;247
43130 Rocafort de Queralt;Total;2024;246
43130 Rocafort de Queralt;Total;2023;243
43130 Rocafort de Queralt;Total;2022;241
43130 Rocafort de Queralt;Total;2021;230
43130 Rocafort de Queralt;Hombres;2025;133
43130 Rocafort de Queralt;Hombres;2024;132
43130 Rocafort de Queralt;Hombres;2023;133
43130 Rocafort de Queralt;Hombres;2022;128
43130 Rocafort de Queralt;Hombres;2021;123
43130 Rocafort de Queralt;Mujeres;2025;114
43130 Rocafort de Queralt;Mujeres;2024;114
43130 Rocafort de Queralt;Mujeres;2023;110
43130 Rocafort de Queralt;Mujeres;2022;113
43130 Rocafort de Queralt;Mujeres;2021;107
43131 Roda de Berà;Total;2025;8.260
43131 Roda de Berà;Total;2024;8.048
43131 Roda de Berà;Total;2023;7.829
43131 Roda de Berà;Total;2022;7.591
43131 Roda de Berà;Total;2021;7.127
43131 Roda de Berà;Hombres;2025;4.197
43131 Roda de Berà;Hombres;2024;4.074
43131 Roda de Berà;Hombres;2023;3.962
43131 Roda de Berà;Hombres;2022;3.869
43131 Roda de Berà;Hombres;2021;3.653
43131 Roda de Berà;Mujeres;2025;4.063
43131 Roda de Berà;Mujeres;2024;3.974
43131 Roda de Berà;Mujeres;2023;3.867
43131 Roda de Berà;Mujeres;2022;3.722
43131 Roda de Berà;Mujeres;2021;3.474
43132 Rodonyà;Total;2025;519
43132 Rodonyà;Total;2024;521
43132 Rodonyà;Total;2023;526
43132 Rodonyà;Total;2022;506
43132 Rodonyà;Total;2021;507
43132 Rodonyà;Hombres;2025;282
43132 Rodonyà;Hombres;2024;285
43132 Rodonyà;Hombres;2023;284
43132 Rodonyà;Hombres;2022;276
43132 Rodonyà;Hombres;2021;273
43132 Rodonyà;Mujeres;2025;237
43132 Rodonyà;Mujeres;2024;236
43132 Rodonyà;Mujeres;2023;242
43132 Rodonyà;Mujeres;2022;230
43132 Rodonyà;Mujeres;2021;234
43133 Roquetes;Total;2025;8.607
43133 Roquetes;Total;2024;8.369
43133 Roquetes;Total;2023;8.302
43133 Roquetes;Total;2022;8.193
43133 Roquetes;Total;2021;8.159
43133 Roquetes;Hombres;2025;4.475
43133 Roquetes;Hombres;2024;4.318
43133 Roquetes;Hombres;2023;4.276
43133 Roquetes;Hombres;2022;4.199
43133 Roquetes;Hombres;2021;4.207
43133 Roquetes;Mujeres;2025;4.132
43133 Roquetes;Mujeres;2024;4.051
43133 Roquetes;Mujeres;2023;4.026
43133 Roquetes;Mujeres;2022;3.994
43133 Roquetes;Mujeres;2021;3.952
43134 Rourell, El;Total;2025;385
43134 Rourell, El;Total;2024;403
43134 Rourell, El;Total;2023;385
43134 Rourell, El;Total;2022;395
43134 Rourell, El;Total;2021;402
43134 Rourell, El;Hombres;2025;195
43134 Rourell, El;Hombres;2024;204
43134 Rourell, El;Hombres;2023;196
43134 Rourell, El;Hombres;2022;212
43134 Rourell, El;Hombres;2021;205
43134 Rourell, El;Mujeres;2025;190
43134 Rourell, El;Mujeres;2024;199
43134 Rourell, El;Mujeres;2023;189
43134 Rourell, El;Mujeres;2022;183
43134 Rourell, El;Mujeres;2021;197
43135 Salomó;Total;2025;519
43135 Salomó;Total;2024;525
43135 Salomó;Total;2023;542
43135 Salomó;Total;2022;543
43135 Salomó;Total;2021;544
43135 Salomó;Hombres;2025;275
43135 Salomó;Hombres;2024;277
43135 Salomó;Hombres;2023;283
43135 Salomó;Hombres;2022;281
43135 Salomó;Hombres;2021;280
43135 Salomó;Mujeres;2025;244
43135 Salomó;Mujeres;2024;248
43135 Salomó;Mujeres;2023;259
43135 Salomó;Mujeres;2022;262
43135 Salomó;Mujeres;2021;264
43905 Salou;Total;2025;31.491
43905 Salou;Total;2024;30.810
43905 Salou;Total;2023;30.224
43905 Salou;Total;2022;29.028
43905 Salou;Total;2021;28.512
43905 Salou;Hombres;2025;15.987
43905 Salou;Hombres;2024;15.683
43905 Salou;Hombres;2023;15.390
43905 Salou;Hombres;2022;14.868
43905 Salou;Hombres;2021;14.673
43905 Salou;Mujeres;2025;15.504
43905 Salou;Mujeres;2024;15.127
43905 Salou;Mujeres;2023;14.834
43905 Salou;Mujeres;2022;14.160
43905 Salou;Mujeres;2021;13.839
43137 Sant Jaume dels Domenys;Total;2025;2.819
43137 Sant Jaume dels Domenys;Total;2024;2.803
43137 Sant Jaume dels Domenys;Total;2023;2.785
43137 Sant Jaume dels Domenys;Total;2022;2.695
43137 Sant Jaume dels Domenys;Total;2021;2.666
43137 Sant Jaume dels Domenys;Hombres;2025;1.456
43137 Sant Jaume dels Domenys;Hombres;2024;1.432
43137 Sant Jaume dels Domenys;Hombres;2023;1.422
43137 Sant Jaume dels Domenys;Hombres;2022;1.380
43137 Sant Jaume dels Domenys;Hombres;2021;1.369
43137 Sant Jaume dels Domenys;Mujeres;2025;1.363
43137 Sant Jaume dels Domenys;Mujeres;2024;1.371
43137 Sant Jaume dels Domenys;Mujeres;2023;1.363
43137 Sant Jaume dels Domenys;Mujeres;2022;1.315
43137 Sant Jaume dels Domenys;Mujeres;2021;1.297
43902 Sant Jaume d'Enveja;Total;2025;3.745
43902 Sant Jaume d'Enveja;Total;2024;3.667
43902 Sant Jaume d'Enveja;Total;2023;3.661
43902 Sant Jaume d'Enveja;Total;2022;3.669
43902 Sant Jaume d'Enveja;Total;2021;3.552
43902 Sant Jaume d'Enveja;Hombres;2025;1.878
43902 Sant Jaume d'Enveja;Hombres;2024;1.845
43902 Sant Jaume d'Enveja;Hombres;2023;1.844
43902 Sant Jaume d'Enveja;Hombres;2022;1.852
43902 Sant Jaume d'Enveja;Hombres;2021;1.775
43902 Sant Jaume d'Enveja;Mujeres;2025;1.867
43902 Sant Jaume d'Enveja;Mujeres;2024;1.822
43902 Sant Jaume d'Enveja;Mujeres;2023;1.817
43902 Sant Jaume d'Enveja;Mujeres;2022;1.817
43902 Sant Jaume d'Enveja;Mujeres;2021;1.777
43138 Santa Bàrbara;Total;2025;3.871
43138 Santa Bàrbara;Total;2024;3.827
43138 Santa Bàrbara;Total;2023;3.758
43138 Santa Bàrbara;Total;2022;3.791
43138 Santa Bàrbara;Total;2021;3.762
43138 Santa Bàrbara;Hombres;2025;1.967
43138 Santa Bàrbara;Hombres;2024;1.940
43138 Santa Bàrbara;Hombres;2023;1.915
43138 Santa Bàrbara;Hombres;2022;1.933
43138 Santa Bàrbara;Hombres;2021;1.928
43138 Santa Bàrbara;Mujeres;2025;1.904
43138 Santa Bàrbara;Mujeres;2024;1.887
43138 Santa Bàrbara;Mujeres;2023;1.843
43138 Santa Bàrbara;Mujeres;2022;1.858
43138 Santa Bàrbara;Mujeres;2021;1.834
43139 Santa Coloma de Queralt;Total;2025;2.795
43139 Santa Coloma de Queralt;Total;2024;2.800
43139 Santa Coloma de Queralt;Total;2023;2.805
43139 Santa Coloma de Queralt;Total;2022;2.755
43139 Santa Coloma de Queralt;Total;2021;2.702
43139 Santa Coloma de Queralt;Hombres;2025;1.409
43139 Santa Coloma de Queralt;Hombres;2024;1.411
43139 Santa Coloma de Queralt;Hombres;2023;1.415
43139 Santa Coloma de Queralt;Hombres;2022;1.383
43139 Santa Coloma de Queralt;Hombres;2021;1.344
43139 Santa Coloma de Queralt;Mujeres;2025;1.386
43139 Santa Coloma de Queralt;Mujeres;2024;1.389
43139 Santa Coloma de Queralt;Mujeres;2023;1.390
43139 Santa Coloma de Queralt;Mujeres;2022;1.372
43139 Santa Coloma de Queralt;Mujeres;2021;1.358
43140 Santa Oliva;Total;2025;3.711
43140 Santa Oliva;Total;2024;3.672
43140 Santa Oliva;Total;2023;3.657
43140 Santa Oliva;Total;2022;3.560
43140 Santa Oliva;Total;2021;3.450
43140 Santa Oliva;Hombres;2025;1.896
43140 Santa Oliva;Hombres;2024;1.867
43140 Santa Oliva;Hombres;2023;1.865
43140 Santa Oliva;Hombres;2022;1.803
43140 Santa Oliva;Hombres;2021;1.756
43140 Santa Oliva;Mujeres;2025;1.815
43140 Santa Oliva;Mujeres;2024;1.805
43140 Santa Oliva;Mujeres;2023;1.792
43140 Santa Oliva;Mujeres;2022;1.757
43140 Santa Oliva;Mujeres;2021;1.694
43142 Sarral;Total;2025;1.644
43142 Sarral;Total;2024;1.583
43142 Sarral;Total;2023;1.606
43142 Sarral;Total;2022;1.578
43142 Sarral;Total;2021;1.549
43142 Sarral;Hombres;2025;860
43142 Sarral;Hombres;2024;806
43142 Sarral;Hombres;2023;808
43142 Sarral;Hombres;2022;801
43142 Sarral;Hombres;2021;803
43142 Sarral;Mujeres;2025;784
43142 Sarral;Mujeres;2024;777
43142 Sarral;Mujeres;2023;798
43142 Sarral;Mujeres;2022;777
43142 Sarral;Mujeres;2021;746
43143 Savallà del Comtat;Total;2025;49
43143 Savallà del Comtat;Total;2024;50
43143 Savallà del Comtat;Total;2023;53
43143 Savallà del Comtat;Total;2022;52
43143 Savallà del Comtat;Total;2021;53
43143 Savallà del Comtat;Hombres;2025;27
43143 Savallà del Comtat;Hombres;2024;28
43143 Savallà del Comtat;Hombres;2023;28
43143 Savallà del Comtat;Hombres;2022;27
43143 Savallà del Comtat;Hombres;2021;27
43143 Savallà del Comtat;Mujeres;2025;22
43143 Savallà del Comtat;Mujeres;2024;22
43143 Savallà del Comtat;Mujeres;2023;25
43143 Savallà del Comtat;Mujeres;2022;25
43143 Savallà del Comtat;Mujeres;2021;26
43144 Secuita, La;Total;2025;1.845
43144 Secuita, La;Total;2024;1.828
43144 Secuita, La;Total;2023;1.800
43144 Secuita, La;Total;2022;1.765
43144 Secuita, La;Total;2021;1.728
43144 Secuita, La;Hombres;2025;938
43144 Secuita, La;Hombres;2024;931
43144 Secuita, La;Hombres;2023;904
43144 Secuita, La;Hombres;2022;883
43144 Secuita, La;Hombres;2021;869
43144 Secuita, La;Mujeres;2025;907
43144 Secuita, La;Mujeres;2024;897
43144 Secuita, La;Mujeres;2023;896
43144 Secuita, La;Mujeres;2022;882
43144 Secuita, La;Mujeres;2021;859
43145 Selva del Camp, La;Total;2025;5.732
43145 Selva del Camp, La;Total;2024;5.819
43145 Selva del Camp, La;Total;2023;5.736
43145 Selva del Camp, La;Total;2022;5.696
43145 Selva del Camp, La;Total;2021;5.694
43145 Selva del Camp, La;Hombres;2025;2.871
43145 Selva del Camp, La;Hombres;2024;2.894
43145 Selva del Camp, La;Hombres;2023;2.847
43145 Selva del Camp, La;Hombres;2022;2.847
43145 Selva del Camp, La;Hombres;2021;2.854
43145 Selva del Camp, La;Mujeres;2025;2.861
43145 Selva del Camp, La;Mujeres;2024;2.925
43145 Selva del Camp, La;Mujeres;2023;2.889
43145 Selva del Camp, La;Mujeres;2022;2.849
43145 Selva del Camp, La;Mujeres;2021;2.840
43146 Senan;Total;2025;47
43146 Senan;Total;2024;46
43146 Senan;Total;2023;44
43146 Senan;Total;2022;44
43146 Senan;Total;2021;42
43146 Senan;Hombres;2025;30
43146 Senan;Hombres;2024;29
43146 Senan;Hombres;2023;28
43146 Senan;Hombres;2022;29
43146 Senan;Hombres;2021;28
43146 Senan;Mujeres;2025;17
43146 Senan;Mujeres;2024;17
43146 Senan;Mujeres;2023;16
43146 Senan;Mujeres;2022;15
43146 Senan;Mujeres;2021;14
43044 Sénia, La;Total;2025;5.516
43044 Sénia, La;Total;2024;5.594
43044 Sénia, La;Total;2023;5.623
43044 Sénia, La;Total;2022;5.475
43044 Sénia, La;Total;2021;5.530
43044 Sénia, La;Hombres;2025;2.781
43044 Sénia, La;Hombres;2024;2.817
43044 Sénia, La;Hombres;2023;2.816
43044 Sénia, La;Hombres;2022;2.747
43044 Sénia, La;Hombres;2021;2.774
43044 Sénia, La;Mujeres;2025;2.735
43044 Sénia, La;Mujeres;2024;2.777
43044 Sénia, La;Mujeres;2023;2.807
43044 Sénia, La;Mujeres;2022;2.728
43044 Sénia, La;Mujeres;2021;2.756
43147 Solivella;Total;2025;633
43147 Solivella;Total;2024;626
43147 Solivella;Total;2023;629
43147 Solivella;Total;2022;628
43147 Solivella;Total;2021;640
43147 Solivella;Hombres;2025;333
43147 Solivella;Hombres;2024;333
43147 Solivella;Hombres;2023;338
43147 Solivella;Hombres;2022;328
43147 Solivella;Hombres;2021;332
43147 Solivella;Mujeres;2025;300
43147 Solivella;Mujeres;2024;293
43147 Solivella;Mujeres;2023;291
43147 Solivella;Mujeres;2022;300
43147 Solivella;Mujeres;2021;308
43148 Tarragona;Total;2025;143.649
43148 Tarragona;Total;2024;141.151
43148 Tarragona;Total;2023;138.262
43148 Tarragona;Total;2022;134.883
43148 Tarragona;Total;2021;135.436
43148 Tarragona;Hombres;2025;70.117
43148 Tarragona;Hombres;2024;68.775
43148 Tarragona;Hombres;2023;67.247
43148 Tarragona;Hombres;2022;65.555
43148 Tarragona;Hombres;2021;66.116
43148 Tarragona;Mujeres;2025;73.532
43148 Tarragona;Mujeres;2024;72.376
43148 Tarragona;Mujeres;2023;71.015
43148 Tarragona;Mujeres;2022;69.328
43148 Tarragona;Mujeres;2021;69.320
43 Tarragona;Total;2025;874.808
43 Tarragona;Total;2024;861.531
43 Tarragona;Total;2023;847.566
43 Tarragona;Total;2022;830.075
43 Tarragona;Total;2021;822.309
43 Tarragona;Hombres;2025;437.896
43 Tarragona;Hombres;2024;430.384
43 Tarragona;Hombres;2023;422.935
43 Tarragona;Hombres;2022;414.280
43 Tarragona;Hombres;2021;410.656
43 Tarragona;Mujeres;2025;436.912
43 Tarragona;Mujeres;2024;431.147
43 Tarragona;Mujeres;2023;424.631
43 Tarragona;Mujeres;2022;415.795
43 Tarragona;Mujeres;2021;411.653
43149 Tivenys;Total;2025;948
43149 Tivenys;Total;2024;936
43149 Tivenys;Total;2023;915
43149 Tivenys;Total;2022;923
43149 Tivenys;Total;2021;900
43149 Tivenys;Hombres;2025;499
43149 Tivenys;Hombres;2024;489
43149 Tivenys;Hombres;2023;468
43149 Tivenys;Hombres;2022;468
43149 Tivenys;Hombres;2021;457
43149 Tivenys;Mujeres;2025;449
43149 Tivenys;Mujeres;2024;447
43149 Tivenys;Mujeres;2023;447
43149 Tivenys;Mujeres;2022;455
43149 Tivenys;Mujeres;2021;443
43150 Tivissa;Total;2025;1.658
43150 Tivissa;Total;2024;1.632
43150 Tivissa;Total;2023;1.635
43150 Tivissa;Total;2022;1.643
43150 Tivissa;Total;2021;1.639
43150 Tivissa;Hombres;2025;836
43150 Tivissa;Hombres;2024;824
43150 Tivissa;Hombres;2023;831
43150 Tivissa;Hombres;2022;837
43150 Tivissa;Hombres;2021;830
43150 Tivissa;Mujeres;2025;822
43150 Tivissa;Mujeres;2024;808
43150 Tivissa;Mujeres;2023;804
43150 Tivissa;Mujeres;2022;806
43150 Tivissa;Mujeres;2021;809
43151 Torre de Fontaubella, La;Total;2025;124
43151 Torre de Fontaubella, La;Total;2024;119
43151 Torre de Fontaubella, La;Total;2023;120
43151 Torre de Fontaubella, La;Total;2022;125
43151 Torre de Fontaubella, La;Total;2021;128
43151 Torre de Fontaubella, La;Hombres;2025;68
43151 Torre de Fontaubella, La;Hombres;2024;64
43151 Torre de Fontaubella, La;Hombres;2023;65
43151 Torre de Fontaubella, La;Hombres;2022;65
43151 Torre de Fontaubella, La;Hombres;2021;66
43151 Torre de Fontaubella, La;Mujeres;2025;56
43151 Torre de Fontaubella, La;Mujeres;2024;55
43151 Torre de Fontaubella, La;Mujeres;2023;55
43151 Torre de Fontaubella, La;Mujeres;2022;60
43151 Torre de Fontaubella, La;Mujeres;2021;62
43152 Torre de l'Espanyol, La;Total;2025;641
43152 Torre de l'Espanyol, La;Total;2024;631
43152 Torre de l'Espanyol, La;Total;2023;619
43152 Torre de l'Espanyol, La;Total;2022;598
43152 Torre de l'Espanyol, La;Total;2021;598
43152 Torre de l'Espanyol, La;Hombres;2025;336
43152 Torre de l'Espanyol, La;Hombres;2024;327
43152 Torre de l'Espanyol, La;Hombres;2023;319
43152 Torre de l'Espanyol, La;Hombres;2022;309
43152 Torre de l'Espanyol, La;Hombres;2021;309
43152 Torre de l'Espanyol, La;Mujeres;2025;305
43152 Torre de l'Espanyol, La;Mujeres;2024;304
43152 Torre de l'Espanyol, La;Mujeres;2023;300
43152 Torre de l'Espanyol, La;Mujeres;2022;289
43152 Torre de l'Espanyol, La;Mujeres;2021;289
43153 Torredembarra;Total;2025;18.237
43153 Torredembarra;Total;2024;17.984
43153 Torredembarra;Total;2023;17.670
43153 Torredembarra;Total;2022;17.256
43153 Torredembarra;Total;2021;17.057
43153 Torredembarra;Hombres;2025;8.915
43153 Torredembarra;Hombres;2024;8.763
43153 Torredembarra;Hombres;2023;8.629
43153 Torredembarra;Hombres;2022;8.437
43153 Torredembarra;Hombres;2021;8.366
43153 Torredembarra;Mujeres;2025;9.322
43153 Torredembarra;Mujeres;2024;9.221
43153 Torredembarra;Mujeres;2023;9.041
43153 Torredembarra;Mujeres;2022;8.819
43153 Torredembarra;Mujeres;2021;8.691
43154 Torroja del Priorat;Total;2025;129
43154 Torroja del Priorat;Total;2024;137
43154 Torroja del Priorat;Total;2023;139
43154 Torroja del Priorat;Total;2022;141
43154 Torroja del Priorat;Total;2021;141
43154 Torroja del Priorat;Hombres;2025;68
43154 Torroja del Priorat;Hombres;2024;71
43154 Torroja del Priorat;Hombres;2023;76
43154 Torroja del Priorat;Hombres;2022;79
43154 Torroja del Priorat;Hombres;2021;79
43154 Torroja del Priorat;Mujeres;2025;61
43154 Torroja del Priorat;Mujeres;2024;66
43154 Torroja del Priorat;Mujeres;2023;63
43154 Torroja del Priorat;Mujeres;2022;62
43154 Torroja del Priorat;Mujeres;2021;62
43155 Tortosa;Total;2025;35.997
43155 Tortosa;Total;2024;35.265
43155 Tortosa;Total;2023;34.639
43155 Tortosa;Total;2022;33.890
43155 Tortosa;Total;2021;33.572
43155 Tortosa;Hombres;2025;18.258
43155 Tortosa;Hombres;2024;17.724
43155 Tortosa;Hombres;2023;17.329
43155 Tortosa;Hombres;2022;16.886
43155 Tortosa;Hombres;2021;16.730
43155 Tortosa;Mujeres;2025;17.739
43155 Tortosa;Mujeres;2024;17.541
43155 Tortosa;Mujeres;2023;17.310
43155 Tortosa;Mujeres;2022;17.004
43155 Tortosa;Mujeres;2021;16.842
43156 Ulldecona;Total;2025;6.714
43156 Ulldecona;Total;2024;6.551
43156 Ulldecona;Total;2023;6.417
43156 Ulldecona;Total;2022;6.241
43156 Ulldecona;Total;2021;6.317
43156 Ulldecona;Hombres;2025;3.584
43156 Ulldecona;Hombres;2024;3.494
43156 Ulldecona;Hombres;2023;3.381
43156 Ulldecona;Hombres;2022;3.296
43156 Ulldecona;Hombres;2021;3.335
43156 Ulldecona;Mujeres;2025;3.130
43156 Ulldecona;Mujeres;2024;3.057
43156 Ulldecona;Mujeres;2023;3.036
43156 Ulldecona;Mujeres;2022;2.945
43156 Ulldecona;Mujeres;2021;2.982
43157 Ulldemolins;Total;2025;389
43157 Ulldemolins;Total;2024;416
43157 Ulldemolins;Total;2023;418
43157 Ulldemolins;Total;2022;409
43157 Ulldemolins;Total;2021;400
43157 Ulldemolins;Hombres;2025;222
43157 Ulldemolins;Hombres;2024;234
43157 Ulldemolins;Hombres;2023;230
43157 Ulldemolins;Hombres;2022;222
43157 Ulldemolins;Hombres;2021;227
43157 Ulldemolins;Mujeres;2025;167
43157 Ulldemolins;Mujeres;2024;182
43157 Ulldemolins;Mujeres;2023;188
43157 Ulldemolins;Mujeres;2022;187
43157 Ulldemolins;Mujeres;2021;173
43158 Vallclara;Total;2025;91
43158 Vallclara;Total;2024;89
43158 Vallclara;Total;2023;95
43158 Vallclara;Total;2022;88
43158 Vallclara;Total;2021;91
43158 Vallclara;Hombres;2025;56
43158 Vallclara;Hombres;2024;55
43158 Vallclara;Hombres;2023;59
43158 Vallclara;Hombres;2022;54
43158 Vallclara;Hombres;2021;55
43158 Vallclara;Mujeres;2025;35
43158 Vallclara;Mujeres;2024;34
43158 Vallclara;Mujeres;2023;36
43158 Vallclara;Mujeres;2022;34
43158 Vallclara;Mujeres;2021;36
43159 Vallfogona de Riucorb;Total;2025;95
43159 Vallfogona de Riucorb;Total;2024;97
43159 Vallfogona de Riucorb;Total;2023;93
43159 Vallfogona de Riucorb;Total;2022;89
43159 Vallfogona de Riucorb;Total;2021;77
43159 Vallfogona de Riucorb;Hombres;2025;54
43159 Vallfogona de Riucorb;Hombres;2024;54
43159 Vallfogona de Riucorb;Hombres;2023;54
43159 Vallfogona de Riucorb;Hombres;2022;52
43159 Vallfogona de Riucorb;Hombres;2021;48
43159 Vallfogona de Riucorb;Mujeres;2025;41
43159 Vallfogona de Riucorb;Mujeres;2024;43
43159 Vallfogona de Riucorb;Mujeres;2023;39
43159 Vallfogona de Riucorb;Mujeres;2022;37
43159 Vallfogona de Riucorb;Mujeres;2021;29
43160 Vallmoll;Total;2025;1.997
43160 Vallmoll;Total;2024;1.951
43160 Vallmoll;Total;2023;1.942
43160 Vallmoll;Total;2022;1.882
43160 Vallmoll;Total;2021;1.793
43160 Vallmoll;Hombres;2025;1.008
43160 Vallmoll;Hombres;2024;989
43160 Vallmoll;Hombres;2023;979
43160 Vallmoll;Hombres;2022;949
43160 Vallmoll;Hombres;2021;900
43160 Vallmoll;Mujeres;2025;989
43160 Vallmoll;Mujeres;2024;962
43160 Vallmoll;Mujeres;2023;963
43160 Vallmoll;Mujeres;2022;933
43160 Vallmoll;Mujeres;2021;893
43161 Valls;Total;2025;25.518
43161 Valls;Total;2024;25.047
43161 Valls;Total;2023;25.014
43161 Valls;Total;2022;24.727
43161 Valls;Total;2021;24.553
43161 Valls;Hombres;2025;12.909
43161 Valls;Hombres;2024;12.665
43161 Valls;Hombres;2023;12.646
43161 Valls;Hombres;2022;12.443
43161 Valls;Hombres;2021;12.297
43161 Valls;Mujeres;2025;12.609
43161 Valls;Mujeres;2024;12.382
43161 Valls;Mujeres;2023;12.368
43161 Valls;Mujeres;2022;12.284
43161 Valls;Mujeres;2021;12.256
43162 Vandellòs i l'Hospitalet de l'Infant;Total;2025;7.143
43162 Vandellòs i l'Hospitalet de l'Infant;Total;2024;7.104
43162 Vandellòs i l'Hospitalet de l'Infant;Total;2023;6.984
43162 Vandellòs i l'Hospitalet de l'Infant;Total;2022;6.750
43162 Vandellòs i l'Hospitalet de l'Infant;Total;2021;6.645
43162 Vandellòs i l'Hospitalet de l'Infant;Hombres;2025;3.566
43162 Vandellòs i l'Hospitalet de l'Infant;Hombres;2024;3.539
43162 Vandellòs i l'Hospitalet de l'Infant;Hombres;2023;3.458
43162 Vandellòs i l'Hospitalet de l'Infant;Hombres;2022;3.366
43162 Vandellòs i l'Hospitalet de l'Infant;Hombres;2021;3.301
43162 Vandellòs i l'Hospitalet de l'Infant;Mujeres;2025;3.577
43162 Vandellòs i l'Hospitalet de l'Infant;Mujeres;2024;3.565
43162 Vandellòs i l'Hospitalet de l'Infant;Mujeres;2023;3.526
43162 Vandellòs i l'Hospitalet de l'Infant;Mujeres;2022;3.384
43162 Vandellòs i l'Hospitalet de l'Infant;Mujeres;2021;3.344
43163 Vendrell, El;Total;2025;41.133
43163 Vendrell, El;Total;2024;40.440
43163 Vendrell, El;Total;2023;39.601
43163 Vendrell, El;Total;2022;39.072
43163 Vendrell, El;Total;2021;38.891
43163 Vendrell, El;Hombres;2025;20.340
43163 Vendrell, El;Hombres;2024;20.031
43163 Vendrell, El;Hombres;2023;19.586
43163 Vendrell, El;Hombres;2022;19.298
43163 Vendrell, El;Hombres;2021;19.299
43163 Vendrell, El;Mujeres;2025;20.793
43163 Vendrell, El;Mujeres;2024;20.409
43163 Vendrell, El;Mujeres;2023;20.015
43163 Vendrell, El;Mujeres;2022;19.774
43163 Vendrell, El;Mujeres;2021;19.592
43164 Vespella de Gaià;Total;2025;502
43164 Vespella de Gaià;Total;2024;506
43164 Vespella de Gaià;Total;2023;494
43164 Vespella de Gaià;Total;2022;496
43164 Vespella de Gaià;Total;2021;458
43164 Vespella de Gaià;Hombres;2025;269
43164 Vespella de Gaià;Hombres;2024;268
43164 Vespella de Gaià;Hombres;2023;262
43164 Vespella de Gaià;Hombres;2022;266
43164 Vespella de Gaià;Hombres;2021;249
43164 Vespella de Gaià;Mujeres;2025;233
43164 Vespella de Gaià;Mujeres;2024;238
43164 Vespella de Gaià;Mujeres;2023;232
43164 Vespella de Gaià;Mujeres;2022;230
43164 Vespella de Gaià;Mujeres;2021;209
43165 Vilabella;Total;2025;724
43165 Vilabella;Total;2024;723
43165 Vilabella;Total;2023;723
43165 Vilabella;Total;2022;711
43165 Vilabella;Total;2021;705
43165 Vilabella;Hombres;2025;376
43165 Vilabella;Hombres;2024;371
43165 Vilabella;Hombres;2023;369
43165 Vilabella;Hombres;2022;367
43165 Vilabella;Hombres;2021;359
43165 Vilabella;Mujeres;2025;348
43165 Vilabella;Mujeres;2024;352
43165 Vilabella;Mujeres;2023;354
43165 Vilabella;Mujeres;2022;344
43165 Vilabella;Mujeres;2021;346
43175 Vilalba dels Arcs;Total;2025;611
43175 Vilalba dels Arcs;Total;2024;608
43175 Vilalba dels Arcs;Total;2023;619
43175 Vilalba dels Arcs;Total;2022;634
43175 Vilalba dels Arcs;Total;2021;630
43175 Vilalba dels Arcs;Hombres;2025;305
43175 Vilalba dels Arcs;Hombres;2024;305
43175 Vilalba dels Arcs;Hombres;2023;311
43175 Vilalba dels Arcs;Hombres;2022;317
43175 Vilalba dels Arcs;Hombres;2021;313
43175 Vilalba dels Arcs;Mujeres;2025;306
43175 Vilalba dels Arcs;Mujeres;2024;303
43175 Vilalba dels Arcs;Mujeres;2023;308
43175 Vilalba dels Arcs;Mujeres;2022;317
43175 Vilalba dels Arcs;Mujeres;2021;317
43166 Vilallonga del Camp;Total;2025;2.495
43166 Vilallonga del Camp;Total;2024;2.451
43166 Vilallonga del Camp;Total;2023;2.423
43166 Vilallonga del Camp;Total;2022;2.398
43166 Vilallonga del Camp;Total;2021;2.385
43166 Vilallonga del Camp;Hombres;2025;1.257
43166 Vilallonga del Camp;Hombres;2024;1.234
43166 Vilallonga del Camp;Hombres;2023;1.222
43166 Vilallonga del Camp;Hombres;2022;1.214
43166 Vilallonga del Camp;Hombres;2021;1.222
43166 Vilallonga del Camp;Mujeres;2025;1.238
43166 Vilallonga del Camp;Mujeres;2024;1.217
43166 Vilallonga del Camp;Mujeres;2023;1.201
43166 Vilallonga del Camp;Mujeres;2022;1.184
43166 Vilallonga del Camp;Mujeres;2021;1.163
43168 Vilanova de Prades;Total;2025;111
43168 Vilanova de Prades;Total;2024;111
43168 Vilanova de Prades;Total;2023;113
43168 Vilanova de Prades;Total;2022;107
43168 Vilanova de Prades;Total;2021;108
43168 Vilanova de Prades;Hombres;2025;59
43168 Vilanova de Prades;Hombres;2024;60
43168 Vilanova de Prades;Hombres;2023;60
43168 Vilanova de Prades;Hombres;2022;55
43168 Vilanova de Prades;Hombres;2021;54
43168 Vilanova de Prades;Mujeres;2025;52
43168 Vilanova de Prades;Mujeres;2024;51
43168 Vilanova de Prades;Mujeres;2023;53
43168 Vilanova de Prades;Mujeres;2022;52
43168 Vilanova de Prades;Mujeres;2021;54
43167 Vilanova d'Escornalbou;Total;2025;614
43167 Vilanova d'Escornalbou;Total;2024;610
43167 Vilanova d'Escornalbou;Total;2023;594
43167 Vilanova d'Escornalbou;Total;2022;594
43167 Vilanova d'Escornalbou;Total;2021;582
43167 Vilanova d'Escornalbou;Hombres;2025;319
43167 Vilanova d'Escornalbou;Hombres;2024;319
43167 Vilanova d'Escornalbou;Hombres;2023;306
43167 Vilanova d'Escornalbou;Hombres;2022;309
43167 Vilanova d'Escornalbou;Hombres;2021;303
43167 Vilanova d'Escornalbou;Mujeres;2025;295
43167 Vilanova d'Escornalbou;Mujeres;2024;291
43167 Vilanova d'Escornalbou;Mujeres;2023;288
43167 Vilanova d'Escornalbou;Mujeres;2022;285
43167 Vilanova d'Escornalbou;Mujeres;2021;279
43169 Vilaplana;Total;2025;549
43169 Vilaplana;Total;2024;553
43169 Vilaplana;Total;2023;552
43169 Vilaplana;Total;2022;540
43169 Vilaplana;Total;2021;536
43169 Vilaplana;Hombres;2025;292
43169 Vilaplana;Hombres;2024;291
43169 Vilaplana;Hombres;2023;294
43169 Vilaplana;Hombres;2022;286
43169 Vilaplana;Hombres;2021;287
43169 Vilaplana;Mujeres;2025;257
43169 Vilaplana;Mujeres;2024;262
43169 Vilaplana;Mujeres;2023;258
43169 Vilaplana;Mujeres;2022;254
43169 Vilaplana;Mujeres;2021;249
43170 Vila-rodona;Total;2025;1.382
43170 Vila-rodona;Total;2024;1.374
43170 Vila-rodona;Total;2023;1.362
43170 Vila-rodona;Total;2022;1.341
43170 Vila-rodona;Total;2021;1.299
43170 Vila-rodona;Hombres;2025;728
43170 Vila-rodona;Hombres;2024;725
43170 Vila-rodona;Hombres;2023;720
43170 Vila-rodona;Hombres;2022;713
43170 Vila-rodona;Hombres;2021;688
43170 Vila-rodona;Mujeres;2025;654
43170 Vila-rodona;Mujeres;2024;649
43170 Vila-rodona;Mujeres;2023;642
43170 Vila-rodona;Mujeres;2022;628
43170 Vila-rodona;Mujeres;2021;611
43171 Vila-seca;Total;2025;23.917
43171 Vila-seca;Total;2024;23.826
43171 Vila-seca;Total;2023;23.176
43171 Vila-seca;Total;2022;22.681
43171 Vila-seca;Total;2021;22.522
43171 Vila-seca;Hombres;2025;11.983
43171 Vila-seca;Hombres;2024;11.969
43171 Vila-seca;Hombres;2023;11.642
43171 Vila-seca;Hombres;2022;11.410
43171 Vila-seca;Hombres;2021;11.309
43171 Vila-seca;Mujeres;2025;11.934
43171 Vila-seca;Mujeres;2024;11.857
43171 Vila-seca;Mujeres;2023;11.534
43171 Vila-seca;Mujeres;2022;11.271
43171 Vila-seca;Mujeres;2021;11.213
43172 Vilaverd;Total;2025;493
43172 Vilaverd;Total;2024;468
43172 Vilaverd;Total;2023;477
43172 Vilaverd;Total;2022;453
43172 Vilaverd;Total;2021;445
43172 Vilaverd;Hombres;2025;265
43172 Vilaverd;Hombres;2024;249
43172 Vilaverd;Hombres;2023;253
43172 Vilaverd;Hombres;2022;247
43172 Vilaverd;Hombres;2021;243
43172 Vilaverd;Mujeres;2025;228
43172 Vilaverd;Mujeres;2024;219
43172 Vilaverd;Mujeres;2023;224
43172 Vilaverd;Mujeres;2022;206
43172 Vilaverd;Mujeres;2021;202
43173 Vilella Alta, La;Total;2025;127
43173 Vilella Alta, La;Total;2024;128
43173 Vilella Alta, La;Total;2023;128
43173 Vilella Alta, La;Total;2022;136
43173 Vilella Alta, La;Total;2021;131
43173 Vilella Alta, La;Hombres;2025;69
43173 Vilella Alta, La;Hombres;2024;69
43173 Vilella Alta, La;Hombres;2023;71
43173 Vilella Alta, La;Hombres;2022;72
43173 Vilella Alta, La;Hombres;2021;69
43173 Vilella Alta, La;Mujeres;2025;58
43173 Vilella Alta, La;Mujeres;2024;59
43173 Vilella Alta, La;Mujeres;2023;57
43173 Vilella Alta, La;Mujeres;2022;64
43173 Vilella Alta, La;Mujeres;2021;62
43174 Vilella Baixa, La;Total;2025;201
43174 Vilella Baixa, La;Total;2024;207
43174 Vilella Baixa, La;Total;2023;197
43174 Vilella Baixa, La;Total;2022;202
43174 Vilella Baixa, La;Total;2021;208
43174 Vilella Baixa, La;Hombres;2025;113
43174 Vilella Baixa, La;Hombres;2024;115
43174 Vilella Baixa, La;Hombres;2023;108
43174 Vilella Baixa, La;Hombres;2022;112
43174 Vilella Baixa, La;Hombres;2021;113
43174 Vilella Baixa, La;Mujeres;2025;88
43174 Vilella Baixa, La;Mujeres;2024;92
43174 Vilella Baixa, La;Mujeres;2023;89
43174 Vilella Baixa, La;Mujeres;2022;90
43174 Vilella Baixa, La;Mujeres;2021;95
43176 Vimbodí i Poblet;Total;2025;887
43176 Vimbodí i Poblet;Total;2024;893
43176 Vimbodí i Poblet;Total;2023;900
43176 Vimbodí i Poblet;Total;2022;884
43176 Vimbodí i Poblet;Total;2021;880
43176 Vimbodí i Poblet;Hombres;2025;480
43176 Vimbodí i Poblet;Hombres;2024;483
43176 Vimbodí i Poblet;Hombres;2023;480
43176 Vimbodí i Poblet;Hombres;2022;479
43176 Vimbodí i Poblet;Hombres;2021;474
43176 Vimbodí i Poblet;Mujeres;2025;407
43176 Vimbodí i Poblet;Mujeres;2024;410
43176 Vimbodí i Poblet;Mujeres;2023;420
43176 Vimbodí i Poblet;Mujeres;2022;405
43176 Vimbodí i Poblet;Mujeres;2021;406
43177 Vinebre;Total;2025;427
43177 Vinebre;Total;2024;424
43177 Vinebre;Total;2023;415
43177 Vinebre;Total;2022;407
43177 Vinebre;Total;2021;427
43177 Vinebre;Hombres;2025;226
43177 Vinebre;Hombres;2024;224
43177 Vinebre;Hombres;2023;219
43177 Vinebre;Hombres;2022;214
43177 Vinebre;Hombres;2021;212
43177 Vinebre;Mujeres;2025;201
43177 Vinebre;Mujeres;2024;200
43177 Vinebre;Mujeres;2023;196
43177 Vinebre;Mujeres;2022;193
43177 Vinebre;Mujeres;2021;215
43178 Vinyols i els Arcs;Total;2025;2.450
43178 Vinyols i els Arcs;Total;2024;2.400
43178 Vinyols i els Arcs;Total;2023;2.323
43178 Vinyols i els Arcs;Total;2022;2.258
43178 Vinyols i els Arcs;Total;2021;2.193
43178 Vinyols i els Arcs;Hombres;2025;1.251
43178 Vinyols i els Arcs;Hombres;2024;1.232
43178 Vinyols i els Arcs;Hombres;2023;1.206
43178 Vinyols i els Arcs;Hombres;2022;1.176
43178 Vinyols i els Arcs;Hombres;2021;1.154
43178 Vinyols i els Arcs;Mujeres;2025;1.199
43178 Vinyols i els Arcs;Mujeres;2024;1.168
43178 Vinyols i els Arcs;Mujeres;2023;1.117
43178 Vinyols i els Arcs;Mujeres;2022;1.082
43178 Vinyols i els Arcs;Mujeres;2021;1.039
43052 Xerta;Total;2025;1.180
43052 Xerta;Total;2024;1.156
43052 Xerta;Total;2023;1.164
43052 Xerta;Total;2022;1.150
43052 Xerta;Total;2021;1.159
43052 Xerta;Hombres;2025;581
43052 Xerta;Hombres;2024;571
43052 Xerta;Hombres;2023;574
43052 Xerta;Hombres;2022;570
43052 Xerta;Hombres;2021;573
43052 Xerta;Mujeres;2025;599
43052 Xerta;Mujeres;2024;585
43052 Xerta;Mujeres;2023;590
43052 Xerta;Mujeres;2022;580
43052 Xerta;Mujeres;2021;586
