Municipios;Sexo;Periodo;Total
25001 Abella de la Conca;Total;2025;156
25001 Abella de la Conca;Total;2024;158
25001 Abella de la Conca;Total;2023;167
25001 Abella de la Conca;Total;2022;167
25001 Abella de la Conca;Total;2021;171
25001 Abella de la Conca;Total;2020;183
25001 Abella de la Conca;Total;2019;179
25001 Abella de la Conca;Total;2018;181
25001 Abella de la Conca;Total;2017;184
25001 Abella de la Conca;Total;2016;181
25001 Abella de la Conca;Total;2015;170
25001 Abella de la Conca;Total;2014;170
25001 Abella de la Conca;Total;2013;165
25001 Abella de la Conca;Total;2012;174
25001 Abella de la Conca;Total;2011;181
25001 Abella de la Conca;Total;2010;181
25001 Abella de la Conca;Total;2009;183
25001 Abella de la Conca;Total;2008;183
25001 Abella de la Conca;Total;2007;188
25001 Abella de la Conca;Total;2006;186
25001 Abella de la Conca;Total;2005;183
25001 Abella de la Conca;Total;2004;187
25001 Abella de la Conca;Total;2003;183
25001 Abella de la Conca;Total;2002;188
25001 Abella de la Conca;Total;2001;199
25001 Abella de la Conca;Total;2000;197
25001 Abella de la Conca;Total;1999;186
25001 Abella de la Conca;Total;1998;182
25001 Abella de la Conca;Total;1997;""
25001 Abella de la Conca;Total;1996;186
25001 Abella de la Conca;Hombres;2025;81
25001 Abella de la Conca;Hombres;2024;81
25001 Abella de la Conca;Hombres;2023;87
25001 Abella de la Conca;Hombres;2022;85
25001 Abella de la Conca;Hombres;2021;89
25001 Abella de la Conca;Hombres;2020;99
25001 Abella de la Conca;Hombres;2019;96
25001 Abella de la Conca;Hombres;2018;99
25001 Abella de la Conca;Hombres;2017;102
25001 Abella de la Conca;Hombres;2016;100
25001 Abella de la Conca;Hombres;2015;93
25001 Abella de la Conca;Hombres;2014;94
25001 Abella de la Conca;Hombres;2013;90
25001 Abella de la Conca;Hombres;2012;98
25001 Abella de la Conca;Hombres;2011;103
25001 Abella de la Conca;Hombres;2010;104
25001 Abella de la Conca;Hombres;2009;102
25001 Abella de la Conca;Hombres;2008;100
25001 Abella de la Conca;Hombres;2007;102
25001 Abella de la Conca;Hombres;2006;102
25001 Abella de la Conca;Hombres;2005;99
25001 Abella de la Conca;Hombres;2004;104
25001 Abella de la Conca;Hombres;2003;99
25001 Abella de la Conca;Hombres;2002;101
25001 Abella de la Conca;Hombres;2001;103
25001 Abella de la Conca;Hombres;2000;106
25001 Abella de la Conca;Hombres;1999;100
25001 Abella de la Conca;Hombres;1998;98
25001 Abella de la Conca;Hombres;1997;""
25001 Abella de la Conca;Hombres;1996;102
25001 Abella de la Conca;Mujeres;2025;75
25001 Abella de la Conca;Mujeres;2024;77
25001 Abella de la Conca;Mujeres;2023;80
25001 Abella de la Conca;Mujeres;2022;82
25001 Abella de la Conca;Mujeres;2021;82
25001 Abella de la Conca;Mujeres;2020;84
25001 Abella de la Conca;Mujeres;2019;83
25001 Abella de la Conca;Mujeres;2018;82
25001 Abella de la Conca;Mujeres;2017;82
25001 Abella de la Conca;Mujeres;2016;81
25001 Abella de la Conca;Mujeres;2015;77
25001 Abella de la Conca;Mujeres;2014;76
25001 Abella de la Conca;Mujeres;2013;75
25001 Abella de la Conca;Mujeres;2012;76
25001 Abella de la Conca;Mujeres;2011;78
25001 Abella de la Conca;Mujeres;2010;77
25001 Abella de la Conca;Mujeres;2009;81
25001 Abella de la Conca;Mujeres;2008;83
25001 Abella de la Conca;Mujeres;2007;86
25001 Abella de la Conca;Mujeres;2006;84
25001 Abella de la Conca;Mujeres;2005;84
25001 Abella de la Conca;Mujeres;2004;83
25001 Abella de la Conca;Mujeres;2003;84
25001 Abella de la Conca;Mujeres;2002;87
25001 Abella de la Conca;Mujeres;2001;96
25001 Abella de la Conca;Mujeres;2000;91
25001 Abella de la Conca;Mujeres;1999;86
25001 Abella de la Conca;Mujeres;1998;84
25001 Abella de la Conca;Mujeres;1997;""
25001 Abella de la Conca;Mujeres;1996;84
25003 Agramunt;Total;2025;5.653
25003 Agramunt;Total;2024;5.629
25003 Agramunt;Total;2023;5.516
25003 Agramunt;Total;2022;5.479
25003 Agramunt;Total;2021;5.464
25003 Agramunt;Total;2020;5.411
25003 Agramunt;Total;2019;5.371
25003 Agramunt;Total;2018;5.393
25003 Agramunt;Total;2017;5.405
25003 Agramunt;Total;2016;5.390
25003 Agramunt;Total;2015;5.491
25003 Agramunt;Total;2014;5.515
25003 Agramunt;Total;2013;5.599
25003 Agramunt;Total;2012;5.633
25003 Agramunt;Total;2011;5.653
25003 Agramunt;Total;2010;5.618
25003 Agramunt;Total;2009;5.608
25003 Agramunt;Total;2008;5.577
25003 Agramunt;Total;2007;5.434
25003 Agramunt;Total;2006;5.459
25003 Agramunt;Total;2005;5.355
25003 Agramunt;Total;2004;5.212
25003 Agramunt;Total;2003;5.071
25003 Agramunt;Total;2002;5.071
25003 Agramunt;Total;2001;4.960
25003 Agramunt;Total;2000;4.902
25003 Agramunt;Total;1999;4.933
25003 Agramunt;Total;1998;4.950
25003 Agramunt;Total;1997;""
25003 Agramunt;Total;1996;4.925
25003 Agramunt;Hombres;2025;2.873
25003 Agramunt;Hombres;2024;2.862
25003 Agramunt;Hombres;2023;2.773
25003 Agramunt;Hombres;2022;2.766
25003 Agramunt;Hombres;2021;2.763
25003 Agramunt;Hombres;2020;2.710
25003 Agramunt;Hombres;2019;2.689
25003 Agramunt;Hombres;2018;2.700
25003 Agramunt;Hombres;2017;2.706
25003 Agramunt;Hombres;2016;2.714
25003 Agramunt;Hombres;2015;2.775
25003 Agramunt;Hombres;2014;2.777
25003 Agramunt;Hombres;2013;2.852
25003 Agramunt;Hombres;2012;2.873
25003 Agramunt;Hombres;2011;2.884
25003 Agramunt;Hombres;2010;2.868
25003 Agramunt;Hombres;2009;2.866
25003 Agramunt;Hombres;2008;2.918
25003 Agramunt;Hombres;2007;2.845
25003 Agramunt;Hombres;2006;2.900
25003 Agramunt;Hombres;2005;2.833
25003 Agramunt;Hombres;2004;2.715
25003 Agramunt;Hombres;2003;2.637
25003 Agramunt;Hombres;2002;2.633
25003 Agramunt;Hombres;2001;2.546
25003 Agramunt;Hombres;2000;2.506
25003 Agramunt;Hombres;1999;2.501
25003 Agramunt;Hombres;1998;2.511
25003 Agramunt;Hombres;1997;""
25003 Agramunt;Hombres;1996;2.489
25003 Agramunt;Mujeres;2025;2.780
25003 Agramunt;Mujeres;2024;2.767
25003 Agramunt;Mujeres;2023;2.743
25003 Agramunt;Mujeres;2022;2.713
25003 Agramunt;Mujeres;2021;2.701
25003 Agramunt;Mujeres;2020;2.701
25003 Agramunt;Mujeres;2019;2.682
25003 Agramunt;Mujeres;2018;2.693
25003 Agramunt;Mujeres;2017;2.699
25003 Agramunt;Mujeres;2016;2.676
25003 Agramunt;Mujeres;2015;2.716
25003 Agramunt;Mujeres;2014;2.738
25003 Agramunt;Mujeres;2013;2.747
25003 Agramunt;Mujeres;2012;2.760
25003 Agramunt;Mujeres;2011;2.769
25003 Agramunt;Mujeres;2010;2.750
25003 Agramunt;Mujeres;2009;2.742
25003 Agramunt;Mujeres;2008;2.659
25003 Agramunt;Mujeres;2007;2.589
25003 Agramunt;Mujeres;2006;2.559
25003 Agramunt;Mujeres;2005;2.522
25003 Agramunt;Mujeres;2004;2.497
25003 Agramunt;Mujeres;2003;2.434
25003 Agramunt;Mujeres;2002;2.438
25003 Agramunt;Mujeres;2001;2.414
25003 Agramunt;Mujeres;2000;2.396
25003 Agramunt;Mujeres;1999;2.432
25003 Agramunt;Mujeres;1998;2.439
25003 Agramunt;Mujeres;1997;""
25003 Agramunt;Mujeres;1996;2.436
25038 Aitona;Total;2025;2.591
25038 Aitona;Total;2024;2.603
25038 Aitona;Total;2023;2.557
25038 Aitona;Total;2022;2.521
25038 Aitona;Total;2021;2.493
25038 Aitona;Total;2020;2.567
25038 Aitona;Total;2019;2.591
25038 Aitona;Total;2018;2.545
25038 Aitona;Total;2017;2.548
25038 Aitona;Total;2016;2.523
25038 Aitona;Total;2015;2.456
25038 Aitona;Total;2014;2.415
25038 Aitona;Total;2013;2.402
25038 Aitona;Total;2012;2.419
25038 Aitona;Total;2011;2.405
25038 Aitona;Total;2010;2.393
25038 Aitona;Total;2009;2.398
25038 Aitona;Total;2008;2.345
25038 Aitona;Total;2007;2.376
25038 Aitona;Total;2006;2.370
25038 Aitona;Total;2005;2.322
25038 Aitona;Total;2004;2.248
25038 Aitona;Total;2003;2.218
25038 Aitona;Total;2002;2.193
25038 Aitona;Total;2001;2.183
25038 Aitona;Total;2000;2.186
25038 Aitona;Total;1999;2.193
25038 Aitona;Total;1998;2.184
25038 Aitona;Total;1997;""
25038 Aitona;Total;1996;2.183
25038 Aitona;Hombres;2025;1.376
25038 Aitona;Hombres;2024;1.386
25038 Aitona;Hombres;2023;1.349
25038 Aitona;Hombres;2022;1.320
25038 Aitona;Hombres;2021;1.311
25038 Aitona;Hombres;2020;1.338
25038 Aitona;Hombres;2019;1.358
25038 Aitona;Hombres;2018;1.328
25038 Aitona;Hombres;2017;1.321
25038 Aitona;Hombres;2016;1.300
25038 Aitona;Hombres;2015;1.249
25038 Aitona;Hombres;2014;1.225
25038 Aitona;Hombres;2013;1.234
25038 Aitona;Hombres;2012;1.246
25038 Aitona;Hombres;2011;1.259
25038 Aitona;Hombres;2010;1.258
25038 Aitona;Hombres;2009;1.256
25038 Aitona;Hombres;2008;1.211
25038 Aitona;Hombres;2007;1.239
25038 Aitona;Hombres;2006;1.241
25038 Aitona;Hombres;2005;1.211
25038 Aitona;Hombres;2004;1.155
25038 Aitona;Hombres;2003;1.123
25038 Aitona;Hombres;2002;1.111
25038 Aitona;Hombres;2001;1.099
25038 Aitona;Hombres;2000;1.086
25038 Aitona;Hombres;1999;1.095
25038 Aitona;Hombres;1998;1.085
25038 Aitona;Hombres;1997;""
25038 Aitona;Hombres;1996;1.078
25038 Aitona;Mujeres;2025;1.215
25038 Aitona;Mujeres;2024;1.217
25038 Aitona;Mujeres;2023;1.208
25038 Aitona;Mujeres;2022;1.201
25038 Aitona;Mujeres;2021;1.182
25038 Aitona;Mujeres;2020;1.229
25038 Aitona;Mujeres;2019;1.233
25038 Aitona;Mujeres;2018;1.217
25038 Aitona;Mujeres;2017;1.227
25038 Aitona;Mujeres;2016;1.223
25038 Aitona;Mujeres;2015;1.207
25038 Aitona;Mujeres;2014;1.190
25038 Aitona;Mujeres;2013;1.168
25038 Aitona;Mujeres;2012;1.173
25038 Aitona;Mujeres;2011;1.146
25038 Aitona;Mujeres;2010;1.135
25038 Aitona;Mujeres;2009;1.142
25038 Aitona;Mujeres;2008;1.134
25038 Aitona;Mujeres;2007;1.137
25038 Aitona;Mujeres;2006;1.129
25038 Aitona;Mujeres;2005;1.111
25038 Aitona;Mujeres;2004;1.093
25038 Aitona;Mujeres;2003;1.095
25038 Aitona;Mujeres;2002;1.082
25038 Aitona;Mujeres;2001;1.084
25038 Aitona;Mujeres;2000;1.100
25038 Aitona;Mujeres;1999;1.098
25038 Aitona;Mujeres;1998;1.099
25038 Aitona;Mujeres;1997;""
25038 Aitona;Mujeres;1996;1.105
25004 Alamús, Els;Total;2025;835
25004 Alamús, Els;Total;2024;800
25004 Alamús, Els;Total;2023;794
25004 Alamús, Els;Total;2022;781
25004 Alamús, Els;Total;2021;773
25004 Alamús, Els;Total;2020;811
25004 Alamús, Els;Total;2019;819
25004 Alamús, Els;Total;2018;796
25004 Alamús, Els;Total;2017;777
25004 Alamús, Els;Total;2016;799
25004 Alamús, Els;Total;2015;778
25004 Alamús, Els;Total;2014;769
25004 Alamús, Els;Total;2013;752
25004 Alamús, Els;Total;2012;751
25004 Alamús, Els;Total;2011;748
25004 Alamús, Els;Total;2010;739
25004 Alamús, Els;Total;2009;740
25004 Alamús, Els;Total;2008;724
25004 Alamús, Els;Total;2007;722
25004 Alamús, Els;Total;2006;701
25004 Alamús, Els;Total;2005;734
25004 Alamús, Els;Total;2004;724
25004 Alamús, Els;Total;2003;691
25004 Alamús, Els;Total;2002;693
25004 Alamús, Els;Total;2001;696
25004 Alamús, Els;Total;2000;698
25004 Alamús, Els;Total;1999;672
25004 Alamús, Els;Total;1998;679
25004 Alamús, Els;Total;1997;""
25004 Alamús, Els;Total;1996;671
25004 Alamús, Els;Hombres;2025;427
25004 Alamús, Els;Hombres;2024;409
25004 Alamús, Els;Hombres;2023;398
25004 Alamús, Els;Hombres;2022;389
25004 Alamús, Els;Hombres;2021;390
25004 Alamús, Els;Hombres;2020;412
25004 Alamús, Els;Hombres;2019;412
25004 Alamús, Els;Hombres;2018;421
25004 Alamús, Els;Hombres;2017;411
25004 Alamús, Els;Hombres;2016;419
25004 Alamús, Els;Hombres;2015;404
25004 Alamús, Els;Hombres;2014;403
25004 Alamús, Els;Hombres;2013;395
25004 Alamús, Els;Hombres;2012;408
25004 Alamús, Els;Hombres;2011;403
25004 Alamús, Els;Hombres;2010;384
25004 Alamús, Els;Hombres;2009;384
25004 Alamús, Els;Hombres;2008;373
25004 Alamús, Els;Hombres;2007;370
25004 Alamús, Els;Hombres;2006;362
25004 Alamús, Els;Hombres;2005;384
25004 Alamús, Els;Hombres;2004;374
25004 Alamús, Els;Hombres;2003;350
25004 Alamús, Els;Hombres;2002;346
25004 Alamús, Els;Hombres;2001;348
25004 Alamús, Els;Hombres;2000;350
25004 Alamús, Els;Hombres;1999;337
25004 Alamús, Els;Hombres;1998;340
25004 Alamús, Els;Hombres;1997;""
25004 Alamús, Els;Hombres;1996;334
25004 Alamús, Els;Mujeres;2025;408
25004 Alamús, Els;Mujeres;2024;391
25004 Alamús, Els;Mujeres;2023;396
25004 Alamús, Els;Mujeres;2022;392
25004 Alamús, Els;Mujeres;2021;383
25004 Alamús, Els;Mujeres;2020;399
25004 Alamús, Els;Mujeres;2019;407
25004 Alamús, Els;Mujeres;2018;375
25004 Alamús, Els;Mujeres;2017;366
25004 Alamús, Els;Mujeres;2016;380
25004 Alamús, Els;Mujeres;2015;374
25004 Alamús, Els;Mujeres;2014;366
25004 Alamús, Els;Mujeres;2013;357
25004 Alamús, Els;Mujeres;2012;343
25004 Alamús, Els;Mujeres;2011;345
25004 Alamús, Els;Mujeres;2010;355
25004 Alamús, Els;Mujeres;2009;356
25004 Alamús, Els;Mujeres;2008;351
25004 Alamús, Els;Mujeres;2007;352
25004 Alamús, Els;Mujeres;2006;339
25004 Alamús, Els;Mujeres;2005;350
25004 Alamús, Els;Mujeres;2004;350
25004 Alamús, Els;Mujeres;2003;341
25004 Alamús, Els;Mujeres;2002;347
25004 Alamús, Els;Mujeres;2001;348
25004 Alamús, Els;Mujeres;2000;348
25004 Alamús, Els;Mujeres;1999;335
25004 Alamús, Els;Mujeres;1998;339
25004 Alamús, Els;Mujeres;1997;""
25004 Alamús, Els;Mujeres;1996;337
25006 Albagés, L';Total;2025;339
25006 Albagés, L';Total;2024;344
25006 Albagés, L';Total;2023;356
25006 Albagés, L';Total;2022;348
25006 Albagés, L';Total;2021;357
25006 Albagés, L';Total;2020;361
25006 Albagés, L';Total;2019;369
25006 Albagés, L';Total;2018;375
25006 Albagés, L';Total;2017;393
25006 Albagés, L';Total;2016;403
25006 Albagés, L';Total;2015;419
25006 Albagés, L';Total;2014;419
25006 Albagés, L';Total;2013;427
25006 Albagés, L';Total;2012;425
25006 Albagés, L';Total;2011;449
25006 Albagés, L';Total;2010;462
25006 Albagés, L';Total;2009;476
25006 Albagés, L';Total;2008;476
25006 Albagés, L';Total;2007;490
25006 Albagés, L';Total;2006;492
25006 Albagés, L';Total;2005;491
25006 Albagés, L';Total;2004;502
25006 Albagés, L';Total;2003;512
25006 Albagés, L';Total;2002;502
25006 Albagés, L';Total;2001;502
25006 Albagés, L';Total;2000;510
25006 Albagés, L';Total;1999;499
25006 Albagés, L';Total;1998;512
25006 Albagés, L';Total;1997;""
25006 Albagés, L';Total;1996;507
25006 Albagés, L';Hombres;2025;183
25006 Albagés, L';Hombres;2024;187
25006 Albagés, L';Hombres;2023;189
25006 Albagés, L';Hombres;2022;185
25006 Albagés, L';Hombres;2021;189
25006 Albagés, L';Hombres;2020;189
25006 Albagés, L';Hombres;2019;194
25006 Albagés, L';Hombres;2018;199
25006 Albagés, L';Hombres;2017;211
25006 Albagés, L';Hombres;2016;212
25006 Albagés, L';Hombres;2015;222
25006 Albagés, L';Hombres;2014;220
25006 Albagés, L';Hombres;2013;224
25006 Albagés, L';Hombres;2012;224
25006 Albagés, L';Hombres;2011;238
25006 Albagés, L';Hombres;2010;250
25006 Albagés, L';Hombres;2009;257
25006 Albagés, L';Hombres;2008;252
25006 Albagés, L';Hombres;2007;260
25006 Albagés, L';Hombres;2006;263
25006 Albagés, L';Hombres;2005;263
25006 Albagés, L';Hombres;2004;264
25006 Albagés, L';Hombres;2003;272
25006 Albagés, L';Hombres;2002;266
25006 Albagés, L';Hombres;2001;266
25006 Albagés, L';Hombres;2000;265
25006 Albagés, L';Hombres;1999;261
25006 Albagés, L';Hombres;1998;266
25006 Albagés, L';Hombres;1997;""
25006 Albagés, L';Hombres;1996;265
25006 Albagés, L';Mujeres;2025;156
25006 Albagés, L';Mujeres;2024;157
25006 Albagés, L';Mujeres;2023;167
25006 Albagés, L';Mujeres;2022;163
25006 Albagés, L';Mujeres;2021;168
25006 Albagés, L';Mujeres;2020;172
25006 Albagés, L';Mujeres;2019;175
25006 Albagés, L';Mujeres;2018;176
25006 Albagés, L';Mujeres;2017;182
25006 Albagés, L';Mujeres;2016;191
25006 Albagés, L';Mujeres;2015;197
25006 Albagés, L';Mujeres;2014;199
25006 Albagés, L';Mujeres;2013;203
25006 Albagés, L';Mujeres;2012;201
25006 Albagés, L';Mujeres;2011;211
25006 Albagés, L';Mujeres;2010;212
25006 Albagés, L';Mujeres;2009;219
25006 Albagés, L';Mujeres;2008;224
25006 Albagés, L';Mujeres;2007;230
25006 Albagés, L';Mujeres;2006;229
25006 Albagés, L';Mujeres;2005;228
25006 Albagés, L';Mujeres;2004;238
25006 Albagés, L';Mujeres;2003;240
25006 Albagés, L';Mujeres;2002;236
25006 Albagés, L';Mujeres;2001;236
25006 Albagés, L';Mujeres;2000;245
25006 Albagés, L';Mujeres;1999;238
25006 Albagés, L';Mujeres;1998;246
25006 Albagés, L';Mujeres;1997;""
25006 Albagés, L';Mujeres;1996;242
25007 Albatàrrec;Total;2025;2.331
25007 Albatàrrec;Total;2024;2.251
25007 Albatàrrec;Total;2023;2.238
25007 Albatàrrec;Total;2022;2.217
25007 Albatàrrec;Total;2021;2.224
25007 Albatàrrec;Total;2020;2.236
25007 Albatàrrec;Total;2019;2.221
25007 Albatàrrec;Total;2018;2.335
25007 Albatàrrec;Total;2017;2.275
25007 Albatàrrec;Total;2016;2.291
25007 Albatàrrec;Total;2015;2.214
25007 Albatàrrec;Total;2014;2.139
25007 Albatàrrec;Total;2013;2.090
25007 Albatàrrec;Total;2012;2.113
25007 Albatàrrec;Total;2011;2.040
25007 Albatàrrec;Total;2010;1.979
25007 Albatàrrec;Total;2009;1.872
25007 Albatàrrec;Total;2008;1.749
25007 Albatàrrec;Total;2007;1.639
25007 Albatàrrec;Total;2006;1.519
25007 Albatàrrec;Total;2005;1.444
25007 Albatàrrec;Total;2004;1.393
25007 Albatàrrec;Total;2003;1.306
25007 Albatàrrec;Total;2002;1.236
25007 Albatàrrec;Total;2001;1.189
25007 Albatàrrec;Total;2000;1.130
25007 Albatàrrec;Total;1999;1.096
25007 Albatàrrec;Total;1998;1.069
25007 Albatàrrec;Total;1997;""
25007 Albatàrrec;Total;1996;1.007
25007 Albatàrrec;Hombres;2025;1.181
25007 Albatàrrec;Hombres;2024;1.141
25007 Albatàrrec;Hombres;2023;1.142
25007 Albatàrrec;Hombres;2022;1.141
25007 Albatàrrec;Hombres;2021;1.148
25007 Albatàrrec;Hombres;2020;1.142
25007 Albatàrrec;Hombres;2019;1.150
25007 Albatàrrec;Hombres;2018;1.205
25007 Albatàrrec;Hombres;2017;1.183
25007 Albatàrrec;Hombres;2016;1.193
25007 Albatàrrec;Hombres;2015;1.156
25007 Albatàrrec;Hombres;2014;1.112
25007 Albatàrrec;Hombres;2013;1.096
25007 Albatàrrec;Hombres;2012;1.101
25007 Albatàrrec;Hombres;2011;1.063
25007 Albatàrrec;Hombres;2010;1.040
25007 Albatàrrec;Hombres;2009;985
25007 Albatàrrec;Hombres;2008;941
25007 Albatàrrec;Hombres;2007;871
25007 Albatàrrec;Hombres;2006;814
25007 Albatàrrec;Hombres;2005;776
25007 Albatàrrec;Hombres;2004;731
25007 Albatàrrec;Hombres;2003;673
25007 Albatàrrec;Hombres;2002;638
25007 Albatàrrec;Hombres;2001;601
25007 Albatàrrec;Hombres;2000;567
25007 Albatàrrec;Hombres;1999;547
25007 Albatàrrec;Hombres;1998;533
25007 Albatàrrec;Hombres;1997;""
25007 Albatàrrec;Hombres;1996;499
25007 Albatàrrec;Mujeres;2025;1.150
25007 Albatàrrec;Mujeres;2024;1.110
25007 Albatàrrec;Mujeres;2023;1.096
25007 Albatàrrec;Mujeres;2022;1.076
25007 Albatàrrec;Mujeres;2021;1.076
25007 Albatàrrec;Mujeres;2020;1.094
25007 Albatàrrec;Mujeres;2019;1.071
25007 Albatàrrec;Mujeres;2018;1.130
25007 Albatàrrec;Mujeres;2017;1.092
25007 Albatàrrec;Mujeres;2016;1.098
25007 Albatàrrec;Mujeres;2015;1.058
25007 Albatàrrec;Mujeres;2014;1.027
25007 Albatàrrec;Mujeres;2013;994
25007 Albatàrrec;Mujeres;2012;1.012
25007 Albatàrrec;Mujeres;2011;977
25007 Albatàrrec;Mujeres;2010;939
25007 Albatàrrec;Mujeres;2009;887
25007 Albatàrrec;Mujeres;2008;808
25007 Albatàrrec;Mujeres;2007;768
25007 Albatàrrec;Mujeres;2006;705
25007 Albatàrrec;Mujeres;2005;668
25007 Albatàrrec;Mujeres;2004;662
25007 Albatàrrec;Mujeres;2003;633
25007 Albatàrrec;Mujeres;2002;598
25007 Albatàrrec;Mujeres;2001;588
25007 Albatàrrec;Mujeres;2000;563
25007 Albatàrrec;Mujeres;1999;549
25007 Albatàrrec;Mujeres;1998;536
25007 Albatàrrec;Mujeres;1997;""
25007 Albatàrrec;Mujeres;1996;508
25008 Albesa;Total;2025;1.584
25008 Albesa;Total;2024;1.584
25008 Albesa;Total;2023;1.588
25008 Albesa;Total;2022;1.579
25008 Albesa;Total;2021;1.561
25008 Albesa;Total;2020;1.561
25008 Albesa;Total;2019;1.556
25008 Albesa;Total;2018;1.576
25008 Albesa;Total;2017;1.582
25008 Albesa;Total;2016;1.596
25008 Albesa;Total;2015;1.624
25008 Albesa;Total;2014;1.608
25008 Albesa;Total;2013;1.636
25008 Albesa;Total;2012;1.652
25008 Albesa;Total;2011;1.656
25008 Albesa;Total;2010;1.679
25008 Albesa;Total;2009;1.613
25008 Albesa;Total;2008;1.546
25008 Albesa;Total;2007;1.575
25008 Albesa;Total;2006;1.587
25008 Albesa;Total;2005;1.561
25008 Albesa;Total;2004;1.531
25008 Albesa;Total;2003;1.523
25008 Albesa;Total;2002;1.515
25008 Albesa;Total;2001;1.512
25008 Albesa;Total;2000;1.494
25008 Albesa;Total;1999;1.497
25008 Albesa;Total;1998;1.486
25008 Albesa;Total;1997;""
25008 Albesa;Total;1996;1.482
25008 Albesa;Hombres;2025;859
25008 Albesa;Hombres;2024;859
25008 Albesa;Hombres;2023;852
25008 Albesa;Hombres;2022;859
25008 Albesa;Hombres;2021;847
25008 Albesa;Hombres;2020;848
25008 Albesa;Hombres;2019;855
25008 Albesa;Hombres;2018;862
25008 Albesa;Hombres;2017;855
25008 Albesa;Hombres;2016;861
25008 Albesa;Hombres;2015;874
25008 Albesa;Hombres;2014;856
25008 Albesa;Hombres;2013;885
25008 Albesa;Hombres;2012;889
25008 Albesa;Hombres;2011;892
25008 Albesa;Hombres;2010;891
25008 Albesa;Hombres;2009;834
25008 Albesa;Hombres;2008;799
25008 Albesa;Hombres;2007;805
25008 Albesa;Hombres;2006;799
25008 Albesa;Hombres;2005;785
25008 Albesa;Hombres;2004;776
25008 Albesa;Hombres;2003;768
25008 Albesa;Hombres;2002;755
25008 Albesa;Hombres;2001;746
25008 Albesa;Hombres;2000;738
25008 Albesa;Hombres;1999;740
25008 Albesa;Hombres;1998;729
25008 Albesa;Hombres;1997;""
25008 Albesa;Hombres;1996;724
25008 Albesa;Mujeres;2025;725
25008 Albesa;Mujeres;2024;725
25008 Albesa;Mujeres;2023;736
25008 Albesa;Mujeres;2022;720
25008 Albesa;Mujeres;2021;714
25008 Albesa;Mujeres;2020;713
25008 Albesa;Mujeres;2019;701
25008 Albesa;Mujeres;2018;714
25008 Albesa;Mujeres;2017;727
25008 Albesa;Mujeres;2016;735
25008 Albesa;Mujeres;2015;750
25008 Albesa;Mujeres;2014;752
25008 Albesa;Mujeres;2013;751
25008 Albesa;Mujeres;2012;763
25008 Albesa;Mujeres;2011;764
25008 Albesa;Mujeres;2010;788
25008 Albesa;Mujeres;2009;779
25008 Albesa;Mujeres;2008;747
25008 Albesa;Mujeres;2007;770
25008 Albesa;Mujeres;2006;788
25008 Albesa;Mujeres;2005;776
25008 Albesa;Mujeres;2004;755
25008 Albesa;Mujeres;2003;755
25008 Albesa;Mujeres;2002;760
25008 Albesa;Mujeres;2001;766
25008 Albesa;Mujeres;2000;756
25008 Albesa;Mujeres;1999;757
25008 Albesa;Mujeres;1998;757
25008 Albesa;Mujeres;1997;""
25008 Albesa;Mujeres;1996;758
25009 Albi, L';Total;2025;764
25009 Albi, L';Total;2024;766
25009 Albi, L';Total;2023;764
25009 Albi, L';Total;2022;755
25009 Albi, L';Total;2021;749
25009 Albi, L';Total;2020;744
25009 Albi, L';Total;2019;764
25009 Albi, L';Total;2018;762
25009 Albi, L';Total;2017;781
25009 Albi, L';Total;2016;803
25009 Albi, L';Total;2015;819
25009 Albi, L';Total;2014;834
25009 Albi, L';Total;2013;863
25009 Albi, L';Total;2012;860
25009 Albi, L';Total;2011;860
25009 Albi, L';Total;2010;847
25009 Albi, L';Total;2009;836
25009 Albi, L';Total;2008;841
25009 Albi, L';Total;2007;839
25009 Albi, L';Total;2006;811
25009 Albi, L';Total;2005;837
25009 Albi, L';Total;2004;836
25009 Albi, L';Total;2003;826
25009 Albi, L';Total;2002;806
25009 Albi, L';Total;2001;789
25009 Albi, L';Total;2000;782
25009 Albi, L';Total;1999;773
25009 Albi, L';Total;1998;776
25009 Albi, L';Total;1997;""
25009 Albi, L';Total;1996;791
25009 Albi, L';Hombres;2025;390
25009 Albi, L';Hombres;2024;393
25009 Albi, L';Hombres;2023;388
25009 Albi, L';Hombres;2022;387
25009 Albi, L';Hombres;2021;383
25009 Albi, L';Hombres;2020;378
25009 Albi, L';Hombres;2019;389
25009 Albi, L';Hombres;2018;393
25009 Albi, L';Hombres;2017;404
25009 Albi, L';Hombres;2016;418
25009 Albi, L';Hombres;2015;426
25009 Albi, L';Hombres;2014;436
25009 Albi, L';Hombres;2013;448
25009 Albi, L';Hombres;2012;448
25009 Albi, L';Hombres;2011;454
25009 Albi, L';Hombres;2010;437
25009 Albi, L';Hombres;2009;423
25009 Albi, L';Hombres;2008;427
25009 Albi, L';Hombres;2007;428
25009 Albi, L';Hombres;2006;416
25009 Albi, L';Hombres;2005;433
25009 Albi, L';Hombres;2004;431
25009 Albi, L';Hombres;2003;426
25009 Albi, L';Hombres;2002;417
25009 Albi, L';Hombres;2001;409
25009 Albi, L';Hombres;2000;407
25009 Albi, L';Hombres;1999;399
25009 Albi, L';Hombres;1998;395
25009 Albi, L';Hombres;1997;""
25009 Albi, L';Hombres;1996;405
25009 Albi, L';Mujeres;2025;374
25009 Albi, L';Mujeres;2024;373
25009 Albi, L';Mujeres;2023;376
25009 Albi, L';Mujeres;2022;368
25009 Albi, L';Mujeres;2021;366
25009 Albi, L';Mujeres;2020;366
25009 Albi, L';Mujeres;2019;375
25009 Albi, L';Mujeres;2018;369
25009 Albi, L';Mujeres;2017;377
25009 Albi, L';Mujeres;2016;385
25009 Albi, L';Mujeres;2015;393
25009 Albi, L';Mujeres;2014;398
25009 Albi, L';Mujeres;2013;415
25009 Albi, L';Mujeres;2012;412
25009 Albi, L';Mujeres;2011;406
25009 Albi, L';Mujeres;2010;410
25009 Albi, L';Mujeres;2009;413
25009 Albi, L';Mujeres;2008;414
25009 Albi, L';Mujeres;2007;411
25009 Albi, L';Mujeres;2006;395
25009 Albi, L';Mujeres;2005;404
25009 Albi, L';Mujeres;2004;405
25009 Albi, L';Mujeres;2003;400
25009 Albi, L';Mujeres;2002;389
25009 Albi, L';Mujeres;2001;380
25009 Albi, L';Mujeres;2000;375
25009 Albi, L';Mujeres;1999;374
25009 Albi, L';Mujeres;1998;381
25009 Albi, L';Mujeres;1997;""
25009 Albi, L';Mujeres;1996;386
25010 Alcanó;Total;2025;244
25010 Alcanó;Total;2024;239
25010 Alcanó;Total;2023;243
25010 Alcanó;Total;2022;240
25010 Alcanó;Total;2021;233
25010 Alcanó;Total;2020;238
25010 Alcanó;Total;2019;235
25010 Alcanó;Total;2018;232
25010 Alcanó;Total;2017;243
25010 Alcanó;Total;2016;249
25010 Alcanó;Total;2015;246
25010 Alcanó;Total;2014;242
25010 Alcanó;Total;2013;244
25010 Alcanó;Total;2012;237
25010 Alcanó;Total;2011;233
25010 Alcanó;Total;2010;235
25010 Alcanó;Total;2009;239
25010 Alcanó;Total;2008;244
25010 Alcanó;Total;2007;249
25010 Alcanó;Total;2006;253
25010 Alcanó;Total;2005;251
25010 Alcanó;Total;2004;254
25010 Alcanó;Total;2003;258
25010 Alcanó;Total;2002;256
25010 Alcanó;Total;2001;261
25010 Alcanó;Total;2000;259
25010 Alcanó;Total;1999;263
25010 Alcanó;Total;1998;272
25010 Alcanó;Total;1997;""
25010 Alcanó;Total;1996;266
25010 Alcanó;Hombres;2025;121
25010 Alcanó;Hombres;2024;117
25010 Alcanó;Hombres;2023;123
25010 Alcanó;Hombres;2022;123
25010 Alcanó;Hombres;2021;118
25010 Alcanó;Hombres;2020;121
25010 Alcanó;Hombres;2019;119
25010 Alcanó;Hombres;2018;118
25010 Alcanó;Hombres;2017;121
25010 Alcanó;Hombres;2016;123
25010 Alcanó;Hombres;2015;123
25010 Alcanó;Hombres;2014;118
25010 Alcanó;Hombres;2013;119
25010 Alcanó;Hombres;2012;115
25010 Alcanó;Hombres;2011;113
25010 Alcanó;Hombres;2010;113
25010 Alcanó;Hombres;2009;116
25010 Alcanó;Hombres;2008;119
25010 Alcanó;Hombres;2007;122
25010 Alcanó;Hombres;2006;123
25010 Alcanó;Hombres;2005;127
25010 Alcanó;Hombres;2004;128
25010 Alcanó;Hombres;2003;130
25010 Alcanó;Hombres;2002;131
25010 Alcanó;Hombres;2001;133
25010 Alcanó;Hombres;2000;133
25010 Alcanó;Hombres;1999;134
25010 Alcanó;Hombres;1998;136
25010 Alcanó;Hombres;1997;""
25010 Alcanó;Hombres;1996;134
25010 Alcanó;Mujeres;2025;123
25010 Alcanó;Mujeres;2024;122
25010 Alcanó;Mujeres;2023;120
25010 Alcanó;Mujeres;2022;117
25010 Alcanó;Mujeres;2021;115
25010 Alcanó;Mujeres;2020;117
25010 Alcanó;Mujeres;2019;116
25010 Alcanó;Mujeres;2018;114
25010 Alcanó;Mujeres;2017;122
25010 Alcanó;Mujeres;2016;126
25010 Alcanó;Mujeres;2015;123
25010 Alcanó;Mujeres;2014;124
25010 Alcanó;Mujeres;2013;125
25010 Alcanó;Mujeres;2012;122
25010 Alcanó;Mujeres;2011;120
25010 Alcanó;Mujeres;2010;122
25010 Alcanó;Mujeres;2009;123
25010 Alcanó;Mujeres;2008;125
25010 Alcanó;Mujeres;2007;127
25010 Alcanó;Mujeres;2006;130
25010 Alcanó;Mujeres;2005;124
25010 Alcanó;Mujeres;2004;126
25010 Alcanó;Mujeres;2003;128
25010 Alcanó;Mujeres;2002;125
25010 Alcanó;Mujeres;2001;128
25010 Alcanó;Mujeres;2000;126
25010 Alcanó;Mujeres;1999;129
25010 Alcanó;Mujeres;1998;136
25010 Alcanó;Mujeres;1997;""
25010 Alcanó;Mujeres;1996;132
25011 Alcarràs;Total;2025;10.256
25011 Alcarràs;Total;2024;10.018
25011 Alcarràs;Total;2023;9.787
25011 Alcarràs;Total;2022;9.637
25011 Alcarràs;Total;2021;9.678
25011 Alcarràs;Total;2020;9.707
25011 Alcarràs;Total;2019;9.514
25011 Alcarràs;Total;2018;9.422
25011 Alcarràs;Total;2017;9.363
25011 Alcarràs;Total;2016;9.297
25011 Alcarràs;Total;2015;9.372
25011 Alcarràs;Total;2014;9.252
25011 Alcarràs;Total;2013;9.026
25011 Alcarràs;Total;2012;8.755
25011 Alcarràs;Total;2011;8.350
25011 Alcarràs;Total;2010;8.029
25011 Alcarràs;Total;2009;7.776
25011 Alcarràs;Total;2008;7.281
25011 Alcarràs;Total;2007;6.510
25011 Alcarràs;Total;2006;5.970
25011 Alcarràs;Total;2005;5.241
25011 Alcarràs;Total;2004;5.027
25011 Alcarràs;Total;2003;4.903
25011 Alcarràs;Total;2002;4.838
25011 Alcarràs;Total;2001;4.804
25011 Alcarràs;Total;2000;4.767
25011 Alcarràs;Total;1999;4.814
25011 Alcarràs;Total;1998;4.786
25011 Alcarràs;Total;1997;""
25011 Alcarràs;Total;1996;4.715
25011 Alcarràs;Hombres;2025;5.321
25011 Alcarràs;Hombres;2024;5.205
25011 Alcarràs;Hombres;2023;5.071
25011 Alcarràs;Hombres;2022;5.030
25011 Alcarràs;Hombres;2021;5.070
25011 Alcarràs;Hombres;2020;5.096
25011 Alcarràs;Hombres;2019;4.957
25011 Alcarràs;Hombres;2018;4.876
25011 Alcarràs;Hombres;2017;4.836
25011 Alcarràs;Hombres;2016;4.814
25011 Alcarràs;Hombres;2015;4.863
25011 Alcarràs;Hombres;2014;4.815
25011 Alcarràs;Hombres;2013;4.691
25011 Alcarràs;Hombres;2012;4.520
25011 Alcarràs;Hombres;2011;4.307
25011 Alcarràs;Hombres;2010;4.165
25011 Alcarràs;Hombres;2009;4.060
25011 Alcarràs;Hombres;2008;3.780
25011 Alcarràs;Hombres;2007;3.345
25011 Alcarràs;Hombres;2006;3.082
25011 Alcarràs;Hombres;2005;2.641
25011 Alcarràs;Hombres;2004;2.515
25011 Alcarràs;Hombres;2003;2.458
25011 Alcarràs;Hombres;2002;2.418
25011 Alcarràs;Hombres;2001;2.410
25011 Alcarràs;Hombres;2000;2.393
25011 Alcarràs;Hombres;1999;2.408
25011 Alcarràs;Hombres;1998;2.382
25011 Alcarràs;Hombres;1997;""
25011 Alcarràs;Hombres;1996;2.343
25011 Alcarràs;Mujeres;2025;4.935
25011 Alcarràs;Mujeres;2024;4.813
25011 Alcarràs;Mujeres;2023;4.716
25011 Alcarràs;Mujeres;2022;4.607
25011 Alcarràs;Mujeres;2021;4.608
25011 Alcarràs;Mujeres;2020;4.611
25011 Alcarràs;Mujeres;2019;4.557
25011 Alcarràs;Mujeres;2018;4.546
25011 Alcarràs;Mujeres;2017;4.527
25011 Alcarràs;Mujeres;2016;4.483
25011 Alcarràs;Mujeres;2015;4.509
25011 Alcarràs;Mujeres;2014;4.437
25011 Alcarràs;Mujeres;2013;4.335
25011 Alcarràs;Mujeres;2012;4.235
25011 Alcarràs;Mujeres;2011;4.043
25011 Alcarràs;Mujeres;2010;3.864
25011 Alcarràs;Mujeres;2009;3.716
25011 Alcarràs;Mujeres;2008;3.501
25011 Alcarràs;Mujeres;2007;3.165
25011 Alcarràs;Mujeres;2006;2.888
25011 Alcarràs;Mujeres;2005;2.600
25011 Alcarràs;Mujeres;2004;2.512
25011 Alcarràs;Mujeres;2003;2.445
25011 Alcarràs;Mujeres;2002;2.420
25011 Alcarràs;Mujeres;2001;2.394
25011 Alcarràs;Mujeres;2000;2.374
25011 Alcarràs;Mujeres;1999;2.406
25011 Alcarràs;Mujeres;1998;2.404
25011 Alcarràs;Mujeres;1997;""
25011 Alcarràs;Mujeres;1996;2.372
25012 Alcoletge;Total;2025;3.640
25012 Alcoletge;Total;2024;3.594
25012 Alcoletge;Total;2023;3.495
25012 Alcoletge;Total;2022;3.470
25012 Alcoletge;Total;2021;3.492
25012 Alcoletge;Total;2020;3.435
25012 Alcoletge;Total;2019;3.420
25012 Alcoletge;Total;2018;3.419
25012 Alcoletge;Total;2017;3.415
25012 Alcoletge;Total;2016;3.375
25012 Alcoletge;Total;2015;3.285
25012 Alcoletge;Total;2014;3.270
25012 Alcoletge;Total;2013;3.224
25012 Alcoletge;Total;2012;3.191
25012 Alcoletge;Total;2011;3.015
25012 Alcoletge;Total;2010;2.816
25012 Alcoletge;Total;2009;2.677
25012 Alcoletge;Total;2008;2.547
25012 Alcoletge;Total;2007;2.289
25012 Alcoletge;Total;2006;2.239
25012 Alcoletge;Total;2005;2.093
25012 Alcoletge;Total;2004;1.973
25012 Alcoletge;Total;2003;1.899
25012 Alcoletge;Total;2002;1.862
25012 Alcoletge;Total;2001;1.846
25012 Alcoletge;Total;2000;1.770
25012 Alcoletge;Total;1999;1.718
25012 Alcoletge;Total;1998;1.709
25012 Alcoletge;Total;1997;""
25012 Alcoletge;Total;1996;1.618
25012 Alcoletge;Hombres;2025;1.957
25012 Alcoletge;Hombres;2024;1.923
25012 Alcoletge;Hombres;2023;1.863
25012 Alcoletge;Hombres;2022;1.828
25012 Alcoletge;Hombres;2021;1.843
25012 Alcoletge;Hombres;2020;1.805
25012 Alcoletge;Hombres;2019;1.775
25012 Alcoletge;Hombres;2018;1.772
25012 Alcoletge;Hombres;2017;1.773
25012 Alcoletge;Hombres;2016;1.745
25012 Alcoletge;Hombres;2015;1.716
25012 Alcoletge;Hombres;2014;1.716
25012 Alcoletge;Hombres;2013;1.697
25012 Alcoletge;Hombres;2012;1.677
25012 Alcoletge;Hombres;2011;1.577
25012 Alcoletge;Hombres;2010;1.467
25012 Alcoletge;Hombres;2009;1.406
25012 Alcoletge;Hombres;2008;1.336
25012 Alcoletge;Hombres;2007;1.214
25012 Alcoletge;Hombres;2006;1.202
25012 Alcoletge;Hombres;2005;1.112
25012 Alcoletge;Hombres;2004;1.043
25012 Alcoletge;Hombres;2003;1.000
25012 Alcoletge;Hombres;2002;985
25012 Alcoletge;Hombres;2001;972
25012 Alcoletge;Hombres;2000;919
25012 Alcoletge;Hombres;1999;874
25012 Alcoletge;Hombres;1998;865
25012 Alcoletge;Hombres;1997;""
25012 Alcoletge;Hombres;1996;815
25012 Alcoletge;Mujeres;2025;1.683
25012 Alcoletge;Mujeres;2024;1.671
25012 Alcoletge;Mujeres;2023;1.632
25012 Alcoletge;Mujeres;2022;1.642
25012 Alcoletge;Mujeres;2021;1.649
25012 Alcoletge;Mujeres;2020;1.630
25012 Alcoletge;Mujeres;2019;1.645
25012 Alcoletge;Mujeres;2018;1.647
25012 Alcoletge;Mujeres;2017;1.642
25012 Alcoletge;Mujeres;2016;1.630
25012 Alcoletge;Mujeres;2015;1.569
25012 Alcoletge;Mujeres;2014;1.554
25012 Alcoletge;Mujeres;2013;1.527
25012 Alcoletge;Mujeres;2012;1.514
25012 Alcoletge;Mujeres;2011;1.438
25012 Alcoletge;Mujeres;2010;1.349
25012 Alcoletge;Mujeres;2009;1.271
25012 Alcoletge;Mujeres;2008;1.211
25012 Alcoletge;Mujeres;2007;1.075
25012 Alcoletge;Mujeres;2006;1.037
25012 Alcoletge;Mujeres;2005;981
25012 Alcoletge;Mujeres;2004;930
25012 Alcoletge;Mujeres;2003;899
25012 Alcoletge;Mujeres;2002;877
25012 Alcoletge;Mujeres;2001;874
25012 Alcoletge;Mujeres;2000;851
25012 Alcoletge;Mujeres;1999;844
25012 Alcoletge;Mujeres;1998;844
25012 Alcoletge;Mujeres;1997;""
25012 Alcoletge;Mujeres;1996;803
25013 Alfarràs;Total;2025;2.805
25013 Alfarràs;Total;2024;2.778
25013 Alfarràs;Total;2023;2.783
25013 Alfarràs;Total;2022;2.795
25013 Alfarràs;Total;2021;2.759
25013 Alfarràs;Total;2020;2.765
25013 Alfarràs;Total;2019;2.797
25013 Alfarràs;Total;2018;2.822
25013 Alfarràs;Total;2017;2.879
25013 Alfarràs;Total;2016;2.923
25013 Alfarràs;Total;2015;2.976
25013 Alfarràs;Total;2014;3.003
25013 Alfarràs;Total;2013;3.001
25013 Alfarràs;Total;2012;3.077
25013 Alfarràs;Total;2011;3.107
25013 Alfarràs;Total;2010;3.158
25013 Alfarràs;Total;2009;3.155
25013 Alfarràs;Total;2008;3.163
25013 Alfarràs;Total;2007;3.228
25013 Alfarràs;Total;2006;3.274
25013 Alfarràs;Total;2005;3.260
25013 Alfarràs;Total;2004;3.137
25013 Alfarràs;Total;2003;2.881
25013 Alfarràs;Total;2002;2.974
25013 Alfarràs;Total;2001;2.941
25013 Alfarràs;Total;2000;2.905
25013 Alfarràs;Total;1999;2.924
25013 Alfarràs;Total;1998;2.922
25013 Alfarràs;Total;1997;""
25013 Alfarràs;Total;1996;2.947
25013 Alfarràs;Hombres;2025;1.463
25013 Alfarràs;Hombres;2024;1.433
25013 Alfarràs;Hombres;2023;1.450
25013 Alfarràs;Hombres;2022;1.456
25013 Alfarràs;Hombres;2021;1.427
25013 Alfarràs;Hombres;2020;1.440
25013 Alfarràs;Hombres;2019;1.459
25013 Alfarràs;Hombres;2018;1.480
25013 Alfarràs;Hombres;2017;1.515
25013 Alfarràs;Hombres;2016;1.544
25013 Alfarràs;Hombres;2015;1.558
25013 Alfarràs;Hombres;2014;1.562
25013 Alfarràs;Hombres;2013;1.541
25013 Alfarràs;Hombres;2012;1.578
25013 Alfarràs;Hombres;2011;1.599
25013 Alfarràs;Hombres;2010;1.639
25013 Alfarràs;Hombres;2009;1.635
25013 Alfarràs;Hombres;2008;1.627
25013 Alfarràs;Hombres;2007;1.676
25013 Alfarràs;Hombres;2006;1.714
25013 Alfarràs;Hombres;2005;1.705
25013 Alfarràs;Hombres;2004;1.598
25013 Alfarràs;Hombres;2003;1.421
25013 Alfarràs;Hombres;2002;1.466
25013 Alfarràs;Hombres;2001;1.436
25013 Alfarràs;Hombres;2000;1.414
25013 Alfarràs;Hombres;1999;1.434
25013 Alfarràs;Hombres;1998;1.433
25013 Alfarràs;Hombres;1997;""
25013 Alfarràs;Hombres;1996;1.436
25013 Alfarràs;Mujeres;2025;1.342
25013 Alfarràs;Mujeres;2024;1.345
25013 Alfarràs;Mujeres;2023;1.333
25013 Alfarràs;Mujeres;2022;1.339
25013 Alfarràs;Mujeres;2021;1.332
25013 Alfarràs;Mujeres;2020;1.325
25013 Alfarràs;Mujeres;2019;1.338
25013 Alfarràs;Mujeres;2018;1.342
25013 Alfarràs;Mujeres;2017;1.364
25013 Alfarràs;Mujeres;2016;1.379
25013 Alfarràs;Mujeres;2015;1.418
25013 Alfarràs;Mujeres;2014;1.441
25013 Alfarràs;Mujeres;2013;1.460
25013 Alfarràs;Mujeres;2012;1.499
25013 Alfarràs;Mujeres;2011;1.508
25013 Alfarràs;Mujeres;2010;1.519
25013 Alfarràs;Mujeres;2009;1.520
25013 Alfarràs;Mujeres;2008;1.536
25013 Alfarràs;Mujeres;2007;1.552
25013 Alfarràs;Mujeres;2006;1.560
25013 Alfarràs;Mujeres;2005;1.555
25013 Alfarràs;Mujeres;2004;1.539
25013 Alfarràs;Mujeres;2003;1.460
25013 Alfarràs;Mujeres;2002;1.508
25013 Alfarràs;Mujeres;2001;1.505
25013 Alfarràs;Mujeres;2000;1.491
25013 Alfarràs;Mujeres;1999;1.490
25013 Alfarràs;Mujeres;1998;1.489
25013 Alfarràs;Mujeres;1997;""
25013 Alfarràs;Mujeres;1996;1.511
25014 Alfés;Total;2025;284
25014 Alfés;Total;2024;281
25014 Alfés;Total;2023;286
25014 Alfés;Total;2022;300
25014 Alfés;Total;2021;301
25014 Alfés;Total;2020;297
25014 Alfés;Total;2019;312
25014 Alfés;Total;2018;313
25014 Alfés;Total;2017;313
25014 Alfés;Total;2016;326
25014 Alfés;Total;2015;326
25014 Alfés;Total;2014;315
25014 Alfés;Total;2013;319
25014 Alfés;Total;2012;342
25014 Alfés;Total;2011;331
25014 Alfés;Total;2010;337
25014 Alfés;Total;2009;318
25014 Alfés;Total;2008;323
25014 Alfés;Total;2007;329
25014 Alfés;Total;2006;321
25014 Alfés;Total;2005;318
25014 Alfés;Total;2004;317
25014 Alfés;Total;2003;320
25014 Alfés;Total;2002;331
25014 Alfés;Total;2001;332
25014 Alfés;Total;2000;328
25014 Alfés;Total;1999;330
25014 Alfés;Total;1998;334
25014 Alfés;Total;1997;""
25014 Alfés;Total;1996;345
25014 Alfés;Hombres;2025;155
25014 Alfés;Hombres;2024;157
25014 Alfés;Hombres;2023;156
25014 Alfés;Hombres;2022;163
25014 Alfés;Hombres;2021;162
25014 Alfés;Hombres;2020;159
25014 Alfés;Hombres;2019;162
25014 Alfés;Hombres;2018;163
25014 Alfés;Hombres;2017;162
25014 Alfés;Hombres;2016;169
25014 Alfés;Hombres;2015;164
25014 Alfés;Hombres;2014;162
25014 Alfés;Hombres;2013;164
25014 Alfés;Hombres;2012;179
25014 Alfés;Hombres;2011;176
25014 Alfés;Hombres;2010;178
25014 Alfés;Hombres;2009;169
25014 Alfés;Hombres;2008;172
25014 Alfés;Hombres;2007;175
25014 Alfés;Hombres;2006;170
25014 Alfés;Hombres;2005;171
25014 Alfés;Hombres;2004;168
25014 Alfés;Hombres;2003;168
25014 Alfés;Hombres;2002;176
25014 Alfés;Hombres;2001;176
25014 Alfés;Hombres;2000;171
25014 Alfés;Hombres;1999;173
25014 Alfés;Hombres;1998;178
25014 Alfés;Hombres;1997;""
25014 Alfés;Hombres;1996;184
25014 Alfés;Mujeres;2025;129
25014 Alfés;Mujeres;2024;124
25014 Alfés;Mujeres;2023;130
25014 Alfés;Mujeres;2022;137
25014 Alfés;Mujeres;2021;139
25014 Alfés;Mujeres;2020;138
25014 Alfés;Mujeres;2019;150
25014 Alfés;Mujeres;2018;150
25014 Alfés;Mujeres;2017;151
25014 Alfés;Mujeres;2016;157
25014 Alfés;Mujeres;2015;162
25014 Alfés;Mujeres;2014;153
25014 Alfés;Mujeres;2013;155
25014 Alfés;Mujeres;2012;163
25014 Alfés;Mujeres;2011;155
25014 Alfés;Mujeres;2010;159
25014 Alfés;Mujeres;2009;149
25014 Alfés;Mujeres;2008;151
25014 Alfés;Mujeres;2007;154
25014 Alfés;Mujeres;2006;151
25014 Alfés;Mujeres;2005;147
25014 Alfés;Mujeres;2004;149
25014 Alfés;Mujeres;2003;152
25014 Alfés;Mujeres;2002;155
25014 Alfés;Mujeres;2001;156
25014 Alfés;Mujeres;2000;157
25014 Alfés;Mujeres;1999;157
25014 Alfés;Mujeres;1998;156
25014 Alfés;Mujeres;1997;""
25014 Alfés;Mujeres;1996;161
25015 Algerri;Total;2025;424
25015 Algerri;Total;2024;424
25015 Algerri;Total;2023;434
25015 Algerri;Total;2022;422
25015 Algerri;Total;2021;423
25015 Algerri;Total;2020;404
25015 Algerri;Total;2019;386
25015 Algerri;Total;2018;399
25015 Algerri;Total;2017;417
25015 Algerri;Total;2016;423
25015 Algerri;Total;2015;422
25015 Algerri;Total;2014;423
25015 Algerri;Total;2013;431
25015 Algerri;Total;2012;438
25015 Algerri;Total;2011;450
25015 Algerri;Total;2010;462
25015 Algerri;Total;2009;469
25015 Algerri;Total;2008;473
25015 Algerri;Total;2007;477
25015 Algerri;Total;2006;467
25015 Algerri;Total;2005;482
25015 Algerri;Total;2004;495
25015 Algerri;Total;2003;507
25015 Algerri;Total;2002;510
25015 Algerri;Total;2001;508
25015 Algerri;Total;2000;521
25015 Algerri;Total;1999;520
25015 Algerri;Total;1998;518
25015 Algerri;Total;1997;""
25015 Algerri;Total;1996;522
25015 Algerri;Hombres;2025;238
25015 Algerri;Hombres;2024;233
25015 Algerri;Hombres;2023;233
25015 Algerri;Hombres;2022;233
25015 Algerri;Hombres;2021;232
25015 Algerri;Hombres;2020;219
25015 Algerri;Hombres;2019;206
25015 Algerri;Hombres;2018;216
25015 Algerri;Hombres;2017;222
25015 Algerri;Hombres;2016;229
25015 Algerri;Hombres;2015;229
25015 Algerri;Hombres;2014;228
25015 Algerri;Hombres;2013;228
25015 Algerri;Hombres;2012;229
25015 Algerri;Hombres;2011;232
25015 Algerri;Hombres;2010;241
25015 Algerri;Hombres;2009;242
25015 Algerri;Hombres;2008;239
25015 Algerri;Hombres;2007;244
25015 Algerri;Hombres;2006;238
25015 Algerri;Hombres;2005;241
25015 Algerri;Hombres;2004;249
25015 Algerri;Hombres;2003;256
25015 Algerri;Hombres;2002;254
25015 Algerri;Hombres;2001;249
25015 Algerri;Hombres;2000;254
25015 Algerri;Hombres;1999;252
25015 Algerri;Hombres;1998;252
25015 Algerri;Hombres;1997;""
25015 Algerri;Hombres;1996;256
25015 Algerri;Mujeres;2025;186
25015 Algerri;Mujeres;2024;191
25015 Algerri;Mujeres;2023;201
25015 Algerri;Mujeres;2022;189
25015 Algerri;Mujeres;2021;191
25015 Algerri;Mujeres;2020;185
25015 Algerri;Mujeres;2019;180
25015 Algerri;Mujeres;2018;183
25015 Algerri;Mujeres;2017;195
25015 Algerri;Mujeres;2016;194
25015 Algerri;Mujeres;2015;193
25015 Algerri;Mujeres;2014;195
25015 Algerri;Mujeres;2013;203
25015 Algerri;Mujeres;2012;209
25015 Algerri;Mujeres;2011;218
25015 Algerri;Mujeres;2010;221
25015 Algerri;Mujeres;2009;227
25015 Algerri;Mujeres;2008;234
25015 Algerri;Mujeres;2007;233
25015 Algerri;Mujeres;2006;229
25015 Algerri;Mujeres;2005;241
25015 Algerri;Mujeres;2004;246
25015 Algerri;Mujeres;2003;251
25015 Algerri;Mujeres;2002;256
25015 Algerri;Mujeres;2001;259
25015 Algerri;Mujeres;2000;267
25015 Algerri;Mujeres;1999;268
25015 Algerri;Mujeres;1998;266
25015 Algerri;Mujeres;1997;""
25015 Algerri;Mujeres;1996;266
25016 Alguaire;Total;2025;3.060
25016 Alguaire;Total;2024;2.986
25016 Alguaire;Total;2023;3.012
25016 Alguaire;Total;2022;3.040
25016 Alguaire;Total;2021;3.065
25016 Alguaire;Total;2020;3.029
25016 Alguaire;Total;2019;2.971
25016 Alguaire;Total;2018;2.937
25016 Alguaire;Total;2017;2.970
25016 Alguaire;Total;2016;3.006
25016 Alguaire;Total;2015;3.002
25016 Alguaire;Total;2014;3.093
25016 Alguaire;Total;2013;3.113
25016 Alguaire;Total;2012;3.105
25016 Alguaire;Total;2011;3.097
25016 Alguaire;Total;2010;3.140
25016 Alguaire;Total;2009;3.165
25016 Alguaire;Total;2008;3.129
25016 Alguaire;Total;2007;3.055
25016 Alguaire;Total;2006;3.088
25016 Alguaire;Total;2005;3.023
25016 Alguaire;Total;2004;2.928
25016 Alguaire;Total;2003;2.872
25016 Alguaire;Total;2002;2.844
25016 Alguaire;Total;2001;2.823
25016 Alguaire;Total;2000;2.807
25016 Alguaire;Total;1999;2.798
25016 Alguaire;Total;1998;2.824
25016 Alguaire;Total;1997;""
25016 Alguaire;Total;1996;2.825
25016 Alguaire;Hombres;2025;1.608
25016 Alguaire;Hombres;2024;1.567
25016 Alguaire;Hombres;2023;1.592
25016 Alguaire;Hombres;2022;1.613
25016 Alguaire;Hombres;2021;1.632
25016 Alguaire;Hombres;2020;1.606
25016 Alguaire;Hombres;2019;1.562
25016 Alguaire;Hombres;2018;1.552
25016 Alguaire;Hombres;2017;1.562
25016 Alguaire;Hombres;2016;1.576
25016 Alguaire;Hombres;2015;1.571
25016 Alguaire;Hombres;2014;1.636
25016 Alguaire;Hombres;2013;1.636
25016 Alguaire;Hombres;2012;1.635
25016 Alguaire;Hombres;2011;1.616
25016 Alguaire;Hombres;2010;1.659
25016 Alguaire;Hombres;2009;1.661
25016 Alguaire;Hombres;2008;1.632
25016 Alguaire;Hombres;2007;1.590
25016 Alguaire;Hombres;2006;1.607
25016 Alguaire;Hombres;2005;1.580
25016 Alguaire;Hombres;2004;1.514
25016 Alguaire;Hombres;2003;1.468
25016 Alguaire;Hombres;2002;1.441
25016 Alguaire;Hombres;2001;1.429
25016 Alguaire;Hombres;2000;1.425
25016 Alguaire;Hombres;1999;1.423
25016 Alguaire;Hombres;1998;1.432
25016 Alguaire;Hombres;1997;""
25016 Alguaire;Hombres;1996;1.432
25016 Alguaire;Mujeres;2025;1.452
25016 Alguaire;Mujeres;2024;1.419
25016 Alguaire;Mujeres;2023;1.420
25016 Alguaire;Mujeres;2022;1.427
25016 Alguaire;Mujeres;2021;1.433
25016 Alguaire;Mujeres;2020;1.423
25016 Alguaire;Mujeres;2019;1.409
25016 Alguaire;Mujeres;2018;1.385
25016 Alguaire;Mujeres;2017;1.408
25016 Alguaire;Mujeres;2016;1.430
25016 Alguaire;Mujeres;2015;1.431
25016 Alguaire;Mujeres;2014;1.457
25016 Alguaire;Mujeres;2013;1.477
25016 Alguaire;Mujeres;2012;1.470
25016 Alguaire;Mujeres;2011;1.481
25016 Alguaire;Mujeres;2010;1.481
25016 Alguaire;Mujeres;2009;1.504
25016 Alguaire;Mujeres;2008;1.497
25016 Alguaire;Mujeres;2007;1.465
25016 Alguaire;Mujeres;2006;1.481
25016 Alguaire;Mujeres;2005;1.443
25016 Alguaire;Mujeres;2004;1.414
25016 Alguaire;Mujeres;2003;1.404
25016 Alguaire;Mujeres;2002;1.403
25016 Alguaire;Mujeres;2001;1.394
25016 Alguaire;Mujeres;2000;1.382
25016 Alguaire;Mujeres;1999;1.375
25016 Alguaire;Mujeres;1998;1.392
25016 Alguaire;Mujeres;1997;""
25016 Alguaire;Mujeres;1996;1.393
25017 Alins;Total;2025;269
25017 Alins;Total;2024;275
25017 Alins;Total;2023;282
25017 Alins;Total;2022;285
25017 Alins;Total;2021;279
25017 Alins;Total;2020;272
25017 Alins;Total;2019;276
25017 Alins;Total;2018;290
25017 Alins;Total;2017;286
25017 Alins;Total;2016;287
25017 Alins;Total;2015;288
25017 Alins;Total;2014;286
25017 Alins;Total;2013;301
25017 Alins;Total;2012;306
25017 Alins;Total;2011;305
25017 Alins;Total;2010;313
25017 Alins;Total;2009;297
25017 Alins;Total;2008;265
25017 Alins;Total;2007;257
25017 Alins;Total;2006;251
25017 Alins;Total;2005;248
25017 Alins;Total;2004;256
25017 Alins;Total;2003;270
25017 Alins;Total;2002;272
25017 Alins;Total;2001;273
25017 Alins;Total;2000;272
25017 Alins;Total;1999;284
25017 Alins;Total;1998;288
25017 Alins;Total;1997;""
25017 Alins;Total;1996;287
25017 Alins;Hombres;2025;144
25017 Alins;Hombres;2024;145
25017 Alins;Hombres;2023;153
25017 Alins;Hombres;2022;148
25017 Alins;Hombres;2021;147
25017 Alins;Hombres;2020;143
25017 Alins;Hombres;2019;144
25017 Alins;Hombres;2018;153
25017 Alins;Hombres;2017;152
25017 Alins;Hombres;2016;152
25017 Alins;Hombres;2015;153
25017 Alins;Hombres;2014;150
25017 Alins;Hombres;2013;157
25017 Alins;Hombres;2012;159
25017 Alins;Hombres;2011;162
25017 Alins;Hombres;2010;166
25017 Alins;Hombres;2009;154
25017 Alins;Hombres;2008;136
25017 Alins;Hombres;2007;131
25017 Alins;Hombres;2006;130
25017 Alins;Hombres;2005;126
25017 Alins;Hombres;2004;130
25017 Alins;Hombres;2003;136
25017 Alins;Hombres;2002;135
25017 Alins;Hombres;2001;138
25017 Alins;Hombres;2000;136
25017 Alins;Hombres;1999;144
25017 Alins;Hombres;1998;149
25017 Alins;Hombres;1997;""
25017 Alins;Hombres;1996;138
25017 Alins;Mujeres;2025;125
25017 Alins;Mujeres;2024;130
25017 Alins;Mujeres;2023;129
25017 Alins;Mujeres;2022;137
25017 Alins;Mujeres;2021;132
25017 Alins;Mujeres;2020;129
25017 Alins;Mujeres;2019;132
25017 Alins;Mujeres;2018;137
25017 Alins;Mujeres;2017;134
25017 Alins;Mujeres;2016;135
25017 Alins;Mujeres;2015;135
25017 Alins;Mujeres;2014;136
25017 Alins;Mujeres;2013;144
25017 Alins;Mujeres;2012;147
25017 Alins;Mujeres;2011;143
25017 Alins;Mujeres;2010;147
25017 Alins;Mujeres;2009;143
25017 Alins;Mujeres;2008;129
25017 Alins;Mujeres;2007;126
25017 Alins;Mujeres;2006;121
25017 Alins;Mujeres;2005;122
25017 Alins;Mujeres;2004;126
25017 Alins;Mujeres;2003;134
25017 Alins;Mujeres;2002;137
25017 Alins;Mujeres;2001;135
25017 Alins;Mujeres;2000;136
25017 Alins;Mujeres;1999;140
25017 Alins;Mujeres;1998;139
25017 Alins;Mujeres;1997;""
25017 Alins;Mujeres;1996;149
25019 Almacelles;Total;2025;7.018
25019 Almacelles;Total;2024;6.896
25019 Almacelles;Total;2023;6.847
25019 Almacelles;Total;2022;6.922
25019 Almacelles;Total;2021;6.875
25019 Almacelles;Total;2020;6.826
25019 Almacelles;Total;2019;6.791
25019 Almacelles;Total;2018;6.789
25019 Almacelles;Total;2017;6.857
25019 Almacelles;Total;2016;6.800
25019 Almacelles;Total;2015;6.766
25019 Almacelles;Total;2014;6.699
25019 Almacelles;Total;2013;6.724
25019 Almacelles;Total;2012;6.728
25019 Almacelles;Total;2011;6.662
25019 Almacelles;Total;2010;6.577
25019 Almacelles;Total;2009;6.506
25019 Almacelles;Total;2008;6.295
25019 Almacelles;Total;2007;6.131
25019 Almacelles;Total;2006;6.088
25019 Almacelles;Total;2005;6.056
25019 Almacelles;Total;2004;5.819
25019 Almacelles;Total;2003;5.702
25019 Almacelles;Total;2002;5.753
25019 Almacelles;Total;2001;5.659
25019 Almacelles;Total;2000;5.564
25019 Almacelles;Total;1999;5.515
25019 Almacelles;Total;1998;5.520
25019 Almacelles;Total;1997;""
25019 Almacelles;Total;1996;5.475
25019 Almacelles;Hombres;2025;3.784
25019 Almacelles;Hombres;2024;3.707
25019 Almacelles;Hombres;2023;3.685
25019 Almacelles;Hombres;2022;3.701
25019 Almacelles;Hombres;2021;3.682
25019 Almacelles;Hombres;2020;3.649
25019 Almacelles;Hombres;2019;3.584
25019 Almacelles;Hombres;2018;3.554
25019 Almacelles;Hombres;2017;3.577
25019 Almacelles;Hombres;2016;3.569
25019 Almacelles;Hombres;2015;3.534
25019 Almacelles;Hombres;2014;3.484
25019 Almacelles;Hombres;2013;3.497
25019 Almacelles;Hombres;2012;3.534
25019 Almacelles;Hombres;2011;3.485
25019 Almacelles;Hombres;2010;3.451
25019 Almacelles;Hombres;2009;3.427
25019 Almacelles;Hombres;2008;3.326
25019 Almacelles;Hombres;2007;3.216
25019 Almacelles;Hombres;2006;3.227
25019 Almacelles;Hombres;2005;3.173
25019 Almacelles;Hombres;2004;2.980
25019 Almacelles;Hombres;2003;2.913
25019 Almacelles;Hombres;2002;2.948
25019 Almacelles;Hombres;2001;2.890
25019 Almacelles;Hombres;2000;2.813
25019 Almacelles;Hombres;1999;2.795
25019 Almacelles;Hombres;1998;2.787
25019 Almacelles;Hombres;1997;""
25019 Almacelles;Hombres;1996;2.774
25019 Almacelles;Mujeres;2025;3.234
25019 Almacelles;Mujeres;2024;3.189
25019 Almacelles;Mujeres;2023;3.162
25019 Almacelles;Mujeres;2022;3.221
25019 Almacelles;Mujeres;2021;3.193
25019 Almacelles;Mujeres;2020;3.177
25019 Almacelles;Mujeres;2019;3.207
25019 Almacelles;Mujeres;2018;3.235
25019 Almacelles;Mujeres;2017;3.280
25019 Almacelles;Mujeres;2016;3.231
25019 Almacelles;Mujeres;2015;3.232
25019 Almacelles;Mujeres;2014;3.215
25019 Almacelles;Mujeres;2013;3.227
25019 Almacelles;Mujeres;2012;3.194
25019 Almacelles;Mujeres;2011;3.177
25019 Almacelles;Mujeres;2010;3.126
25019 Almacelles;Mujeres;2009;3.079
25019 Almacelles;Mujeres;2008;2.969
25019 Almacelles;Mujeres;2007;2.915
25019 Almacelles;Mujeres;2006;2.861
25019 Almacelles;Mujeres;2005;2.883
25019 Almacelles;Mujeres;2004;2.839
25019 Almacelles;Mujeres;2003;2.789
25019 Almacelles;Mujeres;2002;2.805
25019 Almacelles;Mujeres;2001;2.769
25019 Almacelles;Mujeres;2000;2.751
25019 Almacelles;Mujeres;1999;2.720
25019 Almacelles;Mujeres;1998;2.733
25019 Almacelles;Mujeres;1997;""
25019 Almacelles;Mujeres;1996;2.701
25020 Almatret;Total;2025;292
25020 Almatret;Total;2024;305
25020 Almatret;Total;2023;307
25020 Almatret;Total;2022;302
25020 Almatret;Total;2021;310
25020 Almatret;Total;2020;305
25020 Almatret;Total;2019;307
25020 Almatret;Total;2018;314
25020 Almatret;Total;2017;319
25020 Almatret;Total;2016;327
25020 Almatret;Total;2015;326
25020 Almatret;Total;2014;333
25020 Almatret;Total;2013;348
25020 Almatret;Total;2012;354
25020 Almatret;Total;2011;378
25020 Almatret;Total;2010;399
25020 Almatret;Total;2009;397
25020 Almatret;Total;2008;415
25020 Almatret;Total;2007;424
25020 Almatret;Total;2006;443
25020 Almatret;Total;2005;450
25020 Almatret;Total;2004;452
25020 Almatret;Total;2003;461
25020 Almatret;Total;2002;468
25020 Almatret;Total;2001;473
25020 Almatret;Total;2000;484
25020 Almatret;Total;1999;488
25020 Almatret;Total;1998;488
25020 Almatret;Total;1997;""
25020 Almatret;Total;1996;516
25020 Almatret;Hombres;2025;156
25020 Almatret;Hombres;2024;168
25020 Almatret;Hombres;2023;172
25020 Almatret;Hombres;2022;172
25020 Almatret;Hombres;2021;173
25020 Almatret;Hombres;2020;170
25020 Almatret;Hombres;2019;172
25020 Almatret;Hombres;2018;174
25020 Almatret;Hombres;2017;174
25020 Almatret;Hombres;2016;181
25020 Almatret;Hombres;2015;172
25020 Almatret;Hombres;2014;176
25020 Almatret;Hombres;2013;183
25020 Almatret;Hombres;2012;187
25020 Almatret;Hombres;2011;199
25020 Almatret;Hombres;2010;211
25020 Almatret;Hombres;2009;215
25020 Almatret;Hombres;2008;221
25020 Almatret;Hombres;2007;221
25020 Almatret;Hombres;2006;232
25020 Almatret;Hombres;2005;239
25020 Almatret;Hombres;2004;233
25020 Almatret;Hombres;2003;239
25020 Almatret;Hombres;2002;241
25020 Almatret;Hombres;2001;246
25020 Almatret;Hombres;2000;253
25020 Almatret;Hombres;1999;245
25020 Almatret;Hombres;1998;245
25020 Almatret;Hombres;1997;""
25020 Almatret;Hombres;1996;269
25020 Almatret;Mujeres;2025;136
25020 Almatret;Mujeres;2024;137
25020 Almatret;Mujeres;2023;135
25020 Almatret;Mujeres;2022;130
25020 Almatret;Mujeres;2021;137
25020 Almatret;Mujeres;2020;135
25020 Almatret;Mujeres;2019;135
25020 Almatret;Mujeres;2018;140
25020 Almatret;Mujeres;2017;145
25020 Almatret;Mujeres;2016;146
25020 Almatret;Mujeres;2015;154
25020 Almatret;Mujeres;2014;157
25020 Almatret;Mujeres;2013;165
25020 Almatret;Mujeres;2012;167
25020 Almatret;Mujeres;2011;179
25020 Almatret;Mujeres;2010;188
25020 Almatret;Mujeres;2009;182
25020 Almatret;Mujeres;2008;194
25020 Almatret;Mujeres;2007;203
25020 Almatret;Mujeres;2006;211
25020 Almatret;Mujeres;2005;211
25020 Almatret;Mujeres;2004;219
25020 Almatret;Mujeres;2003;222
25020 Almatret;Mujeres;2002;227
25020 Almatret;Mujeres;2001;227
25020 Almatret;Mujeres;2000;231
25020 Almatret;Mujeres;1999;243
25020 Almatret;Mujeres;1998;243
25020 Almatret;Mujeres;1997;""
25020 Almatret;Mujeres;1996;247
25021 Almenar;Total;2025;3.369
25021 Almenar;Total;2024;3.338
25021 Almenar;Total;2023;3.379
25021 Almenar;Total;2022;3.401
25021 Almenar;Total;2021;3.365
25021 Almenar;Total;2020;3.357
25021 Almenar;Total;2019;3.398
25021 Almenar;Total;2018;3.453
25021 Almenar;Total;2017;3.468
25021 Almenar;Total;2016;3.502
25021 Almenar;Total;2015;3.525
25021 Almenar;Total;2014;3.547
25021 Almenar;Total;2013;3.612
25021 Almenar;Total;2012;3.653
25021 Almenar;Total;2011;3.605
25021 Almenar;Total;2010;3.631
25021 Almenar;Total;2009;3.669
25021 Almenar;Total;2008;3.665
25021 Almenar;Total;2007;3.596
25021 Almenar;Total;2006;3.576
25021 Almenar;Total;2005;3.599
25021 Almenar;Total;2004;3.515
25021 Almenar;Total;2003;3.481
25021 Almenar;Total;2002;3.488
25021 Almenar;Total;2001;3.480
25021 Almenar;Total;2000;3.441
25021 Almenar;Total;1999;3.457
25021 Almenar;Total;1998;3.443
25021 Almenar;Total;1997;""
25021 Almenar;Total;1996;3.439
25021 Almenar;Hombres;2025;1.790
25021 Almenar;Hombres;2024;1.769
25021 Almenar;Hombres;2023;1.811
25021 Almenar;Hombres;2022;1.810
25021 Almenar;Hombres;2021;1.778
25021 Almenar;Hombres;2020;1.774
25021 Almenar;Hombres;2019;1.791
25021 Almenar;Hombres;2018;1.824
25021 Almenar;Hombres;2017;1.838
25021 Almenar;Hombres;2016;1.870
25021 Almenar;Hombres;2015;1.879
25021 Almenar;Hombres;2014;1.887
25021 Almenar;Hombres;2013;1.925
25021 Almenar;Hombres;2012;1.941
25021 Almenar;Hombres;2011;1.887
25021 Almenar;Hombres;2010;1.914
25021 Almenar;Hombres;2009;1.929
25021 Almenar;Hombres;2008;1.915
25021 Almenar;Hombres;2007;1.878
25021 Almenar;Hombres;2006;1.874
25021 Almenar;Hombres;2005;1.890
25021 Almenar;Hombres;2004;1.821
25021 Almenar;Hombres;2003;1.793
25021 Almenar;Hombres;2002;1.785
25021 Almenar;Hombres;2001;1.784
25021 Almenar;Hombres;2000;1.763
25021 Almenar;Hombres;1999;1.774
25021 Almenar;Hombres;1998;1.762
25021 Almenar;Hombres;1997;""
25021 Almenar;Hombres;1996;1.751
25021 Almenar;Mujeres;2025;1.579
25021 Almenar;Mujeres;2024;1.569
25021 Almenar;Mujeres;2023;1.568
25021 Almenar;Mujeres;2022;1.591
25021 Almenar;Mujeres;2021;1.587
25021 Almenar;Mujeres;2020;1.583
25021 Almenar;Mujeres;2019;1.607
25021 Almenar;Mujeres;2018;1.629
25021 Almenar;Mujeres;2017;1.630
25021 Almenar;Mujeres;2016;1.632
25021 Almenar;Mujeres;2015;1.646
25021 Almenar;Mujeres;2014;1.660
25021 Almenar;Mujeres;2013;1.687
25021 Almenar;Mujeres;2012;1.712
25021 Almenar;Mujeres;2011;1.718
25021 Almenar;Mujeres;2010;1.717
25021 Almenar;Mujeres;2009;1.740
25021 Almenar;Mujeres;2008;1.750
25021 Almenar;Mujeres;2007;1.718
25021 Almenar;Mujeres;2006;1.702
25021 Almenar;Mujeres;2005;1.709
25021 Almenar;Mujeres;2004;1.694
25021 Almenar;Mujeres;2003;1.688
25021 Almenar;Mujeres;2002;1.703
25021 Almenar;Mujeres;2001;1.696
25021 Almenar;Mujeres;2000;1.678
25021 Almenar;Mujeres;1999;1.683
25021 Almenar;Mujeres;1998;1.681
25021 Almenar;Mujeres;1997;""
25021 Almenar;Mujeres;1996;1.688
25023 Alpicat;Total;2025;6.515
25023 Alpicat;Total;2024;6.387
25023 Alpicat;Total;2023;6.394
25023 Alpicat;Total;2022;6.333
25023 Alpicat;Total;2021;6.274
25023 Alpicat;Total;2020;6.266
25023 Alpicat;Total;2019;6.255
25023 Alpicat;Total;2018;6.230
25023 Alpicat;Total;2017;6.285
25023 Alpicat;Total;2016;6.233
25023 Alpicat;Total;2015;6.275
25023 Alpicat;Total;2014;6.297
25023 Alpicat;Total;2013;6.267
25023 Alpicat;Total;2012;6.203
25023 Alpicat;Total;2011;6.190
25023 Alpicat;Total;2010;6.116
25023 Alpicat;Total;2009;6.058
25023 Alpicat;Total;2008;5.900
25023 Alpicat;Total;2007;5.648
25023 Alpicat;Total;2006;5.362
25023 Alpicat;Total;2005;4.984
25023 Alpicat;Total;2004;4.852
25023 Alpicat;Total;2003;4.672
25023 Alpicat;Total;2002;4.481
25023 Alpicat;Total;2001;4.237
25023 Alpicat;Total;2000;4.016
25023 Alpicat;Total;1999;3.813
25023 Alpicat;Total;1998;3.600
25023 Alpicat;Total;1997;""
25023 Alpicat;Total;1996;3.412
25023 Alpicat;Hombres;2025;3.261
25023 Alpicat;Hombres;2024;3.192
25023 Alpicat;Hombres;2023;3.206
25023 Alpicat;Hombres;2022;3.173
25023 Alpicat;Hombres;2021;3.159
25023 Alpicat;Hombres;2020;3.138
25023 Alpicat;Hombres;2019;3.134
25023 Alpicat;Hombres;2018;3.129
25023 Alpicat;Hombres;2017;3.146
25023 Alpicat;Hombres;2016;3.108
25023 Alpicat;Hombres;2015;3.146
25023 Alpicat;Hombres;2014;3.140
25023 Alpicat;Hombres;2013;3.120
25023 Alpicat;Hombres;2012;3.107
25023 Alpicat;Hombres;2011;3.092
25023 Alpicat;Hombres;2010;3.052
25023 Alpicat;Hombres;2009;3.032
25023 Alpicat;Hombres;2008;2.929
25023 Alpicat;Hombres;2007;2.829
25023 Alpicat;Hombres;2006;2.695
25023 Alpicat;Hombres;2005;2.486
25023 Alpicat;Hombres;2004;2.445
25023 Alpicat;Hombres;2003;2.335
25023 Alpicat;Hombres;2002;2.234
25023 Alpicat;Hombres;2001;2.110
25023 Alpicat;Hombres;2000;2.005
25023 Alpicat;Hombres;1999;1.895
25023 Alpicat;Hombres;1998;1.787
25023 Alpicat;Hombres;1997;""
25023 Alpicat;Hombres;1996;1.675
25023 Alpicat;Mujeres;2025;3.254
25023 Alpicat;Mujeres;2024;3.195
25023 Alpicat;Mujeres;2023;3.188
25023 Alpicat;Mujeres;2022;3.160
25023 Alpicat;Mujeres;2021;3.115
25023 Alpicat;Mujeres;2020;3.128
25023 Alpicat;Mujeres;2019;3.121
25023 Alpicat;Mujeres;2018;3.101
25023 Alpicat;Mujeres;2017;3.139
25023 Alpicat;Mujeres;2016;3.125
25023 Alpicat;Mujeres;2015;3.129
25023 Alpicat;Mujeres;2014;3.157
25023 Alpicat;Mujeres;2013;3.147
25023 Alpicat;Mujeres;2012;3.096
25023 Alpicat;Mujeres;2011;3.098
25023 Alpicat;Mujeres;2010;3.064
25023 Alpicat;Mujeres;2009;3.026
25023 Alpicat;Mujeres;2008;2.971
25023 Alpicat;Mujeres;2007;2.819
25023 Alpicat;Mujeres;2006;2.667
25023 Alpicat;Mujeres;2005;2.498
25023 Alpicat;Mujeres;2004;2.407
25023 Alpicat;Mujeres;2003;2.337
25023 Alpicat;Mujeres;2002;2.247
25023 Alpicat;Mujeres;2001;2.127
25023 Alpicat;Mujeres;2000;2.011
25023 Alpicat;Mujeres;1999;1.918
25023 Alpicat;Mujeres;1998;1.813
25023 Alpicat;Mujeres;1997;""
25023 Alpicat;Mujeres;1996;1.737
25024 Alt Àneu;Total;2025;453
25024 Alt Àneu;Total;2024;455
25024 Alt Àneu;Total;2023;447
25024 Alt Àneu;Total;2022;441
25024 Alt Àneu;Total;2021;430
25024 Alt Àneu;Total;2020;414
25024 Alt Àneu;Total;2019;405
25024 Alt Àneu;Total;2018;406
25024 Alt Àneu;Total;2017;405
25024 Alt Àneu;Total;2016;402
25024 Alt Àneu;Total;2015;407
25024 Alt Àneu;Total;2014;416
25024 Alt Àneu;Total;2013;416
25024 Alt Àneu;Total;2012;439
25024 Alt Àneu;Total;2011;450
25024 Alt Àneu;Total;2010;446
25024 Alt Àneu;Total;2009;434
25024 Alt Àneu;Total;2008;439
25024 Alt Àneu;Total;2007;450
25024 Alt Àneu;Total;2006;457
25024 Alt Àneu;Total;2005;454
25024 Alt Àneu;Total;2004;427
25024 Alt Àneu;Total;2003;414
25024 Alt Àneu;Total;2002;442
25024 Alt Àneu;Total;2001;418
25024 Alt Àneu;Total;2000;411
25024 Alt Àneu;Total;1999;399
25024 Alt Àneu;Total;1998;394
25024 Alt Àneu;Total;1997;""
25024 Alt Àneu;Total;1996;375
25024 Alt Àneu;Hombres;2025;262
25024 Alt Àneu;Hombres;2024;257
25024 Alt Àneu;Hombres;2023;257
25024 Alt Àneu;Hombres;2022;250
25024 Alt Àneu;Hombres;2021;250
25024 Alt Àneu;Hombres;2020;239
25024 Alt Àneu;Hombres;2019;231
25024 Alt Àneu;Hombres;2018;228
25024 Alt Àneu;Hombres;2017;229
25024 Alt Àneu;Hombres;2016;226
25024 Alt Àneu;Hombres;2015;232
25024 Alt Àneu;Hombres;2014;235
25024 Alt Àneu;Hombres;2013;233
25024 Alt Àneu;Hombres;2012;246
25024 Alt Àneu;Hombres;2011;256
25024 Alt Àneu;Hombres;2010;255
25024 Alt Àneu;Hombres;2009;248
25024 Alt Àneu;Hombres;2008;252
25024 Alt Àneu;Hombres;2007;256
25024 Alt Àneu;Hombres;2006;261
25024 Alt Àneu;Hombres;2005;258
25024 Alt Àneu;Hombres;2004;245
25024 Alt Àneu;Hombres;2003;235
25024 Alt Àneu;Hombres;2002;257
25024 Alt Àneu;Hombres;2001;231
25024 Alt Àneu;Hombres;2000;227
25024 Alt Àneu;Hombres;1999;220
25024 Alt Àneu;Hombres;1998;216
25024 Alt Àneu;Hombres;1997;""
25024 Alt Àneu;Hombres;1996;206
25024 Alt Àneu;Mujeres;2025;191
25024 Alt Àneu;Mujeres;2024;198
25024 Alt Àneu;Mujeres;2023;190
25024 Alt Àneu;Mujeres;2022;191
25024 Alt Àneu;Mujeres;2021;180
25024 Alt Àneu;Mujeres;2020;175
25024 Alt Àneu;Mujeres;2019;174
25024 Alt Àneu;Mujeres;2018;178
25024 Alt Àneu;Mujeres;2017;176
25024 Alt Àneu;Mujeres;2016;176
25024 Alt Àneu;Mujeres;2015;175
25024 Alt Àneu;Mujeres;2014;181
25024 Alt Àneu;Mujeres;2013;183
25024 Alt Àneu;Mujeres;2012;193
25024 Alt Àneu;Mujeres;2011;194
25024 Alt Àneu;Mujeres;2010;191
25024 Alt Àneu;Mujeres;2009;186
25024 Alt Àneu;Mujeres;2008;187
25024 Alt Àneu;Mujeres;2007;194
25024 Alt Àneu;Mujeres;2006;196
25024 Alt Àneu;Mujeres;2005;196
25024 Alt Àneu;Mujeres;2004;182
25024 Alt Àneu;Mujeres;2003;179
25024 Alt Àneu;Mujeres;2002;185
25024 Alt Àneu;Mujeres;2001;187
25024 Alt Àneu;Mujeres;2000;184
25024 Alt Àneu;Mujeres;1999;179
25024 Alt Àneu;Mujeres;1998;178
25024 Alt Àneu;Mujeres;1997;""
25024 Alt Àneu;Mujeres;1996;169
25005 Alàs i Cerc;Total;2025;320
25005 Alàs i Cerc;Total;2024;322
25005 Alàs i Cerc;Total;2023;322
25005 Alàs i Cerc;Total;2022;329
25005 Alàs i Cerc;Total;2021;322
25005 Alàs i Cerc;Total;2020;320
25005 Alàs i Cerc;Total;2019;329
25005 Alàs i Cerc;Total;2018;342
25005 Alàs i Cerc;Total;2017;351
25005 Alàs i Cerc;Total;2016;350
25005 Alàs i Cerc;Total;2015;356
25005 Alàs i Cerc;Total;2014;356
25005 Alàs i Cerc;Total;2013;359
25005 Alàs i Cerc;Total;2012;376
25005 Alàs i Cerc;Total;2011;366
25005 Alàs i Cerc;Total;2010;386
25005 Alàs i Cerc;Total;2009;391
25005 Alàs i Cerc;Total;2008;396
25005 Alàs i Cerc;Total;2007;396
25005 Alàs i Cerc;Total;2006;404
25005 Alàs i Cerc;Total;2005;406
25005 Alàs i Cerc;Total;2004;403
25005 Alàs i Cerc;Total;2003;396
25005 Alàs i Cerc;Total;2002;405
25005 Alàs i Cerc;Total;2001;391
25005 Alàs i Cerc;Total;2000;400
25005 Alàs i Cerc;Total;1999;417
25005 Alàs i Cerc;Total;1998;410
25005 Alàs i Cerc;Total;1997;""
25005 Alàs i Cerc;Total;1996;409
25005 Alàs i Cerc;Hombres;2025;159
25005 Alàs i Cerc;Hombres;2024;161
25005 Alàs i Cerc;Hombres;2023;158
25005 Alàs i Cerc;Hombres;2022;161
25005 Alàs i Cerc;Hombres;2021;155
25005 Alàs i Cerc;Hombres;2020;158
25005 Alàs i Cerc;Hombres;2019;171
25005 Alàs i Cerc;Hombres;2018;174
25005 Alàs i Cerc;Hombres;2017;178
25005 Alàs i Cerc;Hombres;2016;176
25005 Alàs i Cerc;Hombres;2015;182
25005 Alàs i Cerc;Hombres;2014;182
25005 Alàs i Cerc;Hombres;2013;183
25005 Alàs i Cerc;Hombres;2012;200
25005 Alàs i Cerc;Hombres;2011;194
25005 Alàs i Cerc;Hombres;2010;208
25005 Alàs i Cerc;Hombres;2009;206
25005 Alàs i Cerc;Hombres;2008;205
25005 Alàs i Cerc;Hombres;2007;210
25005 Alàs i Cerc;Hombres;2006;217
25005 Alàs i Cerc;Hombres;2005;225
25005 Alàs i Cerc;Hombres;2004;221
25005 Alàs i Cerc;Hombres;2003;215
25005 Alàs i Cerc;Hombres;2002;214
25005 Alàs i Cerc;Hombres;2001;209
25005 Alàs i Cerc;Hombres;2000;213
25005 Alàs i Cerc;Hombres;1999;228
25005 Alàs i Cerc;Hombres;1998;222
25005 Alàs i Cerc;Hombres;1997;""
25005 Alàs i Cerc;Hombres;1996;220
25005 Alàs i Cerc;Mujeres;2025;161
25005 Alàs i Cerc;Mujeres;2024;161
25005 Alàs i Cerc;Mujeres;2023;164
25005 Alàs i Cerc;Mujeres;2022;168
25005 Alàs i Cerc;Mujeres;2021;167
25005 Alàs i Cerc;Mujeres;2020;162
25005 Alàs i Cerc;Mujeres;2019;158
25005 Alàs i Cerc;Mujeres;2018;168
25005 Alàs i Cerc;Mujeres;2017;173
25005 Alàs i Cerc;Mujeres;2016;174
25005 Alàs i Cerc;Mujeres;2015;174
25005 Alàs i Cerc;Mujeres;2014;174
25005 Alàs i Cerc;Mujeres;2013;176
25005 Alàs i Cerc;Mujeres;2012;176
25005 Alàs i Cerc;Mujeres;2011;172
25005 Alàs i Cerc;Mujeres;2010;178
25005 Alàs i Cerc;Mujeres;2009;185
25005 Alàs i Cerc;Mujeres;2008;191
25005 Alàs i Cerc;Mujeres;2007;186
25005 Alàs i Cerc;Mujeres;2006;187
25005 Alàs i Cerc;Mujeres;2005;181
25005 Alàs i Cerc;Mujeres;2004;182
25005 Alàs i Cerc;Mujeres;2003;181
25005 Alàs i Cerc;Mujeres;2002;191
25005 Alàs i Cerc;Mujeres;2001;182
25005 Alàs i Cerc;Mujeres;2000;187
25005 Alàs i Cerc;Mujeres;1999;189
25005 Alàs i Cerc;Mujeres;1998;188
25005 Alàs i Cerc;Mujeres;1997;""
25005 Alàs i Cerc;Mujeres;1996;189
25022 Alòs de Balaguer;Total;2025;118
25022 Alòs de Balaguer;Total;2024;120
25022 Alòs de Balaguer;Total;2023;114
25022 Alòs de Balaguer;Total;2022;121
25022 Alòs de Balaguer;Total;2021;122
25022 Alòs de Balaguer;Total;2020;132
25022 Alòs de Balaguer;Total;2019;130
25022 Alòs de Balaguer;Total;2018;131
25022 Alòs de Balaguer;Total;2017;128
25022 Alòs de Balaguer;Total;2016;125
25022 Alòs de Balaguer;Total;2015;123
25022 Alòs de Balaguer;Total;2014;126
25022 Alòs de Balaguer;Total;2013;133
25022 Alòs de Balaguer;Total;2012;134
25022 Alòs de Balaguer;Total;2011;138
25022 Alòs de Balaguer;Total;2010;144
25022 Alòs de Balaguer;Total;2009;146
25022 Alòs de Balaguer;Total;2008;153
25022 Alòs de Balaguer;Total;2007;156
25022 Alòs de Balaguer;Total;2006;174
25022 Alòs de Balaguer;Total;2005;179
25022 Alòs de Balaguer;Total;2004;166
25022 Alòs de Balaguer;Total;2003;167
25022 Alòs de Balaguer;Total;2002;174
25022 Alòs de Balaguer;Total;2001;178
25022 Alòs de Balaguer;Total;2000;187
25022 Alòs de Balaguer;Total;1999;180
25022 Alòs de Balaguer;Total;1998;177
25022 Alòs de Balaguer;Total;1997;""
25022 Alòs de Balaguer;Total;1996;188
25022 Alòs de Balaguer;Hombres;2025;68
25022 Alòs de Balaguer;Hombres;2024;70
25022 Alòs de Balaguer;Hombres;2023;66
25022 Alòs de Balaguer;Hombres;2022;69
25022 Alòs de Balaguer;Hombres;2021;74
25022 Alòs de Balaguer;Hombres;2020;79
25022 Alòs de Balaguer;Hombres;2019;74
25022 Alòs de Balaguer;Hombres;2018;77
25022 Alòs de Balaguer;Hombres;2017;74
25022 Alòs de Balaguer;Hombres;2016;69
25022 Alòs de Balaguer;Hombres;2015;69
25022 Alòs de Balaguer;Hombres;2014;69
25022 Alòs de Balaguer;Hombres;2013;75
25022 Alòs de Balaguer;Hombres;2012;78
25022 Alòs de Balaguer;Hombres;2011;81
25022 Alòs de Balaguer;Hombres;2010;85
25022 Alòs de Balaguer;Hombres;2009;87
25022 Alòs de Balaguer;Hombres;2008;91
25022 Alòs de Balaguer;Hombres;2007;91
25022 Alòs de Balaguer;Hombres;2006;100
25022 Alòs de Balaguer;Hombres;2005;103
25022 Alòs de Balaguer;Hombres;2004;98
25022 Alòs de Balaguer;Hombres;2003;99
25022 Alòs de Balaguer;Hombres;2002;103
25022 Alòs de Balaguer;Hombres;2001;104
25022 Alòs de Balaguer;Hombres;2000;109
25022 Alòs de Balaguer;Hombres;1999;104
25022 Alòs de Balaguer;Hombres;1998;102
25022 Alòs de Balaguer;Hombres;1997;""
25022 Alòs de Balaguer;Hombres;1996;109
25022 Alòs de Balaguer;Mujeres;2025;50
25022 Alòs de Balaguer;Mujeres;2024;50
25022 Alòs de Balaguer;Mujeres;2023;48
25022 Alòs de Balaguer;Mujeres;2022;52
25022 Alòs de Balaguer;Mujeres;2021;48
25022 Alòs de Balaguer;Mujeres;2020;53
25022 Alòs de Balaguer;Mujeres;2019;56
25022 Alòs de Balaguer;Mujeres;2018;54
25022 Alòs de Balaguer;Mujeres;2017;54
25022 Alòs de Balaguer;Mujeres;2016;56
25022 Alòs de Balaguer;Mujeres;2015;54
25022 Alòs de Balaguer;Mujeres;2014;57
25022 Alòs de Balaguer;Mujeres;2013;58
25022 Alòs de Balaguer;Mujeres;2012;56
25022 Alòs de Balaguer;Mujeres;2011;57
25022 Alòs de Balaguer;Mujeres;2010;59
25022 Alòs de Balaguer;Mujeres;2009;59
25022 Alòs de Balaguer;Mujeres;2008;62
25022 Alòs de Balaguer;Mujeres;2007;65
25022 Alòs de Balaguer;Mujeres;2006;74
25022 Alòs de Balaguer;Mujeres;2005;76
25022 Alòs de Balaguer;Mujeres;2004;68
25022 Alòs de Balaguer;Mujeres;2003;68
25022 Alòs de Balaguer;Mujeres;2002;71
25022 Alòs de Balaguer;Mujeres;2001;74
25022 Alòs de Balaguer;Mujeres;2000;78
25022 Alòs de Balaguer;Mujeres;1999;76
25022 Alòs de Balaguer;Mujeres;1998;75
25022 Alòs de Balaguer;Mujeres;1997;""
25022 Alòs de Balaguer;Mujeres;1996;79
25027 Anglesola;Total;2025;1.389
25027 Anglesola;Total;2024;1.367
25027 Anglesola;Total;2023;1.361
25027 Anglesola;Total;2022;1.350
25027 Anglesola;Total;2021;1.356
25027 Anglesola;Total;2020;1.365
25027 Anglesola;Total;2019;1.363
25027 Anglesola;Total;2018;1.328
25027 Anglesola;Total;2017;1.324
25027 Anglesola;Total;2016;1.335
25027 Anglesola;Total;2015;1.378
25027 Anglesola;Total;2014;1.360
25027 Anglesola;Total;2013;1.384
25027 Anglesola;Total;2012;1.385
25027 Anglesola;Total;2011;1.389
25027 Anglesola;Total;2010;1.355
25027 Anglesola;Total;2009;1.351
25027 Anglesola;Total;2008;1.332
25027 Anglesola;Total;2007;1.307
25027 Anglesola;Total;2006;1.303
25027 Anglesola;Total;2005;1.290
25027 Anglesola;Total;2004;1.293
25027 Anglesola;Total;2003;1.273
25027 Anglesola;Total;2002;1.284
25027 Anglesola;Total;2001;1.272
25027 Anglesola;Total;2000;1.277
25027 Anglesola;Total;1999;1.283
25027 Anglesola;Total;1998;1.242
25027 Anglesola;Total;1997;""
25027 Anglesola;Total;1996;1.211
25027 Anglesola;Hombres;2025;705
25027 Anglesola;Hombres;2024;690
25027 Anglesola;Hombres;2023;686
25027 Anglesola;Hombres;2022;676
25027 Anglesola;Hombres;2021;686
25027 Anglesola;Hombres;2020;689
25027 Anglesola;Hombres;2019;682
25027 Anglesola;Hombres;2018;670
25027 Anglesola;Hombres;2017;665
25027 Anglesola;Hombres;2016;668
25027 Anglesola;Hombres;2015;688
25027 Anglesola;Hombres;2014;678
25027 Anglesola;Hombres;2013;683
25027 Anglesola;Hombres;2012;692
25027 Anglesola;Hombres;2011;699
25027 Anglesola;Hombres;2010;682
25027 Anglesola;Hombres;2009;681
25027 Anglesola;Hombres;2008;675
25027 Anglesola;Hombres;2007;658
25027 Anglesola;Hombres;2006;659
25027 Anglesola;Hombres;2005;656
25027 Anglesola;Hombres;2004;653
25027 Anglesola;Hombres;2003;650
25027 Anglesola;Hombres;2002;653
25027 Anglesola;Hombres;2001;640
25027 Anglesola;Hombres;2000;652
25027 Anglesola;Hombres;1999;656
25027 Anglesola;Hombres;1998;629
25027 Anglesola;Hombres;1997;""
25027 Anglesola;Hombres;1996;615
25027 Anglesola;Mujeres;2025;684
25027 Anglesola;Mujeres;2024;677
25027 Anglesola;Mujeres;2023;675
25027 Anglesola;Mujeres;2022;674
25027 Anglesola;Mujeres;2021;670
25027 Anglesola;Mujeres;2020;676
25027 Anglesola;Mujeres;2019;681
25027 Anglesola;Mujeres;2018;658
25027 Anglesola;Mujeres;2017;659
25027 Anglesola;Mujeres;2016;667
25027 Anglesola;Mujeres;2015;690
25027 Anglesola;Mujeres;2014;682
25027 Anglesola;Mujeres;2013;701
25027 Anglesola;Mujeres;2012;693
25027 Anglesola;Mujeres;2011;690
25027 Anglesola;Mujeres;2010;673
25027 Anglesola;Mujeres;2009;670
25027 Anglesola;Mujeres;2008;657
25027 Anglesola;Mujeres;2007;649
25027 Anglesola;Mujeres;2006;644
25027 Anglesola;Mujeres;2005;634
25027 Anglesola;Mujeres;2004;640
25027 Anglesola;Mujeres;2003;623
25027 Anglesola;Mujeres;2002;631
25027 Anglesola;Mujeres;2001;632
25027 Anglesola;Mujeres;2000;625
25027 Anglesola;Mujeres;1999;627
25027 Anglesola;Mujeres;1998;613
25027 Anglesola;Mujeres;1997;""
25027 Anglesola;Mujeres;1996;596
25029 Arbeca;Total;2025;2.163
25029 Arbeca;Total;2024;2.081
25029 Arbeca;Total;2023;2.109
25029 Arbeca;Total;2022;2.100
25029 Arbeca;Total;2021;2.141
25029 Arbeca;Total;2020;2.126
25029 Arbeca;Total;2019;2.144
25029 Arbeca;Total;2018;2.162
25029 Arbeca;Total;2017;2.231
25029 Arbeca;Total;2016;2.240
25029 Arbeca;Total;2015;2.278
25029 Arbeca;Total;2014;2.389
25029 Arbeca;Total;2013;2.470
25029 Arbeca;Total;2012;2.493
25029 Arbeca;Total;2011;2.493
25029 Arbeca;Total;2010;2.469
25029 Arbeca;Total;2009;2.480
25029 Arbeca;Total;2008;2.472
25029 Arbeca;Total;2007;2.431
25029 Arbeca;Total;2006;2.512
25029 Arbeca;Total;2005;2.484
25029 Arbeca;Total;2004;2.159
25029 Arbeca;Total;2003;2.295
25029 Arbeca;Total;2002;2.436
25029 Arbeca;Total;2001;2.427
25029 Arbeca;Total;2000;2.384
25029 Arbeca;Total;1999;2.388
25029 Arbeca;Total;1998;2.359
25029 Arbeca;Total;1997;""
25029 Arbeca;Total;1996;2.313
25029 Arbeca;Hombres;2025;1.118
25029 Arbeca;Hombres;2024;1.055
25029 Arbeca;Hombres;2023;1.078
25029 Arbeca;Hombres;2022;1.089
25029 Arbeca;Hombres;2021;1.114
25029 Arbeca;Hombres;2020;1.101
25029 Arbeca;Hombres;2019;1.100
25029 Arbeca;Hombres;2018;1.101
25029 Arbeca;Hombres;2017;1.129
25029 Arbeca;Hombres;2016;1.137
25029 Arbeca;Hombres;2015;1.156
25029 Arbeca;Hombres;2014;1.221
25029 Arbeca;Hombres;2013;1.270
25029 Arbeca;Hombres;2012;1.287
25029 Arbeca;Hombres;2011;1.295
25029 Arbeca;Hombres;2010;1.275
25029 Arbeca;Hombres;2009;1.282
25029 Arbeca;Hombres;2008;1.281
25029 Arbeca;Hombres;2007;1.255
25029 Arbeca;Hombres;2006;1.292
25029 Arbeca;Hombres;2005;1.265
25029 Arbeca;Hombres;2004;1.074
25029 Arbeca;Hombres;2003;1.163
25029 Arbeca;Hombres;2002;1.244
25029 Arbeca;Hombres;2001;1.243
25029 Arbeca;Hombres;2000;1.220
25029 Arbeca;Hombres;1999;1.220
25029 Arbeca;Hombres;1998;1.198
25029 Arbeca;Hombres;1997;""
25029 Arbeca;Hombres;1996;1.155
25029 Arbeca;Mujeres;2025;1.045
25029 Arbeca;Mujeres;2024;1.026
25029 Arbeca;Mujeres;2023;1.031
25029 Arbeca;Mujeres;2022;1.011
25029 Arbeca;Mujeres;2021;1.027
25029 Arbeca;Mujeres;2020;1.025
25029 Arbeca;Mujeres;2019;1.044
25029 Arbeca;Mujeres;2018;1.061
25029 Arbeca;Mujeres;2017;1.102
25029 Arbeca;Mujeres;2016;1.103
25029 Arbeca;Mujeres;2015;1.122
25029 Arbeca;Mujeres;2014;1.168
25029 Arbeca;Mujeres;2013;1.200
25029 Arbeca;Mujeres;2012;1.206
25029 Arbeca;Mujeres;2011;1.198
25029 Arbeca;Mujeres;2010;1.194
25029 Arbeca;Mujeres;2009;1.198
25029 Arbeca;Mujeres;2008;1.191
25029 Arbeca;Mujeres;2007;1.176
25029 Arbeca;Mujeres;2006;1.220
25029 Arbeca;Mujeres;2005;1.219
25029 Arbeca;Mujeres;2004;1.085
25029 Arbeca;Mujeres;2003;1.132
25029 Arbeca;Mujeres;2002;1.192
25029 Arbeca;Mujeres;2001;1.184
25029 Arbeca;Mujeres;2000;1.164
25029 Arbeca;Mujeres;1999;1.168
25029 Arbeca;Mujeres;1998;1.161
25029 Arbeca;Mujeres;1997;""
25029 Arbeca;Mujeres;1996;1.158
25031 Arres;Total;2025;58
25031 Arres;Total;2024;64
25031 Arres;Total;2023;71
25031 Arres;Total;2022;61
25031 Arres;Total;2021;67
25031 Arres;Total;2020;60
25031 Arres;Total;2019;65
25031 Arres;Total;2018;63
25031 Arres;Total;2017;59
25031 Arres;Total;2016;64
25031 Arres;Total;2015;67
25031 Arres;Total;2014;73
25031 Arres;Total;2013;61
25031 Arres;Total;2012;65
25031 Arres;Total;2011;64
25031 Arres;Total;2010;63
25031 Arres;Total;2009;68
25031 Arres;Total;2008;66
25031 Arres;Total;2007;65
25031 Arres;Total;2006;61
25031 Arres;Total;2005;67
25031 Arres;Total;2004;67
25031 Arres;Total;2003;63
25031 Arres;Total;2002;59
25031 Arres;Total;2001;58
25031 Arres;Total;2000;63
25031 Arres;Total;1999;66
25031 Arres;Total;1998;64
25031 Arres;Total;1997;""
25031 Arres;Total;1996;64
25031 Arres;Hombres;2025;41
25031 Arres;Hombres;2024;44
25031 Arres;Hombres;2023;49
25031 Arres;Hombres;2022;41
25031 Arres;Hombres;2021;44
25031 Arres;Hombres;2020;39
25031 Arres;Hombres;2019;42
25031 Arres;Hombres;2018;40
25031 Arres;Hombres;2017;37
25031 Arres;Hombres;2016;41
25031 Arres;Hombres;2015;42
25031 Arres;Hombres;2014;45
25031 Arres;Hombres;2013;40
25031 Arres;Hombres;2012;42
25031 Arres;Hombres;2011;42
25031 Arres;Hombres;2010;41
25031 Arres;Hombres;2009;46
25031 Arres;Hombres;2008;46
25031 Arres;Hombres;2007;44
25031 Arres;Hombres;2006;37
25031 Arres;Hombres;2005;39
25031 Arres;Hombres;2004;40
25031 Arres;Hombres;2003;37
25031 Arres;Hombres;2002;31
25031 Arres;Hombres;2001;31
25031 Arres;Hombres;2000;32
25031 Arres;Hombres;1999;34
25031 Arres;Hombres;1998;34
25031 Arres;Hombres;1997;""
25031 Arres;Hombres;1996;34
25031 Arres;Mujeres;2025;17
25031 Arres;Mujeres;2024;20
25031 Arres;Mujeres;2023;22
25031 Arres;Mujeres;2022;20
25031 Arres;Mujeres;2021;23
25031 Arres;Mujeres;2020;21
25031 Arres;Mujeres;2019;23
25031 Arres;Mujeres;2018;23
25031 Arres;Mujeres;2017;22
25031 Arres;Mujeres;2016;23
25031 Arres;Mujeres;2015;25
25031 Arres;Mujeres;2014;28
25031 Arres;Mujeres;2013;21
25031 Arres;Mujeres;2012;23
25031 Arres;Mujeres;2011;22
25031 Arres;Mujeres;2010;22
25031 Arres;Mujeres;2009;22
25031 Arres;Mujeres;2008;20
25031 Arres;Mujeres;2007;21
25031 Arres;Mujeres;2006;24
25031 Arres;Mujeres;2005;28
25031 Arres;Mujeres;2004;27
25031 Arres;Mujeres;2003;26
25031 Arres;Mujeres;2002;28
25031 Arres;Mujeres;2001;27
25031 Arres;Mujeres;2000;31
25031 Arres;Mujeres;1999;32
25031 Arres;Mujeres;1998;30
25031 Arres;Mujeres;1997;""
25031 Arres;Mujeres;1996;30
25032 Arsèguel;Total;2025;87
25032 Arsèguel;Total;2024;78
25032 Arsèguel;Total;2023;77
25032 Arsèguel;Total;2022;80
25032 Arsèguel;Total;2021;85
25032 Arsèguel;Total;2020;81
25032 Arsèguel;Total;2019;84
25032 Arsèguel;Total;2018;85
25032 Arsèguel;Total;2017;82
25032 Arsèguel;Total;2016;83
25032 Arsèguel;Total;2015;79
25032 Arsèguel;Total;2014;81
25032 Arsèguel;Total;2013;84
25032 Arsèguel;Total;2012;91
25032 Arsèguel;Total;2011;100
25032 Arsèguel;Total;2010;103
25032 Arsèguel;Total;2009;93
25032 Arsèguel;Total;2008;93
25032 Arsèguel;Total;2007;97
25032 Arsèguel;Total;2006;100
25032 Arsèguel;Total;2005;92
25032 Arsèguel;Total;2004;89
25032 Arsèguel;Total;2003;98
25032 Arsèguel;Total;2002;103
25032 Arsèguel;Total;2001;101
25032 Arsèguel;Total;2000;108
25032 Arsèguel;Total;1999;109
25032 Arsèguel;Total;1998;104
25032 Arsèguel;Total;1997;""
25032 Arsèguel;Total;1996;101
25032 Arsèguel;Hombres;2025;47
25032 Arsèguel;Hombres;2024;41
25032 Arsèguel;Hombres;2023;41
25032 Arsèguel;Hombres;2022;46
25032 Arsèguel;Hombres;2021;49
25032 Arsèguel;Hombres;2020;46
25032 Arsèguel;Hombres;2019;48
25032 Arsèguel;Hombres;2018;48
25032 Arsèguel;Hombres;2017;48
25032 Arsèguel;Hombres;2016;50
25032 Arsèguel;Hombres;2015;46
25032 Arsèguel;Hombres;2014;45
25032 Arsèguel;Hombres;2013;45
25032 Arsèguel;Hombres;2012;51
25032 Arsèguel;Hombres;2011;54
25032 Arsèguel;Hombres;2010;57
25032 Arsèguel;Hombres;2009;49
25032 Arsèguel;Hombres;2008;50
25032 Arsèguel;Hombres;2007;49
25032 Arsèguel;Hombres;2006;49
25032 Arsèguel;Hombres;2005;46
25032 Arsèguel;Hombres;2004;45
25032 Arsèguel;Hombres;2003;52
25032 Arsèguel;Hombres;2002;57
25032 Arsèguel;Hombres;2001;56
25032 Arsèguel;Hombres;2000;58
25032 Arsèguel;Hombres;1999;54
25032 Arsèguel;Hombres;1998;54
25032 Arsèguel;Hombres;1997;""
25032 Arsèguel;Hombres;1996;52
25032 Arsèguel;Mujeres;2025;40
25032 Arsèguel;Mujeres;2024;37
25032 Arsèguel;Mujeres;2023;36
25032 Arsèguel;Mujeres;2022;34
25032 Arsèguel;Mujeres;2021;36
25032 Arsèguel;Mujeres;2020;35
25032 Arsèguel;Mujeres;2019;36
25032 Arsèguel;Mujeres;2018;37
25032 Arsèguel;Mujeres;2017;34
25032 Arsèguel;Mujeres;2016;33
25032 Arsèguel;Mujeres;2015;33
25032 Arsèguel;Mujeres;2014;36
25032 Arsèguel;Mujeres;2013;39
25032 Arsèguel;Mujeres;2012;40
25032 Arsèguel;Mujeres;2011;46
25032 Arsèguel;Mujeres;2010;46
25032 Arsèguel;Mujeres;2009;44
25032 Arsèguel;Mujeres;2008;43
25032 Arsèguel;Mujeres;2007;48
25032 Arsèguel;Mujeres;2006;51
25032 Arsèguel;Mujeres;2005;46
25032 Arsèguel;Mujeres;2004;44
25032 Arsèguel;Mujeres;2003;46
25032 Arsèguel;Mujeres;2002;46
25032 Arsèguel;Mujeres;2001;45
25032 Arsèguel;Mujeres;2000;50
25032 Arsèguel;Mujeres;1999;55
25032 Arsèguel;Mujeres;1998;50
25032 Arsèguel;Mujeres;1997;""
25032 Arsèguel;Mujeres;1996;49
25033 Artesa de Lleida;Total;2025;1.543
25033 Artesa de Lleida;Total;2024;1.539
25033 Artesa de Lleida;Total;2023;1.512
25033 Artesa de Lleida;Total;2022;1.505
25033 Artesa de Lleida;Total;2021;1.525
25033 Artesa de Lleida;Total;2020;1.535
25033 Artesa de Lleida;Total;2019;1.504
25033 Artesa de Lleida;Total;2018;1.538
25033 Artesa de Lleida;Total;2017;1.527
25033 Artesa de Lleida;Total;2016;1.512
25033 Artesa de Lleida;Total;2015;1.517
25033 Artesa de Lleida;Total;2014;1.508
25033 Artesa de Lleida;Total;2013;1.519
25033 Artesa de Lleida;Total;2012;1.507
25033 Artesa de Lleida;Total;2011;1.524
25033 Artesa de Lleida;Total;2010;1.525
25033 Artesa de Lleida;Total;2009;1.517
25033 Artesa de Lleida;Total;2008;1.503
25033 Artesa de Lleida;Total;2007;1.452
25033 Artesa de Lleida;Total;2006;1.451
25033 Artesa de Lleida;Total;2005;1.414
25033 Artesa de Lleida;Total;2004;1.379
25033 Artesa de Lleida;Total;2003;1.318
25033 Artesa de Lleida;Total;2002;1.323
25033 Artesa de Lleida;Total;2001;1.324
25033 Artesa de Lleida;Total;2000;1.326
25033 Artesa de Lleida;Total;1999;1.297
25033 Artesa de Lleida;Total;1998;1.243
25033 Artesa de Lleida;Total;1997;""
25033 Artesa de Lleida;Total;1996;1.217
25033 Artesa de Lleida;Hombres;2025;828
25033 Artesa de Lleida;Hombres;2024;821
25033 Artesa de Lleida;Hombres;2023;802
25033 Artesa de Lleida;Hombres;2022;802
25033 Artesa de Lleida;Hombres;2021;808
25033 Artesa de Lleida;Hombres;2020;816
25033 Artesa de Lleida;Hombres;2019;789
25033 Artesa de Lleida;Hombres;2018;804
25033 Artesa de Lleida;Hombres;2017;795
25033 Artesa de Lleida;Hombres;2016;786
25033 Artesa de Lleida;Hombres;2015;793
25033 Artesa de Lleida;Hombres;2014;784
25033 Artesa de Lleida;Hombres;2013;797
25033 Artesa de Lleida;Hombres;2012;796
25033 Artesa de Lleida;Hombres;2011;797
25033 Artesa de Lleida;Hombres;2010;800
25033 Artesa de Lleida;Hombres;2009;794
25033 Artesa de Lleida;Hombres;2008;787
25033 Artesa de Lleida;Hombres;2007;756
25033 Artesa de Lleida;Hombres;2006;756
25033 Artesa de Lleida;Hombres;2005;744
25033 Artesa de Lleida;Hombres;2004;715
25033 Artesa de Lleida;Hombres;2003;681
25033 Artesa de Lleida;Hombres;2002;688
25033 Artesa de Lleida;Hombres;2001;683
25033 Artesa de Lleida;Hombres;2000;683
25033 Artesa de Lleida;Hombres;1999;663
25033 Artesa de Lleida;Hombres;1998;624
25033 Artesa de Lleida;Hombres;1997;""
25033 Artesa de Lleida;Hombres;1996;611
25033 Artesa de Lleida;Mujeres;2025;715
25033 Artesa de Lleida;Mujeres;2024;718
25033 Artesa de Lleida;Mujeres;2023;710
25033 Artesa de Lleida;Mujeres;2022;703
25033 Artesa de Lleida;Mujeres;2021;717
25033 Artesa de Lleida;Mujeres;2020;719
25033 Artesa de Lleida;Mujeres;2019;715
25033 Artesa de Lleida;Mujeres;2018;734
25033 Artesa de Lleida;Mujeres;2017;732
25033 Artesa de Lleida;Mujeres;2016;726
25033 Artesa de Lleida;Mujeres;2015;724
25033 Artesa de Lleida;Mujeres;2014;724
25033 Artesa de Lleida;Mujeres;2013;722
25033 Artesa de Lleida;Mujeres;2012;711
25033 Artesa de Lleida;Mujeres;2011;727
25033 Artesa de Lleida;Mujeres;2010;725
25033 Artesa de Lleida;Mujeres;2009;723
25033 Artesa de Lleida;Mujeres;2008;716
25033 Artesa de Lleida;Mujeres;2007;696
25033 Artesa de Lleida;Mujeres;2006;695
25033 Artesa de Lleida;Mujeres;2005;670
25033 Artesa de Lleida;Mujeres;2004;664
25033 Artesa de Lleida;Mujeres;2003;637
25033 Artesa de Lleida;Mujeres;2002;635
25033 Artesa de Lleida;Mujeres;2001;641
25033 Artesa de Lleida;Mujeres;2000;643
25033 Artesa de Lleida;Mujeres;1999;634
25033 Artesa de Lleida;Mujeres;1998;619
25033 Artesa de Lleida;Mujeres;1997;""
25033 Artesa de Lleida;Mujeres;1996;606
25034 Artesa de Segre;Total;2025;3.559
25034 Artesa de Segre;Total;2024;3.485
25034 Artesa de Segre;Total;2023;3.504
25034 Artesa de Segre;Total;2022;3.470
25034 Artesa de Segre;Total;2021;3.441
25034 Artesa de Segre;Total;2020;3.400
25034 Artesa de Segre;Total;2019;3.432
25034 Artesa de Segre;Total;2018;3.447
25034 Artesa de Segre;Total;2017;3.508
25034 Artesa de Segre;Total;2016;3.556
25034 Artesa de Segre;Total;2015;3.614
25034 Artesa de Segre;Total;2014;3.656
25034 Artesa de Segre;Total;2013;3.708
25034 Artesa de Segre;Total;2012;3.759
25034 Artesa de Segre;Total;2011;3.828
25034 Artesa de Segre;Total;2010;3.839
25034 Artesa de Segre;Total;2009;3.869
25034 Artesa de Segre;Total;2008;3.872
25034 Artesa de Segre;Total;2007;3.737
25034 Artesa de Segre;Total;2006;3.696
25034 Artesa de Segre;Total;2005;3.696
25034 Artesa de Segre;Total;2004;3.540
25034 Artesa de Segre;Total;2003;3.413
25034 Artesa de Segre;Total;2002;3.283
25034 Artesa de Segre;Total;2001;3.225
25034 Artesa de Segre;Total;2000;3.169
25034 Artesa de Segre;Total;1999;3.171
25034 Artesa de Segre;Total;1998;3.123
25034 Artesa de Segre;Total;1997;""
25034 Artesa de Segre;Total;1996;3.068
25034 Artesa de Segre;Hombres;2025;1.831
25034 Artesa de Segre;Hombres;2024;1.799
25034 Artesa de Segre;Hombres;2023;1.813
25034 Artesa de Segre;Hombres;2022;1.792
25034 Artesa de Segre;Hombres;2021;1.772
25034 Artesa de Segre;Hombres;2020;1.756
25034 Artesa de Segre;Hombres;2019;1.766
25034 Artesa de Segre;Hombres;2018;1.770
25034 Artesa de Segre;Hombres;2017;1.791
25034 Artesa de Segre;Hombres;2016;1.808
25034 Artesa de Segre;Hombres;2015;1.840
25034 Artesa de Segre;Hombres;2014;1.850
25034 Artesa de Segre;Hombres;2013;1.887
25034 Artesa de Segre;Hombres;2012;1.908
25034 Artesa de Segre;Hombres;2011;1.962
25034 Artesa de Segre;Hombres;2010;1.966
25034 Artesa de Segre;Hombres;2009;1.998
25034 Artesa de Segre;Hombres;2008;2.040
25034 Artesa de Segre;Hombres;2007;1.950
25034 Artesa de Segre;Hombres;2006;1.917
25034 Artesa de Segre;Hombres;2005;1.940
25034 Artesa de Segre;Hombres;2004;1.852
25034 Artesa de Segre;Hombres;2003;1.782
25034 Artesa de Segre;Hombres;2002;1.697
25034 Artesa de Segre;Hombres;2001;1.661
25034 Artesa de Segre;Hombres;2000;1.624
25034 Artesa de Segre;Hombres;1999;1.626
25034 Artesa de Segre;Hombres;1998;1.601
25034 Artesa de Segre;Hombres;1997;""
25034 Artesa de Segre;Hombres;1996;1.570
25034 Artesa de Segre;Mujeres;2025;1.728
25034 Artesa de Segre;Mujeres;2024;1.686
25034 Artesa de Segre;Mujeres;2023;1.691
25034 Artesa de Segre;Mujeres;2022;1.678
25034 Artesa de Segre;Mujeres;2021;1.669
25034 Artesa de Segre;Mujeres;2020;1.644
25034 Artesa de Segre;Mujeres;2019;1.666
25034 Artesa de Segre;Mujeres;2018;1.677
25034 Artesa de Segre;Mujeres;2017;1.717
25034 Artesa de Segre;Mujeres;2016;1.748
25034 Artesa de Segre;Mujeres;2015;1.774
25034 Artesa de Segre;Mujeres;2014;1.806
25034 Artesa de Segre;Mujeres;2013;1.821
25034 Artesa de Segre;Mujeres;2012;1.851
25034 Artesa de Segre;Mujeres;2011;1.866
25034 Artesa de Segre;Mujeres;2010;1.873
25034 Artesa de Segre;Mujeres;2009;1.871
25034 Artesa de Segre;Mujeres;2008;1.832
25034 Artesa de Segre;Mujeres;2007;1.787
25034 Artesa de Segre;Mujeres;2006;1.779
25034 Artesa de Segre;Mujeres;2005;1.756
25034 Artesa de Segre;Mujeres;2004;1.688
25034 Artesa de Segre;Mujeres;2003;1.631
25034 Artesa de Segre;Mujeres;2002;1.586
25034 Artesa de Segre;Mujeres;2001;1.564
25034 Artesa de Segre;Mujeres;2000;1.545
25034 Artesa de Segre;Mujeres;1999;1.545
25034 Artesa de Segre;Mujeres;1998;1.522
25034 Artesa de Segre;Mujeres;1997;""
25034 Artesa de Segre;Mujeres;1996;1.498
25036 Aspa;Total;2025;233
25036 Aspa;Total;2024;220
25036 Aspa;Total;2023;217
25036 Aspa;Total;2022;221
25036 Aspa;Total;2021;207
25036 Aspa;Total;2020;220
25036 Aspa;Total;2019;224
25036 Aspa;Total;2018;217
25036 Aspa;Total;2017;214
25036 Aspa;Total;2016;217
25036 Aspa;Total;2015;218
25036 Aspa;Total;2014;215
25036 Aspa;Total;2013;212
25036 Aspa;Total;2012;216
25036 Aspa;Total;2011;224
25036 Aspa;Total;2010;242
25036 Aspa;Total;2009;251
25036 Aspa;Total;2008;262
25036 Aspa;Total;2007;265
25036 Aspa;Total;2006;269
25036 Aspa;Total;2005;263
25036 Aspa;Total;2004;271
25036 Aspa;Total;2003;269
25036 Aspa;Total;2002;272
25036 Aspa;Total;2001;268
25036 Aspa;Total;2000;267
25036 Aspa;Total;1999;264
25036 Aspa;Total;1998;248
25036 Aspa;Total;1997;""
25036 Aspa;Total;1996;251
25036 Aspa;Hombres;2025;127
25036 Aspa;Hombres;2024;115
25036 Aspa;Hombres;2023;111
25036 Aspa;Hombres;2022;113
25036 Aspa;Hombres;2021;103
25036 Aspa;Hombres;2020;115
25036 Aspa;Hombres;2019;113
25036 Aspa;Hombres;2018;109
25036 Aspa;Hombres;2017;107
25036 Aspa;Hombres;2016;108
25036 Aspa;Hombres;2015;110
25036 Aspa;Hombres;2014;107
25036 Aspa;Hombres;2013;107
25036 Aspa;Hombres;2012;110
25036 Aspa;Hombres;2011;115
25036 Aspa;Hombres;2010;127
25036 Aspa;Hombres;2009;128
25036 Aspa;Hombres;2008;136
25036 Aspa;Hombres;2007;138
25036 Aspa;Hombres;2006;135
25036 Aspa;Hombres;2005;130
25036 Aspa;Hombres;2004;133
25036 Aspa;Hombres;2003;134
25036 Aspa;Hombres;2002;135
25036 Aspa;Hombres;2001;132
25036 Aspa;Hombres;2000;135
25036 Aspa;Hombres;1999;131
25036 Aspa;Hombres;1998;124
25036 Aspa;Hombres;1997;""
25036 Aspa;Hombres;1996;125
25036 Aspa;Mujeres;2025;106
25036 Aspa;Mujeres;2024;105
25036 Aspa;Mujeres;2023;106
25036 Aspa;Mujeres;2022;108
25036 Aspa;Mujeres;2021;104
25036 Aspa;Mujeres;2020;105
25036 Aspa;Mujeres;2019;111
25036 Aspa;Mujeres;2018;108
25036 Aspa;Mujeres;2017;107
25036 Aspa;Mujeres;2016;109
25036 Aspa;Mujeres;2015;108
25036 Aspa;Mujeres;2014;108
25036 Aspa;Mujeres;2013;105
25036 Aspa;Mujeres;2012;106
25036 Aspa;Mujeres;2011;109
25036 Aspa;Mujeres;2010;115
25036 Aspa;Mujeres;2009;123
25036 Aspa;Mujeres;2008;126
25036 Aspa;Mujeres;2007;127
25036 Aspa;Mujeres;2006;134
25036 Aspa;Mujeres;2005;133
25036 Aspa;Mujeres;2004;138
25036 Aspa;Mujeres;2003;135
25036 Aspa;Mujeres;2002;137
25036 Aspa;Mujeres;2001;136
25036 Aspa;Mujeres;2000;132
25036 Aspa;Mujeres;1999;133
25036 Aspa;Mujeres;1998;124
25036 Aspa;Mujeres;1997;""
25036 Aspa;Mujeres;1996;126
25037 Avellanes i Santa Linya, Les;Total;2025;434
25037 Avellanes i Santa Linya, Les;Total;2024;430
25037 Avellanes i Santa Linya, Les;Total;2023;445
25037 Avellanes i Santa Linya, Les;Total;2022;459
25037 Avellanes i Santa Linya, Les;Total;2021;447
25037 Avellanes i Santa Linya, Les;Total;2020;433
25037 Avellanes i Santa Linya, Les;Total;2019;449
25037 Avellanes i Santa Linya, Les;Total;2018;455
25037 Avellanes i Santa Linya, Les;Total;2017;455
25037 Avellanes i Santa Linya, Les;Total;2016;465
25037 Avellanes i Santa Linya, Les;Total;2015;473
25037 Avellanes i Santa Linya, Les;Total;2014;479
25037 Avellanes i Santa Linya, Les;Total;2013;474
25037 Avellanes i Santa Linya, Les;Total;2012;458
25037 Avellanes i Santa Linya, Les;Total;2011;470
25037 Avellanes i Santa Linya, Les;Total;2010;463
25037 Avellanes i Santa Linya, Les;Total;2009;467
25037 Avellanes i Santa Linya, Les;Total;2008;470
25037 Avellanes i Santa Linya, Les;Total;2007;473
25037 Avellanes i Santa Linya, Les;Total;2006;469
25037 Avellanes i Santa Linya, Les;Total;2005;467
25037 Avellanes i Santa Linya, Les;Total;2004;476
25037 Avellanes i Santa Linya, Les;Total;2003;475
25037 Avellanes i Santa Linya, Les;Total;2002;482
25037 Avellanes i Santa Linya, Les;Total;2001;480
25037 Avellanes i Santa Linya, Les;Total;2000;483
25037 Avellanes i Santa Linya, Les;Total;1999;488
25037 Avellanes i Santa Linya, Les;Total;1998;483
25037 Avellanes i Santa Linya, Les;Total;1997;""
25037 Avellanes i Santa Linya, Les;Total;1996;460
25037 Avellanes i Santa Linya, Les;Hombres;2025;235
25037 Avellanes i Santa Linya, Les;Hombres;2024;234
25037 Avellanes i Santa Linya, Les;Hombres;2023;246
25037 Avellanes i Santa Linya, Les;Hombres;2022;254
25037 Avellanes i Santa Linya, Les;Hombres;2021;250
25037 Avellanes i Santa Linya, Les;Hombres;2020;249
25037 Avellanes i Santa Linya, Les;Hombres;2019;259
25037 Avellanes i Santa Linya, Les;Hombres;2018;261
25037 Avellanes i Santa Linya, Les;Hombres;2017;262
25037 Avellanes i Santa Linya, Les;Hombres;2016;267
25037 Avellanes i Santa Linya, Les;Hombres;2015;269
25037 Avellanes i Santa Linya, Les;Hombres;2014;272
25037 Avellanes i Santa Linya, Les;Hombres;2013;270
25037 Avellanes i Santa Linya, Les;Hombres;2012;262
25037 Avellanes i Santa Linya, Les;Hombres;2011;264
25037 Avellanes i Santa Linya, Les;Hombres;2010;259
25037 Avellanes i Santa Linya, Les;Hombres;2009;263
25037 Avellanes i Santa Linya, Les;Hombres;2008;266
25037 Avellanes i Santa Linya, Les;Hombres;2007;266
25037 Avellanes i Santa Linya, Les;Hombres;2006;264
25037 Avellanes i Santa Linya, Les;Hombres;2005;260
25037 Avellanes i Santa Linya, Les;Hombres;2004;266
25037 Avellanes i Santa Linya, Les;Hombres;2003;262
25037 Avellanes i Santa Linya, Les;Hombres;2002;262
25037 Avellanes i Santa Linya, Les;Hombres;2001;255
25037 Avellanes i Santa Linya, Les;Hombres;2000;257
25037 Avellanes i Santa Linya, Les;Hombres;1999;260
25037 Avellanes i Santa Linya, Les;Hombres;1998;256
25037 Avellanes i Santa Linya, Les;Hombres;1997;""
25037 Avellanes i Santa Linya, Les;Hombres;1996;243
25037 Avellanes i Santa Linya, Les;Mujeres;2025;199
25037 Avellanes i Santa Linya, Les;Mujeres;2024;196
25037 Avellanes i Santa Linya, Les;Mujeres;2023;199
25037 Avellanes i Santa Linya, Les;Mujeres;2022;205
25037 Avellanes i Santa Linya, Les;Mujeres;2021;197
25037 Avellanes i Santa Linya, Les;Mujeres;2020;184
25037 Avellanes i Santa Linya, Les;Mujeres;2019;190
25037 Avellanes i Santa Linya, Les;Mujeres;2018;194
25037 Avellanes i Santa Linya, Les;Mujeres;2017;193
25037 Avellanes i Santa Linya, Les;Mujeres;2016;198
25037 Avellanes i Santa Linya, Les;Mujeres;2015;204
25037 Avellanes i Santa Linya, Les;Mujeres;2014;207
25037 Avellanes i Santa Linya, Les;Mujeres;2013;204
25037 Avellanes i Santa Linya, Les;Mujeres;2012;196
25037 Avellanes i Santa Linya, Les;Mujeres;2011;206
25037 Avellanes i Santa Linya, Les;Mujeres;2010;204
25037 Avellanes i Santa Linya, Les;Mujeres;2009;204
25037 Avellanes i Santa Linya, Les;Mujeres;2008;204
25037 Avellanes i Santa Linya, Les;Mujeres;2007;207
25037 Avellanes i Santa Linya, Les;Mujeres;2006;205
25037 Avellanes i Santa Linya, Les;Mujeres;2005;207
25037 Avellanes i Santa Linya, Les;Mujeres;2004;210
25037 Avellanes i Santa Linya, Les;Mujeres;2003;213
25037 Avellanes i Santa Linya, Les;Mujeres;2002;220
25037 Avellanes i Santa Linya, Les;Mujeres;2001;225
25037 Avellanes i Santa Linya, Les;Mujeres;2000;226
25037 Avellanes i Santa Linya, Les;Mujeres;1999;228
25037 Avellanes i Santa Linya, Les;Mujeres;1998;227
25037 Avellanes i Santa Linya, Les;Mujeres;1997;""
25037 Avellanes i Santa Linya, Les;Mujeres;1996;217
25039 Baix Pallars;Total;2025;345
25039 Baix Pallars;Total;2024;340
25039 Baix Pallars;Total;2023;349
25039 Baix Pallars;Total;2022;345
25039 Baix Pallars;Total;2021;342
25039 Baix Pallars;Total;2020;331
25039 Baix Pallars;Total;2019;335
25039 Baix Pallars;Total;2018;330
25039 Baix Pallars;Total;2017;341
25039 Baix Pallars;Total;2016;342
25039 Baix Pallars;Total;2015;350
25039 Baix Pallars;Total;2014;361
25039 Baix Pallars;Total;2013;376
25039 Baix Pallars;Total;2012;362
25039 Baix Pallars;Total;2011;382
25039 Baix Pallars;Total;2010;406
25039 Baix Pallars;Total;2009;413
25039 Baix Pallars;Total;2008;407
25039 Baix Pallars;Total;2007;406
25039 Baix Pallars;Total;2006;381
25039 Baix Pallars;Total;2005;380
25039 Baix Pallars;Total;2004;372
25039 Baix Pallars;Total;2003;360
25039 Baix Pallars;Total;2002;350
25039 Baix Pallars;Total;2001;353
25039 Baix Pallars;Total;2000;363
25039 Baix Pallars;Total;1999;352
25039 Baix Pallars;Total;1998;340
25039 Baix Pallars;Total;1997;""
25039 Baix Pallars;Total;1996;351
25039 Baix Pallars;Hombres;2025;184
25039 Baix Pallars;Hombres;2024;188
25039 Baix Pallars;Hombres;2023;188
25039 Baix Pallars;Hombres;2022;183
25039 Baix Pallars;Hombres;2021;184
25039 Baix Pallars;Hombres;2020;180
25039 Baix Pallars;Hombres;2019;182
25039 Baix Pallars;Hombres;2018;175
25039 Baix Pallars;Hombres;2017;183
25039 Baix Pallars;Hombres;2016;181
25039 Baix Pallars;Hombres;2015;187
25039 Baix Pallars;Hombres;2014;192
25039 Baix Pallars;Hombres;2013;195
25039 Baix Pallars;Hombres;2012;187
25039 Baix Pallars;Hombres;2011;201
25039 Baix Pallars;Hombres;2010;215
25039 Baix Pallars;Hombres;2009;222
25039 Baix Pallars;Hombres;2008;223
25039 Baix Pallars;Hombres;2007;226
25039 Baix Pallars;Hombres;2006;211
25039 Baix Pallars;Hombres;2005;213
25039 Baix Pallars;Hombres;2004;213
25039 Baix Pallars;Hombres;2003;203
25039 Baix Pallars;Hombres;2002;199
25039 Baix Pallars;Hombres;2001;199
25039 Baix Pallars;Hombres;2000;207
25039 Baix Pallars;Hombres;1999;203
25039 Baix Pallars;Hombres;1998;193
25039 Baix Pallars;Hombres;1997;""
25039 Baix Pallars;Hombres;1996;196
25039 Baix Pallars;Mujeres;2025;161
25039 Baix Pallars;Mujeres;2024;152
25039 Baix Pallars;Mujeres;2023;161
25039 Baix Pallars;Mujeres;2022;162
25039 Baix Pallars;Mujeres;2021;158
25039 Baix Pallars;Mujeres;2020;151
25039 Baix Pallars;Mujeres;2019;153
25039 Baix Pallars;Mujeres;2018;155
25039 Baix Pallars;Mujeres;2017;158
25039 Baix Pallars;Mujeres;2016;161
25039 Baix Pallars;Mujeres;2015;163
25039 Baix Pallars;Mujeres;2014;169
25039 Baix Pallars;Mujeres;2013;181
25039 Baix Pallars;Mujeres;2012;175
25039 Baix Pallars;Mujeres;2011;181
25039 Baix Pallars;Mujeres;2010;191
25039 Baix Pallars;Mujeres;2009;191
25039 Baix Pallars;Mujeres;2008;184
25039 Baix Pallars;Mujeres;2007;180
25039 Baix Pallars;Mujeres;2006;170
25039 Baix Pallars;Mujeres;2005;167
25039 Baix Pallars;Mujeres;2004;159
25039 Baix Pallars;Mujeres;2003;157
25039 Baix Pallars;Mujeres;2002;151
25039 Baix Pallars;Mujeres;2001;154
25039 Baix Pallars;Mujeres;2000;156
25039 Baix Pallars;Mujeres;1999;149
25039 Baix Pallars;Mujeres;1998;147
25039 Baix Pallars;Mujeres;1997;""
25039 Baix Pallars;Mujeres;1996;155
25040 Balaguer;Total;2025;17.729
25040 Balaguer;Total;2024;17.705
25040 Balaguer;Total;2023;17.649
25040 Balaguer;Total;2022;17.460
25040 Balaguer;Total;2021;17.409
25040 Balaguer;Total;2020;17.472
25040 Balaguer;Total;2019;17.162
25040 Balaguer;Total;2018;16.841
25040 Balaguer;Total;2017;16.670
25040 Balaguer;Total;2016;16.530
25040 Balaguer;Total;2015;16.479
25040 Balaguer;Total;2014;16.485
25040 Balaguer;Total;2013;16.665
25040 Balaguer;Total;2012;16.952
25040 Balaguer;Total;2011;16.877
25040 Balaguer;Total;2010;16.766
25040 Balaguer;Total;2009;16.779
25040 Balaguer;Total;2008;16.341
25040 Balaguer;Total;2007;15.781
25040 Balaguer;Total;2006;15.769
25040 Balaguer;Total;2005;15.281
25040 Balaguer;Total;2004;14.540
25040 Balaguer;Total;2003;14.068
25040 Balaguer;Total;2002;13.718
25040 Balaguer;Total;2001;13.455
25040 Balaguer;Total;2000;13.275
25040 Balaguer;Total;1999;13.172
25040 Balaguer;Total;1998;13.188
25040 Balaguer;Total;1997;""
25040 Balaguer;Total;1996;13.103
25040 Balaguer;Hombres;2025;9.069
25040 Balaguer;Hombres;2024;9.077
25040 Balaguer;Hombres;2023;9.053
25040 Balaguer;Hombres;2022;8.936
25040 Balaguer;Hombres;2021;8.918
25040 Balaguer;Hombres;2020;8.953
25040 Balaguer;Hombres;2019;8.746
25040 Balaguer;Hombres;2018;8.519
25040 Balaguer;Hombres;2017;8.420
25040 Balaguer;Hombres;2016;8.363
25040 Balaguer;Hombres;2015;8.323
25040 Balaguer;Hombres;2014;8.333
25040 Balaguer;Hombres;2013;8.494
25040 Balaguer;Hombres;2012;8.659
25040 Balaguer;Hombres;2011;8.627
25040 Balaguer;Hombres;2010;8.535
25040 Balaguer;Hombres;2009;8.564
25040 Balaguer;Hombres;2008;8.284
25040 Balaguer;Hombres;2007;7.971
25040 Balaguer;Hombres;2006;7.948
25040 Balaguer;Hombres;2005;7.686
25040 Balaguer;Hombres;2004;7.223
25040 Balaguer;Hombres;2003;6.947
25040 Balaguer;Hombres;2002;6.754
25040 Balaguer;Hombres;2001;6.610
25040 Balaguer;Hombres;2000;6.509
25040 Balaguer;Hombres;1999;6.457
25040 Balaguer;Hombres;1998;6.455
25040 Balaguer;Hombres;1997;""
25040 Balaguer;Hombres;1996;6.421
25040 Balaguer;Mujeres;2025;8.660
25040 Balaguer;Mujeres;2024;8.628
25040 Balaguer;Mujeres;2023;8.596
25040 Balaguer;Mujeres;2022;8.524
25040 Balaguer;Mujeres;2021;8.491
25040 Balaguer;Mujeres;2020;8.519
25040 Balaguer;Mujeres;2019;8.416
25040 Balaguer;Mujeres;2018;8.322
25040 Balaguer;Mujeres;2017;8.250
25040 Balaguer;Mujeres;2016;8.167
25040 Balaguer;Mujeres;2015;8.156
25040 Balaguer;Mujeres;2014;8.152
25040 Balaguer;Mujeres;2013;8.171
25040 Balaguer;Mujeres;2012;8.293
25040 Balaguer;Mujeres;2011;8.250
25040 Balaguer;Mujeres;2010;8.231
25040 Balaguer;Mujeres;2009;8.215
25040 Balaguer;Mujeres;2008;8.057
25040 Balaguer;Mujeres;2007;7.810
25040 Balaguer;Mujeres;2006;7.821
25040 Balaguer;Mujeres;2005;7.595
25040 Balaguer;Mujeres;2004;7.317
25040 Balaguer;Mujeres;2003;7.121
25040 Balaguer;Mujeres;2002;6.964
25040 Balaguer;Mujeres;2001;6.845
25040 Balaguer;Mujeres;2000;6.766
25040 Balaguer;Mujeres;1999;6.715
25040 Balaguer;Mujeres;1998;6.733
25040 Balaguer;Mujeres;1997;""
25040 Balaguer;Mujeres;1996;6.682
25041 Barbens;Total;2025;929
25041 Barbens;Total;2024;926
25041 Barbens;Total;2023;929
25041 Barbens;Total;2022;979
25041 Barbens;Total;2021;943
25041 Barbens;Total;2020;878
25041 Barbens;Total;2019;878
25041 Barbens;Total;2018;939
25041 Barbens;Total;2017;933
25041 Barbens;Total;2016;943
25041 Barbens;Total;2015;900
25041 Barbens;Total;2014;875
25041 Barbens;Total;2013;870
25041 Barbens;Total;2012;928
25041 Barbens;Total;2011;896
25041 Barbens;Total;2010;887
25041 Barbens;Total;2009;892
25041 Barbens;Total;2008;890
25041 Barbens;Total;2007;836
25041 Barbens;Total;2006;828
25041 Barbens;Total;2005;832
25041 Barbens;Total;2004;818
25041 Barbens;Total;2003;795
25041 Barbens;Total;2002;801
25041 Barbens;Total;2001;766
25041 Barbens;Total;2000;787
25041 Barbens;Total;1999;742
25041 Barbens;Total;1998;754
25041 Barbens;Total;1997;""
25041 Barbens;Total;1996;752
25041 Barbens;Hombres;2025;529
25041 Barbens;Hombres;2024;525
25041 Barbens;Hombres;2023;518
25041 Barbens;Hombres;2022;542
25041 Barbens;Hombres;2021;518
25041 Barbens;Hombres;2020;468
25041 Barbens;Hombres;2019;467
25041 Barbens;Hombres;2018;505
25041 Barbens;Hombres;2017;497
25041 Barbens;Hombres;2016;500
25041 Barbens;Hombres;2015;477
25041 Barbens;Hombres;2014;465
25041 Barbens;Hombres;2013;455
25041 Barbens;Hombres;2012;492
25041 Barbens;Hombres;2011;484
25041 Barbens;Hombres;2010;479
25041 Barbens;Hombres;2009;475
25041 Barbens;Hombres;2008;478
25041 Barbens;Hombres;2007;452
25041 Barbens;Hombres;2006;453
25041 Barbens;Hombres;2005;458
25041 Barbens;Hombres;2004;432
25041 Barbens;Hombres;2003;404
25041 Barbens;Hombres;2002;415
25041 Barbens;Hombres;2001;389
25041 Barbens;Hombres;2000;403
25041 Barbens;Hombres;1999;383
25041 Barbens;Hombres;1998;389
25041 Barbens;Hombres;1997;""
25041 Barbens;Hombres;1996;386
25041 Barbens;Mujeres;2025;400
25041 Barbens;Mujeres;2024;401
25041 Barbens;Mujeres;2023;411
25041 Barbens;Mujeres;2022;437
25041 Barbens;Mujeres;2021;425
25041 Barbens;Mujeres;2020;410
25041 Barbens;Mujeres;2019;411
25041 Barbens;Mujeres;2018;434
25041 Barbens;Mujeres;2017;436
25041 Barbens;Mujeres;2016;443
25041 Barbens;Mujeres;2015;423
25041 Barbens;Mujeres;2014;410
25041 Barbens;Mujeres;2013;415
25041 Barbens;Mujeres;2012;436
25041 Barbens;Mujeres;2011;412
25041 Barbens;Mujeres;2010;408
25041 Barbens;Mujeres;2009;417
25041 Barbens;Mujeres;2008;412
25041 Barbens;Mujeres;2007;384
25041 Barbens;Mujeres;2006;375
25041 Barbens;Mujeres;2005;374
25041 Barbens;Mujeres;2004;386
25041 Barbens;Mujeres;2003;391
25041 Barbens;Mujeres;2002;386
25041 Barbens;Mujeres;2001;377
25041 Barbens;Mujeres;2000;384
25041 Barbens;Mujeres;1999;359
25041 Barbens;Mujeres;1998;365
25041 Barbens;Mujeres;1997;""
25041 Barbens;Mujeres;1996;366
25042 Baronia de Rialb, La;Total;2025;216
25042 Baronia de Rialb, La;Total;2024;231
25042 Baronia de Rialb, La;Total;2023;225
25042 Baronia de Rialb, La;Total;2022;229
25042 Baronia de Rialb, La;Total;2021;229
25042 Baronia de Rialb, La;Total;2020;229
25042 Baronia de Rialb, La;Total;2019;237
25042 Baronia de Rialb, La;Total;2018;231
25042 Baronia de Rialb, La;Total;2017;235
25042 Baronia de Rialb, La;Total;2016;240
25042 Baronia de Rialb, La;Total;2015;245
25042 Baronia de Rialb, La;Total;2014;235
25042 Baronia de Rialb, La;Total;2013;257
25042 Baronia de Rialb, La;Total;2012;255
25042 Baronia de Rialb, La;Total;2011;257
25042 Baronia de Rialb, La;Total;2010;261
25042 Baronia de Rialb, La;Total;2009;279
25042 Baronia de Rialb, La;Total;2008;276
25042 Baronia de Rialb, La;Total;2007;285
25042 Baronia de Rialb, La;Total;2006;281
25042 Baronia de Rialb, La;Total;2005;277
25042 Baronia de Rialb, La;Total;2004;279
25042 Baronia de Rialb, La;Total;2003;285
25042 Baronia de Rialb, La;Total;2002;276
25042 Baronia de Rialb, La;Total;2001;272
25042 Baronia de Rialb, La;Total;2000;266
25042 Baronia de Rialb, La;Total;1999;253
25042 Baronia de Rialb, La;Total;1998;247
25042 Baronia de Rialb, La;Total;1997;""
25042 Baronia de Rialb, La;Total;1996;251
25042 Baronia de Rialb, La;Hombres;2025;115
25042 Baronia de Rialb, La;Hombres;2024;124
25042 Baronia de Rialb, La;Hombres;2023;118
25042 Baronia de Rialb, La;Hombres;2022;120
25042 Baronia de Rialb, La;Hombres;2021;118
25042 Baronia de Rialb, La;Hombres;2020;116
25042 Baronia de Rialb, La;Hombres;2019;121
25042 Baronia de Rialb, La;Hombres;2018;121
25042 Baronia de Rialb, La;Hombres;2017;124
25042 Baronia de Rialb, La;Hombres;2016;129
25042 Baronia de Rialb, La;Hombres;2015;128
25042 Baronia de Rialb, La;Hombres;2014;124
25042 Baronia de Rialb, La;Hombres;2013;137
25042 Baronia de Rialb, La;Hombres;2012;136
25042 Baronia de Rialb, La;Hombres;2011;136
25042 Baronia de Rialb, La;Hombres;2010;138
25042 Baronia de Rialb, La;Hombres;2009;144
25042 Baronia de Rialb, La;Hombres;2008;149
25042 Baronia de Rialb, La;Hombres;2007;155
25042 Baronia de Rialb, La;Hombres;2006;152
25042 Baronia de Rialb, La;Hombres;2005;150
25042 Baronia de Rialb, La;Hombres;2004;149
25042 Baronia de Rialb, La;Hombres;2003;149
25042 Baronia de Rialb, La;Hombres;2002;146
25042 Baronia de Rialb, La;Hombres;2001;140
25042 Baronia de Rialb, La;Hombres;2000;139
25042 Baronia de Rialb, La;Hombres;1999;132
25042 Baronia de Rialb, La;Hombres;1998;130
25042 Baronia de Rialb, La;Hombres;1997;""
25042 Baronia de Rialb, La;Hombres;1996;127
25042 Baronia de Rialb, La;Mujeres;2025;101
25042 Baronia de Rialb, La;Mujeres;2024;107
25042 Baronia de Rialb, La;Mujeres;2023;107
25042 Baronia de Rialb, La;Mujeres;2022;109
25042 Baronia de Rialb, La;Mujeres;2021;111
25042 Baronia de Rialb, La;Mujeres;2020;113
25042 Baronia de Rialb, La;Mujeres;2019;116
25042 Baronia de Rialb, La;Mujeres;2018;110
25042 Baronia de Rialb, La;Mujeres;2017;111
25042 Baronia de Rialb, La;Mujeres;2016;111
25042 Baronia de Rialb, La;Mujeres;2015;117
25042 Baronia de Rialb, La;Mujeres;2014;111
25042 Baronia de Rialb, La;Mujeres;2013;120
25042 Baronia de Rialb, La;Mujeres;2012;119
25042 Baronia de Rialb, La;Mujeres;2011;121
25042 Baronia de Rialb, La;Mujeres;2010;123
25042 Baronia de Rialb, La;Mujeres;2009;135
25042 Baronia de Rialb, La;Mujeres;2008;127
25042 Baronia de Rialb, La;Mujeres;2007;130
25042 Baronia de Rialb, La;Mujeres;2006;129
25042 Baronia de Rialb, La;Mujeres;2005;127
25042 Baronia de Rialb, La;Mujeres;2004;130
25042 Baronia de Rialb, La;Mujeres;2003;136
25042 Baronia de Rialb, La;Mujeres;2002;130
25042 Baronia de Rialb, La;Mujeres;2001;132
25042 Baronia de Rialb, La;Mujeres;2000;127
25042 Baronia de Rialb, La;Mujeres;1999;121
25042 Baronia de Rialb, La;Mujeres;1998;117
25042 Baronia de Rialb, La;Mujeres;1997;""
25042 Baronia de Rialb, La;Mujeres;1996;124
25044 Bassella;Total;2025;216
25044 Bassella;Total;2024;210
25044 Bassella;Total;2023;221
25044 Bassella;Total;2022;223
25044 Bassella;Total;2021;224
25044 Bassella;Total;2020;217
25044 Bassella;Total;2019;224
25044 Bassella;Total;2018;231
25044 Bassella;Total;2017;229
25044 Bassella;Total;2016;235
25044 Bassella;Total;2015;234
25044 Bassella;Total;2014;244
25044 Bassella;Total;2013;249
25044 Bassella;Total;2012;246
25044 Bassella;Total;2011;255
25044 Bassella;Total;2010;259
25044 Bassella;Total;2009;252
25044 Bassella;Total;2008;258
25044 Bassella;Total;2007;255
25044 Bassella;Total;2006;256
25044 Bassella;Total;2005;261
25044 Bassella;Total;2004;263
25044 Bassella;Total;2003;265
25044 Bassella;Total;2002;306
25044 Bassella;Total;2001;306
25044 Bassella;Total;2000;308
25044 Bassella;Total;1999;318
25044 Bassella;Total;1998;335
25044 Bassella;Total;1997;""
25044 Bassella;Total;1996;341
25044 Bassella;Hombres;2025;118
25044 Bassella;Hombres;2024;115
25044 Bassella;Hombres;2023;120
25044 Bassella;Hombres;2022;117
25044 Bassella;Hombres;2021;119
25044 Bassella;Hombres;2020;112
25044 Bassella;Hombres;2019;112
25044 Bassella;Hombres;2018;113
25044 Bassella;Hombres;2017;109
25044 Bassella;Hombres;2016;112
25044 Bassella;Hombres;2015;117
25044 Bassella;Hombres;2014;125
25044 Bassella;Hombres;2013;127
25044 Bassella;Hombres;2012;129
25044 Bassella;Hombres;2011;134
25044 Bassella;Hombres;2010;137
25044 Bassella;Hombres;2009;132
25044 Bassella;Hombres;2008;136
25044 Bassella;Hombres;2007;132
25044 Bassella;Hombres;2006;134
25044 Bassella;Hombres;2005;134
25044 Bassella;Hombres;2004;137
25044 Bassella;Hombres;2003;135
25044 Bassella;Hombres;2002;154
25044 Bassella;Hombres;2001;157
25044 Bassella;Hombres;2000;156
25044 Bassella;Hombres;1999;161
25044 Bassella;Hombres;1998;168
25044 Bassella;Hombres;1997;""
25044 Bassella;Hombres;1996;174
25044 Bassella;Mujeres;2025;98
25044 Bassella;Mujeres;2024;95
25044 Bassella;Mujeres;2023;101
25044 Bassella;Mujeres;2022;106
25044 Bassella;Mujeres;2021;105
25044 Bassella;Mujeres;2020;105
25044 Bassella;Mujeres;2019;112
25044 Bassella;Mujeres;2018;118
25044 Bassella;Mujeres;2017;120
25044 Bassella;Mujeres;2016;123
25044 Bassella;Mujeres;2015;117
25044 Bassella;Mujeres;2014;119
25044 Bassella;Mujeres;2013;122
25044 Bassella;Mujeres;2012;117
25044 Bassella;Mujeres;2011;121
25044 Bassella;Mujeres;2010;122
25044 Bassella;Mujeres;2009;120
25044 Bassella;Mujeres;2008;122
25044 Bassella;Mujeres;2007;123
25044 Bassella;Mujeres;2006;122
25044 Bassella;Mujeres;2005;127
25044 Bassella;Mujeres;2004;126
25044 Bassella;Mujeres;2003;130
25044 Bassella;Mujeres;2002;152
25044 Bassella;Mujeres;2001;149
25044 Bassella;Mujeres;2000;152
25044 Bassella;Mujeres;1999;157
25044 Bassella;Mujeres;1998;167
25044 Bassella;Mujeres;1997;""
25044 Bassella;Mujeres;1996;167
25045 Bausen;Total;2025;62
25045 Bausen;Total;2024;60
25045 Bausen;Total;2023;70
25045 Bausen;Total;2022;66
25045 Bausen;Total;2021;66
25045 Bausen;Total;2020;60
25045 Bausen;Total;2019;58
25045 Bausen;Total;2018;64
25045 Bausen;Total;2017;67
25045 Bausen;Total;2016;64
25045 Bausen;Total;2015;58
25045 Bausen;Total;2014;49
25045 Bausen;Total;2013;52
25045 Bausen;Total;2012;61
25045 Bausen;Total;2011;59
25045 Bausen;Total;2010;61
25045 Bausen;Total;2009;63
25045 Bausen;Total;2008;60
25045 Bausen;Total;2007;61
25045 Bausen;Total;2006;52
25045 Bausen;Total;2005;52
25045 Bausen;Total;2004;51
25045 Bausen;Total;2003;51
25045 Bausen;Total;2002;55
25045 Bausen;Total;2001;58
25045 Bausen;Total;2000;62
25045 Bausen;Total;1999;67
25045 Bausen;Total;1998;67
25045 Bausen;Total;1997;""
25045 Bausen;Total;1996;70
25045 Bausen;Hombres;2025;32
25045 Bausen;Hombres;2024;31
25045 Bausen;Hombres;2023;38
25045 Bausen;Hombres;2022;33
25045 Bausen;Hombres;2021;34
25045 Bausen;Hombres;2020;30
25045 Bausen;Hombres;2019;30
25045 Bausen;Hombres;2018;34
25045 Bausen;Hombres;2017;33
25045 Bausen;Hombres;2016;33
25045 Bausen;Hombres;2015;32
25045 Bausen;Hombres;2014;29
25045 Bausen;Hombres;2013;31
25045 Bausen;Hombres;2012;36
25045 Bausen;Hombres;2011;35
25045 Bausen;Hombres;2010;35
25045 Bausen;Hombres;2009;37
25045 Bausen;Hombres;2008;37
25045 Bausen;Hombres;2007;38
25045 Bausen;Hombres;2006;33
25045 Bausen;Hombres;2005;33
25045 Bausen;Hombres;2004;31
25045 Bausen;Hombres;2003;30
25045 Bausen;Hombres;2002;31
25045 Bausen;Hombres;2001;34
25045 Bausen;Hombres;2000;36
25045 Bausen;Hombres;1999;39
25045 Bausen;Hombres;1998;39
25045 Bausen;Hombres;1997;""
25045 Bausen;Hombres;1996;41
25045 Bausen;Mujeres;2025;30
25045 Bausen;Mujeres;2024;29
25045 Bausen;Mujeres;2023;32
25045 Bausen;Mujeres;2022;33
25045 Bausen;Mujeres;2021;32
25045 Bausen;Mujeres;2020;30
25045 Bausen;Mujeres;2019;28
25045 Bausen;Mujeres;2018;30
25045 Bausen;Mujeres;2017;34
25045 Bausen;Mujeres;2016;31
25045 Bausen;Mujeres;2015;26
25045 Bausen;Mujeres;2014;20
25045 Bausen;Mujeres;2013;21
25045 Bausen;Mujeres;2012;25
25045 Bausen;Mujeres;2011;24
25045 Bausen;Mujeres;2010;26
25045 Bausen;Mujeres;2009;26
25045 Bausen;Mujeres;2008;23
25045 Bausen;Mujeres;2007;23
25045 Bausen;Mujeres;2006;19
25045 Bausen;Mujeres;2005;19
25045 Bausen;Mujeres;2004;20
25045 Bausen;Mujeres;2003;21
25045 Bausen;Mujeres;2002;24
25045 Bausen;Mujeres;2001;24
25045 Bausen;Mujeres;2000;26
25045 Bausen;Mujeres;1999;28
25045 Bausen;Mujeres;1998;28
25045 Bausen;Mujeres;1997;""
25045 Bausen;Mujeres;1996;29
25046 Belianes;Total;2025;514
25046 Belianes;Total;2024;517
25046 Belianes;Total;2023;510
25046 Belianes;Total;2022;508
25046 Belianes;Total;2021;521
25046 Belianes;Total;2020;520
25046 Belianes;Total;2019;525
25046 Belianes;Total;2018;525
25046 Belianes;Total;2017;519
25046 Belianes;Total;2016;539
25046 Belianes;Total;2015;555
25046 Belianes;Total;2014;555
25046 Belianes;Total;2013;556
25046 Belianes;Total;2012;564
25046 Belianes;Total;2011;578
25046 Belianes;Total;2010;584
25046 Belianes;Total;2009;589
25046 Belianes;Total;2008;584
25046 Belianes;Total;2007;580
25046 Belianes;Total;2006;592
25046 Belianes;Total;2005;615
25046 Belianes;Total;2004;608
25046 Belianes;Total;2003;611
25046 Belianes;Total;2002;590
25046 Belianes;Total;2001;576
25046 Belianes;Total;2000;550
25046 Belianes;Total;1999;556
25046 Belianes;Total;1998;558
25046 Belianes;Total;1997;""
25046 Belianes;Total;1996;558
25046 Belianes;Hombres;2025;248
25046 Belianes;Hombres;2024;248
25046 Belianes;Hombres;2023;248
25046 Belianes;Hombres;2022;251
25046 Belianes;Hombres;2021;257
25046 Belianes;Hombres;2020;261
25046 Belianes;Hombres;2019;269
25046 Belianes;Hombres;2018;265
25046 Belianes;Hombres;2017;261
25046 Belianes;Hombres;2016;269
25046 Belianes;Hombres;2015;274
25046 Belianes;Hombres;2014;275
25046 Belianes;Hombres;2013;286
25046 Belianes;Hombres;2012;291
25046 Belianes;Hombres;2011;295
25046 Belianes;Hombres;2010;299
25046 Belianes;Hombres;2009;304
25046 Belianes;Hombres;2008;300
25046 Belianes;Hombres;2007;297
25046 Belianes;Hombres;2006;306
25046 Belianes;Hombres;2005;319
25046 Belianes;Hombres;2004;309
25046 Belianes;Hombres;2003;309
25046 Belianes;Hombres;2002;289
25046 Belianes;Hombres;2001;273
25046 Belianes;Hombres;2000;260
25046 Belianes;Hombres;1999;268
25046 Belianes;Hombres;1998;269
25046 Belianes;Hombres;1997;""
25046 Belianes;Hombres;1996;269
25046 Belianes;Mujeres;2025;266
25046 Belianes;Mujeres;2024;269
25046 Belianes;Mujeres;2023;262
25046 Belianes;Mujeres;2022;257
25046 Belianes;Mujeres;2021;264
25046 Belianes;Mujeres;2020;259
25046 Belianes;Mujeres;2019;256
25046 Belianes;Mujeres;2018;260
25046 Belianes;Mujeres;2017;258
25046 Belianes;Mujeres;2016;270
25046 Belianes;Mujeres;2015;281
25046 Belianes;Mujeres;2014;280
25046 Belianes;Mujeres;2013;270
25046 Belianes;Mujeres;2012;273
25046 Belianes;Mujeres;2011;283
25046 Belianes;Mujeres;2010;285
25046 Belianes;Mujeres;2009;285
25046 Belianes;Mujeres;2008;284
25046 Belianes;Mujeres;2007;283
25046 Belianes;Mujeres;2006;286
25046 Belianes;Mujeres;2005;296
25046 Belianes;Mujeres;2004;299
25046 Belianes;Mujeres;2003;302
25046 Belianes;Mujeres;2002;301
25046 Belianes;Mujeres;2001;303
25046 Belianes;Mujeres;2000;290
25046 Belianes;Mujeres;1999;288
25046 Belianes;Mujeres;1998;289
25046 Belianes;Mujeres;1997;""
25046 Belianes;Mujeres;1996;289
25048 Bell-lloc d'Urgell;Total;2025;2.364
25048 Bell-lloc d'Urgell;Total;2024;2.359
25048 Bell-lloc d'Urgell;Total;2023;2.378
25048 Bell-lloc d'Urgell;Total;2022;2.342
25048 Bell-lloc d'Urgell;Total;2021;2.329
25048 Bell-lloc d'Urgell;Total;2020;2.335
25048 Bell-lloc d'Urgell;Total;2019;2.315
25048 Bell-lloc d'Urgell;Total;2018;2.289
25048 Bell-lloc d'Urgell;Total;2017;2.321
25048 Bell-lloc d'Urgell;Total;2016;2.349
25048 Bell-lloc d'Urgell;Total;2015;2.329
25048 Bell-lloc d'Urgell;Total;2014;2.351
25048 Bell-lloc d'Urgell;Total;2013;2.337
25048 Bell-lloc d'Urgell;Total;2012;2.420
25048 Bell-lloc d'Urgell;Total;2011;2.446
25048 Bell-lloc d'Urgell;Total;2010;2.448
25048 Bell-lloc d'Urgell;Total;2009;2.447
25048 Bell-lloc d'Urgell;Total;2008;2.413
25048 Bell-lloc d'Urgell;Total;2007;2.372
25048 Bell-lloc d'Urgell;Total;2006;2.326
25048 Bell-lloc d'Urgell;Total;2005;2.255
25048 Bell-lloc d'Urgell;Total;2004;2.126
25048 Bell-lloc d'Urgell;Total;2003;2.068
25048 Bell-lloc d'Urgell;Total;2002;2.122
25048 Bell-lloc d'Urgell;Total;2001;2.125
25048 Bell-lloc d'Urgell;Total;2000;2.124
25048 Bell-lloc d'Urgell;Total;1999;2.113
25048 Bell-lloc d'Urgell;Total;1998;2.106
25048 Bell-lloc d'Urgell;Total;1997;""
25048 Bell-lloc d'Urgell;Total;1996;2.119
25048 Bell-lloc d'Urgell;Hombres;2025;1.191
25048 Bell-lloc d'Urgell;Hombres;2024;1.182
25048 Bell-lloc d'Urgell;Hombres;2023;1.195
25048 Bell-lloc d'Urgell;Hombres;2022;1.173
25048 Bell-lloc d'Urgell;Hombres;2021;1.155
25048 Bell-lloc d'Urgell;Hombres;2020;1.159
25048 Bell-lloc d'Urgell;Hombres;2019;1.139
25048 Bell-lloc d'Urgell;Hombres;2018;1.129
25048 Bell-lloc d'Urgell;Hombres;2017;1.157
25048 Bell-lloc d'Urgell;Hombres;2016;1.162
25048 Bell-lloc d'Urgell;Hombres;2015;1.156
25048 Bell-lloc d'Urgell;Hombres;2014;1.164
25048 Bell-lloc d'Urgell;Hombres;2013;1.148
25048 Bell-lloc d'Urgell;Hombres;2012;1.194
25048 Bell-lloc d'Urgell;Hombres;2011;1.214
25048 Bell-lloc d'Urgell;Hombres;2010;1.204
25048 Bell-lloc d'Urgell;Hombres;2009;1.206
25048 Bell-lloc d'Urgell;Hombres;2008;1.201
25048 Bell-lloc d'Urgell;Hombres;2007;1.177
25048 Bell-lloc d'Urgell;Hombres;2006;1.142
25048 Bell-lloc d'Urgell;Hombres;2005;1.120
25048 Bell-lloc d'Urgell;Hombres;2004;1.045
25048 Bell-lloc d'Urgell;Hombres;2003;1.028
25048 Bell-lloc d'Urgell;Hombres;2002;1.052
25048 Bell-lloc d'Urgell;Hombres;2001;1.050
25048 Bell-lloc d'Urgell;Hombres;2000;1.050
25048 Bell-lloc d'Urgell;Hombres;1999;1.045
25048 Bell-lloc d'Urgell;Hombres;1998;1.041
25048 Bell-lloc d'Urgell;Hombres;1997;""
25048 Bell-lloc d'Urgell;Hombres;1996;1.046
25048 Bell-lloc d'Urgell;Mujeres;2025;1.173
25048 Bell-lloc d'Urgell;Mujeres;2024;1.177
25048 Bell-lloc d'Urgell;Mujeres;2023;1.183
25048 Bell-lloc d'Urgell;Mujeres;2022;1.169
25048 Bell-lloc d'Urgell;Mujeres;2021;1.174
25048 Bell-lloc d'Urgell;Mujeres;2020;1.176
25048 Bell-lloc d'Urgell;Mujeres;2019;1.176
25048 Bell-lloc d'Urgell;Mujeres;2018;1.160
25048 Bell-lloc d'Urgell;Mujeres;2017;1.164
25048 Bell-lloc d'Urgell;Mujeres;2016;1.187
25048 Bell-lloc d'Urgell;Mujeres;2015;1.173
25048 Bell-lloc d'Urgell;Mujeres;2014;1.187
25048 Bell-lloc d'Urgell;Mujeres;2013;1.189
25048 Bell-lloc d'Urgell;Mujeres;2012;1.226
25048 Bell-lloc d'Urgell;Mujeres;2011;1.232
25048 Bell-lloc d'Urgell;Mujeres;2010;1.244
25048 Bell-lloc d'Urgell;Mujeres;2009;1.241
25048 Bell-lloc d'Urgell;Mujeres;2008;1.212
25048 Bell-lloc d'Urgell;Mujeres;2007;1.195
25048 Bell-lloc d'Urgell;Mujeres;2006;1.184
25048 Bell-lloc d'Urgell;Mujeres;2005;1.135
25048 Bell-lloc d'Urgell;Mujeres;2004;1.081
25048 Bell-lloc d'Urgell;Mujeres;2003;1.040
25048 Bell-lloc d'Urgell;Mujeres;2002;1.070
25048 Bell-lloc d'Urgell;Mujeres;2001;1.075
25048 Bell-lloc d'Urgell;Mujeres;2000;1.074
25048 Bell-lloc d'Urgell;Mujeres;1999;1.068
25048 Bell-lloc d'Urgell;Mujeres;1998;1.065
25048 Bell-lloc d'Urgell;Mujeres;1997;""
25048 Bell-lloc d'Urgell;Mujeres;1996;1.073
25170 Bellaguarda;Total;2025;278
25170 Bellaguarda;Total;2024;288
25170 Bellaguarda;Total;2023;289
25170 Bellaguarda;Total;2022;288
25170 Bellaguarda;Total;2021;292
25170 Bellaguarda;Total;2020;287
25170 Bellaguarda;Total;2019;287
25170 Bellaguarda;Total;2018;301
25170 Bellaguarda;Total;2017;305
25170 Bellaguarda;Total;2016;307
25170 Bellaguarda;Total;2015;308
25170 Bellaguarda;Total;2014;307
25170 Bellaguarda;Total;2013;317
25170 Bellaguarda;Total;2012;335
25170 Bellaguarda;Total;2011;325
25170 Bellaguarda;Total;2010;334
25170 Bellaguarda;Total;2009;336
25170 Bellaguarda;Total;2008;344
25170 Bellaguarda;Total;2007;353
25170 Bellaguarda;Total;2006;352
25170 Bellaguarda;Total;2005;360
25170 Bellaguarda;Total;2004;348
25170 Bellaguarda;Total;2003;351
25170 Bellaguarda;Total;2002;358
25170 Bellaguarda;Total;2001;351
25170 Bellaguarda;Total;2000;354
25170 Bellaguarda;Total;1999;365
25170 Bellaguarda;Total;1998;363
25170 Bellaguarda;Total;1997;""
25170 Bellaguarda;Total;1996;366
25170 Bellaguarda;Hombres;2025;152
25170 Bellaguarda;Hombres;2024;151
25170 Bellaguarda;Hombres;2023;151
25170 Bellaguarda;Hombres;2022;152
25170 Bellaguarda;Hombres;2021;154
25170 Bellaguarda;Hombres;2020;150
25170 Bellaguarda;Hombres;2019;152
25170 Bellaguarda;Hombres;2018;160
25170 Bellaguarda;Hombres;2017;159
25170 Bellaguarda;Hombres;2016;159
25170 Bellaguarda;Hombres;2015;161
25170 Bellaguarda;Hombres;2014;161
25170 Bellaguarda;Hombres;2013;166
25170 Bellaguarda;Hombres;2012;180
25170 Bellaguarda;Hombres;2011;174
25170 Bellaguarda;Hombres;2010;178
25170 Bellaguarda;Hombres;2009;177
25170 Bellaguarda;Hombres;2008;181
25170 Bellaguarda;Hombres;2007;184
25170 Bellaguarda;Hombres;2006;184
25170 Bellaguarda;Hombres;2005;189
25170 Bellaguarda;Hombres;2004;176
25170 Bellaguarda;Hombres;2003;175
25170 Bellaguarda;Hombres;2002;178
25170 Bellaguarda;Hombres;2001;171
25170 Bellaguarda;Hombres;2000;174
25170 Bellaguarda;Hombres;1999;183
25170 Bellaguarda;Hombres;1998;183
25170 Bellaguarda;Hombres;1997;""
25170 Bellaguarda;Hombres;1996;187
25170 Bellaguarda;Mujeres;2025;126
25170 Bellaguarda;Mujeres;2024;137
25170 Bellaguarda;Mujeres;2023;138
25170 Bellaguarda;Mujeres;2022;136
25170 Bellaguarda;Mujeres;2021;138
25170 Bellaguarda;Mujeres;2020;137
25170 Bellaguarda;Mujeres;2019;135
25170 Bellaguarda;Mujeres;2018;141
25170 Bellaguarda;Mujeres;2017;146
25170 Bellaguarda;Mujeres;2016;148
25170 Bellaguarda;Mujeres;2015;147
25170 Bellaguarda;Mujeres;2014;146
25170 Bellaguarda;Mujeres;2013;151
25170 Bellaguarda;Mujeres;2012;155
25170 Bellaguarda;Mujeres;2011;151
25170 Bellaguarda;Mujeres;2010;156
25170 Bellaguarda;Mujeres;2009;159
25170 Bellaguarda;Mujeres;2008;163
25170 Bellaguarda;Mujeres;2007;169
25170 Bellaguarda;Mujeres;2006;168
25170 Bellaguarda;Mujeres;2005;171
25170 Bellaguarda;Mujeres;2004;172
25170 Bellaguarda;Mujeres;2003;176
25170 Bellaguarda;Mujeres;2002;180
25170 Bellaguarda;Mujeres;2001;180
25170 Bellaguarda;Mujeres;2000;180
25170 Bellaguarda;Mujeres;1999;182
25170 Bellaguarda;Mujeres;1998;180
25170 Bellaguarda;Mujeres;1997;""
25170 Bellaguarda;Mujeres;1996;179
25047 Bellcaire d'Urgell;Total;2025;1.275
25047 Bellcaire d'Urgell;Total;2024;1.228
25047 Bellcaire d'Urgell;Total;2023;1.231
25047 Bellcaire d'Urgell;Total;2022;1.229
25047 Bellcaire d'Urgell;Total;2021;1.225
25047 Bellcaire d'Urgell;Total;2020;1.199
25047 Bellcaire d'Urgell;Total;2019;1.230
25047 Bellcaire d'Urgell;Total;2018;1.252
25047 Bellcaire d'Urgell;Total;2017;1.237
25047 Bellcaire d'Urgell;Total;2016;1.263
25047 Bellcaire d'Urgell;Total;2015;1.296
25047 Bellcaire d'Urgell;Total;2014;1.305
25047 Bellcaire d'Urgell;Total;2013;1.315
25047 Bellcaire d'Urgell;Total;2012;1.350
25047 Bellcaire d'Urgell;Total;2011;1.356
25047 Bellcaire d'Urgell;Total;2010;1.341
25047 Bellcaire d'Urgell;Total;2009;1.284
25047 Bellcaire d'Urgell;Total;2008;1.269
25047 Bellcaire d'Urgell;Total;2007;1.289
25047 Bellcaire d'Urgell;Total;2006;1.295
25047 Bellcaire d'Urgell;Total;2005;1.274
25047 Bellcaire d'Urgell;Total;2004;1.218
25047 Bellcaire d'Urgell;Total;2003;1.215
25047 Bellcaire d'Urgell;Total;2002;1.257
25047 Bellcaire d'Urgell;Total;2001;1.294
25047 Bellcaire d'Urgell;Total;2000;1.307
25047 Bellcaire d'Urgell;Total;1999;1.319
25047 Bellcaire d'Urgell;Total;1998;1.346
25047 Bellcaire d'Urgell;Total;1997;""
25047 Bellcaire d'Urgell;Total;1996;1.369
25047 Bellcaire d'Urgell;Hombres;2025;663
25047 Bellcaire d'Urgell;Hombres;2024;620
25047 Bellcaire d'Urgell;Hombres;2023;626
25047 Bellcaire d'Urgell;Hombres;2022;630
25047 Bellcaire d'Urgell;Hombres;2021;629
25047 Bellcaire d'Urgell;Hombres;2020;607
25047 Bellcaire d'Urgell;Hombres;2019;627
25047 Bellcaire d'Urgell;Hombres;2018;634
25047 Bellcaire d'Urgell;Hombres;2017;623
25047 Bellcaire d'Urgell;Hombres;2016;639
25047 Bellcaire d'Urgell;Hombres;2015;659
25047 Bellcaire d'Urgell;Hombres;2014;666
25047 Bellcaire d'Urgell;Hombres;2013;673
25047 Bellcaire d'Urgell;Hombres;2012;684
25047 Bellcaire d'Urgell;Hombres;2011;681
25047 Bellcaire d'Urgell;Hombres;2010;671
25047 Bellcaire d'Urgell;Hombres;2009;632
25047 Bellcaire d'Urgell;Hombres;2008;622
25047 Bellcaire d'Urgell;Hombres;2007;628
25047 Bellcaire d'Urgell;Hombres;2006;631
25047 Bellcaire d'Urgell;Hombres;2005;611
25047 Bellcaire d'Urgell;Hombres;2004;580
25047 Bellcaire d'Urgell;Hombres;2003;580
25047 Bellcaire d'Urgell;Hombres;2002;599
25047 Bellcaire d'Urgell;Hombres;2001;625
25047 Bellcaire d'Urgell;Hombres;2000;626
25047 Bellcaire d'Urgell;Hombres;1999;627
25047 Bellcaire d'Urgell;Hombres;1998;640
25047 Bellcaire d'Urgell;Hombres;1997;""
25047 Bellcaire d'Urgell;Hombres;1996;654
25047 Bellcaire d'Urgell;Mujeres;2025;612
25047 Bellcaire d'Urgell;Mujeres;2024;608
25047 Bellcaire d'Urgell;Mujeres;2023;605
25047 Bellcaire d'Urgell;Mujeres;2022;599
25047 Bellcaire d'Urgell;Mujeres;2021;596
25047 Bellcaire d'Urgell;Mujeres;2020;592
25047 Bellcaire d'Urgell;Mujeres;2019;603
25047 Bellcaire d'Urgell;Mujeres;2018;618
25047 Bellcaire d'Urgell;Mujeres;2017;614
25047 Bellcaire d'Urgell;Mujeres;2016;624
25047 Bellcaire d'Urgell;Mujeres;2015;637
25047 Bellcaire d'Urgell;Mujeres;2014;639
25047 Bellcaire d'Urgell;Mujeres;2013;642
25047 Bellcaire d'Urgell;Mujeres;2012;666
25047 Bellcaire d'Urgell;Mujeres;2011;675
25047 Bellcaire d'Urgell;Mujeres;2010;670
25047 Bellcaire d'Urgell;Mujeres;2009;652
25047 Bellcaire d'Urgell;Mujeres;2008;647
25047 Bellcaire d'Urgell;Mujeres;2007;661
25047 Bellcaire d'Urgell;Mujeres;2006;664
25047 Bellcaire d'Urgell;Mujeres;2005;663
25047 Bellcaire d'Urgell;Mujeres;2004;638
25047 Bellcaire d'Urgell;Mujeres;2003;635
25047 Bellcaire d'Urgell;Mujeres;2002;658
25047 Bellcaire d'Urgell;Mujeres;2001;669
25047 Bellcaire d'Urgell;Mujeres;2000;681
25047 Bellcaire d'Urgell;Mujeres;1999;692
25047 Bellcaire d'Urgell;Mujeres;1998;706
25047 Bellcaire d'Urgell;Mujeres;1997;""
25047 Bellcaire d'Urgell;Mujeres;1996;715
25049 Bellmunt d'Urgell;Total;2025;174
25049 Bellmunt d'Urgell;Total;2024;182
25049 Bellmunt d'Urgell;Total;2023;176
25049 Bellmunt d'Urgell;Total;2022;178
25049 Bellmunt d'Urgell;Total;2021;182
25049 Bellmunt d'Urgell;Total;2020;185
25049 Bellmunt d'Urgell;Total;2019;185
25049 Bellmunt d'Urgell;Total;2018;193
25049 Bellmunt d'Urgell;Total;2017;188
25049 Bellmunt d'Urgell;Total;2016;188
25049 Bellmunt d'Urgell;Total;2015;188
25049 Bellmunt d'Urgell;Total;2014;192
25049 Bellmunt d'Urgell;Total;2013;198
25049 Bellmunt d'Urgell;Total;2012;196
25049 Bellmunt d'Urgell;Total;2011;202
25049 Bellmunt d'Urgell;Total;2010;211
25049 Bellmunt d'Urgell;Total;2009;215
25049 Bellmunt d'Urgell;Total;2008;215
25049 Bellmunt d'Urgell;Total;2007;213
25049 Bellmunt d'Urgell;Total;2006;225
25049 Bellmunt d'Urgell;Total;2005;228
25049 Bellmunt d'Urgell;Total;2004;226
25049 Bellmunt d'Urgell;Total;2003;232
25049 Bellmunt d'Urgell;Total;2002;235
25049 Bellmunt d'Urgell;Total;2001;231
25049 Bellmunt d'Urgell;Total;2000;231
25049 Bellmunt d'Urgell;Total;1999;230
25049 Bellmunt d'Urgell;Total;1998;233
25049 Bellmunt d'Urgell;Total;1997;""
25049 Bellmunt d'Urgell;Total;1996;233
25049 Bellmunt d'Urgell;Hombres;2025;91
25049 Bellmunt d'Urgell;Hombres;2024;97
25049 Bellmunt d'Urgell;Hombres;2023;94
25049 Bellmunt d'Urgell;Hombres;2022;90
25049 Bellmunt d'Urgell;Hombres;2021;90
25049 Bellmunt d'Urgell;Hombres;2020;90
25049 Bellmunt d'Urgell;Hombres;2019;89
25049 Bellmunt d'Urgell;Hombres;2018;94
25049 Bellmunt d'Urgell;Hombres;2017;92
25049 Bellmunt d'Urgell;Hombres;2016;90
25049 Bellmunt d'Urgell;Hombres;2015;93
25049 Bellmunt d'Urgell;Hombres;2014;95
25049 Bellmunt d'Urgell;Hombres;2013;97
25049 Bellmunt d'Urgell;Hombres;2012;93
25049 Bellmunt d'Urgell;Hombres;2011;95
25049 Bellmunt d'Urgell;Hombres;2010;98
25049 Bellmunt d'Urgell;Hombres;2009;104
25049 Bellmunt d'Urgell;Hombres;2008;103
25049 Bellmunt d'Urgell;Hombres;2007;104
25049 Bellmunt d'Urgell;Hombres;2006;108
25049 Bellmunt d'Urgell;Hombres;2005;108
25049 Bellmunt d'Urgell;Hombres;2004;107
25049 Bellmunt d'Urgell;Hombres;2003;112
25049 Bellmunt d'Urgell;Hombres;2002;113
25049 Bellmunt d'Urgell;Hombres;2001;112
25049 Bellmunt d'Urgell;Hombres;2000;113
25049 Bellmunt d'Urgell;Hombres;1999;115
25049 Bellmunt d'Urgell;Hombres;1998;117
25049 Bellmunt d'Urgell;Hombres;1997;""
25049 Bellmunt d'Urgell;Hombres;1996;116
25049 Bellmunt d'Urgell;Mujeres;2025;83
25049 Bellmunt d'Urgell;Mujeres;2024;85
25049 Bellmunt d'Urgell;Mujeres;2023;82
25049 Bellmunt d'Urgell;Mujeres;2022;88
25049 Bellmunt d'Urgell;Mujeres;2021;92
25049 Bellmunt d'Urgell;Mujeres;2020;95
25049 Bellmunt d'Urgell;Mujeres;2019;96
25049 Bellmunt d'Urgell;Mujeres;2018;99
25049 Bellmunt d'Urgell;Mujeres;2017;96
25049 Bellmunt d'Urgell;Mujeres;2016;98
25049 Bellmunt d'Urgell;Mujeres;2015;95
25049 Bellmunt d'Urgell;Mujeres;2014;97
25049 Bellmunt d'Urgell;Mujeres;2013;101
25049 Bellmunt d'Urgell;Mujeres;2012;103
25049 Bellmunt d'Urgell;Mujeres;2011;107
25049 Bellmunt d'Urgell;Mujeres;2010;113
25049 Bellmunt d'Urgell;Mujeres;2009;111
25049 Bellmunt d'Urgell;Mujeres;2008;112
25049 Bellmunt d'Urgell;Mujeres;2007;109
25049 Bellmunt d'Urgell;Mujeres;2006;117
25049 Bellmunt d'Urgell;Mujeres;2005;120
25049 Bellmunt d'Urgell;Mujeres;2004;119
25049 Bellmunt d'Urgell;Mujeres;2003;120
25049 Bellmunt d'Urgell;Mujeres;2002;122
25049 Bellmunt d'Urgell;Mujeres;2001;119
25049 Bellmunt d'Urgell;Mujeres;2000;118
25049 Bellmunt d'Urgell;Mujeres;1999;115
25049 Bellmunt d'Urgell;Mujeres;1998;116
25049 Bellmunt d'Urgell;Mujeres;1997;""
25049 Bellmunt d'Urgell;Mujeres;1996;117
25050 Bellpuig;Total;2025;5.510
25050 Bellpuig;Total;2024;5.276
25050 Bellpuig;Total;2023;5.150
25050 Bellpuig;Total;2022;5.168
25050 Bellpuig;Total;2021;5.151
25050 Bellpuig;Total;2020;5.218
25050 Bellpuig;Total;2019;5.133
25050 Bellpuig;Total;2018;5.060
25050 Bellpuig;Total;2017;4.985
25050 Bellpuig;Total;2016;5.005
25050 Bellpuig;Total;2015;4.989
25050 Bellpuig;Total;2014;4.956
25050 Bellpuig;Total;2013;5.001
25050 Bellpuig;Total;2012;4.975
25050 Bellpuig;Total;2011;5.000
25050 Bellpuig;Total;2010;4.942
25050 Bellpuig;Total;2009;4.940
25050 Bellpuig;Total;2008;4.798
25050 Bellpuig;Total;2007;4.576
25050 Bellpuig;Total;2006;4.454
25050 Bellpuig;Total;2005;4.376
25050 Bellpuig;Total;2004;4.243
25050 Bellpuig;Total;2003;4.224
25050 Bellpuig;Total;2002;4.200
25050 Bellpuig;Total;2001;4.110
25050 Bellpuig;Total;2000;4.041
25050 Bellpuig;Total;1999;3.984
25050 Bellpuig;Total;1998;3.956
25050 Bellpuig;Total;1997;""
25050 Bellpuig;Total;1996;3.927
25050 Bellpuig;Hombres;2025;3.002
25050 Bellpuig;Hombres;2024;2.828
25050 Bellpuig;Hombres;2023;2.726
25050 Bellpuig;Hombres;2022;2.756
25050 Bellpuig;Hombres;2021;2.737
25050 Bellpuig;Hombres;2020;2.774
25050 Bellpuig;Hombres;2019;2.705
25050 Bellpuig;Hombres;2018;2.635
25050 Bellpuig;Hombres;2017;2.591
25050 Bellpuig;Hombres;2016;2.600
25050 Bellpuig;Hombres;2015;2.590
25050 Bellpuig;Hombres;2014;2.558
25050 Bellpuig;Hombres;2013;2.589
25050 Bellpuig;Hombres;2012;2.582
25050 Bellpuig;Hombres;2011;2.615
25050 Bellpuig;Hombres;2010;2.573
25050 Bellpuig;Hombres;2009;2.577
25050 Bellpuig;Hombres;2008;2.499
25050 Bellpuig;Hombres;2007;2.371
25050 Bellpuig;Hombres;2006;2.307
25050 Bellpuig;Hombres;2005;2.259
25050 Bellpuig;Hombres;2004;2.149
25050 Bellpuig;Hombres;2003;2.144
25050 Bellpuig;Hombres;2002;2.127
25050 Bellpuig;Hombres;2001;2.060
25050 Bellpuig;Hombres;2000;2.009
25050 Bellpuig;Hombres;1999;1.979
25050 Bellpuig;Hombres;1998;1.966
25050 Bellpuig;Hombres;1997;""
25050 Bellpuig;Hombres;1996;1.941
25050 Bellpuig;Mujeres;2025;2.508
25050 Bellpuig;Mujeres;2024;2.448
25050 Bellpuig;Mujeres;2023;2.424
25050 Bellpuig;Mujeres;2022;2.412
25050 Bellpuig;Mujeres;2021;2.414
25050 Bellpuig;Mujeres;2020;2.444
25050 Bellpuig;Mujeres;2019;2.428
25050 Bellpuig;Mujeres;2018;2.425
25050 Bellpuig;Mujeres;2017;2.394
25050 Bellpuig;Mujeres;2016;2.405
25050 Bellpuig;Mujeres;2015;2.399
25050 Bellpuig;Mujeres;2014;2.398
25050 Bellpuig;Mujeres;2013;2.412
25050 Bellpuig;Mujeres;2012;2.393
25050 Bellpuig;Mujeres;2011;2.385
25050 Bellpuig;Mujeres;2010;2.369
25050 Bellpuig;Mujeres;2009;2.363
25050 Bellpuig;Mujeres;2008;2.299
25050 Bellpuig;Mujeres;2007;2.205
25050 Bellpuig;Mujeres;2006;2.147
25050 Bellpuig;Mujeres;2005;2.117
25050 Bellpuig;Mujeres;2004;2.094
25050 Bellpuig;Mujeres;2003;2.080
25050 Bellpuig;Mujeres;2002;2.073
25050 Bellpuig;Mujeres;2001;2.050
25050 Bellpuig;Mujeres;2000;2.032
25050 Bellpuig;Mujeres;1999;2.005
25050 Bellpuig;Mujeres;1998;1.990
25050 Bellpuig;Mujeres;1997;""
25050 Bellpuig;Mujeres;1996;1.986
25051 Bellver de Cerdanya;Total;2025;2.289
25051 Bellver de Cerdanya;Total;2024;2.260
25051 Bellver de Cerdanya;Total;2023;2.250
25051 Bellver de Cerdanya;Total;2022;2.176
25051 Bellver de Cerdanya;Total;2021;2.135
25051 Bellver de Cerdanya;Total;2020;2.005
25051 Bellver de Cerdanya;Total;2019;1.937
25051 Bellver de Cerdanya;Total;2018;1.979
25051 Bellver de Cerdanya;Total;2017;1.973
25051 Bellver de Cerdanya;Total;2016;1.995
25051 Bellver de Cerdanya;Total;2015;2.028
25051 Bellver de Cerdanya;Total;2014;2.075
25051 Bellver de Cerdanya;Total;2013;2.185
25051 Bellver de Cerdanya;Total;2012;2.300
25051 Bellver de Cerdanya;Total;2011;2.260
25051 Bellver de Cerdanya;Total;2010;2.260
25051 Bellver de Cerdanya;Total;2009;2.231
25051 Bellver de Cerdanya;Total;2008;2.132
25051 Bellver de Cerdanya;Total;2007;2.014
25051 Bellver de Cerdanya;Total;2006;1.906
25051 Bellver de Cerdanya;Total;2005;1.809
25051 Bellver de Cerdanya;Total;2004;1.738
25051 Bellver de Cerdanya;Total;2003;1.689
25051 Bellver de Cerdanya;Total;2002;1.673
25051 Bellver de Cerdanya;Total;2001;1.627
25051 Bellver de Cerdanya;Total;2000;1.614
25051 Bellver de Cerdanya;Total;1999;1.548
25051 Bellver de Cerdanya;Total;1998;1.598
25051 Bellver de Cerdanya;Total;1997;""
25051 Bellver de Cerdanya;Total;1996;1.535
25051 Bellver de Cerdanya;Hombres;2025;1.174
25051 Bellver de Cerdanya;Hombres;2024;1.165
25051 Bellver de Cerdanya;Hombres;2023;1.155
25051 Bellver de Cerdanya;Hombres;2022;1.129
25051 Bellver de Cerdanya;Hombres;2021;1.106
25051 Bellver de Cerdanya;Hombres;2020;1.035
25051 Bellver de Cerdanya;Hombres;2019;1.009
25051 Bellver de Cerdanya;Hombres;2018;1.021
25051 Bellver de Cerdanya;Hombres;2017;1.014
25051 Bellver de Cerdanya;Hombres;2016;1.034
25051 Bellver de Cerdanya;Hombres;2015;1.051
25051 Bellver de Cerdanya;Hombres;2014;1.086
25051 Bellver de Cerdanya;Hombres;2013;1.150
25051 Bellver de Cerdanya;Hombres;2012;1.207
25051 Bellver de Cerdanya;Hombres;2011;1.175
25051 Bellver de Cerdanya;Hombres;2010;1.181
25051 Bellver de Cerdanya;Hombres;2009;1.181
25051 Bellver de Cerdanya;Hombres;2008;1.129
25051 Bellver de Cerdanya;Hombres;2007;1.064
25051 Bellver de Cerdanya;Hombres;2006;1.002
25051 Bellver de Cerdanya;Hombres;2005;953
25051 Bellver de Cerdanya;Hombres;2004;915
25051 Bellver de Cerdanya;Hombres;2003;897
25051 Bellver de Cerdanya;Hombres;2002;887
25051 Bellver de Cerdanya;Hombres;2001;868
25051 Bellver de Cerdanya;Hombres;2000;861
25051 Bellver de Cerdanya;Hombres;1999;817
25051 Bellver de Cerdanya;Hombres;1998;838
25051 Bellver de Cerdanya;Hombres;1997;""
25051 Bellver de Cerdanya;Hombres;1996;802
25051 Bellver de Cerdanya;Mujeres;2025;1.115
25051 Bellver de Cerdanya;Mujeres;2024;1.095
25051 Bellver de Cerdanya;Mujeres;2023;1.095
25051 Bellver de Cerdanya;Mujeres;2022;1.047
25051 Bellver de Cerdanya;Mujeres;2021;1.029
25051 Bellver de Cerdanya;Mujeres;2020;970
25051 Bellver de Cerdanya;Mujeres;2019;928
25051 Bellver de Cerdanya;Mujeres;2018;958
25051 Bellver de Cerdanya;Mujeres;2017;959
25051 Bellver de Cerdanya;Mujeres;2016;961
25051 Bellver de Cerdanya;Mujeres;2015;977
25051 Bellver de Cerdanya;Mujeres;2014;989
25051 Bellver de Cerdanya;Mujeres;2013;1.035
25051 Bellver de Cerdanya;Mujeres;2012;1.093
25051 Bellver de Cerdanya;Mujeres;2011;1.085
25051 Bellver de Cerdanya;Mujeres;2010;1.079
25051 Bellver de Cerdanya;Mujeres;2009;1.050
25051 Bellver de Cerdanya;Mujeres;2008;1.003
25051 Bellver de Cerdanya;Mujeres;2007;950
25051 Bellver de Cerdanya;Mujeres;2006;904
25051 Bellver de Cerdanya;Mujeres;2005;856
25051 Bellver de Cerdanya;Mujeres;2004;823
25051 Bellver de Cerdanya;Mujeres;2003;792
25051 Bellver de Cerdanya;Mujeres;2002;786
25051 Bellver de Cerdanya;Mujeres;2001;759
25051 Bellver de Cerdanya;Mujeres;2000;753
25051 Bellver de Cerdanya;Mujeres;1999;731
25051 Bellver de Cerdanya;Mujeres;1998;760
25051 Bellver de Cerdanya;Mujeres;1997;""
25051 Bellver de Cerdanya;Mujeres;1996;733
25052 Bellvís;Total;2025;2.249
25052 Bellvís;Total;2024;2.269
25052 Bellvís;Total;2023;2.263
25052 Bellvís;Total;2022;2.243
25052 Bellvís;Total;2021;2.258
25052 Bellvís;Total;2020;2.260
25052 Bellvís;Total;2019;2.255
25052 Bellvís;Total;2018;2.266
25052 Bellvís;Total;2017;2.276
25052 Bellvís;Total;2016;2.264
25052 Bellvís;Total;2015;2.270
25052 Bellvís;Total;2014;2.342
25052 Bellvís;Total;2013;2.371
25052 Bellvís;Total;2012;2.391
25052 Bellvís;Total;2011;2.404
25052 Bellvís;Total;2010;2.506
25052 Bellvís;Total;2009;2.481
25052 Bellvís;Total;2008;2.468
25052 Bellvís;Total;2007;2.428
25052 Bellvís;Total;2006;2.360
25052 Bellvís;Total;2005;2.294
25052 Bellvís;Total;2004;2.207
25052 Bellvís;Total;2003;2.137
25052 Bellvís;Total;2002;2.174
25052 Bellvís;Total;2001;2.146
25052 Bellvís;Total;2000;2.173
25052 Bellvís;Total;1999;2.165
25052 Bellvís;Total;1998;2.171
25052 Bellvís;Total;1997;""
25052 Bellvís;Total;1996;2.161
25052 Bellvís;Hombres;2025;1.173
25052 Bellvís;Hombres;2024;1.175
25052 Bellvís;Hombres;2023;1.160
25052 Bellvís;Hombres;2022;1.141
25052 Bellvís;Hombres;2021;1.153
25052 Bellvís;Hombres;2020;1.159
25052 Bellvís;Hombres;2019;1.149
25052 Bellvís;Hombres;2018;1.149
25052 Bellvís;Hombres;2017;1.157
25052 Bellvís;Hombres;2016;1.150
25052 Bellvís;Hombres;2015;1.141
25052 Bellvís;Hombres;2014;1.184
25052 Bellvís;Hombres;2013;1.188
25052 Bellvís;Hombres;2012;1.213
25052 Bellvís;Hombres;2011;1.212
25052 Bellvís;Hombres;2010;1.289
25052 Bellvís;Hombres;2009;1.285
25052 Bellvís;Hombres;2008;1.278
25052 Bellvís;Hombres;2007;1.243
25052 Bellvís;Hombres;2006;1.228
25052 Bellvís;Hombres;2005;1.184
25052 Bellvís;Hombres;2004;1.127
25052 Bellvís;Hombres;2003;1.081
25052 Bellvís;Hombres;2002;1.091
25052 Bellvís;Hombres;2001;1.067
25052 Bellvís;Hombres;2000;1.067
25052 Bellvís;Hombres;1999;1.055
25052 Bellvís;Hombres;1998;1.063
25052 Bellvís;Hombres;1997;""
25052 Bellvís;Hombres;1996;1.073
25052 Bellvís;Mujeres;2025;1.076
25052 Bellvís;Mujeres;2024;1.094
25052 Bellvís;Mujeres;2023;1.103
25052 Bellvís;Mujeres;2022;1.102
25052 Bellvís;Mujeres;2021;1.105
25052 Bellvís;Mujeres;2020;1.101
25052 Bellvís;Mujeres;2019;1.106
25052 Bellvís;Mujeres;2018;1.117
25052 Bellvís;Mujeres;2017;1.119
25052 Bellvís;Mujeres;2016;1.114
25052 Bellvís;Mujeres;2015;1.129
25052 Bellvís;Mujeres;2014;1.158
25052 Bellvís;Mujeres;2013;1.183
25052 Bellvís;Mujeres;2012;1.178
25052 Bellvís;Mujeres;2011;1.192
25052 Bellvís;Mujeres;2010;1.217
25052 Bellvís;Mujeres;2009;1.196
25052 Bellvís;Mujeres;2008;1.190
25052 Bellvís;Mujeres;2007;1.185
25052 Bellvís;Mujeres;2006;1.132
25052 Bellvís;Mujeres;2005;1.110
25052 Bellvís;Mujeres;2004;1.080
25052 Bellvís;Mujeres;2003;1.056
25052 Bellvís;Mujeres;2002;1.083
25052 Bellvís;Mujeres;2001;1.079
25052 Bellvís;Mujeres;2000;1.106
25052 Bellvís;Mujeres;1999;1.110
25052 Bellvís;Mujeres;1998;1.108
25052 Bellvís;Mujeres;1997;""
25052 Bellvís;Mujeres;1996;1.088
25053 Benavent de Segrià;Total;2025;1.571
25053 Benavent de Segrià;Total;2024;1.578
25053 Benavent de Segrià;Total;2023;1.579
25053 Benavent de Segrià;Total;2022;1.563
25053 Benavent de Segrià;Total;2021;1.533
25053 Benavent de Segrià;Total;2020;1.518
25053 Benavent de Segrià;Total;2019;1.499
25053 Benavent de Segrià;Total;2018;1.468
25053 Benavent de Segrià;Total;2017;1.442
25053 Benavent de Segrià;Total;2016;1.482
25053 Benavent de Segrià;Total;2015;1.506
25053 Benavent de Segrià;Total;2014;1.516
25053 Benavent de Segrià;Total;2013;1.527
25053 Benavent de Segrià;Total;2012;1.540
25053 Benavent de Segrià;Total;2011;1.553
25053 Benavent de Segrià;Total;2010;1.522
25053 Benavent de Segrià;Total;2009;1.489
25053 Benavent de Segrià;Total;2008;1.445
25053 Benavent de Segrià;Total;2007;1.365
25053 Benavent de Segrià;Total;2006;1.249
25053 Benavent de Segrià;Total;2005;1.217
25053 Benavent de Segrià;Total;2004;1.178
25053 Benavent de Segrià;Total;2003;1.077
25053 Benavent de Segrià;Total;2002;1.003
25053 Benavent de Segrià;Total;2001;943
25053 Benavent de Segrià;Total;2000;904
25053 Benavent de Segrià;Total;1999;868
25053 Benavent de Segrià;Total;1998;852
25053 Benavent de Segrià;Total;1997;""
25053 Benavent de Segrià;Total;1996;786
25053 Benavent de Segrià;Hombres;2025;824
25053 Benavent de Segrià;Hombres;2024;828
25053 Benavent de Segrià;Hombres;2023;831
25053 Benavent de Segrià;Hombres;2022;822
25053 Benavent de Segrià;Hombres;2021;810
25053 Benavent de Segrià;Hombres;2020;806
25053 Benavent de Segrià;Hombres;2019;781
25053 Benavent de Segrià;Hombres;2018;768
25053 Benavent de Segrià;Hombres;2017;753
25053 Benavent de Segrià;Hombres;2016;772
25053 Benavent de Segrià;Hombres;2015;780
25053 Benavent de Segrià;Hombres;2014;792
25053 Benavent de Segrià;Hombres;2013;795
25053 Benavent de Segrià;Hombres;2012;798
25053 Benavent de Segrià;Hombres;2011;809
25053 Benavent de Segrià;Hombres;2010;784
25053 Benavent de Segrià;Hombres;2009;767
25053 Benavent de Segrià;Hombres;2008;747
25053 Benavent de Segrià;Hombres;2007;721
25053 Benavent de Segrià;Hombres;2006;650
25053 Benavent de Segrià;Hombres;2005;629
25053 Benavent de Segrià;Hombres;2004;607
25053 Benavent de Segrià;Hombres;2003;559
25053 Benavent de Segrià;Hombres;2002;528
25053 Benavent de Segrià;Hombres;2001;489
25053 Benavent de Segrià;Hombres;2000;469
25053 Benavent de Segrià;Hombres;1999;454
25053 Benavent de Segrià;Hombres;1998;448
25053 Benavent de Segrià;Hombres;1997;""
25053 Benavent de Segrià;Hombres;1996;407
25053 Benavent de Segrià;Mujeres;2025;747
25053 Benavent de Segrià;Mujeres;2024;750
25053 Benavent de Segrià;Mujeres;2023;748
25053 Benavent de Segrià;Mujeres;2022;741
25053 Benavent de Segrià;Mujeres;2021;723
25053 Benavent de Segrià;Mujeres;2020;712
25053 Benavent de Segrià;Mujeres;2019;718
25053 Benavent de Segrià;Mujeres;2018;700
25053 Benavent de Segrià;Mujeres;2017;689
25053 Benavent de Segrià;Mujeres;2016;710
25053 Benavent de Segrià;Mujeres;2015;726
25053 Benavent de Segrià;Mujeres;2014;724
25053 Benavent de Segrià;Mujeres;2013;732
25053 Benavent de Segrià;Mujeres;2012;742
25053 Benavent de Segrià;Mujeres;2011;744
25053 Benavent de Segrià;Mujeres;2010;738
25053 Benavent de Segrià;Mujeres;2009;722
25053 Benavent de Segrià;Mujeres;2008;698
25053 Benavent de Segrià;Mujeres;2007;644
25053 Benavent de Segrià;Mujeres;2006;599
25053 Benavent de Segrià;Mujeres;2005;588
25053 Benavent de Segrià;Mujeres;2004;571
25053 Benavent de Segrià;Mujeres;2003;518
25053 Benavent de Segrià;Mujeres;2002;475
25053 Benavent de Segrià;Mujeres;2001;454
25053 Benavent de Segrià;Mujeres;2000;435
25053 Benavent de Segrià;Mujeres;1999;414
25053 Benavent de Segrià;Mujeres;1998;404
25053 Benavent de Segrià;Mujeres;1997;""
25053 Benavent de Segrià;Mujeres;1996;379
25055 Biosca;Total;2025;185
25055 Biosca;Total;2024;176
25055 Biosca;Total;2023;184
25055 Biosca;Total;2022;182
25055 Biosca;Total;2021;178
25055 Biosca;Total;2020;177
25055 Biosca;Total;2019;176
25055 Biosca;Total;2018;181
25055 Biosca;Total;2017;186
25055 Biosca;Total;2016;187
25055 Biosca;Total;2015;199
25055 Biosca;Total;2014;197
25055 Biosca;Total;2013;202
25055 Biosca;Total;2012;213
25055 Biosca;Total;2011;222
25055 Biosca;Total;2010;216
25055 Biosca;Total;2009;222
25055 Biosca;Total;2008;221
25055 Biosca;Total;2007;228
25055 Biosca;Total;2006;228
25055 Biosca;Total;2005;235
25055 Biosca;Total;2004;238
25055 Biosca;Total;2003;241
25055 Biosca;Total;2002;245
25055 Biosca;Total;2001;247
25055 Biosca;Total;2000;247
25055 Biosca;Total;1999;253
25055 Biosca;Total;1998;268
25055 Biosca;Total;1997;""
25055 Biosca;Total;1996;265
25055 Biosca;Hombres;2025;102
25055 Biosca;Hombres;2024;96
25055 Biosca;Hombres;2023;101
25055 Biosca;Hombres;2022;99
25055 Biosca;Hombres;2021;96
25055 Biosca;Hombres;2020;94
25055 Biosca;Hombres;2019;94
25055 Biosca;Hombres;2018;97
25055 Biosca;Hombres;2017;99
25055 Biosca;Hombres;2016;99
25055 Biosca;Hombres;2015;104
25055 Biosca;Hombres;2014;106
25055 Biosca;Hombres;2013;110
25055 Biosca;Hombres;2012;115
25055 Biosca;Hombres;2011;123
25055 Biosca;Hombres;2010;122
25055 Biosca;Hombres;2009;122
25055 Biosca;Hombres;2008;119
25055 Biosca;Hombres;2007;121
25055 Biosca;Hombres;2006;120
25055 Biosca;Hombres;2005;120
25055 Biosca;Hombres;2004;124
25055 Biosca;Hombres;2003;125
25055 Biosca;Hombres;2002;125
25055 Biosca;Hombres;2001;124
25055 Biosca;Hombres;2000;126
25055 Biosca;Hombres;1999;129
25055 Biosca;Hombres;1998;135
25055 Biosca;Hombres;1997;""
25055 Biosca;Hombres;1996;130
25055 Biosca;Mujeres;2025;83
25055 Biosca;Mujeres;2024;80
25055 Biosca;Mujeres;2023;83
25055 Biosca;Mujeres;2022;83
25055 Biosca;Mujeres;2021;82
25055 Biosca;Mujeres;2020;83
25055 Biosca;Mujeres;2019;82
25055 Biosca;Mujeres;2018;84
25055 Biosca;Mujeres;2017;87
25055 Biosca;Mujeres;2016;88
25055 Biosca;Mujeres;2015;95
25055 Biosca;Mujeres;2014;91
25055 Biosca;Mujeres;2013;92
25055 Biosca;Mujeres;2012;98
25055 Biosca;Mujeres;2011;99
25055 Biosca;Mujeres;2010;94
25055 Biosca;Mujeres;2009;100
25055 Biosca;Mujeres;2008;102
25055 Biosca;Mujeres;2007;107
25055 Biosca;Mujeres;2006;108
25055 Biosca;Mujeres;2005;115
25055 Biosca;Mujeres;2004;114
25055 Biosca;Mujeres;2003;116
25055 Biosca;Mujeres;2002;120
25055 Biosca;Mujeres;2001;123
25055 Biosca;Mujeres;2000;121
25055 Biosca;Mujeres;1999;124
25055 Biosca;Mujeres;1998;133
25055 Biosca;Mujeres;1997;""
25055 Biosca;Mujeres;1996;135
25058 Borges Blanques, Les;Total;2025;6.482
25058 Borges Blanques, Les;Total;2024;6.379
25058 Borges Blanques, Les;Total;2023;6.215
25058 Borges Blanques, Les;Total;2022;6.248
25058 Borges Blanques, Les;Total;2021;6.195
25058 Borges Blanques, Les;Total;2020;6.173
25058 Borges Blanques, Les;Total;2019;6.087
25058 Borges Blanques, Les;Total;2018;6.002
25058 Borges Blanques, Les;Total;2017;6.005
25058 Borges Blanques, Les;Total;2016;6.000
25058 Borges Blanques, Les;Total;2015;6.019
25058 Borges Blanques, Les;Total;2014;6.088
25058 Borges Blanques, Les;Total;2013;6.103
25058 Borges Blanques, Les;Total;2012;6.060
25058 Borges Blanques, Les;Total;2011;6.034
25058 Borges Blanques, Les;Total;2010;6.049
25058 Borges Blanques, Les;Total;2009;6.058
25058 Borges Blanques, Les;Total;2008;5.942
25058 Borges Blanques, Les;Total;2007;5.734
25058 Borges Blanques, Les;Total;2006;5.606
25058 Borges Blanques, Les;Total;2005;5.519
25058 Borges Blanques, Les;Total;2004;5.425
25058 Borges Blanques, Les;Total;2003;5.365
25058 Borges Blanques, Les;Total;2002;5.313
25058 Borges Blanques, Les;Total;2001;5.284
25058 Borges Blanques, Les;Total;2000;5.212
25058 Borges Blanques, Les;Total;1999;5.181
25058 Borges Blanques, Les;Total;1998;5.181
25058 Borges Blanques, Les;Total;1997;""
25058 Borges Blanques, Les;Total;1996;5.190
25058 Borges Blanques, Les;Hombres;2025;3.329
25058 Borges Blanques, Les;Hombres;2024;3.268
25058 Borges Blanques, Les;Hombres;2023;3.171
25058 Borges Blanques, Les;Hombres;2022;3.188
25058 Borges Blanques, Les;Hombres;2021;3.167
25058 Borges Blanques, Les;Hombres;2020;3.152
25058 Borges Blanques, Les;Hombres;2019;3.105
25058 Borges Blanques, Les;Hombres;2018;3.054
25058 Borges Blanques, Les;Hombres;2017;3.068
25058 Borges Blanques, Les;Hombres;2016;3.062
25058 Borges Blanques, Les;Hombres;2015;3.051
25058 Borges Blanques, Les;Hombres;2014;3.094
25058 Borges Blanques, Les;Hombres;2013;3.122
25058 Borges Blanques, Les;Hombres;2012;3.095
25058 Borges Blanques, Les;Hombres;2011;3.078
25058 Borges Blanques, Les;Hombres;2010;3.087
25058 Borges Blanques, Les;Hombres;2009;3.100
25058 Borges Blanques, Les;Hombres;2008;3.025
25058 Borges Blanques, Les;Hombres;2007;2.906
25058 Borges Blanques, Les;Hombres;2006;2.835
25058 Borges Blanques, Les;Hombres;2005;2.799
25058 Borges Blanques, Les;Hombres;2004;2.731
25058 Borges Blanques, Les;Hombres;2003;2.696
25058 Borges Blanques, Les;Hombres;2002;2.659
25058 Borges Blanques, Les;Hombres;2001;2.644
25058 Borges Blanques, Les;Hombres;2000;2.601
25058 Borges Blanques, Les;Hombres;1999;2.568
25058 Borges Blanques, Les;Hombres;1998;2.568
25058 Borges Blanques, Les;Hombres;1997;""
25058 Borges Blanques, Les;Hombres;1996;2.570
25058 Borges Blanques, Les;Mujeres;2025;3.153
25058 Borges Blanques, Les;Mujeres;2024;3.111
25058 Borges Blanques, Les;Mujeres;2023;3.044
25058 Borges Blanques, Les;Mujeres;2022;3.060
25058 Borges Blanques, Les;Mujeres;2021;3.028
25058 Borges Blanques, Les;Mujeres;2020;3.021
25058 Borges Blanques, Les;Mujeres;2019;2.982
25058 Borges Blanques, Les;Mujeres;2018;2.948
25058 Borges Blanques, Les;Mujeres;2017;2.937
25058 Borges Blanques, Les;Mujeres;2016;2.938
25058 Borges Blanques, Les;Mujeres;2015;2.968
25058 Borges Blanques, Les;Mujeres;2014;2.994
25058 Borges Blanques, Les;Mujeres;2013;2.981
25058 Borges Blanques, Les;Mujeres;2012;2.965
25058 Borges Blanques, Les;Mujeres;2011;2.956
25058 Borges Blanques, Les;Mujeres;2010;2.962
25058 Borges Blanques, Les;Mujeres;2009;2.958
25058 Borges Blanques, Les;Mujeres;2008;2.917
25058 Borges Blanques, Les;Mujeres;2007;2.828
25058 Borges Blanques, Les;Mujeres;2006;2.771
25058 Borges Blanques, Les;Mujeres;2005;2.720
25058 Borges Blanques, Les;Mujeres;2004;2.694
25058 Borges Blanques, Les;Mujeres;2003;2.669
25058 Borges Blanques, Les;Mujeres;2002;2.654
25058 Borges Blanques, Les;Mujeres;2001;2.640
25058 Borges Blanques, Les;Mujeres;2000;2.611
25058 Borges Blanques, Les;Mujeres;1999;2.613
25058 Borges Blanques, Les;Mujeres;1998;2.613
25058 Borges Blanques, Les;Mujeres;1997;""
25058 Borges Blanques, Les;Mujeres;1996;2.620
25059 Bossòst;Total;2025;1.189
25059 Bossòst;Total;2024;1.141
25059 Bossòst;Total;2023;1.137
25059 Bossòst;Total;2022;1.121
25059 Bossòst;Total;2021;1.120
25059 Bossòst;Total;2020;1.115
25059 Bossòst;Total;2019;1.109
25059 Bossòst;Total;2018;1.110
25059 Bossòst;Total;2017;1.120
25059 Bossòst;Total;2016;1.123
25059 Bossòst;Total;2015;1.137
25059 Bossòst;Total;2014;1.140
25059 Bossòst;Total;2013;1.187
25059 Bossòst;Total;2012;1.179
25059 Bossòst;Total;2011;1.168
25059 Bossòst;Total;2010;1.184
25059 Bossòst;Total;2009;1.219
25059 Bossòst;Total;2008;1.202
25059 Bossòst;Total;2007;1.115
25059 Bossòst;Total;2006;1.043
25059 Bossòst;Total;2005;1.021
25059 Bossòst;Total;2004;1.015
25059 Bossòst;Total;2003;1.011
25059 Bossòst;Total;2002;966
25059 Bossòst;Total;2001;924
25059 Bossòst;Total;2000;866
25059 Bossòst;Total;1999;847
25059 Bossòst;Total;1998;821
25059 Bossòst;Total;1997;""
25059 Bossòst;Total;1996;822
25059 Bossòst;Hombres;2025;594
25059 Bossòst;Hombres;2024;563
25059 Bossòst;Hombres;2023;555
25059 Bossòst;Hombres;2022;544
25059 Bossòst;Hombres;2021;546
25059 Bossòst;Hombres;2020;544
25059 Bossòst;Hombres;2019;542
25059 Bossòst;Hombres;2018;544
25059 Bossòst;Hombres;2017;546
25059 Bossòst;Hombres;2016;555
25059 Bossòst;Hombres;2015;555
25059 Bossòst;Hombres;2014;569
25059 Bossòst;Hombres;2013;596
25059 Bossòst;Hombres;2012;591
25059 Bossòst;Hombres;2011;601
25059 Bossòst;Hombres;2010;608
25059 Bossòst;Hombres;2009;635
25059 Bossòst;Hombres;2008;624
25059 Bossòst;Hombres;2007;584
25059 Bossòst;Hombres;2006;539
25059 Bossòst;Hombres;2005;533
25059 Bossòst;Hombres;2004;525
25059 Bossòst;Hombres;2003;520
25059 Bossòst;Hombres;2002;498
25059 Bossòst;Hombres;2001;475
25059 Bossòst;Hombres;2000;434
25059 Bossòst;Hombres;1999;430
25059 Bossòst;Hombres;1998;415
25059 Bossòst;Hombres;1997;""
25059 Bossòst;Hombres;1996;407
25059 Bossòst;Mujeres;2025;595
25059 Bossòst;Mujeres;2024;578
25059 Bossòst;Mujeres;2023;582
25059 Bossòst;Mujeres;2022;577
25059 Bossòst;Mujeres;2021;574
25059 Bossòst;Mujeres;2020;571
25059 Bossòst;Mujeres;2019;567
25059 Bossòst;Mujeres;2018;566
25059 Bossòst;Mujeres;2017;574
25059 Bossòst;Mujeres;2016;568
25059 Bossòst;Mujeres;2015;582
25059 Bossòst;Mujeres;2014;571
25059 Bossòst;Mujeres;2013;591
25059 Bossòst;Mujeres;2012;588
25059 Bossòst;Mujeres;2011;567
25059 Bossòst;Mujeres;2010;576
25059 Bossòst;Mujeres;2009;584
25059 Bossòst;Mujeres;2008;578
25059 Bossòst;Mujeres;2007;531
25059 Bossòst;Mujeres;2006;504
25059 Bossòst;Mujeres;2005;488
25059 Bossòst;Mujeres;2004;490
25059 Bossòst;Mujeres;2003;491
25059 Bossòst;Mujeres;2002;468
25059 Bossòst;Mujeres;2001;449
25059 Bossòst;Mujeres;2000;432
25059 Bossòst;Mujeres;1999;417
25059 Bossòst;Mujeres;1998;406
25059 Bossòst;Mujeres;1997;""
25059 Bossòst;Mujeres;1996;415
25056 Bovera;Total;2025;244
25056 Bovera;Total;2024;247
25056 Bovera;Total;2023;258
25056 Bovera;Total;2022;263
25056 Bovera;Total;2021;261
25056 Bovera;Total;2020;248
25056 Bovera;Total;2019;247
25056 Bovera;Total;2018;257
25056 Bovera;Total;2017;266
25056 Bovera;Total;2016;267
25056 Bovera;Total;2015;275
25056 Bovera;Total;2014;290
25056 Bovera;Total;2013;291
25056 Bovera;Total;2012;315
25056 Bovera;Total;2011;332
25056 Bovera;Total;2010;341
25056 Bovera;Total;2009;353
25056 Bovera;Total;2008;357
25056 Bovera;Total;2007;364
25056 Bovera;Total;2006;371
25056 Bovera;Total;2005;377
25056 Bovera;Total;2004;383
25056 Bovera;Total;2003;378
25056 Bovera;Total;2002;385
25056 Bovera;Total;2001;393
25056 Bovera;Total;2000;396
25056 Bovera;Total;1999;405
25056 Bovera;Total;1998;408
25056 Bovera;Total;1997;""
25056 Bovera;Total;1996;426
25056 Bovera;Hombres;2025;136
25056 Bovera;Hombres;2024;130
25056 Bovera;Hombres;2023;138
25056 Bovera;Hombres;2022;146
25056 Bovera;Hombres;2021;147
25056 Bovera;Hombres;2020;138
25056 Bovera;Hombres;2019;133
25056 Bovera;Hombres;2018;139
25056 Bovera;Hombres;2017;147
25056 Bovera;Hombres;2016;147
25056 Bovera;Hombres;2015;152
25056 Bovera;Hombres;2014;157
25056 Bovera;Hombres;2013;157
25056 Bovera;Hombres;2012;166
25056 Bovera;Hombres;2011;175
25056 Bovera;Hombres;2010;177
25056 Bovera;Hombres;2009;186
25056 Bovera;Hombres;2008;182
25056 Bovera;Hombres;2007;186
25056 Bovera;Hombres;2006;188
25056 Bovera;Hombres;2005;191
25056 Bovera;Hombres;2004;193
25056 Bovera;Hombres;2003;187
25056 Bovera;Hombres;2002;191
25056 Bovera;Hombres;2001;198
25056 Bovera;Hombres;2000;202
25056 Bovera;Hombres;1999;207
25056 Bovera;Hombres;1998;209
25056 Bovera;Hombres;1997;""
25056 Bovera;Hombres;1996;216
25056 Bovera;Mujeres;2025;108
25056 Bovera;Mujeres;2024;117
25056 Bovera;Mujeres;2023;120
25056 Bovera;Mujeres;2022;117
25056 Bovera;Mujeres;2021;114
25056 Bovera;Mujeres;2020;110
25056 Bovera;Mujeres;2019;114
25056 Bovera;Mujeres;2018;118
25056 Bovera;Mujeres;2017;119
25056 Bovera;Mujeres;2016;120
25056 Bovera;Mujeres;2015;123
25056 Bovera;Mujeres;2014;133
25056 Bovera;Mujeres;2013;134
25056 Bovera;Mujeres;2012;149
25056 Bovera;Mujeres;2011;157
25056 Bovera;Mujeres;2010;164
25056 Bovera;Mujeres;2009;167
25056 Bovera;Mujeres;2008;175
25056 Bovera;Mujeres;2007;178
25056 Bovera;Mujeres;2006;183
25056 Bovera;Mujeres;2005;186
25056 Bovera;Mujeres;2004;190
25056 Bovera;Mujeres;2003;191
25056 Bovera;Mujeres;2002;194
25056 Bovera;Mujeres;2001;195
25056 Bovera;Mujeres;2000;194
25056 Bovera;Mujeres;1999;198
25056 Bovera;Mujeres;1998;199
25056 Bovera;Mujeres;1997;""
25056 Bovera;Mujeres;1996;210
25057 Bòrdes, Es;Total;2025;281
25057 Bòrdes, Es;Total;2024;280
25057 Bòrdes, Es;Total;2023;278
25057 Bòrdes, Es;Total;2022;282
25057 Bòrdes, Es;Total;2021;285
25057 Bòrdes, Es;Total;2020;255
25057 Bòrdes, Es;Total;2019;259
25057 Bòrdes, Es;Total;2018;266
25057 Bòrdes, Es;Total;2017;252
25057 Bòrdes, Es;Total;2016;250
25057 Bòrdes, Es;Total;2015;237
25057 Bòrdes, Es;Total;2014;234
25057 Bòrdes, Es;Total;2013;236
25057 Bòrdes, Es;Total;2012;238
25057 Bòrdes, Es;Total;2011;242
25057 Bòrdes, Es;Total;2010;245
25057 Bòrdes, Es;Total;2009;238
25057 Bòrdes, Es;Total;2008;237
25057 Bòrdes, Es;Total;2007;241
25057 Bòrdes, Es;Total;2006;247
25057 Bòrdes, Es;Total;2005;235
25057 Bòrdes, Es;Total;2004;217
25057 Bòrdes, Es;Total;2003;218
25057 Bòrdes, Es;Total;2002;222
25057 Bòrdes, Es;Total;2001;209
25057 Bòrdes, Es;Total;2000;212
25057 Bòrdes, Es;Total;1999;215
25057 Bòrdes, Es;Total;1998;207
25057 Bòrdes, Es;Total;1997;""
25057 Bòrdes, Es;Total;1996;220
25057 Bòrdes, Es;Hombres;2025;152
25057 Bòrdes, Es;Hombres;2024;154
25057 Bòrdes, Es;Hombres;2023;156
25057 Bòrdes, Es;Hombres;2022;154
25057 Bòrdes, Es;Hombres;2021;158
25057 Bòrdes, Es;Hombres;2020;142
25057 Bòrdes, Es;Hombres;2019;144
25057 Bòrdes, Es;Hombres;2018;145
25057 Bòrdes, Es;Hombres;2017;140
25057 Bòrdes, Es;Hombres;2016;138
25057 Bòrdes, Es;Hombres;2015;136
25057 Bòrdes, Es;Hombres;2014;134
25057 Bòrdes, Es;Hombres;2013;133
25057 Bòrdes, Es;Hombres;2012;130
25057 Bòrdes, Es;Hombres;2011;129
25057 Bòrdes, Es;Hombres;2010;131
25057 Bòrdes, Es;Hombres;2009;126
25057 Bòrdes, Es;Hombres;2008;128
25057 Bòrdes, Es;Hombres;2007;127
25057 Bòrdes, Es;Hombres;2006;131
25057 Bòrdes, Es;Hombres;2005;117
25057 Bòrdes, Es;Hombres;2004;109
25057 Bòrdes, Es;Hombres;2003;111
25057 Bòrdes, Es;Hombres;2002;115
25057 Bòrdes, Es;Hombres;2001;110
25057 Bòrdes, Es;Hombres;2000;111
25057 Bòrdes, Es;Hombres;1999;110
25057 Bòrdes, Es;Hombres;1998;111
25057 Bòrdes, Es;Hombres;1997;""
25057 Bòrdes, Es;Hombres;1996;119
25057 Bòrdes, Es;Mujeres;2025;129
25057 Bòrdes, Es;Mujeres;2024;126
25057 Bòrdes, Es;Mujeres;2023;122
25057 Bòrdes, Es;Mujeres;2022;128
25057 Bòrdes, Es;Mujeres;2021;127
25057 Bòrdes, Es;Mujeres;2020;113
25057 Bòrdes, Es;Mujeres;2019;115
25057 Bòrdes, Es;Mujeres;2018;121
25057 Bòrdes, Es;Mujeres;2017;112
25057 Bòrdes, Es;Mujeres;2016;112
25057 Bòrdes, Es;Mujeres;2015;101
25057 Bòrdes, Es;Mujeres;2014;100
25057 Bòrdes, Es;Mujeres;2013;103
25057 Bòrdes, Es;Mujeres;2012;108
25057 Bòrdes, Es;Mujeres;2011;113
25057 Bòrdes, Es;Mujeres;2010;114
25057 Bòrdes, Es;Mujeres;2009;112
25057 Bòrdes, Es;Mujeres;2008;109
25057 Bòrdes, Es;Mujeres;2007;114
25057 Bòrdes, Es;Mujeres;2006;116
25057 Bòrdes, Es;Mujeres;2005;118
25057 Bòrdes, Es;Mujeres;2004;108
25057 Bòrdes, Es;Mujeres;2003;107
25057 Bòrdes, Es;Mujeres;2002;107
25057 Bòrdes, Es;Mujeres;2001;99
25057 Bòrdes, Es;Mujeres;2000;101
25057 Bòrdes, Es;Mujeres;1999;105
25057 Bòrdes, Es;Mujeres;1998;96
25057 Bòrdes, Es;Mujeres;1997;""
25057 Bòrdes, Es;Mujeres;1996;101
25060 Cabanabona;Total;2025;70
25060 Cabanabona;Total;2024;65
25060 Cabanabona;Total;2023;61
25060 Cabanabona;Total;2022;62
25060 Cabanabona;Total;2021;60
25060 Cabanabona;Total;2020;71
25060 Cabanabona;Total;2019;75
25060 Cabanabona;Total;2018;76
25060 Cabanabona;Total;2017;81
25060 Cabanabona;Total;2016;77
25060 Cabanabona;Total;2015;82
25060 Cabanabona;Total;2014;88
25060 Cabanabona;Total;2013;97
25060 Cabanabona;Total;2012;100
25060 Cabanabona;Total;2011;112
25060 Cabanabona;Total;2010;110
25060 Cabanabona;Total;2009;109
25060 Cabanabona;Total;2008;101
25060 Cabanabona;Total;2007;103
25060 Cabanabona;Total;2006;115
25060 Cabanabona;Total;2005;122
25060 Cabanabona;Total;2004;116
25060 Cabanabona;Total;2003;96
25060 Cabanabona;Total;2002;98
25060 Cabanabona;Total;2001;93
25060 Cabanabona;Total;2000;98
25060 Cabanabona;Total;1999;100
25060 Cabanabona;Total;1998;100
25060 Cabanabona;Total;1997;""
25060 Cabanabona;Total;1996;101
25060 Cabanabona;Hombres;2025;32
25060 Cabanabona;Hombres;2024;29
25060 Cabanabona;Hombres;2023;28
25060 Cabanabona;Hombres;2022;27
25060 Cabanabona;Hombres;2021;28
25060 Cabanabona;Hombres;2020;34
25060 Cabanabona;Hombres;2019;36
25060 Cabanabona;Hombres;2018;33
25060 Cabanabona;Hombres;2017;35
25060 Cabanabona;Hombres;2016;36
25060 Cabanabona;Hombres;2015;38
25060 Cabanabona;Hombres;2014;41
25060 Cabanabona;Hombres;2013;44
25060 Cabanabona;Hombres;2012;42
25060 Cabanabona;Hombres;2011;47
25060 Cabanabona;Hombres;2010;49
25060 Cabanabona;Hombres;2009;50
25060 Cabanabona;Hombres;2008;45
25060 Cabanabona;Hombres;2007;49
25060 Cabanabona;Hombres;2006;55
25060 Cabanabona;Hombres;2005;57
25060 Cabanabona;Hombres;2004;54
25060 Cabanabona;Hombres;2003;45
25060 Cabanabona;Hombres;2002;45
25060 Cabanabona;Hombres;2001;44
25060 Cabanabona;Hombres;2000;49
25060 Cabanabona;Hombres;1999;51
25060 Cabanabona;Hombres;1998;48
25060 Cabanabona;Hombres;1997;""
25060 Cabanabona;Hombres;1996;46
25060 Cabanabona;Mujeres;2025;38
25060 Cabanabona;Mujeres;2024;36
25060 Cabanabona;Mujeres;2023;33
25060 Cabanabona;Mujeres;2022;35
25060 Cabanabona;Mujeres;2021;32
25060 Cabanabona;Mujeres;2020;37
25060 Cabanabona;Mujeres;2019;39
25060 Cabanabona;Mujeres;2018;43
25060 Cabanabona;Mujeres;2017;46
25060 Cabanabona;Mujeres;2016;41
25060 Cabanabona;Mujeres;2015;44
25060 Cabanabona;Mujeres;2014;47
25060 Cabanabona;Mujeres;2013;53
25060 Cabanabona;Mujeres;2012;58
25060 Cabanabona;Mujeres;2011;65
25060 Cabanabona;Mujeres;2010;61
25060 Cabanabona;Mujeres;2009;59
25060 Cabanabona;Mujeres;2008;56
25060 Cabanabona;Mujeres;2007;54
25060 Cabanabona;Mujeres;2006;60
25060 Cabanabona;Mujeres;2005;65
25060 Cabanabona;Mujeres;2004;62
25060 Cabanabona;Mujeres;2003;51
25060 Cabanabona;Mujeres;2002;53
25060 Cabanabona;Mujeres;2001;49
25060 Cabanabona;Mujeres;2000;49
25060 Cabanabona;Mujeres;1999;49
25060 Cabanabona;Mujeres;1998;52
25060 Cabanabona;Mujeres;1997;""
25060 Cabanabona;Mujeres;1996;55
25061 Cabó;Total;2025;85
25061 Cabó;Total;2024;89
25061 Cabó;Total;2023;99
25061 Cabó;Total;2022;98
25061 Cabó;Total;2021;94
25061 Cabó;Total;2020;93
25061 Cabó;Total;2019;92
25061 Cabó;Total;2018;97
25061 Cabó;Total;2017;93
25061 Cabó;Total;2016;92
25061 Cabó;Total;2015;94
25061 Cabó;Total;2014;98
25061 Cabó;Total;2013;94
25061 Cabó;Total;2012;94
25061 Cabó;Total;2011;94
25061 Cabó;Total;2010;95
25061 Cabó;Total;2009;95
25061 Cabó;Total;2008;99
25061 Cabó;Total;2007;104
25061 Cabó;Total;2006;104
25061 Cabó;Total;2005;108
25061 Cabó;Total;2004;114
25061 Cabó;Total;2003;115
25061 Cabó;Total;2002;118
25061 Cabó;Total;2001;119
25061 Cabó;Total;2000;123
25061 Cabó;Total;1999;120
25061 Cabó;Total;1998;120
25061 Cabó;Total;1997;""
25061 Cabó;Total;1996;127
25061 Cabó;Hombres;2025;45
25061 Cabó;Hombres;2024;49
25061 Cabó;Hombres;2023;50
25061 Cabó;Hombres;2022;49
25061 Cabó;Hombres;2021;47
25061 Cabó;Hombres;2020;50
25061 Cabó;Hombres;2019;49
25061 Cabó;Hombres;2018;52
25061 Cabó;Hombres;2017;51
25061 Cabó;Hombres;2016;48
25061 Cabó;Hombres;2015;48
25061 Cabó;Hombres;2014;50
25061 Cabó;Hombres;2013;47
25061 Cabó;Hombres;2012;47
25061 Cabó;Hombres;2011;49
25061 Cabó;Hombres;2010;51
25061 Cabó;Hombres;2009;55
25061 Cabó;Hombres;2008;57
25061 Cabó;Hombres;2007;59
25061 Cabó;Hombres;2006;60
25061 Cabó;Hombres;2005;61
25061 Cabó;Hombres;2004;63
25061 Cabó;Hombres;2003;63
25061 Cabó;Hombres;2002;65
25061 Cabó;Hombres;2001;67
25061 Cabó;Hombres;2000;71
25061 Cabó;Hombres;1999;68
25061 Cabó;Hombres;1998;67
25061 Cabó;Hombres;1997;""
25061 Cabó;Hombres;1996;70
25061 Cabó;Mujeres;2025;40
25061 Cabó;Mujeres;2024;40
25061 Cabó;Mujeres;2023;49
25061 Cabó;Mujeres;2022;49
25061 Cabó;Mujeres;2021;47
25061 Cabó;Mujeres;2020;43
25061 Cabó;Mujeres;2019;43
25061 Cabó;Mujeres;2018;45
25061 Cabó;Mujeres;2017;42
25061 Cabó;Mujeres;2016;44
25061 Cabó;Mujeres;2015;46
25061 Cabó;Mujeres;2014;48
25061 Cabó;Mujeres;2013;47
25061 Cabó;Mujeres;2012;47
25061 Cabó;Mujeres;2011;45
25061 Cabó;Mujeres;2010;44
25061 Cabó;Mujeres;2009;40
25061 Cabó;Mujeres;2008;42
25061 Cabó;Mujeres;2007;45
25061 Cabó;Mujeres;2006;44
25061 Cabó;Mujeres;2005;47
25061 Cabó;Mujeres;2004;51
25061 Cabó;Mujeres;2003;52
25061 Cabó;Mujeres;2002;53
25061 Cabó;Mujeres;2001;52
25061 Cabó;Mujeres;2000;52
25061 Cabó;Mujeres;1999;52
25061 Cabó;Mujeres;1998;53
25061 Cabó;Mujeres;1997;""
25061 Cabó;Mujeres;1996;57
25062 Camarasa;Total;2025;788
25062 Camarasa;Total;2024;805
25062 Camarasa;Total;2023;786
25062 Camarasa;Total;2022;786
25062 Camarasa;Total;2021;807
25062 Camarasa;Total;2020;810
25062 Camarasa;Total;2019;817
25062 Camarasa;Total;2018;842
25062 Camarasa;Total;2017;863
25062 Camarasa;Total;2016;879
25062 Camarasa;Total;2015;903
25062 Camarasa;Total;2014;911
25062 Camarasa;Total;2013;941
25062 Camarasa;Total;2012;945
25062 Camarasa;Total;2011;949
25062 Camarasa;Total;2010;979
25062 Camarasa;Total;2009;991
25062 Camarasa;Total;2008;948
25062 Camarasa;Total;2007;933
25062 Camarasa;Total;2006;931
25062 Camarasa;Total;2005;926
25062 Camarasa;Total;2004;903
25062 Camarasa;Total;2003;886
25062 Camarasa;Total;2002;882
25062 Camarasa;Total;2001;906
25062 Camarasa;Total;2000;885
25062 Camarasa;Total;1999;875
25062 Camarasa;Total;1998;893
25062 Camarasa;Total;1997;""
25062 Camarasa;Total;1996;897
25062 Camarasa;Hombres;2025;407
25062 Camarasa;Hombres;2024;412
25062 Camarasa;Hombres;2023;402
25062 Camarasa;Hombres;2022;400
25062 Camarasa;Hombres;2021;408
25062 Camarasa;Hombres;2020;406
25062 Camarasa;Hombres;2019;410
25062 Camarasa;Hombres;2018;432
25062 Camarasa;Hombres;2017;439
25062 Camarasa;Hombres;2016;448
25062 Camarasa;Hombres;2015;461
25062 Camarasa;Hombres;2014;454
25062 Camarasa;Hombres;2013;479
25062 Camarasa;Hombres;2012;483
25062 Camarasa;Hombres;2011;494
25062 Camarasa;Hombres;2010;509
25062 Camarasa;Hombres;2009;516
25062 Camarasa;Hombres;2008;492
25062 Camarasa;Hombres;2007;486
25062 Camarasa;Hombres;2006;484
25062 Camarasa;Hombres;2005;474
25062 Camarasa;Hombres;2004;460
25062 Camarasa;Hombres;2003;460
25062 Camarasa;Hombres;2002;453
25062 Camarasa;Hombres;2001;461
25062 Camarasa;Hombres;2000;449
25062 Camarasa;Hombres;1999;446
25062 Camarasa;Hombres;1998;448
25062 Camarasa;Hombres;1997;""
25062 Camarasa;Hombres;1996;449
25062 Camarasa;Mujeres;2025;381
25062 Camarasa;Mujeres;2024;393
25062 Camarasa;Mujeres;2023;384
25062 Camarasa;Mujeres;2022;386
25062 Camarasa;Mujeres;2021;399
25062 Camarasa;Mujeres;2020;404
25062 Camarasa;Mujeres;2019;407
25062 Camarasa;Mujeres;2018;410
25062 Camarasa;Mujeres;2017;424
25062 Camarasa;Mujeres;2016;431
25062 Camarasa;Mujeres;2015;442
25062 Camarasa;Mujeres;2014;457
25062 Camarasa;Mujeres;2013;462
25062 Camarasa;Mujeres;2012;462
25062 Camarasa;Mujeres;2011;455
25062 Camarasa;Mujeres;2010;470
25062 Camarasa;Mujeres;2009;475
25062 Camarasa;Mujeres;2008;456
25062 Camarasa;Mujeres;2007;447
25062 Camarasa;Mujeres;2006;447
25062 Camarasa;Mujeres;2005;452
25062 Camarasa;Mujeres;2004;443
25062 Camarasa;Mujeres;2003;426
25062 Camarasa;Mujeres;2002;429
25062 Camarasa;Mujeres;2001;445
25062 Camarasa;Mujeres;2000;436
25062 Camarasa;Mujeres;1999;429
25062 Camarasa;Mujeres;1998;445
25062 Camarasa;Mujeres;1997;""
25062 Camarasa;Mujeres;1996;448
25063 Canejan;Total;2025;95
25063 Canejan;Total;2024;101
25063 Canejan;Total;2023;97
25063 Canejan;Total;2022;92
25063 Canejan;Total;2021;89
25063 Canejan;Total;2020;89
25063 Canejan;Total;2019;107
25063 Canejan;Total;2018;84
25063 Canejan;Total;2017;88
25063 Canejan;Total;2016;97
25063 Canejan;Total;2015;100
25063 Canejan;Total;2014;102
25063 Canejan;Total;2013;102
25063 Canejan;Total;2012;109
25063 Canejan;Total;2011;104
25063 Canejan;Total;2010;103
25063 Canejan;Total;2009;104
25063 Canejan;Total;2008;110
25063 Canejan;Total;2007;104
25063 Canejan;Total;2006;104
25063 Canejan;Total;2005;107
25063 Canejan;Total;2004;108
25063 Canejan;Total;2003;105
25063 Canejan;Total;2002;109
25063 Canejan;Total;2001;107
25063 Canejan;Total;2000;108
25063 Canejan;Total;1999;103
25063 Canejan;Total;1998;100
25063 Canejan;Total;1997;""
25063 Canejan;Total;1996;104
25063 Canejan;Hombres;2025;44
25063 Canejan;Hombres;2024;48
25063 Canejan;Hombres;2023;50
25063 Canejan;Hombres;2022;46
25063 Canejan;Hombres;2021;45
25063 Canejan;Hombres;2020;45
25063 Canejan;Hombres;2019;57
25063 Canejan;Hombres;2018;48
25063 Canejan;Hombres;2017;51
25063 Canejan;Hombres;2016;54
25063 Canejan;Hombres;2015;56
25063 Canejan;Hombres;2014;57
25063 Canejan;Hombres;2013;54
25063 Canejan;Hombres;2012;57
25063 Canejan;Hombres;2011;57
25063 Canejan;Hombres;2010;56
25063 Canejan;Hombres;2009;57
25063 Canejan;Hombres;2008;59
25063 Canejan;Hombres;2007;55
25063 Canejan;Hombres;2006;54
25063 Canejan;Hombres;2005;56
25063 Canejan;Hombres;2004;55
25063 Canejan;Hombres;2003;52
25063 Canejan;Hombres;2002;55
25063 Canejan;Hombres;2001;52
25063 Canejan;Hombres;2000;52
25063 Canejan;Hombres;1999;53
25063 Canejan;Hombres;1998;53
25063 Canejan;Hombres;1997;""
25063 Canejan;Hombres;1996;56
25063 Canejan;Mujeres;2025;51
25063 Canejan;Mujeres;2024;53
25063 Canejan;Mujeres;2023;47
25063 Canejan;Mujeres;2022;46
25063 Canejan;Mujeres;2021;44
25063 Canejan;Mujeres;2020;44
25063 Canejan;Mujeres;2019;50
25063 Canejan;Mujeres;2018;36
25063 Canejan;Mujeres;2017;37
25063 Canejan;Mujeres;2016;43
25063 Canejan;Mujeres;2015;44
25063 Canejan;Mujeres;2014;45
25063 Canejan;Mujeres;2013;48
25063 Canejan;Mujeres;2012;52
25063 Canejan;Mujeres;2011;47
25063 Canejan;Mujeres;2010;47
25063 Canejan;Mujeres;2009;47
25063 Canejan;Mujeres;2008;51
25063 Canejan;Mujeres;2007;49
25063 Canejan;Mujeres;2006;50
25063 Canejan;Mujeres;2005;51
25063 Canejan;Mujeres;2004;53
25063 Canejan;Mujeres;2003;53
25063 Canejan;Mujeres;2002;54
25063 Canejan;Mujeres;2001;55
25063 Canejan;Mujeres;2000;56
25063 Canejan;Mujeres;1999;50
25063 Canejan;Mujeres;1998;47
25063 Canejan;Mujeres;1997;""
25063 Canejan;Mujeres;1996;48
25904 Castell de Mur;Total;2025;159
25904 Castell de Mur;Total;2024;170
25904 Castell de Mur;Total;2023;179
25904 Castell de Mur;Total;2022;171
25904 Castell de Mur;Total;2021;169
25904 Castell de Mur;Total;2020;173
25904 Castell de Mur;Total;2019;183
25904 Castell de Mur;Total;2018;165
25904 Castell de Mur;Total;2017;168
25904 Castell de Mur;Total;2016;175
25904 Castell de Mur;Total;2015;188
25904 Castell de Mur;Total;2014;163
25904 Castell de Mur;Total;2013;168
25904 Castell de Mur;Total;2012;173
25904 Castell de Mur;Total;2011;186
25904 Castell de Mur;Total;2010;182
25904 Castell de Mur;Total;2009;173
25904 Castell de Mur;Total;2008;177
25904 Castell de Mur;Total;2007;185
25904 Castell de Mur;Total;2006;163
25904 Castell de Mur;Total;2005;173
25904 Castell de Mur;Total;2004;167
25904 Castell de Mur;Total;2003;156
25904 Castell de Mur;Total;2002;151
25904 Castell de Mur;Total;2001;149
25904 Castell de Mur;Total;2000;149
25904 Castell de Mur;Total;1999;146
25904 Castell de Mur;Total;1998;149
25904 Castell de Mur;Total;1997;""
25904 Castell de Mur;Total;1996;157
25904 Castell de Mur;Hombres;2025;86
25904 Castell de Mur;Hombres;2024;95
25904 Castell de Mur;Hombres;2023;99
25904 Castell de Mur;Hombres;2022;96
25904 Castell de Mur;Hombres;2021;97
25904 Castell de Mur;Hombres;2020;96
25904 Castell de Mur;Hombres;2019;104
25904 Castell de Mur;Hombres;2018;91
25904 Castell de Mur;Hombres;2017;94
25904 Castell de Mur;Hombres;2016;94
25904 Castell de Mur;Hombres;2015;101
25904 Castell de Mur;Hombres;2014;85
25904 Castell de Mur;Hombres;2013;89
25904 Castell de Mur;Hombres;2012;93
25904 Castell de Mur;Hombres;2011;96
25904 Castell de Mur;Hombres;2010;95
25904 Castell de Mur;Hombres;2009;89
25904 Castell de Mur;Hombres;2008;93
25904 Castell de Mur;Hombres;2007;95
25904 Castell de Mur;Hombres;2006;83
25904 Castell de Mur;Hombres;2005;91
25904 Castell de Mur;Hombres;2004;86
25904 Castell de Mur;Hombres;2003;83
25904 Castell de Mur;Hombres;2002;80
25904 Castell de Mur;Hombres;2001;78
25904 Castell de Mur;Hombres;2000;78
25904 Castell de Mur;Hombres;1999;77
25904 Castell de Mur;Hombres;1998;79
25904 Castell de Mur;Hombres;1997;""
25904 Castell de Mur;Hombres;1996;82
25904 Castell de Mur;Mujeres;2025;73
25904 Castell de Mur;Mujeres;2024;75
25904 Castell de Mur;Mujeres;2023;80
25904 Castell de Mur;Mujeres;2022;75
25904 Castell de Mur;Mujeres;2021;72
25904 Castell de Mur;Mujeres;2020;77
25904 Castell de Mur;Mujeres;2019;79
25904 Castell de Mur;Mujeres;2018;74
25904 Castell de Mur;Mujeres;2017;74
25904 Castell de Mur;Mujeres;2016;81
25904 Castell de Mur;Mujeres;2015;87
25904 Castell de Mur;Mujeres;2014;78
25904 Castell de Mur;Mujeres;2013;79
25904 Castell de Mur;Mujeres;2012;80
25904 Castell de Mur;Mujeres;2011;90
25904 Castell de Mur;Mujeres;2010;87
25904 Castell de Mur;Mujeres;2009;84
25904 Castell de Mur;Mujeres;2008;84
25904 Castell de Mur;Mujeres;2007;90
25904 Castell de Mur;Mujeres;2006;80
25904 Castell de Mur;Mujeres;2005;82
25904 Castell de Mur;Mujeres;2004;81
25904 Castell de Mur;Mujeres;2003;73
25904 Castell de Mur;Mujeres;2002;71
25904 Castell de Mur;Mujeres;2001;71
25904 Castell de Mur;Mujeres;2000;71
25904 Castell de Mur;Mujeres;1999;69
25904 Castell de Mur;Mujeres;1998;70
25904 Castell de Mur;Mujeres;1997;""
25904 Castell de Mur;Mujeres;1996;75
25064 Castellar de la Ribera;Total;2025;131
25064 Castellar de la Ribera;Total;2024;144
25064 Castellar de la Ribera;Total;2023;142
25064 Castellar de la Ribera;Total;2022;135
25064 Castellar de la Ribera;Total;2021;136
25064 Castellar de la Ribera;Total;2020;131
25064 Castellar de la Ribera;Total;2019;134
25064 Castellar de la Ribera;Total;2018;137
25064 Castellar de la Ribera;Total;2017;140
25064 Castellar de la Ribera;Total;2016;142
25064 Castellar de la Ribera;Total;2015;150
25064 Castellar de la Ribera;Total;2014;149
25064 Castellar de la Ribera;Total;2013;157
25064 Castellar de la Ribera;Total;2012;159
25064 Castellar de la Ribera;Total;2011;156
25064 Castellar de la Ribera;Total;2010;156
25064 Castellar de la Ribera;Total;2009;160
25064 Castellar de la Ribera;Total;2008;159
25064 Castellar de la Ribera;Total;2007;165
25064 Castellar de la Ribera;Total;2006;162
25064 Castellar de la Ribera;Total;2005;158
25064 Castellar de la Ribera;Total;2004;155
25064 Castellar de la Ribera;Total;2003;162
25064 Castellar de la Ribera;Total;2002;144
25064 Castellar de la Ribera;Total;2001;152
25064 Castellar de la Ribera;Total;2000;153
25064 Castellar de la Ribera;Total;1999;153
25064 Castellar de la Ribera;Total;1998;149
25064 Castellar de la Ribera;Total;1997;""
25064 Castellar de la Ribera;Total;1996;147
25064 Castellar de la Ribera;Hombres;2025;67
25064 Castellar de la Ribera;Hombres;2024;75
25064 Castellar de la Ribera;Hombres;2023;73
25064 Castellar de la Ribera;Hombres;2022;68
25064 Castellar de la Ribera;Hombres;2021;68
25064 Castellar de la Ribera;Hombres;2020;66
25064 Castellar de la Ribera;Hombres;2019;67
25064 Castellar de la Ribera;Hombres;2018;70
25064 Castellar de la Ribera;Hombres;2017;72
25064 Castellar de la Ribera;Hombres;2016;71
25064 Castellar de la Ribera;Hombres;2015;76
25064 Castellar de la Ribera;Hombres;2014;77
25064 Castellar de la Ribera;Hombres;2013;84
25064 Castellar de la Ribera;Hombres;2012;83
25064 Castellar de la Ribera;Hombres;2011;80
25064 Castellar de la Ribera;Hombres;2010;78
25064 Castellar de la Ribera;Hombres;2009;80
25064 Castellar de la Ribera;Hombres;2008;78
25064 Castellar de la Ribera;Hombres;2007;81
25064 Castellar de la Ribera;Hombres;2006;79
25064 Castellar de la Ribera;Hombres;2005;76
25064 Castellar de la Ribera;Hombres;2004;77
25064 Castellar de la Ribera;Hombres;2003;80
25064 Castellar de la Ribera;Hombres;2002;65
25064 Castellar de la Ribera;Hombres;2001;70
25064 Castellar de la Ribera;Hombres;2000;70
25064 Castellar de la Ribera;Hombres;1999;69
25064 Castellar de la Ribera;Hombres;1998;67
25064 Castellar de la Ribera;Hombres;1997;""
25064 Castellar de la Ribera;Hombres;1996;70
25064 Castellar de la Ribera;Mujeres;2025;64
25064 Castellar de la Ribera;Mujeres;2024;69
25064 Castellar de la Ribera;Mujeres;2023;69
25064 Castellar de la Ribera;Mujeres;2022;67
25064 Castellar de la Ribera;Mujeres;2021;68
25064 Castellar de la Ribera;Mujeres;2020;65
25064 Castellar de la Ribera;Mujeres;2019;67
25064 Castellar de la Ribera;Mujeres;2018;67
25064 Castellar de la Ribera;Mujeres;2017;68
25064 Castellar de la Ribera;Mujeres;2016;71
25064 Castellar de la Ribera;Mujeres;2015;74
25064 Castellar de la Ribera;Mujeres;2014;72
25064 Castellar de la Ribera;Mujeres;2013;73
25064 Castellar de la Ribera;Mujeres;2012;76
25064 Castellar de la Ribera;Mujeres;2011;76
25064 Castellar de la Ribera;Mujeres;2010;78
25064 Castellar de la Ribera;Mujeres;2009;80
25064 Castellar de la Ribera;Mujeres;2008;81
25064 Castellar de la Ribera;Mujeres;2007;84
25064 Castellar de la Ribera;Mujeres;2006;83
25064 Castellar de la Ribera;Mujeres;2005;82
25064 Castellar de la Ribera;Mujeres;2004;78
25064 Castellar de la Ribera;Mujeres;2003;82
25064 Castellar de la Ribera;Mujeres;2002;79
25064 Castellar de la Ribera;Mujeres;2001;82
25064 Castellar de la Ribera;Mujeres;2000;83
25064 Castellar de la Ribera;Mujeres;1999;84
25064 Castellar de la Ribera;Mujeres;1998;82
25064 Castellar de la Ribera;Mujeres;1997;""
25064 Castellar de la Ribera;Mujeres;1996;77
25067 Castelldans;Total;2025;952
25067 Castelldans;Total;2024;891
25067 Castelldans;Total;2023;893
25067 Castelldans;Total;2022;895
25067 Castelldans;Total;2021;900
25067 Castelldans;Total;2020;930
25067 Castelldans;Total;2019;960
25067 Castelldans;Total;2018;931
25067 Castelldans;Total;2017;943
25067 Castelldans;Total;2016;958
25067 Castelldans;Total;2015;981
25067 Castelldans;Total;2014;976
25067 Castelldans;Total;2013;1.000
25067 Castelldans;Total;2012;1.028
25067 Castelldans;Total;2011;1.006
25067 Castelldans;Total;2010;1.009
25067 Castelldans;Total;2009;1.015
25067 Castelldans;Total;2008;1.029
25067 Castelldans;Total;2007;1.002
25067 Castelldans;Total;2006;1.004
25067 Castelldans;Total;2005;991
25067 Castelldans;Total;2004;955
25067 Castelldans;Total;2003;962
25067 Castelldans;Total;2002;967
25067 Castelldans;Total;2001;973
25067 Castelldans;Total;2000;959
25067 Castelldans;Total;1999;944
25067 Castelldans;Total;1998;943
25067 Castelldans;Total;1997;""
25067 Castelldans;Total;1996;949
25067 Castelldans;Hombres;2025;516
25067 Castelldans;Hombres;2024;462
25067 Castelldans;Hombres;2023;466
25067 Castelldans;Hombres;2022;474
25067 Castelldans;Hombres;2021;481
25067 Castelldans;Hombres;2020;497
25067 Castelldans;Hombres;2019;511
25067 Castelldans;Hombres;2018;502
25067 Castelldans;Hombres;2017;506
25067 Castelldans;Hombres;2016;524
25067 Castelldans;Hombres;2015;534
25067 Castelldans;Hombres;2014;528
25067 Castelldans;Hombres;2013;530
25067 Castelldans;Hombres;2012;549
25067 Castelldans;Hombres;2011;546
25067 Castelldans;Hombres;2010;548
25067 Castelldans;Hombres;2009;554
25067 Castelldans;Hombres;2008;566
25067 Castelldans;Hombres;2007;552
25067 Castelldans;Hombres;2006;548
25067 Castelldans;Hombres;2005;533
25067 Castelldans;Hombres;2004;503
25067 Castelldans;Hombres;2003;505
25067 Castelldans;Hombres;2002;507
25067 Castelldans;Hombres;2001;499
25067 Castelldans;Hombres;2000;483
25067 Castelldans;Hombres;1999;472
25067 Castelldans;Hombres;1998;472
25067 Castelldans;Hombres;1997;""
25067 Castelldans;Hombres;1996;488
25067 Castelldans;Mujeres;2025;436
25067 Castelldans;Mujeres;2024;429
25067 Castelldans;Mujeres;2023;427
25067 Castelldans;Mujeres;2022;421
25067 Castelldans;Mujeres;2021;419
25067 Castelldans;Mujeres;2020;433
25067 Castelldans;Mujeres;2019;449
25067 Castelldans;Mujeres;2018;429
25067 Castelldans;Mujeres;2017;437
25067 Castelldans;Mujeres;2016;434
25067 Castelldans;Mujeres;2015;447
25067 Castelldans;Mujeres;2014;448
25067 Castelldans;Mujeres;2013;470
25067 Castelldans;Mujeres;2012;479
25067 Castelldans;Mujeres;2011;460
25067 Castelldans;Mujeres;2010;461
25067 Castelldans;Mujeres;2009;461
25067 Castelldans;Mujeres;2008;463
25067 Castelldans;Mujeres;2007;450
25067 Castelldans;Mujeres;2006;456
25067 Castelldans;Mujeres;2005;458
25067 Castelldans;Mujeres;2004;452
25067 Castelldans;Mujeres;2003;457
25067 Castelldans;Mujeres;2002;460
25067 Castelldans;Mujeres;2001;474
25067 Castelldans;Mujeres;2000;476
25067 Castelldans;Mujeres;1999;472
25067 Castelldans;Mujeres;1998;471
25067 Castelldans;Mujeres;1997;""
25067 Castelldans;Mujeres;1996;461
25068 Castellnou de Seana;Total;2025;726
25068 Castellnou de Seana;Total;2024;723
25068 Castellnou de Seana;Total;2023;706
25068 Castellnou de Seana;Total;2022;715
25068 Castellnou de Seana;Total;2021;692
25068 Castellnou de Seana;Total;2020;665
25068 Castellnou de Seana;Total;2019;683
25068 Castellnou de Seana;Total;2018;687
25068 Castellnou de Seana;Total;2017;686
25068 Castellnou de Seana;Total;2016;736
25068 Castellnou de Seana;Total;2015;736
25068 Castellnou de Seana;Total;2014;740
25068 Castellnou de Seana;Total;2013;776
25068 Castellnou de Seana;Total;2012;766
25068 Castellnou de Seana;Total;2011;745
25068 Castellnou de Seana;Total;2010;735
25068 Castellnou de Seana;Total;2009;739
25068 Castellnou de Seana;Total;2008;731
25068 Castellnou de Seana;Total;2007;750
25068 Castellnou de Seana;Total;2006;750
25068 Castellnou de Seana;Total;2005;737
25068 Castellnou de Seana;Total;2004;710
25068 Castellnou de Seana;Total;2003;697
25068 Castellnou de Seana;Total;2002;723
25068 Castellnou de Seana;Total;2001;713
25068 Castellnou de Seana;Total;2000;701
25068 Castellnou de Seana;Total;1999;713
25068 Castellnou de Seana;Total;1998;726
25068 Castellnou de Seana;Total;1997;""
25068 Castellnou de Seana;Total;1996;738
25068 Castellnou de Seana;Hombres;2025;383
25068 Castellnou de Seana;Hombres;2024;382
25068 Castellnou de Seana;Hombres;2023;372
25068 Castellnou de Seana;Hombres;2022;375
25068 Castellnou de Seana;Hombres;2021;359
25068 Castellnou de Seana;Hombres;2020;354
25068 Castellnou de Seana;Hombres;2019;361
25068 Castellnou de Seana;Hombres;2018;361
25068 Castellnou de Seana;Hombres;2017;362
25068 Castellnou de Seana;Hombres;2016;393
25068 Castellnou de Seana;Hombres;2015;391
25068 Castellnou de Seana;Hombres;2014;386
25068 Castellnou de Seana;Hombres;2013;407
25068 Castellnou de Seana;Hombres;2012;394
25068 Castellnou de Seana;Hombres;2011;385
25068 Castellnou de Seana;Hombres;2010;377
25068 Castellnou de Seana;Hombres;2009;377
25068 Castellnou de Seana;Hombres;2008;381
25068 Castellnou de Seana;Hombres;2007;392
25068 Castellnou de Seana;Hombres;2006;398
25068 Castellnou de Seana;Hombres;2005;385
25068 Castellnou de Seana;Hombres;2004;372
25068 Castellnou de Seana;Hombres;2003;362
25068 Castellnou de Seana;Hombres;2002;382
25068 Castellnou de Seana;Hombres;2001;375
25068 Castellnou de Seana;Hombres;2000;362
25068 Castellnou de Seana;Hombres;1999;369
25068 Castellnou de Seana;Hombres;1998;375
25068 Castellnou de Seana;Hombres;1997;""
25068 Castellnou de Seana;Hombres;1996;349
25068 Castellnou de Seana;Mujeres;2025;343
25068 Castellnou de Seana;Mujeres;2024;341
25068 Castellnou de Seana;Mujeres;2023;334
25068 Castellnou de Seana;Mujeres;2022;340
25068 Castellnou de Seana;Mujeres;2021;333
25068 Castellnou de Seana;Mujeres;2020;311
25068 Castellnou de Seana;Mujeres;2019;322
25068 Castellnou de Seana;Mujeres;2018;326
25068 Castellnou de Seana;Mujeres;2017;324
25068 Castellnou de Seana;Mujeres;2016;343
25068 Castellnou de Seana;Mujeres;2015;345
25068 Castellnou de Seana;Mujeres;2014;354
25068 Castellnou de Seana;Mujeres;2013;369
25068 Castellnou de Seana;Mujeres;2012;372
25068 Castellnou de Seana;Mujeres;2011;360
25068 Castellnou de Seana;Mujeres;2010;358
25068 Castellnou de Seana;Mujeres;2009;362
25068 Castellnou de Seana;Mujeres;2008;350
25068 Castellnou de Seana;Mujeres;2007;358
25068 Castellnou de Seana;Mujeres;2006;352
25068 Castellnou de Seana;Mujeres;2005;352
25068 Castellnou de Seana;Mujeres;2004;338
25068 Castellnou de Seana;Mujeres;2003;335
25068 Castellnou de Seana;Mujeres;2002;341
25068 Castellnou de Seana;Mujeres;2001;338
25068 Castellnou de Seana;Mujeres;2000;339
25068 Castellnou de Seana;Mujeres;1999;344
25068 Castellnou de Seana;Mujeres;1998;351
25068 Castellnou de Seana;Mujeres;1997;""
25068 Castellnou de Seana;Mujeres;1996;389
25070 Castellserà;Total;2025;993
25070 Castellserà;Total;2024;993
25070 Castellserà;Total;2023;989
25070 Castellserà;Total;2022;961
25070 Castellserà;Total;2021;976
25070 Castellserà;Total;2020;996
25070 Castellserà;Total;2019;1.003
25070 Castellserà;Total;2018;1.000
25070 Castellserà;Total;2017;1.008
25070 Castellserà;Total;2016;1.030
25070 Castellserà;Total;2015;1.044
25070 Castellserà;Total;2014;1.083
25070 Castellserà;Total;2013;1.078
25070 Castellserà;Total;2012;1.089
25070 Castellserà;Total;2011;1.116
25070 Castellserà;Total;2010;1.114
25070 Castellserà;Total;2009;1.131
25070 Castellserà;Total;2008;1.123
25070 Castellserà;Total;2007;1.118
25070 Castellserà;Total;2006;1.128
25070 Castellserà;Total;2005;1.128
25070 Castellserà;Total;2004;1.117
25070 Castellserà;Total;2003;1.123
25070 Castellserà;Total;2002;1.110
25070 Castellserà;Total;2001;1.113
25070 Castellserà;Total;2000;1.107
25070 Castellserà;Total;1999;1.119
25070 Castellserà;Total;1998;1.126
25070 Castellserà;Total;1997;""
25070 Castellserà;Total;1996;1.139
25070 Castellserà;Hombres;2025;516
25070 Castellserà;Hombres;2024;512
25070 Castellserà;Hombres;2023;509
25070 Castellserà;Hombres;2022;491
25070 Castellserà;Hombres;2021;498
25070 Castellserà;Hombres;2020;505
25070 Castellserà;Hombres;2019;506
25070 Castellserà;Hombres;2018;496
25070 Castellserà;Hombres;2017;507
25070 Castellserà;Hombres;2016;519
25070 Castellserà;Hombres;2015;530
25070 Castellserà;Hombres;2014;546
25070 Castellserà;Hombres;2013;544
25070 Castellserà;Hombres;2012;561
25070 Castellserà;Hombres;2011;575
25070 Castellserà;Hombres;2010;573
25070 Castellserà;Hombres;2009;589
25070 Castellserà;Hombres;2008;585
25070 Castellserà;Hombres;2007;571
25070 Castellserà;Hombres;2006;579
25070 Castellserà;Hombres;2005;577
25070 Castellserà;Hombres;2004;569
25070 Castellserà;Hombres;2003;565
25070 Castellserà;Hombres;2002;548
25070 Castellserà;Hombres;2001;545
25070 Castellserà;Hombres;2000;541
25070 Castellserà;Hombres;1999;544
25070 Castellserà;Hombres;1998;548
25070 Castellserà;Hombres;1997;""
25070 Castellserà;Hombres;1996;562
25070 Castellserà;Mujeres;2025;477
25070 Castellserà;Mujeres;2024;481
25070 Castellserà;Mujeres;2023;480
25070 Castellserà;Mujeres;2022;470
25070 Castellserà;Mujeres;2021;478
25070 Castellserà;Mujeres;2020;491
25070 Castellserà;Mujeres;2019;497
25070 Castellserà;Mujeres;2018;504
25070 Castellserà;Mujeres;2017;501
25070 Castellserà;Mujeres;2016;511
25070 Castellserà;Mujeres;2015;514
25070 Castellserà;Mujeres;2014;537
25070 Castellserà;Mujeres;2013;534
25070 Castellserà;Mujeres;2012;528
25070 Castellserà;Mujeres;2011;541
25070 Castellserà;Mujeres;2010;541
25070 Castellserà;Mujeres;2009;542
25070 Castellserà;Mujeres;2008;538
25070 Castellserà;Mujeres;2007;547
25070 Castellserà;Mujeres;2006;549
25070 Castellserà;Mujeres;2005;551
25070 Castellserà;Mujeres;2004;548
25070 Castellserà;Mujeres;2003;558
25070 Castellserà;Mujeres;2002;562
25070 Castellserà;Mujeres;2001;568
25070 Castellserà;Mujeres;2000;566
25070 Castellserà;Mujeres;1999;575
25070 Castellserà;Mujeres;1998;578
25070 Castellserà;Mujeres;1997;""
25070 Castellserà;Mujeres;1996;577
25069 Castelló de Farfanya;Total;2025;548
25069 Castelló de Farfanya;Total;2024;544
25069 Castelló de Farfanya;Total;2023;531
25069 Castelló de Farfanya;Total;2022;508
25069 Castelló de Farfanya;Total;2021;529
25069 Castelló de Farfanya;Total;2020;539
25069 Castelló de Farfanya;Total;2019;536
25069 Castelló de Farfanya;Total;2018;538
25069 Castelló de Farfanya;Total;2017;542
25069 Castelló de Farfanya;Total;2016;556
25069 Castelló de Farfanya;Total;2015;547
25069 Castelló de Farfanya;Total;2014;565
25069 Castelló de Farfanya;Total;2013;555
25069 Castelló de Farfanya;Total;2012;549
25069 Castelló de Farfanya;Total;2011;559
25069 Castelló de Farfanya;Total;2010;564
25069 Castelló de Farfanya;Total;2009;572
25069 Castelló de Farfanya;Total;2008;584
25069 Castelló de Farfanya;Total;2007;579
25069 Castelló de Farfanya;Total;2006;564
25069 Castelló de Farfanya;Total;2005;583
25069 Castelló de Farfanya;Total;2004;588
25069 Castelló de Farfanya;Total;2003;570
25069 Castelló de Farfanya;Total;2002;582
25069 Castelló de Farfanya;Total;2001;584
25069 Castelló de Farfanya;Total;2000;587
25069 Castelló de Farfanya;Total;1999;588
25069 Castelló de Farfanya;Total;1998;592
25069 Castelló de Farfanya;Total;1997;""
25069 Castelló de Farfanya;Total;1996;597
25069 Castelló de Farfanya;Hombres;2025;290
25069 Castelló de Farfanya;Hombres;2024;287
25069 Castelló de Farfanya;Hombres;2023;279
25069 Castelló de Farfanya;Hombres;2022;268
25069 Castelló de Farfanya;Hombres;2021;287
25069 Castelló de Farfanya;Hombres;2020;291
25069 Castelló de Farfanya;Hombres;2019;288
25069 Castelló de Farfanya;Hombres;2018;290
25069 Castelló de Farfanya;Hombres;2017;289
25069 Castelló de Farfanya;Hombres;2016;300
25069 Castelló de Farfanya;Hombres;2015;294
25069 Castelló de Farfanya;Hombres;2014;304
25069 Castelló de Farfanya;Hombres;2013;298
25069 Castelló de Farfanya;Hombres;2012;297
25069 Castelló de Farfanya;Hombres;2011;305
25069 Castelló de Farfanya;Hombres;2010;306
25069 Castelló de Farfanya;Hombres;2009;302
25069 Castelló de Farfanya;Hombres;2008;313
25069 Castelló de Farfanya;Hombres;2007;303
25069 Castelló de Farfanya;Hombres;2006;293
25069 Castelló de Farfanya;Hombres;2005;300
25069 Castelló de Farfanya;Hombres;2004;299
25069 Castelló de Farfanya;Hombres;2003;285
25069 Castelló de Farfanya;Hombres;2002;286
25069 Castelló de Farfanya;Hombres;2001;292
25069 Castelló de Farfanya;Hombres;2000;298
25069 Castelló de Farfanya;Hombres;1999;298
25069 Castelló de Farfanya;Hombres;1998;300
25069 Castelló de Farfanya;Hombres;1997;""
25069 Castelló de Farfanya;Hombres;1996;298
25069 Castelló de Farfanya;Mujeres;2025;258
25069 Castelló de Farfanya;Mujeres;2024;257
25069 Castelló de Farfanya;Mujeres;2023;252
25069 Castelló de Farfanya;Mujeres;2022;240
25069 Castelló de Farfanya;Mujeres;2021;242
25069 Castelló de Farfanya;Mujeres;2020;248
25069 Castelló de Farfanya;Mujeres;2019;248
25069 Castelló de Farfanya;Mujeres;2018;248
25069 Castelló de Farfanya;Mujeres;2017;253
25069 Castelló de Farfanya;Mujeres;2016;256
25069 Castelló de Farfanya;Mujeres;2015;253
25069 Castelló de Farfanya;Mujeres;2014;261
25069 Castelló de Farfanya;Mujeres;2013;257
25069 Castelló de Farfanya;Mujeres;2012;252
25069 Castelló de Farfanya;Mujeres;2011;254
25069 Castelló de Farfanya;Mujeres;2010;258
25069 Castelló de Farfanya;Mujeres;2009;270
25069 Castelló de Farfanya;Mujeres;2008;271
25069 Castelló de Farfanya;Mujeres;2007;276
25069 Castelló de Farfanya;Mujeres;2006;271
25069 Castelló de Farfanya;Mujeres;2005;283
25069 Castelló de Farfanya;Mujeres;2004;289
25069 Castelló de Farfanya;Mujeres;2003;285
25069 Castelló de Farfanya;Mujeres;2002;296
25069 Castelló de Farfanya;Mujeres;2001;292
25069 Castelló de Farfanya;Mujeres;2000;289
25069 Castelló de Farfanya;Mujeres;1999;290
25069 Castelló de Farfanya;Mujeres;1998;292
25069 Castelló de Farfanya;Mujeres;1997;""
25069 Castelló de Farfanya;Mujeres;1996;299
25071 Cava;Total;2025;38
25071 Cava;Total;2024;39
25071 Cava;Total;2023;44
25071 Cava;Total;2022;51
25071 Cava;Total;2021;46
25071 Cava;Total;2020;45
25071 Cava;Total;2019;47
25071 Cava;Total;2018;46
25071 Cava;Total;2017;52
25071 Cava;Total;2016;57
25071 Cava;Total;2015;60
25071 Cava;Total;2014;60
25071 Cava;Total;2013;60
25071 Cava;Total;2012;60
25071 Cava;Total;2011;61
25071 Cava;Total;2010;57
25071 Cava;Total;2009;50
25071 Cava;Total;2008;55
25071 Cava;Total;2007;55
25071 Cava;Total;2006;56
25071 Cava;Total;2005;60
25071 Cava;Total;2004;58
25071 Cava;Total;2003;54
25071 Cava;Total;2002;58
25071 Cava;Total;2001;59
25071 Cava;Total;2000;57
25071 Cava;Total;1999;56
25071 Cava;Total;1998;56
25071 Cava;Total;1997;""
25071 Cava;Total;1996;61
25071 Cava;Hombres;2025;25
25071 Cava;Hombres;2024;26
25071 Cava;Hombres;2023;29
25071 Cava;Hombres;2022;34
25071 Cava;Hombres;2021;32
25071 Cava;Hombres;2020;29
25071 Cava;Hombres;2019;29
25071 Cava;Hombres;2018;28
25071 Cava;Hombres;2017;32
25071 Cava;Hombres;2016;35
25071 Cava;Hombres;2015;35
25071 Cava;Hombres;2014;34
25071 Cava;Hombres;2013;34
25071 Cava;Hombres;2012;33
25071 Cava;Hombres;2011;36
25071 Cava;Hombres;2010;34
25071 Cava;Hombres;2009;30
25071 Cava;Hombres;2008;36
25071 Cava;Hombres;2007;33
25071 Cava;Hombres;2006;34
25071 Cava;Hombres;2005;36
25071 Cava;Hombres;2004;35
25071 Cava;Hombres;2003;30
25071 Cava;Hombres;2002;34
25071 Cava;Hombres;2001;34
25071 Cava;Hombres;2000;34
25071 Cava;Hombres;1999;34
25071 Cava;Hombres;1998;33
25071 Cava;Hombres;1997;""
25071 Cava;Hombres;1996;36
25071 Cava;Mujeres;2025;13
25071 Cava;Mujeres;2024;13
25071 Cava;Mujeres;2023;15
25071 Cava;Mujeres;2022;17
25071 Cava;Mujeres;2021;14
25071 Cava;Mujeres;2020;16
25071 Cava;Mujeres;2019;18
25071 Cava;Mujeres;2018;18
25071 Cava;Mujeres;2017;20
25071 Cava;Mujeres;2016;22
25071 Cava;Mujeres;2015;25
25071 Cava;Mujeres;2014;26
25071 Cava;Mujeres;2013;26
25071 Cava;Mujeres;2012;27
25071 Cava;Mujeres;2011;25
25071 Cava;Mujeres;2010;23
25071 Cava;Mujeres;2009;20
25071 Cava;Mujeres;2008;19
25071 Cava;Mujeres;2007;22
25071 Cava;Mujeres;2006;22
25071 Cava;Mujeres;2005;24
25071 Cava;Mujeres;2004;23
25071 Cava;Mujeres;2003;24
25071 Cava;Mujeres;2002;24
25071 Cava;Mujeres;2001;25
25071 Cava;Mujeres;2000;23
25071 Cava;Mujeres;1999;22
25071 Cava;Mujeres;1998;23
25071 Cava;Mujeres;1997;""
25071 Cava;Mujeres;1996;25
25072 Cervera;Total;2025;9.603
25072 Cervera;Total;2024;9.533
25072 Cervera;Total;2023;9.453
25072 Cervera;Total;2022;9.393
25072 Cervera;Total;2021;9.328
25072 Cervera;Total;2020;9.350
25072 Cervera;Total;2019;9.180
25072 Cervera;Total;2018;9.066
25072 Cervera;Total;2017;9.037
25072 Cervera;Total;2016;9.013
25072 Cervera;Total;2015;8.956
25072 Cervera;Total;2014;9.039
25072 Cervera;Total;2013;9.212
25072 Cervera;Total;2012;9.440
25072 Cervera;Total;2011;9.390
25072 Cervera;Total;2010;9.361
25072 Cervera;Total;2009;9.328
25072 Cervera;Total;2008;9.247
25072 Cervera;Total;2007;9.093
25072 Cervera;Total;2006;9.305
25072 Cervera;Total;2005;8.942
25072 Cervera;Total;2004;8.564
25072 Cervera;Total;2003;8.424
25072 Cervera;Total;2002;8.123
25072 Cervera;Total;2001;7.707
25072 Cervera;Total;2000;7.437
25072 Cervera;Total;1999;7.330
25072 Cervera;Total;1998;7.272
25072 Cervera;Total;1997;""
25072 Cervera;Total;1996;7.153
25072 Cervera;Hombres;2025;4.916
25072 Cervera;Hombres;2024;4.869
25072 Cervera;Hombres;2023;4.820
25072 Cervera;Hombres;2022;4.794
25072 Cervera;Hombres;2021;4.763
25072 Cervera;Hombres;2020;4.778
25072 Cervera;Hombres;2019;4.670
25072 Cervera;Hombres;2018;4.594
25072 Cervera;Hombres;2017;4.559
25072 Cervera;Hombres;2016;4.544
25072 Cervera;Hombres;2015;4.483
25072 Cervera;Hombres;2014;4.555
25072 Cervera;Hombres;2013;4.652
25072 Cervera;Hombres;2012;4.786
25072 Cervera;Hombres;2011;4.792
25072 Cervera;Hombres;2010;4.787
25072 Cervera;Hombres;2009;4.783
25072 Cervera;Hombres;2008;4.783
25072 Cervera;Hombres;2007;4.684
25072 Cervera;Hombres;2006;4.853
25072 Cervera;Hombres;2005;4.659
25072 Cervera;Hombres;2004;4.425
25072 Cervera;Hombres;2003;4.350
25072 Cervera;Hombres;2002;4.126
25072 Cervera;Hombres;2001;3.823
25072 Cervera;Hombres;2000;3.659
25072 Cervera;Hombres;1999;3.618
25072 Cervera;Hombres;1998;3.586
25072 Cervera;Hombres;1997;""
25072 Cervera;Hombres;1996;3.505
25072 Cervera;Mujeres;2025;4.687
25072 Cervera;Mujeres;2024;4.664
25072 Cervera;Mujeres;2023;4.633
25072 Cervera;Mujeres;2022;4.599
25072 Cervera;Mujeres;2021;4.565
25072 Cervera;Mujeres;2020;4.572
25072 Cervera;Mujeres;2019;4.510
25072 Cervera;Mujeres;2018;4.472
25072 Cervera;Mujeres;2017;4.478
25072 Cervera;Mujeres;2016;4.469
25072 Cervera;Mujeres;2015;4.473
25072 Cervera;Mujeres;2014;4.484
25072 Cervera;Mujeres;2013;4.560
25072 Cervera;Mujeres;2012;4.654
25072 Cervera;Mujeres;2011;4.598
25072 Cervera;Mujeres;2010;4.574
25072 Cervera;Mujeres;2009;4.545
25072 Cervera;Mujeres;2008;4.464
25072 Cervera;Mujeres;2007;4.409
25072 Cervera;Mujeres;2006;4.452
25072 Cervera;Mujeres;2005;4.283
25072 Cervera;Mujeres;2004;4.139
25072 Cervera;Mujeres;2003;4.074
25072 Cervera;Mujeres;2002;3.997
25072 Cervera;Mujeres;2001;3.884
25072 Cervera;Mujeres;2000;3.778
25072 Cervera;Mujeres;1999;3.712
25072 Cervera;Mujeres;1998;3.686
25072 Cervera;Mujeres;1997;""
25072 Cervera;Mujeres;1996;3.648
25073 Cervià de les Garrigues;Total;2025;641
25073 Cervià de les Garrigues;Total;2024;641
25073 Cervià de les Garrigues;Total;2023;645
25073 Cervià de les Garrigues;Total;2022;642
25073 Cervià de les Garrigues;Total;2021;665
25073 Cervià de les Garrigues;Total;2020;662
25073 Cervià de les Garrigues;Total;2019;640
25073 Cervià de les Garrigues;Total;2018;648
25073 Cervià de les Garrigues;Total;2017;660
25073 Cervià de les Garrigues;Total;2016;686
25073 Cervià de les Garrigues;Total;2015;695
25073 Cervià de les Garrigues;Total;2014;708
25073 Cervià de les Garrigues;Total;2013;726
25073 Cervià de les Garrigues;Total;2012;746
25073 Cervià de les Garrigues;Total;2011;808
25073 Cervià de les Garrigues;Total;2010;816
25073 Cervià de les Garrigues;Total;2009;846
25073 Cervià de les Garrigues;Total;2008;860
25073 Cervià de les Garrigues;Total;2007;865
25073 Cervià de les Garrigues;Total;2006;873
25073 Cervià de les Garrigues;Total;2005;864
25073 Cervià de les Garrigues;Total;2004;844
25073 Cervià de les Garrigues;Total;2003;842
25073 Cervià de les Garrigues;Total;2002;874
25073 Cervià de les Garrigues;Total;2001;857
25073 Cervià de les Garrigues;Total;2000;845
25073 Cervià de les Garrigues;Total;1999;859
25073 Cervià de les Garrigues;Total;1998;844
25073 Cervià de les Garrigues;Total;1997;""
25073 Cervià de les Garrigues;Total;1996;862
25073 Cervià de les Garrigues;Hombres;2025;355
25073 Cervià de les Garrigues;Hombres;2024;348
25073 Cervià de les Garrigues;Hombres;2023;351
25073 Cervià de les Garrigues;Hombres;2022;345
25073 Cervià de les Garrigues;Hombres;2021;354
25073 Cervià de les Garrigues;Hombres;2020;350
25073 Cervià de les Garrigues;Hombres;2019;336
25073 Cervià de les Garrigues;Hombres;2018;345
25073 Cervià de les Garrigues;Hombres;2017;348
25073 Cervià de les Garrigues;Hombres;2016;357
25073 Cervià de les Garrigues;Hombres;2015;364
25073 Cervià de les Garrigues;Hombres;2014;365
25073 Cervià de les Garrigues;Hombres;2013;380
25073 Cervià de les Garrigues;Hombres;2012;391
25073 Cervià de les Garrigues;Hombres;2011;419
25073 Cervià de les Garrigues;Hombres;2010;423
25073 Cervià de les Garrigues;Hombres;2009;438
25073 Cervià de les Garrigues;Hombres;2008;447
25073 Cervià de les Garrigues;Hombres;2007;452
25073 Cervià de les Garrigues;Hombres;2006;456
25073 Cervià de les Garrigues;Hombres;2005;450
25073 Cervià de les Garrigues;Hombres;2004;440
25073 Cervià de les Garrigues;Hombres;2003;437
25073 Cervià de les Garrigues;Hombres;2002;449
25073 Cervià de les Garrigues;Hombres;2001;441
25073 Cervià de les Garrigues;Hombres;2000;438
25073 Cervià de les Garrigues;Hombres;1999;450
25073 Cervià de les Garrigues;Hombres;1998;441
25073 Cervià de les Garrigues;Hombres;1997;""
25073 Cervià de les Garrigues;Hombres;1996;447
25073 Cervià de les Garrigues;Mujeres;2025;286
25073 Cervià de les Garrigues;Mujeres;2024;293
25073 Cervià de les Garrigues;Mujeres;2023;294
25073 Cervià de les Garrigues;Mujeres;2022;297
25073 Cervià de les Garrigues;Mujeres;2021;311
25073 Cervià de les Garrigues;Mujeres;2020;312
25073 Cervià de les Garrigues;Mujeres;2019;304
25073 Cervià de les Garrigues;Mujeres;2018;303
25073 Cervià de les Garrigues;Mujeres;2017;312
25073 Cervià de les Garrigues;Mujeres;2016;329
25073 Cervià de les Garrigues;Mujeres;2015;331
25073 Cervià de les Garrigues;Mujeres;2014;343
25073 Cervià de les Garrigues;Mujeres;2013;346
25073 Cervià de les Garrigues;Mujeres;2012;355
25073 Cervià de les Garrigues;Mujeres;2011;389
25073 Cervià de les Garrigues;Mujeres;2010;393
25073 Cervià de les Garrigues;Mujeres;2009;408
25073 Cervià de les Garrigues;Mujeres;2008;413
25073 Cervià de les Garrigues;Mujeres;2007;413
25073 Cervià de les Garrigues;Mujeres;2006;417
25073 Cervià de les Garrigues;Mujeres;2005;414
25073 Cervià de les Garrigues;Mujeres;2004;404
25073 Cervià de les Garrigues;Mujeres;2003;405
25073 Cervià de les Garrigues;Mujeres;2002;425
25073 Cervià de les Garrigues;Mujeres;2001;416
25073 Cervià de les Garrigues;Mujeres;2000;407
25073 Cervià de les Garrigues;Mujeres;1999;409
25073 Cervià de les Garrigues;Mujeres;1998;403
25073 Cervià de les Garrigues;Mujeres;1997;""
25073 Cervià de les Garrigues;Mujeres;1996;415
25074 Ciutadilla;Total;2025;186
25074 Ciutadilla;Total;2024;194
25074 Ciutadilla;Total;2023;188
25074 Ciutadilla;Total;2022;190
25074 Ciutadilla;Total;2021;202
25074 Ciutadilla;Total;2020;208
25074 Ciutadilla;Total;2019;208
25074 Ciutadilla;Total;2018;206
25074 Ciutadilla;Total;2017;202
25074 Ciutadilla;Total;2016;204
25074 Ciutadilla;Total;2015;217
25074 Ciutadilla;Total;2014;209
25074 Ciutadilla;Total;2013;209
25074 Ciutadilla;Total;2012;207
25074 Ciutadilla;Total;2011;210
25074 Ciutadilla;Total;2010;220
25074 Ciutadilla;Total;2009;226
25074 Ciutadilla;Total;2008;226
25074 Ciutadilla;Total;2007;227
25074 Ciutadilla;Total;2006;223
25074 Ciutadilla;Total;2005;235
25074 Ciutadilla;Total;2004;245
25074 Ciutadilla;Total;2003;233
25074 Ciutadilla;Total;2002;202
25074 Ciutadilla;Total;2001;215
25074 Ciutadilla;Total;2000;213
25074 Ciutadilla;Total;1999;217
25074 Ciutadilla;Total;1998;226
25074 Ciutadilla;Total;1997;""
25074 Ciutadilla;Total;1996;218
25074 Ciutadilla;Hombres;2025;99
25074 Ciutadilla;Hombres;2024;104
25074 Ciutadilla;Hombres;2023;100
25074 Ciutadilla;Hombres;2022;99
25074 Ciutadilla;Hombres;2021;104
25074 Ciutadilla;Hombres;2020;111
25074 Ciutadilla;Hombres;2019;111
25074 Ciutadilla;Hombres;2018;109
25074 Ciutadilla;Hombres;2017;109
25074 Ciutadilla;Hombres;2016;110
25074 Ciutadilla;Hombres;2015;117
25074 Ciutadilla;Hombres;2014;114
25074 Ciutadilla;Hombres;2013;114
25074 Ciutadilla;Hombres;2012;115
25074 Ciutadilla;Hombres;2011;117
25074 Ciutadilla;Hombres;2010;120
25074 Ciutadilla;Hombres;2009;124
25074 Ciutadilla;Hombres;2008;129
25074 Ciutadilla;Hombres;2007;129
25074 Ciutadilla;Hombres;2006;128
25074 Ciutadilla;Hombres;2005;129
25074 Ciutadilla;Hombres;2004;129
25074 Ciutadilla;Hombres;2003;122
25074 Ciutadilla;Hombres;2002;105
25074 Ciutadilla;Hombres;2001;110
25074 Ciutadilla;Hombres;2000;108
25074 Ciutadilla;Hombres;1999;110
25074 Ciutadilla;Hombres;1998;117
25074 Ciutadilla;Hombres;1997;""
25074 Ciutadilla;Hombres;1996;113
25074 Ciutadilla;Mujeres;2025;87
25074 Ciutadilla;Mujeres;2024;90
25074 Ciutadilla;Mujeres;2023;88
25074 Ciutadilla;Mujeres;2022;91
25074 Ciutadilla;Mujeres;2021;98
25074 Ciutadilla;Mujeres;2020;97
25074 Ciutadilla;Mujeres;2019;97
25074 Ciutadilla;Mujeres;2018;97
25074 Ciutadilla;Mujeres;2017;93
25074 Ciutadilla;Mujeres;2016;94
25074 Ciutadilla;Mujeres;2015;100
25074 Ciutadilla;Mujeres;2014;95
25074 Ciutadilla;Mujeres;2013;95
25074 Ciutadilla;Mujeres;2012;92
25074 Ciutadilla;Mujeres;2011;93
25074 Ciutadilla;Mujeres;2010;100
25074 Ciutadilla;Mujeres;2009;102
25074 Ciutadilla;Mujeres;2008;97
25074 Ciutadilla;Mujeres;2007;98
25074 Ciutadilla;Mujeres;2006;95
25074 Ciutadilla;Mujeres;2005;106
25074 Ciutadilla;Mujeres;2004;116
25074 Ciutadilla;Mujeres;2003;111
25074 Ciutadilla;Mujeres;2002;97
25074 Ciutadilla;Mujeres;2001;105
25074 Ciutadilla;Mujeres;2000;105
25074 Ciutadilla;Mujeres;1999;107
25074 Ciutadilla;Mujeres;1998;109
25074 Ciutadilla;Mujeres;1997;""
25074 Ciutadilla;Mujeres;1996;105
25075 Clariana de Cardener;Total;2025;160
25075 Clariana de Cardener;Total;2024;161
25075 Clariana de Cardener;Total;2023;158
25075 Clariana de Cardener;Total;2022;162
25075 Clariana de Cardener;Total;2021;158
25075 Clariana de Cardener;Total;2020;161
25075 Clariana de Cardener;Total;2019;157
25075 Clariana de Cardener;Total;2018;147
25075 Clariana de Cardener;Total;2017;145
25075 Clariana de Cardener;Total;2016;141
25075 Clariana de Cardener;Total;2015;140
25075 Clariana de Cardener;Total;2014;140
25075 Clariana de Cardener;Total;2013;141
25075 Clariana de Cardener;Total;2012;142
25075 Clariana de Cardener;Total;2011;157
25075 Clariana de Cardener;Total;2010;150
25075 Clariana de Cardener;Total;2009;152
25075 Clariana de Cardener;Total;2008;147
25075 Clariana de Cardener;Total;2007;147
25075 Clariana de Cardener;Total;2006;146
25075 Clariana de Cardener;Total;2005;149
25075 Clariana de Cardener;Total;2004;153
25075 Clariana de Cardener;Total;2003;153
25075 Clariana de Cardener;Total;2002;148
25075 Clariana de Cardener;Total;2001;144
25075 Clariana de Cardener;Total;2000;145
25075 Clariana de Cardener;Total;1999;142
25075 Clariana de Cardener;Total;1998;148
25075 Clariana de Cardener;Total;1997;""
25075 Clariana de Cardener;Total;1996;148
25075 Clariana de Cardener;Hombres;2025;84
25075 Clariana de Cardener;Hombres;2024;84
25075 Clariana de Cardener;Hombres;2023;83
25075 Clariana de Cardener;Hombres;2022;86
25075 Clariana de Cardener;Hombres;2021;83
25075 Clariana de Cardener;Hombres;2020;86
25075 Clariana de Cardener;Hombres;2019;82
25075 Clariana de Cardener;Hombres;2018;74
25075 Clariana de Cardener;Hombres;2017;72
25075 Clariana de Cardener;Hombres;2016;71
25075 Clariana de Cardener;Hombres;2015;71
25075 Clariana de Cardener;Hombres;2014;71
25075 Clariana de Cardener;Hombres;2013;73
25075 Clariana de Cardener;Hombres;2012;74
25075 Clariana de Cardener;Hombres;2011;81
25075 Clariana de Cardener;Hombres;2010;78
25075 Clariana de Cardener;Hombres;2009;77
25075 Clariana de Cardener;Hombres;2008;78
25075 Clariana de Cardener;Hombres;2007;79
25075 Clariana de Cardener;Hombres;2006;79
25075 Clariana de Cardener;Hombres;2005;78
25075 Clariana de Cardener;Hombres;2004;80
25075 Clariana de Cardener;Hombres;2003;80
25075 Clariana de Cardener;Hombres;2002;77
25075 Clariana de Cardener;Hombres;2001;74
25075 Clariana de Cardener;Hombres;2000;75
25075 Clariana de Cardener;Hombres;1999;74
25075 Clariana de Cardener;Hombres;1998;76
25075 Clariana de Cardener;Hombres;1997;""
25075 Clariana de Cardener;Hombres;1996;77
25075 Clariana de Cardener;Mujeres;2025;76
25075 Clariana de Cardener;Mujeres;2024;77
25075 Clariana de Cardener;Mujeres;2023;75
25075 Clariana de Cardener;Mujeres;2022;76
25075 Clariana de Cardener;Mujeres;2021;75
25075 Clariana de Cardener;Mujeres;2020;75
25075 Clariana de Cardener;Mujeres;2019;75
25075 Clariana de Cardener;Mujeres;2018;73
25075 Clariana de Cardener;Mujeres;2017;73
25075 Clariana de Cardener;Mujeres;2016;70
25075 Clariana de Cardener;Mujeres;2015;69
25075 Clariana de Cardener;Mujeres;2014;69
25075 Clariana de Cardener;Mujeres;2013;68
25075 Clariana de Cardener;Mujeres;2012;68
25075 Clariana de Cardener;Mujeres;2011;76
25075 Clariana de Cardener;Mujeres;2010;72
25075 Clariana de Cardener;Mujeres;2009;75
25075 Clariana de Cardener;Mujeres;2008;69
25075 Clariana de Cardener;Mujeres;2007;68
25075 Clariana de Cardener;Mujeres;2006;67
25075 Clariana de Cardener;Mujeres;2005;71
25075 Clariana de Cardener;Mujeres;2004;73
25075 Clariana de Cardener;Mujeres;2003;73
25075 Clariana de Cardener;Mujeres;2002;71
25075 Clariana de Cardener;Mujeres;2001;70
25075 Clariana de Cardener;Mujeres;2000;70
25075 Clariana de Cardener;Mujeres;1999;68
25075 Clariana de Cardener;Mujeres;1998;72
25075 Clariana de Cardener;Mujeres;1997;""
25075 Clariana de Cardener;Mujeres;1996;71
25076 Cogul, El;Total;2025;163
25076 Cogul, El;Total;2024;161
25076 Cogul, El;Total;2023;155
25076 Cogul, El;Total;2022;151
25076 Cogul, El;Total;2021;143
25076 Cogul, El;Total;2020;151
25076 Cogul, El;Total;2019;158
25076 Cogul, El;Total;2018;161
25076 Cogul, El;Total;2017;162
25076 Cogul, El;Total;2016;174
25076 Cogul, El;Total;2015;181
25076 Cogul, El;Total;2014;190
25076 Cogul, El;Total;2013;193
25076 Cogul, El;Total;2012;197
25076 Cogul, El;Total;2011;188
25076 Cogul, El;Total;2010;193
25076 Cogul, El;Total;2009;203
25076 Cogul, El;Total;2008;211
25076 Cogul, El;Total;2007;214
25076 Cogul, El;Total;2006;211
25076 Cogul, El;Total;2005;220
25076 Cogul, El;Total;2004;218
25076 Cogul, El;Total;2003;224
25076 Cogul, El;Total;2002;236
25076 Cogul, El;Total;2001;225
25076 Cogul, El;Total;2000;232
25076 Cogul, El;Total;1999;223
25076 Cogul, El;Total;1998;228
25076 Cogul, El;Total;1997;""
25076 Cogul, El;Total;1996;230
25076 Cogul, El;Hombres;2025;90
25076 Cogul, El;Hombres;2024;89
25076 Cogul, El;Hombres;2023;88
25076 Cogul, El;Hombres;2022;83
25076 Cogul, El;Hombres;2021;81
25076 Cogul, El;Hombres;2020;83
25076 Cogul, El;Hombres;2019;88
25076 Cogul, El;Hombres;2018;88
25076 Cogul, El;Hombres;2017;87
25076 Cogul, El;Hombres;2016;93
25076 Cogul, El;Hombres;2015;97
25076 Cogul, El;Hombres;2014;103
25076 Cogul, El;Hombres;2013;108
25076 Cogul, El;Hombres;2012;108
25076 Cogul, El;Hombres;2011;104
25076 Cogul, El;Hombres;2010;106
25076 Cogul, El;Hombres;2009;109
25076 Cogul, El;Hombres;2008;115
25076 Cogul, El;Hombres;2007;119
25076 Cogul, El;Hombres;2006;117
25076 Cogul, El;Hombres;2005;117
25076 Cogul, El;Hombres;2004;115
25076 Cogul, El;Hombres;2003;120
25076 Cogul, El;Hombres;2002;126
25076 Cogul, El;Hombres;2001;122
25076 Cogul, El;Hombres;2000;121
25076 Cogul, El;Hombres;1999;114
25076 Cogul, El;Hombres;1998;116
25076 Cogul, El;Hombres;1997;""
25076 Cogul, El;Hombres;1996;116
25076 Cogul, El;Mujeres;2025;73
25076 Cogul, El;Mujeres;2024;72
25076 Cogul, El;Mujeres;2023;67
25076 Cogul, El;Mujeres;2022;68
25076 Cogul, El;Mujeres;2021;62
25076 Cogul, El;Mujeres;2020;68
25076 Cogul, El;Mujeres;2019;70
25076 Cogul, El;Mujeres;2018;73
25076 Cogul, El;Mujeres;2017;75
25076 Cogul, El;Mujeres;2016;81
25076 Cogul, El;Mujeres;2015;84
25076 Cogul, El;Mujeres;2014;87
25076 Cogul, El;Mujeres;2013;85
25076 Cogul, El;Mujeres;2012;89
25076 Cogul, El;Mujeres;2011;84
25076 Cogul, El;Mujeres;2010;87
25076 Cogul, El;Mujeres;2009;94
25076 Cogul, El;Mujeres;2008;96
25076 Cogul, El;Mujeres;2007;95
25076 Cogul, El;Mujeres;2006;94
25076 Cogul, El;Mujeres;2005;103
25076 Cogul, El;Mujeres;2004;103
25076 Cogul, El;Mujeres;2003;104
25076 Cogul, El;Mujeres;2002;110
25076 Cogul, El;Mujeres;2001;103
25076 Cogul, El;Mujeres;2000;111
25076 Cogul, El;Mujeres;1999;109
25076 Cogul, El;Mujeres;1998;112
25076 Cogul, El;Mujeres;1997;""
25076 Cogul, El;Mujeres;1996;114
25077 Coll de Nargó;Total;2025;585
25077 Coll de Nargó;Total;2024;587
25077 Coll de Nargó;Total;2023;568
25077 Coll de Nargó;Total;2022;548
25077 Coll de Nargó;Total;2021;548
25077 Coll de Nargó;Total;2020;540
25077 Coll de Nargó;Total;2019;550
25077 Coll de Nargó;Total;2018;549
25077 Coll de Nargó;Total;2017;558
25077 Coll de Nargó;Total;2016;574
25077 Coll de Nargó;Total;2015;575
25077 Coll de Nargó;Total;2014;587
25077 Coll de Nargó;Total;2013;583
25077 Coll de Nargó;Total;2012;595
25077 Coll de Nargó;Total;2011;607
25077 Coll de Nargó;Total;2010;619
25077 Coll de Nargó;Total;2009;634
25077 Coll de Nargó;Total;2008;628
25077 Coll de Nargó;Total;2007;626
25077 Coll de Nargó;Total;2006;618
25077 Coll de Nargó;Total;2005;600
25077 Coll de Nargó;Total;2004;591
25077 Coll de Nargó;Total;2003;577
25077 Coll de Nargó;Total;2002;599
25077 Coll de Nargó;Total;2001;601
25077 Coll de Nargó;Total;2000;606
25077 Coll de Nargó;Total;1999;617
25077 Coll de Nargó;Total;1998;614
25077 Coll de Nargó;Total;1997;""
25077 Coll de Nargó;Total;1996;606
25077 Coll de Nargó;Hombres;2025;312
25077 Coll de Nargó;Hombres;2024;316
25077 Coll de Nargó;Hombres;2023;296
25077 Coll de Nargó;Hombres;2022;278
25077 Coll de Nargó;Hombres;2021;280
25077 Coll de Nargó;Hombres;2020;277
25077 Coll de Nargó;Hombres;2019;285
25077 Coll de Nargó;Hombres;2018;284
25077 Coll de Nargó;Hombres;2017;286
25077 Coll de Nargó;Hombres;2016;292
25077 Coll de Nargó;Hombres;2015;293
25077 Coll de Nargó;Hombres;2014;296
25077 Coll de Nargó;Hombres;2013;292
25077 Coll de Nargó;Hombres;2012;303
25077 Coll de Nargó;Hombres;2011;311
25077 Coll de Nargó;Hombres;2010;312
25077 Coll de Nargó;Hombres;2009;323
25077 Coll de Nargó;Hombres;2008;330
25077 Coll de Nargó;Hombres;2007;333
25077 Coll de Nargó;Hombres;2006;333
25077 Coll de Nargó;Hombres;2005;315
25077 Coll de Nargó;Hombres;2004;303
25077 Coll de Nargó;Hombres;2003;303
25077 Coll de Nargó;Hombres;2002;315
25077 Coll de Nargó;Hombres;2001;319
25077 Coll de Nargó;Hombres;2000;323
25077 Coll de Nargó;Hombres;1999;331
25077 Coll de Nargó;Hombres;1998;328
25077 Coll de Nargó;Hombres;1997;""
25077 Coll de Nargó;Hombres;1996;321
25077 Coll de Nargó;Mujeres;2025;273
25077 Coll de Nargó;Mujeres;2024;271
25077 Coll de Nargó;Mujeres;2023;272
25077 Coll de Nargó;Mujeres;2022;270
25077 Coll de Nargó;Mujeres;2021;268
25077 Coll de Nargó;Mujeres;2020;263
25077 Coll de Nargó;Mujeres;2019;265
25077 Coll de Nargó;Mujeres;2018;265
25077 Coll de Nargó;Mujeres;2017;272
25077 Coll de Nargó;Mujeres;2016;282
25077 Coll de Nargó;Mujeres;2015;282
25077 Coll de Nargó;Mujeres;2014;291
25077 Coll de Nargó;Mujeres;2013;291
25077 Coll de Nargó;Mujeres;2012;292
25077 Coll de Nargó;Mujeres;2011;296
25077 Coll de Nargó;Mujeres;2010;307
25077 Coll de Nargó;Mujeres;2009;311
25077 Coll de Nargó;Mujeres;2008;298
25077 Coll de Nargó;Mujeres;2007;293
25077 Coll de Nargó;Mujeres;2006;285
25077 Coll de Nargó;Mujeres;2005;285
25077 Coll de Nargó;Mujeres;2004;288
25077 Coll de Nargó;Mujeres;2003;274
25077 Coll de Nargó;Mujeres;2002;284
25077 Coll de Nargó;Mujeres;2001;282
25077 Coll de Nargó;Mujeres;2000;283
25077 Coll de Nargó;Mujeres;1999;286
25077 Coll de Nargó;Mujeres;1998;286
25077 Coll de Nargó;Mujeres;1997;""
25077 Coll de Nargó;Mujeres;1996;285
25163 Coma i la Pedra, La;Total;2025;277
25163 Coma i la Pedra, La;Total;2024;282
25163 Coma i la Pedra, La;Total;2023;275
25163 Coma i la Pedra, La;Total;2022;278
25163 Coma i la Pedra, La;Total;2021;277
25163 Coma i la Pedra, La;Total;2020;255
25163 Coma i la Pedra, La;Total;2019;265
25163 Coma i la Pedra, La;Total;2018;265
25163 Coma i la Pedra, La;Total;2017;259
25163 Coma i la Pedra, La;Total;2016;261
25163 Coma i la Pedra, La;Total;2015;270
25163 Coma i la Pedra, La;Total;2014;269
25163 Coma i la Pedra, La;Total;2013;273
25163 Coma i la Pedra, La;Total;2012;274
25163 Coma i la Pedra, La;Total;2011;275
25163 Coma i la Pedra, La;Total;2010;271
25163 Coma i la Pedra, La;Total;2009;278
25163 Coma i la Pedra, La;Total;2008;267
25163 Coma i la Pedra, La;Total;2007;252
25163 Coma i la Pedra, La;Total;2006;253
25163 Coma i la Pedra, La;Total;2005;270
25163 Coma i la Pedra, La;Total;2004;254
25163 Coma i la Pedra, La;Total;2003;242
25163 Coma i la Pedra, La;Total;2002;245
25163 Coma i la Pedra, La;Total;2001;246
25163 Coma i la Pedra, La;Total;2000;240
25163 Coma i la Pedra, La;Total;1999;231
25163 Coma i la Pedra, La;Total;1998;234
25163 Coma i la Pedra, La;Total;1997;""
25163 Coma i la Pedra, La;Total;1996;222
25163 Coma i la Pedra, La;Hombres;2025;162
25163 Coma i la Pedra, La;Hombres;2024;160
25163 Coma i la Pedra, La;Hombres;2023;155
25163 Coma i la Pedra, La;Hombres;2022;161
25163 Coma i la Pedra, La;Hombres;2021;162
25163 Coma i la Pedra, La;Hombres;2020;151
25163 Coma i la Pedra, La;Hombres;2019;157
25163 Coma i la Pedra, La;Hombres;2018;160
25163 Coma i la Pedra, La;Hombres;2017;157
25163 Coma i la Pedra, La;Hombres;2016;156
25163 Coma i la Pedra, La;Hombres;2015;165
25163 Coma i la Pedra, La;Hombres;2014;164
25163 Coma i la Pedra, La;Hombres;2013;163
25163 Coma i la Pedra, La;Hombres;2012;166
25163 Coma i la Pedra, La;Hombres;2011;163
25163 Coma i la Pedra, La;Hombres;2010;165
25163 Coma i la Pedra, La;Hombres;2009;169
25163 Coma i la Pedra, La;Hombres;2008;163
25163 Coma i la Pedra, La;Hombres;2007;150
25163 Coma i la Pedra, La;Hombres;2006;149
25163 Coma i la Pedra, La;Hombres;2005;160
25163 Coma i la Pedra, La;Hombres;2004;152
25163 Coma i la Pedra, La;Hombres;2003;148
25163 Coma i la Pedra, La;Hombres;2002;148
25163 Coma i la Pedra, La;Hombres;2001;148
25163 Coma i la Pedra, La;Hombres;2000;147
25163 Coma i la Pedra, La;Hombres;1999;143
25163 Coma i la Pedra, La;Hombres;1998;144
25163 Coma i la Pedra, La;Hombres;1997;""
25163 Coma i la Pedra, La;Hombres;1996;137
25163 Coma i la Pedra, La;Mujeres;2025;115
25163 Coma i la Pedra, La;Mujeres;2024;122
25163 Coma i la Pedra, La;Mujeres;2023;120
25163 Coma i la Pedra, La;Mujeres;2022;117
25163 Coma i la Pedra, La;Mujeres;2021;115
25163 Coma i la Pedra, La;Mujeres;2020;104
25163 Coma i la Pedra, La;Mujeres;2019;108
25163 Coma i la Pedra, La;Mujeres;2018;105
25163 Coma i la Pedra, La;Mujeres;2017;102
25163 Coma i la Pedra, La;Mujeres;2016;105
25163 Coma i la Pedra, La;Mujeres;2015;105
25163 Coma i la Pedra, La;Mujeres;2014;105
25163 Coma i la Pedra, La;Mujeres;2013;110
25163 Coma i la Pedra, La;Mujeres;2012;108
25163 Coma i la Pedra, La;Mujeres;2011;112
25163 Coma i la Pedra, La;Mujeres;2010;106
25163 Coma i la Pedra, La;Mujeres;2009;109
25163 Coma i la Pedra, La;Mujeres;2008;104
25163 Coma i la Pedra, La;Mujeres;2007;102
25163 Coma i la Pedra, La;Mujeres;2006;104
25163 Coma i la Pedra, La;Mujeres;2005;110
25163 Coma i la Pedra, La;Mujeres;2004;102
25163 Coma i la Pedra, La;Mujeres;2003;94
25163 Coma i la Pedra, La;Mujeres;2002;97
25163 Coma i la Pedra, La;Mujeres;2001;98
25163 Coma i la Pedra, La;Mujeres;2000;93
25163 Coma i la Pedra, La;Mujeres;1999;88
25163 Coma i la Pedra, La;Mujeres;1998;90
25163 Coma i la Pedra, La;Mujeres;1997;""
25163 Coma i la Pedra, La;Mujeres;1996;85
25161 Conca de Dalt;Total;2025;438
25161 Conca de Dalt;Total;2024;434
25161 Conca de Dalt;Total;2023;436
25161 Conca de Dalt;Total;2022;427
25161 Conca de Dalt;Total;2021;421
25161 Conca de Dalt;Total;2020;410
25161 Conca de Dalt;Total;2019;418
25161 Conca de Dalt;Total;2018;428
25161 Conca de Dalt;Total;2017;445
25161 Conca de Dalt;Total;2016;439
25161 Conca de Dalt;Total;2015;446
25161 Conca de Dalt;Total;2014;443
25161 Conca de Dalt;Total;2013;446
25161 Conca de Dalt;Total;2012;433
25161 Conca de Dalt;Total;2011;420
25161 Conca de Dalt;Total;2010;407
25161 Conca de Dalt;Total;2009;410
25161 Conca de Dalt;Total;2008;418
25161 Conca de Dalt;Total;2007;434
25161 Conca de Dalt;Total;2006;428
25161 Conca de Dalt;Total;2005;439
25161 Conca de Dalt;Total;2004;437
25161 Conca de Dalt;Total;2003;426
25161 Conca de Dalt;Total;2002;425
25161 Conca de Dalt;Total;2001;424
25161 Conca de Dalt;Total;2000;419
25161 Conca de Dalt;Total;1999;426
25161 Conca de Dalt;Total;1998;421
25161 Conca de Dalt;Total;1997;""
25161 Conca de Dalt;Total;1996;437
25161 Conca de Dalt;Hombres;2025;234
25161 Conca de Dalt;Hombres;2024;232
25161 Conca de Dalt;Hombres;2023;228
25161 Conca de Dalt;Hombres;2022;221
25161 Conca de Dalt;Hombres;2021;215
25161 Conca de Dalt;Hombres;2020;209
25161 Conca de Dalt;Hombres;2019;213
25161 Conca de Dalt;Hombres;2018;220
25161 Conca de Dalt;Hombres;2017;233
25161 Conca de Dalt;Hombres;2016;228
25161 Conca de Dalt;Hombres;2015;233
25161 Conca de Dalt;Hombres;2014;231
25161 Conca de Dalt;Hombres;2013;233
25161 Conca de Dalt;Hombres;2012;225
25161 Conca de Dalt;Hombres;2011;218
25161 Conca de Dalt;Hombres;2010;204
25161 Conca de Dalt;Hombres;2009;210
25161 Conca de Dalt;Hombres;2008;217
25161 Conca de Dalt;Hombres;2007;222
25161 Conca de Dalt;Hombres;2006;221
25161 Conca de Dalt;Hombres;2005;227
25161 Conca de Dalt;Hombres;2004;224
25161 Conca de Dalt;Hombres;2003;217
25161 Conca de Dalt;Hombres;2002;216
25161 Conca de Dalt;Hombres;2001;216
25161 Conca de Dalt;Hombres;2000;218
25161 Conca de Dalt;Hombres;1999;224
25161 Conca de Dalt;Hombres;1998;222
25161 Conca de Dalt;Hombres;1997;""
25161 Conca de Dalt;Hombres;1996;228
25161 Conca de Dalt;Mujeres;2025;204
25161 Conca de Dalt;Mujeres;2024;202
25161 Conca de Dalt;Mujeres;2023;208
25161 Conca de Dalt;Mujeres;2022;206
25161 Conca de Dalt;Mujeres;2021;206
25161 Conca de Dalt;Mujeres;2020;201
25161 Conca de Dalt;Mujeres;2019;205
25161 Conca de Dalt;Mujeres;2018;208
25161 Conca de Dalt;Mujeres;2017;212
25161 Conca de Dalt;Mujeres;2016;211
25161 Conca de Dalt;Mujeres;2015;213
25161 Conca de Dalt;Mujeres;2014;212
25161 Conca de Dalt;Mujeres;2013;213
25161 Conca de Dalt;Mujeres;2012;208
25161 Conca de Dalt;Mujeres;2011;202
25161 Conca de Dalt;Mujeres;2010;203
25161 Conca de Dalt;Mujeres;2009;200
25161 Conca de Dalt;Mujeres;2008;201
25161 Conca de Dalt;Mujeres;2007;212
25161 Conca de Dalt;Mujeres;2006;207
25161 Conca de Dalt;Mujeres;2005;212
25161 Conca de Dalt;Mujeres;2004;213
25161 Conca de Dalt;Mujeres;2003;209
25161 Conca de Dalt;Mujeres;2002;209
25161 Conca de Dalt;Mujeres;2001;208
25161 Conca de Dalt;Mujeres;2000;201
25161 Conca de Dalt;Mujeres;1999;202
25161 Conca de Dalt;Mujeres;1998;199
25161 Conca de Dalt;Mujeres;1997;""
25161 Conca de Dalt;Mujeres;1996;209
25078 Corbins;Total;2025;1.502
25078 Corbins;Total;2024;1.502
25078 Corbins;Total;2023;1.486
25078 Corbins;Total;2022;1.462
25078 Corbins;Total;2021;1.499
25078 Corbins;Total;2020;1.462
25078 Corbins;Total;2019;1.444
25078 Corbins;Total;2018;1.431
25078 Corbins;Total;2017;1.411
25078 Corbins;Total;2016;1.401
25078 Corbins;Total;2015;1.394
25078 Corbins;Total;2014;1.400
25078 Corbins;Total;2013;1.401
25078 Corbins;Total;2012;1.403
25078 Corbins;Total;2011;1.377
25078 Corbins;Total;2010;1.380
25078 Corbins;Total;2009;1.356
25078 Corbins;Total;2008;1.370
25078 Corbins;Total;2007;1.340
25078 Corbins;Total;2006;1.347
25078 Corbins;Total;2005;1.311
25078 Corbins;Total;2004;1.149
25078 Corbins;Total;2003;1.133
25078 Corbins;Total;2002;1.110
25078 Corbins;Total;2001;1.082
25078 Corbins;Total;2000;1.055
25078 Corbins;Total;1999;1.037
25078 Corbins;Total;1998;1.051
25078 Corbins;Total;1997;""
25078 Corbins;Total;1996;1.037
25078 Corbins;Hombres;2025;822
25078 Corbins;Hombres;2024;820
25078 Corbins;Hombres;2023;809
25078 Corbins;Hombres;2022;803
25078 Corbins;Hombres;2021;839
25078 Corbins;Hombres;2020;811
25078 Corbins;Hombres;2019;787
25078 Corbins;Hombres;2018;777
25078 Corbins;Hombres;2017;764
25078 Corbins;Hombres;2016;751
25078 Corbins;Hombres;2015;744
25078 Corbins;Hombres;2014;749
25078 Corbins;Hombres;2013;743
25078 Corbins;Hombres;2012;746
25078 Corbins;Hombres;2011;737
25078 Corbins;Hombres;2010;739
25078 Corbins;Hombres;2009;724
25078 Corbins;Hombres;2008;729
25078 Corbins;Hombres;2007;717
25078 Corbins;Hombres;2006;733
25078 Corbins;Hombres;2005;710
25078 Corbins;Hombres;2004;594
25078 Corbins;Hombres;2003;581
25078 Corbins;Hombres;2002;573
25078 Corbins;Hombres;2001;556
25078 Corbins;Hombres;2000;537
25078 Corbins;Hombres;1999;527
25078 Corbins;Hombres;1998;530
25078 Corbins;Hombres;1997;""
25078 Corbins;Hombres;1996;523
25078 Corbins;Mujeres;2025;680
25078 Corbins;Mujeres;2024;682
25078 Corbins;Mujeres;2023;677
25078 Corbins;Mujeres;2022;659
25078 Corbins;Mujeres;2021;660
25078 Corbins;Mujeres;2020;651
25078 Corbins;Mujeres;2019;657
25078 Corbins;Mujeres;2018;654
25078 Corbins;Mujeres;2017;647
25078 Corbins;Mujeres;2016;650
25078 Corbins;Mujeres;2015;650
25078 Corbins;Mujeres;2014;651
25078 Corbins;Mujeres;2013;658
25078 Corbins;Mujeres;2012;657
25078 Corbins;Mujeres;2011;640
25078 Corbins;Mujeres;2010;641
25078 Corbins;Mujeres;2009;632
25078 Corbins;Mujeres;2008;641
25078 Corbins;Mujeres;2007;623
25078 Corbins;Mujeres;2006;614
25078 Corbins;Mujeres;2005;601
25078 Corbins;Mujeres;2004;555
25078 Corbins;Mujeres;2003;552
25078 Corbins;Mujeres;2002;537
25078 Corbins;Mujeres;2001;526
25078 Corbins;Mujeres;2000;518
25078 Corbins;Mujeres;1999;510
25078 Corbins;Mujeres;1998;521
25078 Corbins;Mujeres;1997;""
25078 Corbins;Mujeres;1996;514
25079 Cubells;Total;2025;354
25079 Cubells;Total;2024;343
25079 Cubells;Total;2023;344
25079 Cubells;Total;2022;356
25079 Cubells;Total;2021;357
25079 Cubells;Total;2020;338
25079 Cubells;Total;2019;343
25079 Cubells;Total;2018;358
25079 Cubells;Total;2017;373
25079 Cubells;Total;2016;373
25079 Cubells;Total;2015;378
25079 Cubells;Total;2014;395
25079 Cubells;Total;2013;419
25079 Cubells;Total;2012;409
25079 Cubells;Total;2011;400
25079 Cubells;Total;2010;407
25079 Cubells;Total;2009;401
25079 Cubells;Total;2008;397
25079 Cubells;Total;2007;385
25079 Cubells;Total;2006;401
25079 Cubells;Total;2005;395
25079 Cubells;Total;2004;384
25079 Cubells;Total;2003;381
25079 Cubells;Total;2002;378
25079 Cubells;Total;2001;373
25079 Cubells;Total;2000;382
25079 Cubells;Total;1999;381
25079 Cubells;Total;1998;358
25079 Cubells;Total;1997;""
25079 Cubells;Total;1996;360
25079 Cubells;Hombres;2025;186
25079 Cubells;Hombres;2024;180
25079 Cubells;Hombres;2023;180
25079 Cubells;Hombres;2022;188
25079 Cubells;Hombres;2021;182
25079 Cubells;Hombres;2020;179
25079 Cubells;Hombres;2019;180
25079 Cubells;Hombres;2018;184
25079 Cubells;Hombres;2017;198
25079 Cubells;Hombres;2016;196
25079 Cubells;Hombres;2015;200
25079 Cubells;Hombres;2014;212
25079 Cubells;Hombres;2013;223
25079 Cubells;Hombres;2012;216
25079 Cubells;Hombres;2011;211
25079 Cubells;Hombres;2010;213
25079 Cubells;Hombres;2009;209
25079 Cubells;Hombres;2008;202
25079 Cubells;Hombres;2007;202
25079 Cubells;Hombres;2006;203
25079 Cubells;Hombres;2005;201
25079 Cubells;Hombres;2004;197
25079 Cubells;Hombres;2003;189
25079 Cubells;Hombres;2002;190
25079 Cubells;Hombres;2001;187
25079 Cubells;Hombres;2000;194
25079 Cubells;Hombres;1999;195
25079 Cubells;Hombres;1998;181
25079 Cubells;Hombres;1997;""
25079 Cubells;Hombres;1996;182
25079 Cubells;Mujeres;2025;168
25079 Cubells;Mujeres;2024;163
25079 Cubells;Mujeres;2023;164
25079 Cubells;Mujeres;2022;168
25079 Cubells;Mujeres;2021;175
25079 Cubells;Mujeres;2020;159
25079 Cubells;Mujeres;2019;163
25079 Cubells;Mujeres;2018;174
25079 Cubells;Mujeres;2017;175
25079 Cubells;Mujeres;2016;177
25079 Cubells;Mujeres;2015;178
25079 Cubells;Mujeres;2014;183
25079 Cubells;Mujeres;2013;196
25079 Cubells;Mujeres;2012;193
25079 Cubells;Mujeres;2011;189
25079 Cubells;Mujeres;2010;194
25079 Cubells;Mujeres;2009;192
25079 Cubells;Mujeres;2008;195
25079 Cubells;Mujeres;2007;183
25079 Cubells;Mujeres;2006;198
25079 Cubells;Mujeres;2005;194
25079 Cubells;Mujeres;2004;187
25079 Cubells;Mujeres;2003;192
25079 Cubells;Mujeres;2002;188
25079 Cubells;Mujeres;2001;186
25079 Cubells;Mujeres;2000;188
25079 Cubells;Mujeres;1999;186
25079 Cubells;Mujeres;1998;177
25079 Cubells;Mujeres;1997;""
25079 Cubells;Mujeres;1996;178
25081 Espluga Calba, L';Total;2025;324
25081 Espluga Calba, L';Total;2024;331
25081 Espluga Calba, L';Total;2023;324
25081 Espluga Calba, L';Total;2022;331
25081 Espluga Calba, L';Total;2021;328
25081 Espluga Calba, L';Total;2020;329
25081 Espluga Calba, L';Total;2019;341
25081 Espluga Calba, L';Total;2018;357
25081 Espluga Calba, L';Total;2017;363
25081 Espluga Calba, L';Total;2016;375
25081 Espluga Calba, L';Total;2015;387
25081 Espluga Calba, L';Total;2014;395
25081 Espluga Calba, L';Total;2013;401
25081 Espluga Calba, L';Total;2012;399
25081 Espluga Calba, L';Total;2011;430
25081 Espluga Calba, L';Total;2010;427
25081 Espluga Calba, L';Total;2009;429
25081 Espluga Calba, L';Total;2008;424
25081 Espluga Calba, L';Total;2007;438
25081 Espluga Calba, L';Total;2006;452
25081 Espluga Calba, L';Total;2005;448
25081 Espluga Calba, L';Total;2004;425
25081 Espluga Calba, L';Total;2003;429
25081 Espluga Calba, L';Total;2002;429
25081 Espluga Calba, L';Total;2001;419
25081 Espluga Calba, L';Total;2000;424
25081 Espluga Calba, L';Total;1999;435
25081 Espluga Calba, L';Total;1998;442
25081 Espluga Calba, L';Total;1997;""
25081 Espluga Calba, L';Total;1996;445
25081 Espluga Calba, L';Hombres;2025;162
25081 Espluga Calba, L';Hombres;2024;169
25081 Espluga Calba, L';Hombres;2023;164
25081 Espluga Calba, L';Hombres;2022;169
25081 Espluga Calba, L';Hombres;2021;165
25081 Espluga Calba, L';Hombres;2020;168
25081 Espluga Calba, L';Hombres;2019;171
25081 Espluga Calba, L';Hombres;2018;181
25081 Espluga Calba, L';Hombres;2017;182
25081 Espluga Calba, L';Hombres;2016;189
25081 Espluga Calba, L';Hombres;2015;192
25081 Espluga Calba, L';Hombres;2014;199
25081 Espluga Calba, L';Hombres;2013;205
25081 Espluga Calba, L';Hombres;2012;210
25081 Espluga Calba, L';Hombres;2011;230
25081 Espluga Calba, L';Hombres;2010;222
25081 Espluga Calba, L';Hombres;2009;223
25081 Espluga Calba, L';Hombres;2008;224
25081 Espluga Calba, L';Hombres;2007;233
25081 Espluga Calba, L';Hombres;2006;243
25081 Espluga Calba, L';Hombres;2005;238
25081 Espluga Calba, L';Hombres;2004;228
25081 Espluga Calba, L';Hombres;2003;233
25081 Espluga Calba, L';Hombres;2002;231
25081 Espluga Calba, L';Hombres;2001;222
25081 Espluga Calba, L';Hombres;2000;222
25081 Espluga Calba, L';Hombres;1999;224
25081 Espluga Calba, L';Hombres;1998;228
25081 Espluga Calba, L';Hombres;1997;""
25081 Espluga Calba, L';Hombres;1996;235
25081 Espluga Calba, L';Mujeres;2025;162
25081 Espluga Calba, L';Mujeres;2024;162
25081 Espluga Calba, L';Mujeres;2023;160
25081 Espluga Calba, L';Mujeres;2022;162
25081 Espluga Calba, L';Mujeres;2021;163
25081 Espluga Calba, L';Mujeres;2020;161
25081 Espluga Calba, L';Mujeres;2019;170
25081 Espluga Calba, L';Mujeres;2018;176
25081 Espluga Calba, L';Mujeres;2017;181
25081 Espluga Calba, L';Mujeres;2016;186
25081 Espluga Calba, L';Mujeres;2015;195
25081 Espluga Calba, L';Mujeres;2014;196
25081 Espluga Calba, L';Mujeres;2013;196
25081 Espluga Calba, L';Mujeres;2012;189
25081 Espluga Calba, L';Mujeres;2011;200
25081 Espluga Calba, L';Mujeres;2010;205
25081 Espluga Calba, L';Mujeres;2009;206
25081 Espluga Calba, L';Mujeres;2008;200
25081 Espluga Calba, L';Mujeres;2007;205
25081 Espluga Calba, L';Mujeres;2006;209
25081 Espluga Calba, L';Mujeres;2005;210
25081 Espluga Calba, L';Mujeres;2004;197
25081 Espluga Calba, L';Mujeres;2003;196
25081 Espluga Calba, L';Mujeres;2002;198
25081 Espluga Calba, L';Mujeres;2001;197
25081 Espluga Calba, L';Mujeres;2000;202
25081 Espluga Calba, L';Mujeres;1999;211
25081 Espluga Calba, L';Mujeres;1998;214
25081 Espluga Calba, L';Mujeres;1997;""
25081 Espluga Calba, L';Mujeres;1996;210
25082 Espot;Total;2025;377
25082 Espot;Total;2024;379
25082 Espot;Total;2023;386
25082 Espot;Total;2022;377
25082 Espot;Total;2021;366
25082 Espot;Total;2020;366
25082 Espot;Total;2019;364
25082 Espot;Total;2018;352
25082 Espot;Total;2017;365
25082 Espot;Total;2016;361
25082 Espot;Total;2015;362
25082 Espot;Total;2014;357
25082 Espot;Total;2013;358
25082 Espot;Total;2012;355
25082 Espot;Total;2011;350
25082 Espot;Total;2010;360
25082 Espot;Total;2009;364
25082 Espot;Total;2008;360
25082 Espot;Total;2007;359
25082 Espot;Total;2006;360
25082 Espot;Total;2005;374
25082 Espot;Total;2004;364
25082 Espot;Total;2003;339
25082 Espot;Total;2002;320
25082 Espot;Total;2001;308
25082 Espot;Total;2000;298
25082 Espot;Total;1999;293
25082 Espot;Total;1998;276
25082 Espot;Total;1997;""
25082 Espot;Total;1996;272
25082 Espot;Hombres;2025;213
25082 Espot;Hombres;2024;211
25082 Espot;Hombres;2023;209
25082 Espot;Hombres;2022;204
25082 Espot;Hombres;2021;196
25082 Espot;Hombres;2020;197
25082 Espot;Hombres;2019;193
25082 Espot;Hombres;2018;190
25082 Espot;Hombres;2017;194
25082 Espot;Hombres;2016;195
25082 Espot;Hombres;2015;196
25082 Espot;Hombres;2014;193
25082 Espot;Hombres;2013;196
25082 Espot;Hombres;2012;192
25082 Espot;Hombres;2011;191
25082 Espot;Hombres;2010;191
25082 Espot;Hombres;2009;194
25082 Espot;Hombres;2008;196
25082 Espot;Hombres;2007;196
25082 Espot;Hombres;2006;199
25082 Espot;Hombres;2005;207
25082 Espot;Hombres;2004;201
25082 Espot;Hombres;2003;181
25082 Espot;Hombres;2002;171
25082 Espot;Hombres;2001;167
25082 Espot;Hombres;2000;162
25082 Espot;Hombres;1999;158
25082 Espot;Hombres;1998;147
25082 Espot;Hombres;1997;""
25082 Espot;Hombres;1996;143
25082 Espot;Mujeres;2025;164
25082 Espot;Mujeres;2024;168
25082 Espot;Mujeres;2023;177
25082 Espot;Mujeres;2022;173
25082 Espot;Mujeres;2021;170
25082 Espot;Mujeres;2020;169
25082 Espot;Mujeres;2019;171
25082 Espot;Mujeres;2018;162
25082 Espot;Mujeres;2017;171
25082 Espot;Mujeres;2016;166
25082 Espot;Mujeres;2015;166
25082 Espot;Mujeres;2014;164
25082 Espot;Mujeres;2013;162
25082 Espot;Mujeres;2012;163
25082 Espot;Mujeres;2011;159
25082 Espot;Mujeres;2010;169
25082 Espot;Mujeres;2009;170
25082 Espot;Mujeres;2008;164
25082 Espot;Mujeres;2007;163
25082 Espot;Mujeres;2006;161
25082 Espot;Mujeres;2005;167
25082 Espot;Mujeres;2004;163
25082 Espot;Mujeres;2003;158
25082 Espot;Mujeres;2002;149
25082 Espot;Mujeres;2001;141
25082 Espot;Mujeres;2000;136
25082 Espot;Mujeres;1999;135
25082 Espot;Mujeres;1998;129
25082 Espot;Mujeres;1997;""
25082 Espot;Mujeres;1996;129
25088 Estamariu;Total;2025;135
25088 Estamariu;Total;2024;132
25088 Estamariu;Total;2023;133
25088 Estamariu;Total;2022;128
25088 Estamariu;Total;2021;129
25088 Estamariu;Total;2020;125
25088 Estamariu;Total;2019;118
25088 Estamariu;Total;2018;119
25088 Estamariu;Total;2017;124
25088 Estamariu;Total;2016;119
25088 Estamariu;Total;2015;124
25088 Estamariu;Total;2014;119
25088 Estamariu;Total;2013;126
25088 Estamariu;Total;2012;122
25088 Estamariu;Total;2011;123
25088 Estamariu;Total;2010;118
25088 Estamariu;Total;2009;115
25088 Estamariu;Total;2008;115
25088 Estamariu;Total;2007;122
25088 Estamariu;Total;2006;117
25088 Estamariu;Total;2005;119
25088 Estamariu;Total;2004;122
25088 Estamariu;Total;2003;125
25088 Estamariu;Total;2002;127
25088 Estamariu;Total;2001;124
25088 Estamariu;Total;2000;123
25088 Estamariu;Total;1999;127
25088 Estamariu;Total;1998;131
25088 Estamariu;Total;1997;""
25088 Estamariu;Total;1996;135
25088 Estamariu;Hombres;2025;78
25088 Estamariu;Hombres;2024;76
25088 Estamariu;Hombres;2023;75
25088 Estamariu;Hombres;2022;74
25088 Estamariu;Hombres;2021;73
25088 Estamariu;Hombres;2020;72
25088 Estamariu;Hombres;2019;68
25088 Estamariu;Hombres;2018;69
25088 Estamariu;Hombres;2017;72
25088 Estamariu;Hombres;2016;67
25088 Estamariu;Hombres;2015;71
25088 Estamariu;Hombres;2014;71
25088 Estamariu;Hombres;2013;74
25088 Estamariu;Hombres;2012;71
25088 Estamariu;Hombres;2011;70
25088 Estamariu;Hombres;2010;67
25088 Estamariu;Hombres;2009;61
25088 Estamariu;Hombres;2008;61
25088 Estamariu;Hombres;2007;64
25088 Estamariu;Hombres;2006;62
25088 Estamariu;Hombres;2005;64
25088 Estamariu;Hombres;2004;68
25088 Estamariu;Hombres;2003;70
25088 Estamariu;Hombres;2002;68
25088 Estamariu;Hombres;2001;66
25088 Estamariu;Hombres;2000;66
25088 Estamariu;Hombres;1999;67
25088 Estamariu;Hombres;1998;70
25088 Estamariu;Hombres;1997;""
25088 Estamariu;Hombres;1996;70
25088 Estamariu;Mujeres;2025;57
25088 Estamariu;Mujeres;2024;56
25088 Estamariu;Mujeres;2023;58
25088 Estamariu;Mujeres;2022;54
25088 Estamariu;Mujeres;2021;56
25088 Estamariu;Mujeres;2020;53
25088 Estamariu;Mujeres;2019;50
25088 Estamariu;Mujeres;2018;50
25088 Estamariu;Mujeres;2017;52
25088 Estamariu;Mujeres;2016;52
25088 Estamariu;Mujeres;2015;53
25088 Estamariu;Mujeres;2014;48
25088 Estamariu;Mujeres;2013;52
25088 Estamariu;Mujeres;2012;51
25088 Estamariu;Mujeres;2011;53
25088 Estamariu;Mujeres;2010;51
25088 Estamariu;Mujeres;2009;54
25088 Estamariu;Mujeres;2008;54
25088 Estamariu;Mujeres;2007;58
25088 Estamariu;Mujeres;2006;55
25088 Estamariu;Mujeres;2005;55
25088 Estamariu;Mujeres;2004;54
25088 Estamariu;Mujeres;2003;55
25088 Estamariu;Mujeres;2002;59
25088 Estamariu;Mujeres;2001;58
25088 Estamariu;Mujeres;2000;57
25088 Estamariu;Mujeres;1999;60
25088 Estamariu;Mujeres;1998;61
25088 Estamariu;Mujeres;1997;""
25088 Estamariu;Mujeres;1996;65
25085 Estaràs;Total;2025;161
25085 Estaràs;Total;2024;162
25085 Estaràs;Total;2023;164
25085 Estaràs;Total;2022;169
25085 Estaràs;Total;2021;172
25085 Estaràs;Total;2020;156
25085 Estaràs;Total;2019;162
25085 Estaràs;Total;2018;160
25085 Estaràs;Total;2017;158
25085 Estaràs;Total;2016;163
25085 Estaràs;Total;2015;176
25085 Estaràs;Total;2014;176
25085 Estaràs;Total;2013;158
25085 Estaràs;Total;2012;168
25085 Estaràs;Total;2011;170
25085 Estaràs;Total;2010;177
25085 Estaràs;Total;2009;177
25085 Estaràs;Total;2008;178
25085 Estaràs;Total;2007;179
25085 Estaràs;Total;2006;184
25085 Estaràs;Total;2005;181
25085 Estaràs;Total;2004;186
25085 Estaràs;Total;2003;193
25085 Estaràs;Total;2002;193
25085 Estaràs;Total;2001;190
25085 Estaràs;Total;2000;187
25085 Estaràs;Total;1999;187
25085 Estaràs;Total;1998;179
25085 Estaràs;Total;1997;""
25085 Estaràs;Total;1996;165
25085 Estaràs;Hombres;2025;84
25085 Estaràs;Hombres;2024;81
25085 Estaràs;Hombres;2023;84
25085 Estaràs;Hombres;2022;86
25085 Estaràs;Hombres;2021;87
25085 Estaràs;Hombres;2020;79
25085 Estaràs;Hombres;2019;85
25085 Estaràs;Hombres;2018;85
25085 Estaràs;Hombres;2017;85
25085 Estaràs;Hombres;2016;86
25085 Estaràs;Hombres;2015;95
25085 Estaràs;Hombres;2014;95
25085 Estaràs;Hombres;2013;85
25085 Estaràs;Hombres;2012;91
25085 Estaràs;Hombres;2011;91
25085 Estaràs;Hombres;2010;96
25085 Estaràs;Hombres;2009;98
25085 Estaràs;Hombres;2008;98
25085 Estaràs;Hombres;2007;101
25085 Estaràs;Hombres;2006;101
25085 Estaràs;Hombres;2005;100
25085 Estaràs;Hombres;2004;103
25085 Estaràs;Hombres;2003;106
25085 Estaràs;Hombres;2002;104
25085 Estaràs;Hombres;2001;102
25085 Estaràs;Hombres;2000;103
25085 Estaràs;Hombres;1999;104
25085 Estaràs;Hombres;1998;97
25085 Estaràs;Hombres;1997;""
25085 Estaràs;Hombres;1996;89
25085 Estaràs;Mujeres;2025;77
25085 Estaràs;Mujeres;2024;81
25085 Estaràs;Mujeres;2023;80
25085 Estaràs;Mujeres;2022;83
25085 Estaràs;Mujeres;2021;85
25085 Estaràs;Mujeres;2020;77
25085 Estaràs;Mujeres;2019;77
25085 Estaràs;Mujeres;2018;75
25085 Estaràs;Mujeres;2017;73
25085 Estaràs;Mujeres;2016;77
25085 Estaràs;Mujeres;2015;81
25085 Estaràs;Mujeres;2014;81
25085 Estaràs;Mujeres;2013;73
25085 Estaràs;Mujeres;2012;77
25085 Estaràs;Mujeres;2011;79
25085 Estaràs;Mujeres;2010;81
25085 Estaràs;Mujeres;2009;79
25085 Estaràs;Mujeres;2008;80
25085 Estaràs;Mujeres;2007;78
25085 Estaràs;Mujeres;2006;83
25085 Estaràs;Mujeres;2005;81
25085 Estaràs;Mujeres;2004;83
25085 Estaràs;Mujeres;2003;87
25085 Estaràs;Mujeres;2002;89
25085 Estaràs;Mujeres;2001;88
25085 Estaràs;Mujeres;2000;84
25085 Estaràs;Mujeres;1999;83
25085 Estaràs;Mujeres;1998;82
25085 Estaràs;Mujeres;1997;""
25085 Estaràs;Mujeres;1996;76
25086 Esterri d'Àneu;Total;2025;917
25086 Esterri d'Àneu;Total;2024;921
25086 Esterri d'Àneu;Total;2023;874
25086 Esterri d'Àneu;Total;2022;841
25086 Esterri d'Àneu;Total;2021;832
25086 Esterri d'Àneu;Total;2020;804
25086 Esterri d'Àneu;Total;2019;772
25086 Esterri d'Àneu;Total;2018;756
25086 Esterri d'Àneu;Total;2017;769
25086 Esterri d'Àneu;Total;2016;789
25086 Esterri d'Àneu;Total;2015;804
25086 Esterri d'Àneu;Total;2014;866
25086 Esterri d'Àneu;Total;2013;888
25086 Esterri d'Àneu;Total;2012;900
25086 Esterri d'Àneu;Total;2011;924
25086 Esterri d'Àneu;Total;2010;946
25086 Esterri d'Àneu;Total;2009;965
25086 Esterri d'Àneu;Total;2008;891
25086 Esterri d'Àneu;Total;2007;815
25086 Esterri d'Àneu;Total;2006;803
25086 Esterri d'Àneu;Total;2005;773
25086 Esterri d'Àneu;Total;2004;754
25086 Esterri d'Àneu;Total;2003;705
25086 Esterri d'Àneu;Total;2002;677
25086 Esterri d'Àneu;Total;2001;658
25086 Esterri d'Àneu;Total;2000;646
25086 Esterri d'Àneu;Total;1999;638
25086 Esterri d'Àneu;Total;1998;632
25086 Esterri d'Àneu;Total;1997;""
25086 Esterri d'Àneu;Total;1996;611
25086 Esterri d'Àneu;Hombres;2025;474
25086 Esterri d'Àneu;Hombres;2024;472
25086 Esterri d'Àneu;Hombres;2023;434
25086 Esterri d'Àneu;Hombres;2022;417
25086 Esterri d'Àneu;Hombres;2021;406
25086 Esterri d'Àneu;Hombres;2020;382
25086 Esterri d'Àneu;Hombres;2019;364
25086 Esterri d'Àneu;Hombres;2018;363
25086 Esterri d'Àneu;Hombres;2017;369
25086 Esterri d'Àneu;Hombres;2016;375
25086 Esterri d'Àneu;Hombres;2015;386
25086 Esterri d'Àneu;Hombres;2014;438
25086 Esterri d'Àneu;Hombres;2013;457
25086 Esterri d'Àneu;Hombres;2012;471
25086 Esterri d'Àneu;Hombres;2011;487
25086 Esterri d'Àneu;Hombres;2010;519
25086 Esterri d'Àneu;Hombres;2009;518
25086 Esterri d'Àneu;Hombres;2008;469
25086 Esterri d'Àneu;Hombres;2007;417
25086 Esterri d'Àneu;Hombres;2006;404
25086 Esterri d'Àneu;Hombres;2005;379
25086 Esterri d'Àneu;Hombres;2004;379
25086 Esterri d'Àneu;Hombres;2003;349
25086 Esterri d'Àneu;Hombres;2002;329
25086 Esterri d'Àneu;Hombres;2001;321
25086 Esterri d'Àneu;Hombres;2000;319
25086 Esterri d'Àneu;Hombres;1999;311
25086 Esterri d'Àneu;Hombres;1998;308
25086 Esterri d'Àneu;Hombres;1997;""
25086 Esterri d'Àneu;Hombres;1996;293
25086 Esterri d'Àneu;Mujeres;2025;443
25086 Esterri d'Àneu;Mujeres;2024;449
25086 Esterri d'Àneu;Mujeres;2023;440
25086 Esterri d'Àneu;Mujeres;2022;424
25086 Esterri d'Àneu;Mujeres;2021;426
25086 Esterri d'Àneu;Mujeres;2020;422
25086 Esterri d'Àneu;Mujeres;2019;408
25086 Esterri d'Àneu;Mujeres;2018;393
25086 Esterri d'Àneu;Mujeres;2017;400
25086 Esterri d'Àneu;Mujeres;2016;414
25086 Esterri d'Àneu;Mujeres;2015;418
25086 Esterri d'Àneu;Mujeres;2014;428
25086 Esterri d'Àneu;Mujeres;2013;431
25086 Esterri d'Àneu;Mujeres;2012;429
25086 Esterri d'Àneu;Mujeres;2011;437
25086 Esterri d'Àneu;Mujeres;2010;427
25086 Esterri d'Àneu;Mujeres;2009;447
25086 Esterri d'Àneu;Mujeres;2008;422
25086 Esterri d'Àneu;Mujeres;2007;398
25086 Esterri d'Àneu;Mujeres;2006;399
25086 Esterri d'Àneu;Mujeres;2005;394
25086 Esterri d'Àneu;Mujeres;2004;375
25086 Esterri d'Àneu;Mujeres;2003;356
25086 Esterri d'Àneu;Mujeres;2002;348
25086 Esterri d'Àneu;Mujeres;2001;337
25086 Esterri d'Àneu;Mujeres;2000;327
25086 Esterri d'Àneu;Mujeres;1999;327
25086 Esterri d'Àneu;Mujeres;1998;324
25086 Esterri d'Àneu;Mujeres;1997;""
25086 Esterri d'Àneu;Mujeres;1996;318
25087 Esterri de Cardós;Total;2025;63
25087 Esterri de Cardós;Total;2024;63
25087 Esterri de Cardós;Total;2023;61
25087 Esterri de Cardós;Total;2022;62
25087 Esterri de Cardós;Total;2021;64
25087 Esterri de Cardós;Total;2020;64
25087 Esterri de Cardós;Total;2019;70
25087 Esterri de Cardós;Total;2018;69
25087 Esterri de Cardós;Total;2017;67
25087 Esterri de Cardós;Total;2016;69
25087 Esterri de Cardós;Total;2015;73
25087 Esterri de Cardós;Total;2014;72
25087 Esterri de Cardós;Total;2013;70
25087 Esterri de Cardós;Total;2012;75
25087 Esterri de Cardós;Total;2011;77
25087 Esterri de Cardós;Total;2010;75
25087 Esterri de Cardós;Total;2009;75
25087 Esterri de Cardós;Total;2008;72
25087 Esterri de Cardós;Total;2007;71
25087 Esterri de Cardós;Total;2006;69
25087 Esterri de Cardós;Total;2005;70
25087 Esterri de Cardós;Total;2004;72
25087 Esterri de Cardós;Total;2003;75
25087 Esterri de Cardós;Total;2002;77
25087 Esterri de Cardós;Total;2001;77
25087 Esterri de Cardós;Total;2000;75
25087 Esterri de Cardós;Total;1999;72
25087 Esterri de Cardós;Total;1998;72
25087 Esterri de Cardós;Total;1997;""
25087 Esterri de Cardós;Total;1996;80
25087 Esterri de Cardós;Hombres;2025;31
25087 Esterri de Cardós;Hombres;2024;31
25087 Esterri de Cardós;Hombres;2023;31
25087 Esterri de Cardós;Hombres;2022;30
25087 Esterri de Cardós;Hombres;2021;32
25087 Esterri de Cardós;Hombres;2020;34
25087 Esterri de Cardós;Hombres;2019;37
25087 Esterri de Cardós;Hombres;2018;36
25087 Esterri de Cardós;Hombres;2017;34
25087 Esterri de Cardós;Hombres;2016;34
25087 Esterri de Cardós;Hombres;2015;35
25087 Esterri de Cardós;Hombres;2014;36
25087 Esterri de Cardós;Hombres;2013;36
25087 Esterri de Cardós;Hombres;2012;36
25087 Esterri de Cardós;Hombres;2011;38
25087 Esterri de Cardós;Hombres;2010;36
25087 Esterri de Cardós;Hombres;2009;35
25087 Esterri de Cardós;Hombres;2008;31
25087 Esterri de Cardós;Hombres;2007;31
25087 Esterri de Cardós;Hombres;2006;32
25087 Esterri de Cardós;Hombres;2005;33
25087 Esterri de Cardós;Hombres;2004;34
25087 Esterri de Cardós;Hombres;2003;36
25087 Esterri de Cardós;Hombres;2002;38
25087 Esterri de Cardós;Hombres;2001;40
25087 Esterri de Cardós;Hombres;2000;40
25087 Esterri de Cardós;Hombres;1999;38
25087 Esterri de Cardós;Hombres;1998;39
25087 Esterri de Cardós;Hombres;1997;""
25087 Esterri de Cardós;Hombres;1996;41
25087 Esterri de Cardós;Mujeres;2025;32
25087 Esterri de Cardós;Mujeres;2024;32
25087 Esterri de Cardós;Mujeres;2023;30
25087 Esterri de Cardós;Mujeres;2022;32
25087 Esterri de Cardós;Mujeres;2021;32
25087 Esterri de Cardós;Mujeres;2020;30
25087 Esterri de Cardós;Mujeres;2019;33
25087 Esterri de Cardós;Mujeres;2018;33
25087 Esterri de Cardós;Mujeres;2017;33
25087 Esterri de Cardós;Mujeres;2016;35
25087 Esterri de Cardós;Mujeres;2015;38
25087 Esterri de Cardós;Mujeres;2014;36
25087 Esterri de Cardós;Mujeres;2013;34
25087 Esterri de Cardós;Mujeres;2012;39
25087 Esterri de Cardós;Mujeres;2011;39
25087 Esterri de Cardós;Mujeres;2010;39
25087 Esterri de Cardós;Mujeres;2009;40
25087 Esterri de Cardós;Mujeres;2008;41
25087 Esterri de Cardós;Mujeres;2007;40
25087 Esterri de Cardós;Mujeres;2006;37
25087 Esterri de Cardós;Mujeres;2005;37
25087 Esterri de Cardós;Mujeres;2004;38
25087 Esterri de Cardós;Mujeres;2003;39
25087 Esterri de Cardós;Mujeres;2002;39
25087 Esterri de Cardós;Mujeres;2001;37
25087 Esterri de Cardós;Mujeres;2000;35
25087 Esterri de Cardós;Mujeres;1999;34
25087 Esterri de Cardós;Mujeres;1998;33
25087 Esterri de Cardós;Mujeres;1997;""
25087 Esterri de Cardós;Mujeres;1996;39
25089 Farrera;Total;2025;118
25089 Farrera;Total;2024;127
25089 Farrera;Total;2023;124
25089 Farrera;Total;2022;121
25089 Farrera;Total;2021;116
25089 Farrera;Total;2020;108
25089 Farrera;Total;2019;116
25089 Farrera;Total;2018;122
25089 Farrera;Total;2017;121
25089 Farrera;Total;2016;126
25089 Farrera;Total;2015;118
25089 Farrera;Total;2014;125
25089 Farrera;Total;2013;124
25089 Farrera;Total;2012;140
25089 Farrera;Total;2011;140
25089 Farrera;Total;2010;133
25089 Farrera;Total;2009;133
25089 Farrera;Total;2008;115
25089 Farrera;Total;2007;112
25089 Farrera;Total;2006;104
25089 Farrera;Total;2005;105
25089 Farrera;Total;2004;105
25089 Farrera;Total;2003;106
25089 Farrera;Total;2002;95
25089 Farrera;Total;2001;97
25089 Farrera;Total;2000;97
25089 Farrera;Total;1999;84
25089 Farrera;Total;1998;86
25089 Farrera;Total;1997;""
25089 Farrera;Total;1996;88
25089 Farrera;Hombres;2025;68
25089 Farrera;Hombres;2024;72
25089 Farrera;Hombres;2023;69
25089 Farrera;Hombres;2022;67
25089 Farrera;Hombres;2021;67
25089 Farrera;Hombres;2020;63
25089 Farrera;Hombres;2019;65
25089 Farrera;Hombres;2018;69
25089 Farrera;Hombres;2017;70
25089 Farrera;Hombres;2016;75
25089 Farrera;Hombres;2015;69
25089 Farrera;Hombres;2014;72
25089 Farrera;Hombres;2013;72
25089 Farrera;Hombres;2012;81
25089 Farrera;Hombres;2011;81
25089 Farrera;Hombres;2010;78
25089 Farrera;Hombres;2009;76
25089 Farrera;Hombres;2008;69
25089 Farrera;Hombres;2007;66
25089 Farrera;Hombres;2006;60
25089 Farrera;Hombres;2005;60
25089 Farrera;Hombres;2004;61
25089 Farrera;Hombres;2003;61
25089 Farrera;Hombres;2002;57
25089 Farrera;Hombres;2001;58
25089 Farrera;Hombres;2000;57
25089 Farrera;Hombres;1999;46
25089 Farrera;Hombres;1998;47
25089 Farrera;Hombres;1997;""
25089 Farrera;Hombres;1996;48
25089 Farrera;Mujeres;2025;50
25089 Farrera;Mujeres;2024;55
25089 Farrera;Mujeres;2023;55
25089 Farrera;Mujeres;2022;54
25089 Farrera;Mujeres;2021;49
25089 Farrera;Mujeres;2020;45
25089 Farrera;Mujeres;2019;51
25089 Farrera;Mujeres;2018;53
25089 Farrera;Mujeres;2017;51
25089 Farrera;Mujeres;2016;51
25089 Farrera;Mujeres;2015;49
25089 Farrera;Mujeres;2014;53
25089 Farrera;Mujeres;2013;52
25089 Farrera;Mujeres;2012;59
25089 Farrera;Mujeres;2011;59
25089 Farrera;Mujeres;2010;55
25089 Farrera;Mujeres;2009;57
25089 Farrera;Mujeres;2008;46
25089 Farrera;Mujeres;2007;46
25089 Farrera;Mujeres;2006;44
25089 Farrera;Mujeres;2005;45
25089 Farrera;Mujeres;2004;44
25089 Farrera;Mujeres;2003;45
25089 Farrera;Mujeres;2002;38
25089 Farrera;Mujeres;2001;39
25089 Farrera;Mujeres;2000;40
25089 Farrera;Mujeres;1999;38
25089 Farrera;Mujeres;1998;39
25089 Farrera;Mujeres;1997;""
25089 Farrera;Mujeres;1996;40
25092 Floresta, La;Total;2025;159
25092 Floresta, La;Total;2024;164
25092 Floresta, La;Total;2023;155
25092 Floresta, La;Total;2022;154
25092 Floresta, La;Total;2021;145
25092 Floresta, La;Total;2020;140
25092 Floresta, La;Total;2019;147
25092 Floresta, La;Total;2018;154
25092 Floresta, La;Total;2017;155
25092 Floresta, La;Total;2016;155
25092 Floresta, La;Total;2015;160
25092 Floresta, La;Total;2014;162
25092 Floresta, La;Total;2013;164
25092 Floresta, La;Total;2012;164
25092 Floresta, La;Total;2011;168
25092 Floresta, La;Total;2010;179
25092 Floresta, La;Total;2009;179
25092 Floresta, La;Total;2008;199
25092 Floresta, La;Total;2007;191
25092 Floresta, La;Total;2006;185
25092 Floresta, La;Total;2005;184
25092 Floresta, La;Total;2004;180
25092 Floresta, La;Total;2003;186
25092 Floresta, La;Total;2002;192
25092 Floresta, La;Total;2001;188
25092 Floresta, La;Total;2000;177
25092 Floresta, La;Total;1999;170
25092 Floresta, La;Total;1998;174
25092 Floresta, La;Total;1997;""
25092 Floresta, La;Total;1996;177
25092 Floresta, La;Hombres;2025;85
25092 Floresta, La;Hombres;2024;88
25092 Floresta, La;Hombres;2023;89
25092 Floresta, La;Hombres;2022;88
25092 Floresta, La;Hombres;2021;79
25092 Floresta, La;Hombres;2020;76
25092 Floresta, La;Hombres;2019;79
25092 Floresta, La;Hombres;2018;83
25092 Floresta, La;Hombres;2017;83
25092 Floresta, La;Hombres;2016;86
25092 Floresta, La;Hombres;2015;89
25092 Floresta, La;Hombres;2014;89
25092 Floresta, La;Hombres;2013;89
25092 Floresta, La;Hombres;2012;92
25092 Floresta, La;Hombres;2011;92
25092 Floresta, La;Hombres;2010;100
25092 Floresta, La;Hombres;2009;102
25092 Floresta, La;Hombres;2008;110
25092 Floresta, La;Hombres;2007;102
25092 Floresta, La;Hombres;2006;98
25092 Floresta, La;Hombres;2005;100
25092 Floresta, La;Hombres;2004;99
25092 Floresta, La;Hombres;2003;100
25092 Floresta, La;Hombres;2002;103
25092 Floresta, La;Hombres;2001;101
25092 Floresta, La;Hombres;2000;96
25092 Floresta, La;Hombres;1999;90
25092 Floresta, La;Hombres;1998;92
25092 Floresta, La;Hombres;1997;""
25092 Floresta, La;Hombres;1996;92
25092 Floresta, La;Mujeres;2025;74
25092 Floresta, La;Mujeres;2024;76
25092 Floresta, La;Mujeres;2023;66
25092 Floresta, La;Mujeres;2022;66
25092 Floresta, La;Mujeres;2021;66
25092 Floresta, La;Mujeres;2020;64
25092 Floresta, La;Mujeres;2019;68
25092 Floresta, La;Mujeres;2018;71
25092 Floresta, La;Mujeres;2017;72
25092 Floresta, La;Mujeres;2016;69
25092 Floresta, La;Mujeres;2015;71
25092 Floresta, La;Mujeres;2014;73
25092 Floresta, La;Mujeres;2013;75
25092 Floresta, La;Mujeres;2012;72
25092 Floresta, La;Mujeres;2011;76
25092 Floresta, La;Mujeres;2010;79
25092 Floresta, La;Mujeres;2009;77
25092 Floresta, La;Mujeres;2008;89
25092 Floresta, La;Mujeres;2007;89
25092 Floresta, La;Mujeres;2006;87
25092 Floresta, La;Mujeres;2005;84
25092 Floresta, La;Mujeres;2004;81
25092 Floresta, La;Mujeres;2003;86
25092 Floresta, La;Mujeres;2002;89
25092 Floresta, La;Mujeres;2001;87
25092 Floresta, La;Mujeres;2000;81
25092 Floresta, La;Mujeres;1999;80
25092 Floresta, La;Mujeres;1998;82
25092 Floresta, La;Mujeres;1997;""
25092 Floresta, La;Mujeres;1996;85
25093 Fondarella;Total;2025;823
25093 Fondarella;Total;2024;805
25093 Fondarella;Total;2023;780
25093 Fondarella;Total;2022;778
25093 Fondarella;Total;2021;781
25093 Fondarella;Total;2020;776
25093 Fondarella;Total;2019;784
25093 Fondarella;Total;2018;792
25093 Fondarella;Total;2017;796
25093 Fondarella;Total;2016;794
25093 Fondarella;Total;2015;831
25093 Fondarella;Total;2014;838
25093 Fondarella;Total;2013;818
25093 Fondarella;Total;2012;825
25093 Fondarella;Total;2011;834
25093 Fondarella;Total;2010;830
25093 Fondarella;Total;2009;821
25093 Fondarella;Total;2008;811
25093 Fondarella;Total;2007;788
25093 Fondarella;Total;2006;783
25093 Fondarella;Total;2005;786
25093 Fondarella;Total;2004;741
25093 Fondarella;Total;2003;721
25093 Fondarella;Total;2002;694
25093 Fondarella;Total;2001;682
25093 Fondarella;Total;2000;680
25093 Fondarella;Total;1999;678
25093 Fondarella;Total;1998;686
25093 Fondarella;Total;1997;""
25093 Fondarella;Total;1996;653
25093 Fondarella;Hombres;2025;406
25093 Fondarella;Hombres;2024;402
25093 Fondarella;Hombres;2023;390
25093 Fondarella;Hombres;2022;387
25093 Fondarella;Hombres;2021;390
25093 Fondarella;Hombres;2020;388
25093 Fondarella;Hombres;2019;387
25093 Fondarella;Hombres;2018;388
25093 Fondarella;Hombres;2017;394
25093 Fondarella;Hombres;2016;396
25093 Fondarella;Hombres;2015;413
25093 Fondarella;Hombres;2014;424
25093 Fondarella;Hombres;2013;412
25093 Fondarella;Hombres;2012;418
25093 Fondarella;Hombres;2011;419
25093 Fondarella;Hombres;2010;423
25093 Fondarella;Hombres;2009;409
25093 Fondarella;Hombres;2008;408
25093 Fondarella;Hombres;2007;400
25093 Fondarella;Hombres;2006;400
25093 Fondarella;Hombres;2005;392
25093 Fondarella;Hombres;2004;374
25093 Fondarella;Hombres;2003;364
25093 Fondarella;Hombres;2002;351
25093 Fondarella;Hombres;2001;341
25093 Fondarella;Hombres;2000;343
25093 Fondarella;Hombres;1999;345
25093 Fondarella;Hombres;1998;347
25093 Fondarella;Hombres;1997;""
25093 Fondarella;Hombres;1996;327
25093 Fondarella;Mujeres;2025;417
25093 Fondarella;Mujeres;2024;403
25093 Fondarella;Mujeres;2023;390
25093 Fondarella;Mujeres;2022;391
25093 Fondarella;Mujeres;2021;391
25093 Fondarella;Mujeres;2020;388
25093 Fondarella;Mujeres;2019;397
25093 Fondarella;Mujeres;2018;404
25093 Fondarella;Mujeres;2017;402
25093 Fondarella;Mujeres;2016;398
25093 Fondarella;Mujeres;2015;418
25093 Fondarella;Mujeres;2014;414
25093 Fondarella;Mujeres;2013;406
25093 Fondarella;Mujeres;2012;407
25093 Fondarella;Mujeres;2011;415
25093 Fondarella;Mujeres;2010;407
25093 Fondarella;Mujeres;2009;412
25093 Fondarella;Mujeres;2008;403
25093 Fondarella;Mujeres;2007;388
25093 Fondarella;Mujeres;2006;383
25093 Fondarella;Mujeres;2005;394
25093 Fondarella;Mujeres;2004;367
25093 Fondarella;Mujeres;2003;357
25093 Fondarella;Mujeres;2002;343
25093 Fondarella;Mujeres;2001;341
25093 Fondarella;Mujeres;2000;337
25093 Fondarella;Mujeres;1999;333
25093 Fondarella;Mujeres;1998;339
25093 Fondarella;Mujeres;1997;""
25093 Fondarella;Mujeres;1996;326
25094 Foradada;Total;2025;193
25094 Foradada;Total;2024;195
25094 Foradada;Total;2023;179
25094 Foradada;Total;2022;191
25094 Foradada;Total;2021;195
25094 Foradada;Total;2020;203
25094 Foradada;Total;2019;186
25094 Foradada;Total;2018;173
25094 Foradada;Total;2017;170
25094 Foradada;Total;2016;172
25094 Foradada;Total;2015;174
25094 Foradada;Total;2014;182
25094 Foradada;Total;2013;185
25094 Foradada;Total;2012;184
25094 Foradada;Total;2011;183
25094 Foradada;Total;2010;188
25094 Foradada;Total;2009;189
25094 Foradada;Total;2008;189
25094 Foradada;Total;2007;192
25094 Foradada;Total;2006;197
25094 Foradada;Total;2005;213
25094 Foradada;Total;2004;231
25094 Foradada;Total;2003;209
25094 Foradada;Total;2002;201
25094 Foradada;Total;2001;199
25094 Foradada;Total;2000;215
25094 Foradada;Total;1999;191
25094 Foradada;Total;1998;189
25094 Foradada;Total;1997;""
25094 Foradada;Total;1996;175
25094 Foradada;Hombres;2025;107
25094 Foradada;Hombres;2024;107
25094 Foradada;Hombres;2023;100
25094 Foradada;Hombres;2022;110
25094 Foradada;Hombres;2021;123
25094 Foradada;Hombres;2020;132
25094 Foradada;Hombres;2019;108
25094 Foradada;Hombres;2018;103
25094 Foradada;Hombres;2017;98
25094 Foradada;Hombres;2016;98
25094 Foradada;Hombres;2015;99
25094 Foradada;Hombres;2014;103
25094 Foradada;Hombres;2013;106
25094 Foradada;Hombres;2012;103
25094 Foradada;Hombres;2011;106
25094 Foradada;Hombres;2010;109
25094 Foradada;Hombres;2009;110
25094 Foradada;Hombres;2008;109
25094 Foradada;Hombres;2007;115
25094 Foradada;Hombres;2006;116
25094 Foradada;Hombres;2005;126
25094 Foradada;Hombres;2004;132
25094 Foradada;Hombres;2003;119
25094 Foradada;Hombres;2002;119
25094 Foradada;Hombres;2001;117
25094 Foradada;Hombres;2000;125
25094 Foradada;Hombres;1999;113
25094 Foradada;Hombres;1998;112
25094 Foradada;Hombres;1997;""
25094 Foradada;Hombres;1996;101
25094 Foradada;Mujeres;2025;86
25094 Foradada;Mujeres;2024;88
25094 Foradada;Mujeres;2023;79
25094 Foradada;Mujeres;2022;81
25094 Foradada;Mujeres;2021;72
25094 Foradada;Mujeres;2020;71
25094 Foradada;Mujeres;2019;78
25094 Foradada;Mujeres;2018;70
25094 Foradada;Mujeres;2017;72
25094 Foradada;Mujeres;2016;74
25094 Foradada;Mujeres;2015;75
25094 Foradada;Mujeres;2014;79
25094 Foradada;Mujeres;2013;79
25094 Foradada;Mujeres;2012;81
25094 Foradada;Mujeres;2011;77
25094 Foradada;Mujeres;2010;79
25094 Foradada;Mujeres;2009;79
25094 Foradada;Mujeres;2008;80
25094 Foradada;Mujeres;2007;77
25094 Foradada;Mujeres;2006;81
25094 Foradada;Mujeres;2005;87
25094 Foradada;Mujeres;2004;99
25094 Foradada;Mujeres;2003;90
25094 Foradada;Mujeres;2002;82
25094 Foradada;Mujeres;2001;82
25094 Foradada;Mujeres;2000;90
25094 Foradada;Mujeres;1999;78
25094 Foradada;Mujeres;1998;77
25094 Foradada;Mujeres;1997;""
25094 Foradada;Mujeres;1996;74
25096 Fuliola, La;Total;2025;1.262
25096 Fuliola, La;Total;2024;1.238
25096 Fuliola, La;Total;2023;1.223
25096 Fuliola, La;Total;2022;1.238
25096 Fuliola, La;Total;2021;1.247
25096 Fuliola, La;Total;2020;1.250
25096 Fuliola, La;Total;2019;1.248
25096 Fuliola, La;Total;2018;1.217
25096 Fuliola, La;Total;2017;1.237
25096 Fuliola, La;Total;2016;1.260
25096 Fuliola, La;Total;2015;1.291
25096 Fuliola, La;Total;2014;1.294
25096 Fuliola, La;Total;2013;1.300
25096 Fuliola, La;Total;2012;1.320
25096 Fuliola, La;Total;2011;1.286
25096 Fuliola, La;Total;2010;1.270
25096 Fuliola, La;Total;2009;1.239
25096 Fuliola, La;Total;2008;1.225
25096 Fuliola, La;Total;2007;1.241
25096 Fuliola, La;Total;2006;1.235
25096 Fuliola, La;Total;2005;1.204
25096 Fuliola, La;Total;2004;1.234
25096 Fuliola, La;Total;2003;1.227
25096 Fuliola, La;Total;2002;1.253
25096 Fuliola, La;Total;2001;1.251
25096 Fuliola, La;Total;2000;1.251
25096 Fuliola, La;Total;1999;1.247
25096 Fuliola, La;Total;1998;1.255
25096 Fuliola, La;Total;1997;""
25096 Fuliola, La;Total;1996;1.264
25096 Fuliola, La;Hombres;2025;639
25096 Fuliola, La;Hombres;2024;612
25096 Fuliola, La;Hombres;2023;611
25096 Fuliola, La;Hombres;2022;630
25096 Fuliola, La;Hombres;2021;635
25096 Fuliola, La;Hombres;2020;620
25096 Fuliola, La;Hombres;2019;619
25096 Fuliola, La;Hombres;2018;606
25096 Fuliola, La;Hombres;2017;624
25096 Fuliola, La;Hombres;2016;630
25096 Fuliola, La;Hombres;2015;653
25096 Fuliola, La;Hombres;2014;653
25096 Fuliola, La;Hombres;2013;663
25096 Fuliola, La;Hombres;2012;673
25096 Fuliola, La;Hombres;2011;656
25096 Fuliola, La;Hombres;2010;634
25096 Fuliola, La;Hombres;2009;614
25096 Fuliola, La;Hombres;2008;613
25096 Fuliola, La;Hombres;2007;622
25096 Fuliola, La;Hombres;2006;621
25096 Fuliola, La;Hombres;2005;606
25096 Fuliola, La;Hombres;2004;620
25096 Fuliola, La;Hombres;2003;620
25096 Fuliola, La;Hombres;2002;629
25096 Fuliola, La;Hombres;2001;635
25096 Fuliola, La;Hombres;2000;630
25096 Fuliola, La;Hombres;1999;629
25096 Fuliola, La;Hombres;1998;628
25096 Fuliola, La;Hombres;1997;""
25096 Fuliola, La;Hombres;1996;636
25096 Fuliola, La;Mujeres;2025;623
25096 Fuliola, La;Mujeres;2024;626
25096 Fuliola, La;Mujeres;2023;612
25096 Fuliola, La;Mujeres;2022;608
25096 Fuliola, La;Mujeres;2021;612
25096 Fuliola, La;Mujeres;2020;630
25096 Fuliola, La;Mujeres;2019;629
25096 Fuliola, La;Mujeres;2018;611
25096 Fuliola, La;Mujeres;2017;613
25096 Fuliola, La;Mujeres;2016;630
25096 Fuliola, La;Mujeres;2015;638
25096 Fuliola, La;Mujeres;2014;641
25096 Fuliola, La;Mujeres;2013;637
25096 Fuliola, La;Mujeres;2012;647
25096 Fuliola, La;Mujeres;2011;630
25096 Fuliola, La;Mujeres;2010;636
25096 Fuliola, La;Mujeres;2009;625
25096 Fuliola, La;Mujeres;2008;612
25096 Fuliola, La;Mujeres;2007;619
25096 Fuliola, La;Mujeres;2006;614
25096 Fuliola, La;Mujeres;2005;598
25096 Fuliola, La;Mujeres;2004;614
25096 Fuliola, La;Mujeres;2003;607
25096 Fuliola, La;Mujeres;2002;624
25096 Fuliola, La;Mujeres;2001;616
25096 Fuliola, La;Mujeres;2000;621
25096 Fuliola, La;Mujeres;1999;618
25096 Fuliola, La;Mujeres;1998;627
25096 Fuliola, La;Mujeres;1997;""
25096 Fuliola, La;Mujeres;1996;628
25097 Fulleda;Total;2025;87
25097 Fulleda;Total;2024;91
25097 Fulleda;Total;2023;87
25097 Fulleda;Total;2022;98
25097 Fulleda;Total;2021;101
25097 Fulleda;Total;2020;102
25097 Fulleda;Total;2019;85
25097 Fulleda;Total;2018;84
25097 Fulleda;Total;2017;86
25097 Fulleda;Total;2016;87
25097 Fulleda;Total;2015;94
25097 Fulleda;Total;2014;98
25097 Fulleda;Total;2013;105
25097 Fulleda;Total;2012;103
25097 Fulleda;Total;2011;105
25097 Fulleda;Total;2010;102
25097 Fulleda;Total;2009;113
25097 Fulleda;Total;2008;119
25097 Fulleda;Total;2007;115
25097 Fulleda;Total;2006;115
25097 Fulleda;Total;2005;121
25097 Fulleda;Total;2004;114
25097 Fulleda;Total;2003;113
25097 Fulleda;Total;2002;113
25097 Fulleda;Total;2001;116
25097 Fulleda;Total;2000;116
25097 Fulleda;Total;1999;113
25097 Fulleda;Total;1998;115
25097 Fulleda;Total;1997;""
25097 Fulleda;Total;1996;117
25097 Fulleda;Hombres;2025;47
25097 Fulleda;Hombres;2024;48
25097 Fulleda;Hombres;2023;46
25097 Fulleda;Hombres;2022;48
25097 Fulleda;Hombres;2021;50
25097 Fulleda;Hombres;2020;53
25097 Fulleda;Hombres;2019;44
25097 Fulleda;Hombres;2018;43
25097 Fulleda;Hombres;2017;43
25097 Fulleda;Hombres;2016;46
25097 Fulleda;Hombres;2015;47
25097 Fulleda;Hombres;2014;47
25097 Fulleda;Hombres;2013;53
25097 Fulleda;Hombres;2012;51
25097 Fulleda;Hombres;2011;53
25097 Fulleda;Hombres;2010;53
25097 Fulleda;Hombres;2009;61
25097 Fulleda;Hombres;2008;65
25097 Fulleda;Hombres;2007;61
25097 Fulleda;Hombres;2006;61
25097 Fulleda;Hombres;2005;63
25097 Fulleda;Hombres;2004;61
25097 Fulleda;Hombres;2003;60
25097 Fulleda;Hombres;2002;59
25097 Fulleda;Hombres;2001;62
25097 Fulleda;Hombres;2000;61
25097 Fulleda;Hombres;1999;60
25097 Fulleda;Hombres;1998;60
25097 Fulleda;Hombres;1997;""
25097 Fulleda;Hombres;1996;62
25097 Fulleda;Mujeres;2025;40
25097 Fulleda;Mujeres;2024;43
25097 Fulleda;Mujeres;2023;41
25097 Fulleda;Mujeres;2022;50
25097 Fulleda;Mujeres;2021;51
25097 Fulleda;Mujeres;2020;49
25097 Fulleda;Mujeres;2019;41
25097 Fulleda;Mujeres;2018;41
25097 Fulleda;Mujeres;2017;43
25097 Fulleda;Mujeres;2016;41
25097 Fulleda;Mujeres;2015;47
25097 Fulleda;Mujeres;2014;51
25097 Fulleda;Mujeres;2013;52
25097 Fulleda;Mujeres;2012;52
25097 Fulleda;Mujeres;2011;52
25097 Fulleda;Mujeres;2010;49
25097 Fulleda;Mujeres;2009;52
25097 Fulleda;Mujeres;2008;54
25097 Fulleda;Mujeres;2007;54
25097 Fulleda;Mujeres;2006;54
25097 Fulleda;Mujeres;2005;58
25097 Fulleda;Mujeres;2004;53
25097 Fulleda;Mujeres;2003;53
25097 Fulleda;Mujeres;2002;54
25097 Fulleda;Mujeres;2001;54
25097 Fulleda;Mujeres;2000;55
25097 Fulleda;Mujeres;1999;53
25097 Fulleda;Mujeres;1998;55
25097 Fulleda;Mujeres;1997;""
25097 Fulleda;Mujeres;1996;55
25908 Fígols i Alinyà;Total;2025;234
25908 Fígols i Alinyà;Total;2024;243
25908 Fígols i Alinyà;Total;2023;255
25908 Fígols i Alinyà;Total;2022;266
25908 Fígols i Alinyà;Total;2021;260
25908 Fígols i Alinyà;Total;2020;244
25908 Fígols i Alinyà;Total;2019;252
25908 Fígols i Alinyà;Total;2018;253
25908 Fígols i Alinyà;Total;2017;245
25908 Fígols i Alinyà;Total;2016;254
25908 Fígols i Alinyà;Total;2015;261
25908 Fígols i Alinyà;Total;2014;260
25908 Fígols i Alinyà;Total;2013;267
25908 Fígols i Alinyà;Total;2012;278
25908 Fígols i Alinyà;Total;2011;282
25908 Fígols i Alinyà;Total;2010;282
25908 Fígols i Alinyà;Total;2009;284
25908 Fígols i Alinyà;Total;2008;280
25908 Fígols i Alinyà;Total;2007;265
25908 Fígols i Alinyà;Total;2006;254
25908 Fígols i Alinyà;Total;2005;273
25908 Fígols i Alinyà;Total;2004;271
25908 Fígols i Alinyà;Total;2003;275
25908 Fígols i Alinyà;Total;2002;274
25908 Fígols i Alinyà;Total;2001;289
25908 Fígols i Alinyà;Total;2000;296
25908 Fígols i Alinyà;Total;1999;300
25908 Fígols i Alinyà;Total;1998;307
25908 Fígols i Alinyà;Total;1997;""
25908 Fígols i Alinyà;Total;1996;306
25908 Fígols i Alinyà;Hombres;2025;137
25908 Fígols i Alinyà;Hombres;2024;142
25908 Fígols i Alinyà;Hombres;2023;148
25908 Fígols i Alinyà;Hombres;2022;148
25908 Fígols i Alinyà;Hombres;2021;146
25908 Fígols i Alinyà;Hombres;2020;140
25908 Fígols i Alinyà;Hombres;2019;145
25908 Fígols i Alinyà;Hombres;2018;141
25908 Fígols i Alinyà;Hombres;2017;139
25908 Fígols i Alinyà;Hombres;2016;147
25908 Fígols i Alinyà;Hombres;2015;147
25908 Fígols i Alinyà;Hombres;2014;147
25908 Fígols i Alinyà;Hombres;2013;149
25908 Fígols i Alinyà;Hombres;2012;156
25908 Fígols i Alinyà;Hombres;2011;157
25908 Fígols i Alinyà;Hombres;2010;155
25908 Fígols i Alinyà;Hombres;2009;157
25908 Fígols i Alinyà;Hombres;2008;158
25908 Fígols i Alinyà;Hombres;2007;146
25908 Fígols i Alinyà;Hombres;2006;137
25908 Fígols i Alinyà;Hombres;2005;151
25908 Fígols i Alinyà;Hombres;2004;147
25908 Fígols i Alinyà;Hombres;2003;149
25908 Fígols i Alinyà;Hombres;2002;147
25908 Fígols i Alinyà;Hombres;2001;158
25908 Fígols i Alinyà;Hombres;2000;162
25908 Fígols i Alinyà;Hombres;1999;165
25908 Fígols i Alinyà;Hombres;1998;167
25908 Fígols i Alinyà;Hombres;1997;""
25908 Fígols i Alinyà;Hombres;1996;165
25908 Fígols i Alinyà;Mujeres;2025;97
25908 Fígols i Alinyà;Mujeres;2024;101
25908 Fígols i Alinyà;Mujeres;2023;107
25908 Fígols i Alinyà;Mujeres;2022;118
25908 Fígols i Alinyà;Mujeres;2021;114
25908 Fígols i Alinyà;Mujeres;2020;104
25908 Fígols i Alinyà;Mujeres;2019;107
25908 Fígols i Alinyà;Mujeres;2018;112
25908 Fígols i Alinyà;Mujeres;2017;106
25908 Fígols i Alinyà;Mujeres;2016;107
25908 Fígols i Alinyà;Mujeres;2015;114
25908 Fígols i Alinyà;Mujeres;2014;113
25908 Fígols i Alinyà;Mujeres;2013;118
25908 Fígols i Alinyà;Mujeres;2012;122
25908 Fígols i Alinyà;Mujeres;2011;125
25908 Fígols i Alinyà;Mujeres;2010;127
25908 Fígols i Alinyà;Mujeres;2009;127
25908 Fígols i Alinyà;Mujeres;2008;122
25908 Fígols i Alinyà;Mujeres;2007;119
25908 Fígols i Alinyà;Mujeres;2006;117
25908 Fígols i Alinyà;Mujeres;2005;122
25908 Fígols i Alinyà;Mujeres;2004;124
25908 Fígols i Alinyà;Mujeres;2003;126
25908 Fígols i Alinyà;Mujeres;2002;127
25908 Fígols i Alinyà;Mujeres;2001;131
25908 Fígols i Alinyà;Mujeres;2000;134
25908 Fígols i Alinyà;Mujeres;1999;135
25908 Fígols i Alinyà;Mujeres;1998;140
25908 Fígols i Alinyà;Mujeres;1997;""
25908 Fígols i Alinyà;Mujeres;1996;141
25098 Gavet de la Conca;Total;2025;252
25098 Gavet de la Conca;Total;2024;259
25098 Gavet de la Conca;Total;2023;257
25098 Gavet de la Conca;Total;2022;261
25098 Gavet de la Conca;Total;2021;262
25098 Gavet de la Conca;Total;2020;261
25098 Gavet de la Conca;Total;2019;261
25098 Gavet de la Conca;Total;2018;274
25098 Gavet de la Conca;Total;2017;280
25098 Gavet de la Conca;Total;2016;297
25098 Gavet de la Conca;Total;2015;287
25098 Gavet de la Conca;Total;2014;303
25098 Gavet de la Conca;Total;2013;300
25098 Gavet de la Conca;Total;2012;306
25098 Gavet de la Conca;Total;2011;302
25098 Gavet de la Conca;Total;2010;309
25098 Gavet de la Conca;Total;2009;307
25098 Gavet de la Conca;Total;2008;304
25098 Gavet de la Conca;Total;2007;301
25098 Gavet de la Conca;Total;2006;309
25098 Gavet de la Conca;Total;2005;313
25098 Gavet de la Conca;Total;2004;311
25098 Gavet de la Conca;Total;2003;303
25098 Gavet de la Conca;Total;2002;316
25098 Gavet de la Conca;Total;2001;322
25098 Gavet de la Conca;Total;2000;322
25098 Gavet de la Conca;Total;1999;313
25098 Gavet de la Conca;Total;1998;324
25098 Gavet de la Conca;Total;1997;""
25098 Gavet de la Conca;Total;1996;335
25098 Gavet de la Conca;Hombres;2025;127
25098 Gavet de la Conca;Hombres;2024;133
25098 Gavet de la Conca;Hombres;2023;125
25098 Gavet de la Conca;Hombres;2022;132
25098 Gavet de la Conca;Hombres;2021;133
25098 Gavet de la Conca;Hombres;2020;131
25098 Gavet de la Conca;Hombres;2019;129
25098 Gavet de la Conca;Hombres;2018;133
25098 Gavet de la Conca;Hombres;2017;132
25098 Gavet de la Conca;Hombres;2016;142
25098 Gavet de la Conca;Hombres;2015;142
25098 Gavet de la Conca;Hombres;2014;151
25098 Gavet de la Conca;Hombres;2013;150
25098 Gavet de la Conca;Hombres;2012;153
25098 Gavet de la Conca;Hombres;2011;149
25098 Gavet de la Conca;Hombres;2010;154
25098 Gavet de la Conca;Hombres;2009;150
25098 Gavet de la Conca;Hombres;2008;148
25098 Gavet de la Conca;Hombres;2007;144
25098 Gavet de la Conca;Hombres;2006;145
25098 Gavet de la Conca;Hombres;2005;147
25098 Gavet de la Conca;Hombres;2004;148
25098 Gavet de la Conca;Hombres;2003;147
25098 Gavet de la Conca;Hombres;2002;155
25098 Gavet de la Conca;Hombres;2001;158
25098 Gavet de la Conca;Hombres;2000;159
25098 Gavet de la Conca;Hombres;1999;153
25098 Gavet de la Conca;Hombres;1998;158
25098 Gavet de la Conca;Hombres;1997;""
25098 Gavet de la Conca;Hombres;1996;163
25098 Gavet de la Conca;Mujeres;2025;125
25098 Gavet de la Conca;Mujeres;2024;126
25098 Gavet de la Conca;Mujeres;2023;132
25098 Gavet de la Conca;Mujeres;2022;129
25098 Gavet de la Conca;Mujeres;2021;129
25098 Gavet de la Conca;Mujeres;2020;130
25098 Gavet de la Conca;Mujeres;2019;132
25098 Gavet de la Conca;Mujeres;2018;141
25098 Gavet de la Conca;Mujeres;2017;148
25098 Gavet de la Conca;Mujeres;2016;155
25098 Gavet de la Conca;Mujeres;2015;145
25098 Gavet de la Conca;Mujeres;2014;152
25098 Gavet de la Conca;Mujeres;2013;150
25098 Gavet de la Conca;Mujeres;2012;153
25098 Gavet de la Conca;Mujeres;2011;153
25098 Gavet de la Conca;Mujeres;2010;155
25098 Gavet de la Conca;Mujeres;2009;157
25098 Gavet de la Conca;Mujeres;2008;156
25098 Gavet de la Conca;Mujeres;2007;157
25098 Gavet de la Conca;Mujeres;2006;164
25098 Gavet de la Conca;Mujeres;2005;166
25098 Gavet de la Conca;Mujeres;2004;163
25098 Gavet de la Conca;Mujeres;2003;156
25098 Gavet de la Conca;Mujeres;2002;161
25098 Gavet de la Conca;Mujeres;2001;164
25098 Gavet de la Conca;Mujeres;2000;163
25098 Gavet de la Conca;Mujeres;1999;160
25098 Gavet de la Conca;Mujeres;1998;166
25098 Gavet de la Conca;Mujeres;1997;""
25098 Gavet de la Conca;Mujeres;1996;172
25912 Gimenells i el Pla de la Font;Total;2025;1.069
25912 Gimenells i el Pla de la Font;Total;2024;1.097
25912 Gimenells i el Pla de la Font;Total;2023;1.108
25912 Gimenells i el Pla de la Font;Total;2022;1.109
25912 Gimenells i el Pla de la Font;Total;2021;1.118
25912 Gimenells i el Pla de la Font;Total;2020;1.120
25912 Gimenells i el Pla de la Font;Total;2019;1.111
25912 Gimenells i el Pla de la Font;Total;2018;1.108
25912 Gimenells i el Pla de la Font;Total;2017;1.107
25912 Gimenells i el Pla de la Font;Total;2016;1.111
25912 Gimenells i el Pla de la Font;Total;2015;1.151
25912 Gimenells i el Pla de la Font;Total;2014;1.129
25912 Gimenells i el Pla de la Font;Total;2013;1.141
25912 Gimenells i el Pla de la Font;Total;2012;1.170
25912 Gimenells i el Pla de la Font;Total;2011;1.179
25912 Gimenells i el Pla de la Font;Total;2010;1.183
25912 Gimenells i el Pla de la Font;Total;2009;1.182
25912 Gimenells i el Pla de la Font;Total;2008;1.184
25912 Gimenells i el Pla de la Font;Total;2007;1.143
25912 Gimenells i el Pla de la Font;Total;2006;1.118
25912 Gimenells i el Pla de la Font;Total;2005;1.110
25912 Gimenells i el Pla de la Font;Total;2004;1.093
25912 Gimenells i el Pla de la Font;Total;2003;1.079
25912 Gimenells i el Pla de la Font;Total;2002;1.089
25912 Gimenells i el Pla de la Font;Total;2001;1.103
25912 Gimenells i el Pla de la Font;Total;2000;1.124
25912 Gimenells i el Pla de la Font;Total;1999;1.118
25912 Gimenells i el Pla de la Font;Total;1998;1.122
25912 Gimenells i el Pla de la Font;Total;1997;""
25912 Gimenells i el Pla de la Font;Total;1996;1.162
25912 Gimenells i el Pla de la Font;Hombres;2025;577
25912 Gimenells i el Pla de la Font;Hombres;2024;583
25912 Gimenells i el Pla de la Font;Hombres;2023;590
25912 Gimenells i el Pla de la Font;Hombres;2022;594
25912 Gimenells i el Pla de la Font;Hombres;2021;597
25912 Gimenells i el Pla de la Font;Hombres;2020;600
25912 Gimenells i el Pla de la Font;Hombres;2019;595
25912 Gimenells i el Pla de la Font;Hombres;2018;587
25912 Gimenells i el Pla de la Font;Hombres;2017;579
25912 Gimenells i el Pla de la Font;Hombres;2016;570
25912 Gimenells i el Pla de la Font;Hombres;2015;589
25912 Gimenells i el Pla de la Font;Hombres;2014;577
25912 Gimenells i el Pla de la Font;Hombres;2013;584
25912 Gimenells i el Pla de la Font;Hombres;2012;596
25912 Gimenells i el Pla de la Font;Hombres;2011;592
25912 Gimenells i el Pla de la Font;Hombres;2010;601
25912 Gimenells i el Pla de la Font;Hombres;2009;598
25912 Gimenells i el Pla de la Font;Hombres;2008;602
25912 Gimenells i el Pla de la Font;Hombres;2007;594
25912 Gimenells i el Pla de la Font;Hombres;2006;588
25912 Gimenells i el Pla de la Font;Hombres;2005;581
25912 Gimenells i el Pla de la Font;Hombres;2004;563
25912 Gimenells i el Pla de la Font;Hombres;2003;560
25912 Gimenells i el Pla de la Font;Hombres;2002;568
25912 Gimenells i el Pla de la Font;Hombres;2001;573
25912 Gimenells i el Pla de la Font;Hombres;2000;587
25912 Gimenells i el Pla de la Font;Hombres;1999;585
25912 Gimenells i el Pla de la Font;Hombres;1998;591
25912 Gimenells i el Pla de la Font;Hombres;1997;""
25912 Gimenells i el Pla de la Font;Hombres;1996;612
25912 Gimenells i el Pla de la Font;Mujeres;2025;492
25912 Gimenells i el Pla de la Font;Mujeres;2024;514
25912 Gimenells i el Pla de la Font;Mujeres;2023;518
25912 Gimenells i el Pla de la Font;Mujeres;2022;515
25912 Gimenells i el Pla de la Font;Mujeres;2021;521
25912 Gimenells i el Pla de la Font;Mujeres;2020;520
25912 Gimenells i el Pla de la Font;Mujeres;2019;516
25912 Gimenells i el Pla de la Font;Mujeres;2018;521
25912 Gimenells i el Pla de la Font;Mujeres;2017;528
25912 Gimenells i el Pla de la Font;Mujeres;2016;541
25912 Gimenells i el Pla de la Font;Mujeres;2015;562
25912 Gimenells i el Pla de la Font;Mujeres;2014;552
25912 Gimenells i el Pla de la Font;Mujeres;2013;557
25912 Gimenells i el Pla de la Font;Mujeres;2012;574
25912 Gimenells i el Pla de la Font;Mujeres;2011;587
25912 Gimenells i el Pla de la Font;Mujeres;2010;582
25912 Gimenells i el Pla de la Font;Mujeres;2009;584
25912 Gimenells i el Pla de la Font;Mujeres;2008;582
25912 Gimenells i el Pla de la Font;Mujeres;2007;549
25912 Gimenells i el Pla de la Font;Mujeres;2006;530
25912 Gimenells i el Pla de la Font;Mujeres;2005;529
25912 Gimenells i el Pla de la Font;Mujeres;2004;530
25912 Gimenells i el Pla de la Font;Mujeres;2003;519
25912 Gimenells i el Pla de la Font;Mujeres;2002;521
25912 Gimenells i el Pla de la Font;Mujeres;2001;530
25912 Gimenells i el Pla de la Font;Mujeres;2000;537
25912 Gimenells i el Pla de la Font;Mujeres;1999;533
25912 Gimenells i el Pla de la Font;Mujeres;1998;531
25912 Gimenells i el Pla de la Font;Mujeres;1997;""
25912 Gimenells i el Pla de la Font;Mujeres;1996;550
25099 Golmés;Total;2025;1.909
25099 Golmés;Total;2024;1.916
25099 Golmés;Total;2023;1.902
25099 Golmés;Total;2022;1.893
25099 Golmés;Total;2021;1.855
25099 Golmés;Total;2020;1.855
25099 Golmés;Total;2019;1.840
25099 Golmés;Total;2018;1.864
25099 Golmés;Total;2017;1.852
25099 Golmés;Total;2016;1.835
25099 Golmés;Total;2015;1.770
25099 Golmés;Total;2014;1.734
25099 Golmés;Total;2013;1.752
25099 Golmés;Total;2012;1.741
25099 Golmés;Total;2011;1.691
25099 Golmés;Total;2010;1.685
25099 Golmés;Total;2009;1.693
25099 Golmés;Total;2008;1.661
25099 Golmés;Total;2007;1.610
25099 Golmés;Total;2006;1.560
25099 Golmés;Total;2005;1.508
25099 Golmés;Total;2004;1.443
25099 Golmés;Total;2003;1.433
25099 Golmés;Total;2002;1.431
25099 Golmés;Total;2001;1.369
25099 Golmés;Total;2000;1.336
25099 Golmés;Total;1999;1.311
25099 Golmés;Total;1998;1.275
25099 Golmés;Total;1997;""
25099 Golmés;Total;1996;1.276
25099 Golmés;Hombres;2025;964
25099 Golmés;Hombres;2024;971
25099 Golmés;Hombres;2023;967
25099 Golmés;Hombres;2022;958
25099 Golmés;Hombres;2021;931
25099 Golmés;Hombres;2020;940
25099 Golmés;Hombres;2019;917
25099 Golmés;Hombres;2018;937
25099 Golmés;Hombres;2017;916
25099 Golmés;Hombres;2016;905
25099 Golmés;Hombres;2015;882
25099 Golmés;Hombres;2014;869
25099 Golmés;Hombres;2013;874
25099 Golmés;Hombres;2012;863
25099 Golmés;Hombres;2011;831
25099 Golmés;Hombres;2010;839
25099 Golmés;Hombres;2009;846
25099 Golmés;Hombres;2008;836
25099 Golmés;Hombres;2007;827
25099 Golmés;Hombres;2006;785
25099 Golmés;Hombres;2005;749
25099 Golmés;Hombres;2004;713
25099 Golmés;Hombres;2003;719
25099 Golmés;Hombres;2002;724
25099 Golmés;Hombres;2001;678
25099 Golmés;Hombres;2000;644
25099 Golmés;Hombres;1999;632
25099 Golmés;Hombres;1998;617
25099 Golmés;Hombres;1997;""
25099 Golmés;Hombres;1996;612
25099 Golmés;Mujeres;2025;945
25099 Golmés;Mujeres;2024;945
25099 Golmés;Mujeres;2023;935
25099 Golmés;Mujeres;2022;935
25099 Golmés;Mujeres;2021;924
25099 Golmés;Mujeres;2020;915
25099 Golmés;Mujeres;2019;923
25099 Golmés;Mujeres;2018;927
25099 Golmés;Mujeres;2017;936
25099 Golmés;Mujeres;2016;930
25099 Golmés;Mujeres;2015;888
25099 Golmés;Mujeres;2014;865
25099 Golmés;Mujeres;2013;878
25099 Golmés;Mujeres;2012;878
25099 Golmés;Mujeres;2011;860
25099 Golmés;Mujeres;2010;846
25099 Golmés;Mujeres;2009;847
25099 Golmés;Mujeres;2008;825
25099 Golmés;Mujeres;2007;783
25099 Golmés;Mujeres;2006;775
25099 Golmés;Mujeres;2005;759
25099 Golmés;Mujeres;2004;730
25099 Golmés;Mujeres;2003;714
25099 Golmés;Mujeres;2002;707
25099 Golmés;Mujeres;2001;691
25099 Golmés;Mujeres;2000;692
25099 Golmés;Mujeres;1999;679
25099 Golmés;Mujeres;1998;658
25099 Golmés;Mujeres;1997;""
25099 Golmés;Mujeres;1996;664
25101 Granadella, La;Total;2025;748
25101 Granadella, La;Total;2024;758
25101 Granadella, La;Total;2023;750
25101 Granadella, La;Total;2022;724
25101 Granadella, La;Total;2021;705
25101 Granadella, La;Total;2020;716
25101 Granadella, La;Total;2019;712
25101 Granadella, La;Total;2018;728
25101 Granadella, La;Total;2017;737
25101 Granadella, La;Total;2016;723
25101 Granadella, La;Total;2015;712
25101 Granadella, La;Total;2014;715
25101 Granadella, La;Total;2013;750
25101 Granadella, La;Total;2012;750
25101 Granadella, La;Total;2011;759
25101 Granadella, La;Total;2010;772
25101 Granadella, La;Total;2009;765
25101 Granadella, La;Total;2008;758
25101 Granadella, La;Total;2007;748
25101 Granadella, La;Total;2006;774
25101 Granadella, La;Total;2005;790
25101 Granadella, La;Total;2004;786
25101 Granadella, La;Total;2003;777
25101 Granadella, La;Total;2002;799
25101 Granadella, La;Total;2001;806
25101 Granadella, La;Total;2000;810
25101 Granadella, La;Total;1999;822
25101 Granadella, La;Total;1998;831
25101 Granadella, La;Total;1997;""
25101 Granadella, La;Total;1996;839
25101 Granadella, La;Hombres;2025;419
25101 Granadella, La;Hombres;2024;441
25101 Granadella, La;Hombres;2023;427
25101 Granadella, La;Hombres;2022;397
25101 Granadella, La;Hombres;2021;385
25101 Granadella, La;Hombres;2020;392
25101 Granadella, La;Hombres;2019;387
25101 Granadella, La;Hombres;2018;388
25101 Granadella, La;Hombres;2017;388
25101 Granadella, La;Hombres;2016;379
25101 Granadella, La;Hombres;2015;369
25101 Granadella, La;Hombres;2014;374
25101 Granadella, La;Hombres;2013;398
25101 Granadella, La;Hombres;2012;401
25101 Granadella, La;Hombres;2011;405
25101 Granadella, La;Hombres;2010;412
25101 Granadella, La;Hombres;2009;401
25101 Granadella, La;Hombres;2008;392
25101 Granadella, La;Hombres;2007;387
25101 Granadella, La;Hombres;2006;404
25101 Granadella, La;Hombres;2005;408
25101 Granadella, La;Hombres;2004;397
25101 Granadella, La;Hombres;2003;398
25101 Granadella, La;Hombres;2002;412
25101 Granadella, La;Hombres;2001;419
25101 Granadella, La;Hombres;2000;420
25101 Granadella, La;Hombres;1999;425
25101 Granadella, La;Hombres;1998;427
25101 Granadella, La;Hombres;1997;""
25101 Granadella, La;Hombres;1996;428
25101 Granadella, La;Mujeres;2025;329
25101 Granadella, La;Mujeres;2024;317
25101 Granadella, La;Mujeres;2023;323
25101 Granadella, La;Mujeres;2022;327
25101 Granadella, La;Mujeres;2021;320
25101 Granadella, La;Mujeres;2020;324
25101 Granadella, La;Mujeres;2019;325
25101 Granadella, La;Mujeres;2018;340
25101 Granadella, La;Mujeres;2017;349
25101 Granadella, La;Mujeres;2016;344
25101 Granadella, La;Mujeres;2015;343
25101 Granadella, La;Mujeres;2014;341
25101 Granadella, La;Mujeres;2013;352
25101 Granadella, La;Mujeres;2012;349
25101 Granadella, La;Mujeres;2011;354
25101 Granadella, La;Mujeres;2010;360
25101 Granadella, La;Mujeres;2009;364
25101 Granadella, La;Mujeres;2008;366
25101 Granadella, La;Mujeres;2007;361
25101 Granadella, La;Mujeres;2006;370
25101 Granadella, La;Mujeres;2005;382
25101 Granadella, La;Mujeres;2004;389
25101 Granadella, La;Mujeres;2003;379
25101 Granadella, La;Mujeres;2002;387
25101 Granadella, La;Mujeres;2001;387
25101 Granadella, La;Mujeres;2000;390
25101 Granadella, La;Mujeres;1999;397
25101 Granadella, La;Mujeres;1998;404
25101 Granadella, La;Mujeres;1997;""
25101 Granadella, La;Mujeres;1996;411
25102 Granja d'Escarp, La;Total;2025;994
25102 Granja d'Escarp, La;Total;2024;943
25102 Granja d'Escarp, La;Total;2023;927
25102 Granja d'Escarp, La;Total;2022;923
25102 Granja d'Escarp, La;Total;2021;931
25102 Granja d'Escarp, La;Total;2020;922
25102 Granja d'Escarp, La;Total;2019;936
25102 Granja d'Escarp, La;Total;2018;956
25102 Granja d'Escarp, La;Total;2017;971
25102 Granja d'Escarp, La;Total;2016;977
25102 Granja d'Escarp, La;Total;2015;1.001
25102 Granja d'Escarp, La;Total;2014;972
25102 Granja d'Escarp, La;Total;2013;988
25102 Granja d'Escarp, La;Total;2012;986
25102 Granja d'Escarp, La;Total;2011;968
25102 Granja d'Escarp, La;Total;2010;986
25102 Granja d'Escarp, La;Total;2009;984
25102 Granja d'Escarp, La;Total;2008;1.024
25102 Granja d'Escarp, La;Total;2007;1.043
25102 Granja d'Escarp, La;Total;2006;1.042
25102 Granja d'Escarp, La;Total;2005;1.056
25102 Granja d'Escarp, La;Total;2004;1.045
25102 Granja d'Escarp, La;Total;2003;1.059
25102 Granja d'Escarp, La;Total;2002;1.093
25102 Granja d'Escarp, La;Total;2001;1.109
25102 Granja d'Escarp, La;Total;2000;1.100
25102 Granja d'Escarp, La;Total;1999;1.121
25102 Granja d'Escarp, La;Total;1998;1.108
25102 Granja d'Escarp, La;Total;1997;""
25102 Granja d'Escarp, La;Total;1996;1.115
25102 Granja d'Escarp, La;Hombres;2025;574
25102 Granja d'Escarp, La;Hombres;2024;540
25102 Granja d'Escarp, La;Hombres;2023;535
25102 Granja d'Escarp, La;Hombres;2022;520
25102 Granja d'Escarp, La;Hombres;2021;523
25102 Granja d'Escarp, La;Hombres;2020;509
25102 Granja d'Escarp, La;Hombres;2019;514
25102 Granja d'Escarp, La;Hombres;2018;519
25102 Granja d'Escarp, La;Hombres;2017;522
25102 Granja d'Escarp, La;Hombres;2016;519
25102 Granja d'Escarp, La;Hombres;2015;528
25102 Granja d'Escarp, La;Hombres;2014;505
25102 Granja d'Escarp, La;Hombres;2013;521
25102 Granja d'Escarp, La;Hombres;2012;534
25102 Granja d'Escarp, La;Hombres;2011;519
25102 Granja d'Escarp, La;Hombres;2010;525
25102 Granja d'Escarp, La;Hombres;2009;525
25102 Granja d'Escarp, La;Hombres;2008;549
25102 Granja d'Escarp, La;Hombres;2007;550
25102 Granja d'Escarp, La;Hombres;2006;552
25102 Granja d'Escarp, La;Hombres;2005;565
25102 Granja d'Escarp, La;Hombres;2004;557
25102 Granja d'Escarp, La;Hombres;2003;566
25102 Granja d'Escarp, La;Hombres;2002;584
25102 Granja d'Escarp, La;Hombres;2001;586
25102 Granja d'Escarp, La;Hombres;2000;586
25102 Granja d'Escarp, La;Hombres;1999;600
25102 Granja d'Escarp, La;Hombres;1998;587
25102 Granja d'Escarp, La;Hombres;1997;""
25102 Granja d'Escarp, La;Hombres;1996;587
25102 Granja d'Escarp, La;Mujeres;2025;420
25102 Granja d'Escarp, La;Mujeres;2024;403
25102 Granja d'Escarp, La;Mujeres;2023;392
25102 Granja d'Escarp, La;Mujeres;2022;403
25102 Granja d'Escarp, La;Mujeres;2021;408
25102 Granja d'Escarp, La;Mujeres;2020;413
25102 Granja d'Escarp, La;Mujeres;2019;422
25102 Granja d'Escarp, La;Mujeres;2018;437
25102 Granja d'Escarp, La;Mujeres;2017;449
25102 Granja d'Escarp, La;Mujeres;2016;458
25102 Granja d'Escarp, La;Mujeres;2015;473
25102 Granja d'Escarp, La;Mujeres;2014;467
25102 Granja d'Escarp, La;Mujeres;2013;467
25102 Granja d'Escarp, La;Mujeres;2012;452
25102 Granja d'Escarp, La;Mujeres;2011;449
25102 Granja d'Escarp, La;Mujeres;2010;461
25102 Granja d'Escarp, La;Mujeres;2009;459
25102 Granja d'Escarp, La;Mujeres;2008;475
25102 Granja d'Escarp, La;Mujeres;2007;493
25102 Granja d'Escarp, La;Mujeres;2006;490
25102 Granja d'Escarp, La;Mujeres;2005;491
25102 Granja d'Escarp, La;Mujeres;2004;488
25102 Granja d'Escarp, La;Mujeres;2003;493
25102 Granja d'Escarp, La;Mujeres;2002;509
25102 Granja d'Escarp, La;Mujeres;2001;523
25102 Granja d'Escarp, La;Mujeres;2000;514
25102 Granja d'Escarp, La;Mujeres;1999;521
25102 Granja d'Escarp, La;Mujeres;1998;521
25102 Granja d'Escarp, La;Mujeres;1997;""
25102 Granja d'Escarp, La;Mujeres;1996;528
25103 Granyanella;Total;2025;154
25103 Granyanella;Total;2024;140
25103 Granyanella;Total;2023;149
25103 Granyanella;Total;2022;136
25103 Granyanella;Total;2021;145
25103 Granyanella;Total;2020;143
25103 Granyanella;Total;2019;148
25103 Granyanella;Total;2018;140
25103 Granyanella;Total;2017;147
25103 Granyanella;Total;2016;153
25103 Granyanella;Total;2015;146
25103 Granyanella;Total;2014;147
25103 Granyanella;Total;2013;142
25103 Granyanella;Total;2012;143
25103 Granyanella;Total;2011;149
25103 Granyanella;Total;2010;156
25103 Granyanella;Total;2009;160
25103 Granyanella;Total;2008;178
25103 Granyanella;Total;2007;174
25103 Granyanella;Total;2006;172
25103 Granyanella;Total;2005;139
25103 Granyanella;Total;2004;140
25103 Granyanella;Total;2003;146
25103 Granyanella;Total;2002;137
25103 Granyanella;Total;2001;143
25103 Granyanella;Total;2000;150
25103 Granyanella;Total;1999;134
25103 Granyanella;Total;1998;127
25103 Granyanella;Total;1997;""
25103 Granyanella;Total;1996;137
25103 Granyanella;Hombres;2025;85
25103 Granyanella;Hombres;2024;80
25103 Granyanella;Hombres;2023;85
25103 Granyanella;Hombres;2022;79
25103 Granyanella;Hombres;2021;82
25103 Granyanella;Hombres;2020;80
25103 Granyanella;Hombres;2019;82
25103 Granyanella;Hombres;2018;79
25103 Granyanella;Hombres;2017;81
25103 Granyanella;Hombres;2016;85
25103 Granyanella;Hombres;2015;81
25103 Granyanella;Hombres;2014;81
25103 Granyanella;Hombres;2013;76
25103 Granyanella;Hombres;2012;76
25103 Granyanella;Hombres;2011;79
25103 Granyanella;Hombres;2010;80
25103 Granyanella;Hombres;2009;83
25103 Granyanella;Hombres;2008;90
25103 Granyanella;Hombres;2007;90
25103 Granyanella;Hombres;2006;89
25103 Granyanella;Hombres;2005;75
25103 Granyanella;Hombres;2004;75
25103 Granyanella;Hombres;2003;77
25103 Granyanella;Hombres;2002;73
25103 Granyanella;Hombres;2001;73
25103 Granyanella;Hombres;2000;77
25103 Granyanella;Hombres;1999;67
25103 Granyanella;Hombres;1998;63
25103 Granyanella;Hombres;1997;""
25103 Granyanella;Hombres;1996;69
25103 Granyanella;Mujeres;2025;69
25103 Granyanella;Mujeres;2024;60
25103 Granyanella;Mujeres;2023;64
25103 Granyanella;Mujeres;2022;57
25103 Granyanella;Mujeres;2021;63
25103 Granyanella;Mujeres;2020;63
25103 Granyanella;Mujeres;2019;66
25103 Granyanella;Mujeres;2018;61
25103 Granyanella;Mujeres;2017;66
25103 Granyanella;Mujeres;2016;68
25103 Granyanella;Mujeres;2015;65
25103 Granyanella;Mujeres;2014;66
25103 Granyanella;Mujeres;2013;66
25103 Granyanella;Mujeres;2012;67
25103 Granyanella;Mujeres;2011;70
25103 Granyanella;Mujeres;2010;76
25103 Granyanella;Mujeres;2009;77
25103 Granyanella;Mujeres;2008;88
25103 Granyanella;Mujeres;2007;84
25103 Granyanella;Mujeres;2006;83
25103 Granyanella;Mujeres;2005;64
25103 Granyanella;Mujeres;2004;65
25103 Granyanella;Mujeres;2003;69
25103 Granyanella;Mujeres;2002;64
25103 Granyanella;Mujeres;2001;70
25103 Granyanella;Mujeres;2000;73
25103 Granyanella;Mujeres;1999;67
25103 Granyanella;Mujeres;1998;64
25103 Granyanella;Mujeres;1997;""
25103 Granyanella;Mujeres;1996;68
25104 Granyena de Segarra;Total;2025;149
25104 Granyena de Segarra;Total;2024;145
25104 Granyena de Segarra;Total;2023;152
25104 Granyena de Segarra;Total;2022;157
25104 Granyena de Segarra;Total;2021;159
25104 Granyena de Segarra;Total;2020;151
25104 Granyena de Segarra;Total;2019;142
25104 Granyena de Segarra;Total;2018;147
25104 Granyena de Segarra;Total;2017;143
25104 Granyena de Segarra;Total;2016;147
25104 Granyena de Segarra;Total;2015;139
25104 Granyena de Segarra;Total;2014;136
25104 Granyena de Segarra;Total;2013;127
25104 Granyena de Segarra;Total;2012;136
25104 Granyena de Segarra;Total;2011;137
25104 Granyena de Segarra;Total;2010;139
25104 Granyena de Segarra;Total;2009;138
25104 Granyena de Segarra;Total;2008;144
25104 Granyena de Segarra;Total;2007;149
25104 Granyena de Segarra;Total;2006;149
25104 Granyena de Segarra;Total;2005;138
25104 Granyena de Segarra;Total;2004;144
25104 Granyena de Segarra;Total;2003;147
25104 Granyena de Segarra;Total;2002;147
25104 Granyena de Segarra;Total;2001;155
25104 Granyena de Segarra;Total;2000;158
25104 Granyena de Segarra;Total;1999;160
25104 Granyena de Segarra;Total;1998;162
25104 Granyena de Segarra;Total;1997;""
25104 Granyena de Segarra;Total;1996;174
25104 Granyena de Segarra;Hombres;2025;81
25104 Granyena de Segarra;Hombres;2024;77
25104 Granyena de Segarra;Hombres;2023;81
25104 Granyena de Segarra;Hombres;2022;82
25104 Granyena de Segarra;Hombres;2021;86
25104 Granyena de Segarra;Hombres;2020;82
25104 Granyena de Segarra;Hombres;2019;76
25104 Granyena de Segarra;Hombres;2018;76
25104 Granyena de Segarra;Hombres;2017;73
25104 Granyena de Segarra;Hombres;2016;77
25104 Granyena de Segarra;Hombres;2015;70
25104 Granyena de Segarra;Hombres;2014;67
25104 Granyena de Segarra;Hombres;2013;60
25104 Granyena de Segarra;Hombres;2012;67
25104 Granyena de Segarra;Hombres;2011;68
25104 Granyena de Segarra;Hombres;2010;69
25104 Granyena de Segarra;Hombres;2009;70
25104 Granyena de Segarra;Hombres;2008;73
25104 Granyena de Segarra;Hombres;2007;77
25104 Granyena de Segarra;Hombres;2006;77
25104 Granyena de Segarra;Hombres;2005;73
25104 Granyena de Segarra;Hombres;2004;76
25104 Granyena de Segarra;Hombres;2003;77
25104 Granyena de Segarra;Hombres;2002;75
25104 Granyena de Segarra;Hombres;2001;80
25104 Granyena de Segarra;Hombres;2000;82
25104 Granyena de Segarra;Hombres;1999;82
25104 Granyena de Segarra;Hombres;1998;83
25104 Granyena de Segarra;Hombres;1997;""
25104 Granyena de Segarra;Hombres;1996;91
25104 Granyena de Segarra;Mujeres;2025;68
25104 Granyena de Segarra;Mujeres;2024;68
25104 Granyena de Segarra;Mujeres;2023;71
25104 Granyena de Segarra;Mujeres;2022;75
25104 Granyena de Segarra;Mujeres;2021;73
25104 Granyena de Segarra;Mujeres;2020;69
25104 Granyena de Segarra;Mujeres;2019;66
25104 Granyena de Segarra;Mujeres;2018;71
25104 Granyena de Segarra;Mujeres;2017;70
25104 Granyena de Segarra;Mujeres;2016;70
25104 Granyena de Segarra;Mujeres;2015;69
25104 Granyena de Segarra;Mujeres;2014;69
25104 Granyena de Segarra;Mujeres;2013;67
25104 Granyena de Segarra;Mujeres;2012;69
25104 Granyena de Segarra;Mujeres;2011;69
25104 Granyena de Segarra;Mujeres;2010;70
25104 Granyena de Segarra;Mujeres;2009;68
25104 Granyena de Segarra;Mujeres;2008;71
25104 Granyena de Segarra;Mujeres;2007;72
25104 Granyena de Segarra;Mujeres;2006;72
25104 Granyena de Segarra;Mujeres;2005;65
25104 Granyena de Segarra;Mujeres;2004;68
25104 Granyena de Segarra;Mujeres;2003;70
25104 Granyena de Segarra;Mujeres;2002;72
25104 Granyena de Segarra;Mujeres;2001;75
25104 Granyena de Segarra;Mujeres;2000;76
25104 Granyena de Segarra;Mujeres;1999;78
25104 Granyena de Segarra;Mujeres;1998;79
25104 Granyena de Segarra;Mujeres;1997;""
25104 Granyena de Segarra;Mujeres;1996;83
25105 Granyena de les Garrigues;Total;2025;174
25105 Granyena de les Garrigues;Total;2024;163
25105 Granyena de les Garrigues;Total;2023;157
25105 Granyena de les Garrigues;Total;2022;147
25105 Granyena de les Garrigues;Total;2021;154
25105 Granyena de les Garrigues;Total;2020;140
25105 Granyena de les Garrigues;Total;2019;132
25105 Granyena de les Garrigues;Total;2018;144
25105 Granyena de les Garrigues;Total;2017;158
25105 Granyena de les Garrigues;Total;2016;158
25105 Granyena de les Garrigues;Total;2015;161
25105 Granyena de les Garrigues;Total;2014;162
25105 Granyena de les Garrigues;Total;2013;173
25105 Granyena de les Garrigues;Total;2012;175
25105 Granyena de les Garrigues;Total;2011;172
25105 Granyena de les Garrigues;Total;2010;177
25105 Granyena de les Garrigues;Total;2009;172
25105 Granyena de les Garrigues;Total;2008;161
25105 Granyena de les Garrigues;Total;2007;163
25105 Granyena de les Garrigues;Total;2006;176
25105 Granyena de les Garrigues;Total;2005;170
25105 Granyena de les Garrigues;Total;2004;169
25105 Granyena de les Garrigues;Total;2003;165
25105 Granyena de les Garrigues;Total;2002;156
25105 Granyena de les Garrigues;Total;2001;165
25105 Granyena de les Garrigues;Total;2000;170
25105 Granyena de les Garrigues;Total;1999;169
25105 Granyena de les Garrigues;Total;1998;168
25105 Granyena de les Garrigues;Total;1997;""
25105 Granyena de les Garrigues;Total;1996;179
25105 Granyena de les Garrigues;Hombres;2025;104
25105 Granyena de les Garrigues;Hombres;2024;95
25105 Granyena de les Garrigues;Hombres;2023;96
25105 Granyena de les Garrigues;Hombres;2022;88
25105 Granyena de les Garrigues;Hombres;2021;93
25105 Granyena de les Garrigues;Hombres;2020;85
25105 Granyena de les Garrigues;Hombres;2019;78
25105 Granyena de les Garrigues;Hombres;2018;87
25105 Granyena de les Garrigues;Hombres;2017;95
25105 Granyena de les Garrigues;Hombres;2016;93
25105 Granyena de les Garrigues;Hombres;2015;96
25105 Granyena de les Garrigues;Hombres;2014;96
25105 Granyena de les Garrigues;Hombres;2013;103
25105 Granyena de les Garrigues;Hombres;2012;102
25105 Granyena de les Garrigues;Hombres;2011;101
25105 Granyena de les Garrigues;Hombres;2010;102
25105 Granyena de les Garrigues;Hombres;2009;99
25105 Granyena de les Garrigues;Hombres;2008;90
25105 Granyena de les Garrigues;Hombres;2007;88
25105 Granyena de les Garrigues;Hombres;2006;96
25105 Granyena de les Garrigues;Hombres;2005;95
25105 Granyena de les Garrigues;Hombres;2004;94
25105 Granyena de les Garrigues;Hombres;2003;92
25105 Granyena de les Garrigues;Hombres;2002;82
25105 Granyena de les Garrigues;Hombres;2001;83
25105 Granyena de les Garrigues;Hombres;2000;86
25105 Granyena de les Garrigues;Hombres;1999;87
25105 Granyena de les Garrigues;Hombres;1998;86
25105 Granyena de les Garrigues;Hombres;1997;""
25105 Granyena de les Garrigues;Hombres;1996;91
25105 Granyena de les Garrigues;Mujeres;2025;70
25105 Granyena de les Garrigues;Mujeres;2024;68
25105 Granyena de les Garrigues;Mujeres;2023;61
25105 Granyena de les Garrigues;Mujeres;2022;59
25105 Granyena de les Garrigues;Mujeres;2021;61
25105 Granyena de les Garrigues;Mujeres;2020;55
25105 Granyena de les Garrigues;Mujeres;2019;54
25105 Granyena de les Garrigues;Mujeres;2018;57
25105 Granyena de les Garrigues;Mujeres;2017;63
25105 Granyena de les Garrigues;Mujeres;2016;65
25105 Granyena de les Garrigues;Mujeres;2015;65
25105 Granyena de les Garrigues;Mujeres;2014;66
25105 Granyena de les Garrigues;Mujeres;2013;70
25105 Granyena de les Garrigues;Mujeres;2012;73
25105 Granyena de les Garrigues;Mujeres;2011;71
25105 Granyena de les Garrigues;Mujeres;2010;75
25105 Granyena de les Garrigues;Mujeres;2009;73
25105 Granyena de les Garrigues;Mujeres;2008;71
25105 Granyena de les Garrigues;Mujeres;2007;75
25105 Granyena de les Garrigues;Mujeres;2006;80
25105 Granyena de les Garrigues;Mujeres;2005;75
25105 Granyena de les Garrigues;Mujeres;2004;75
25105 Granyena de les Garrigues;Mujeres;2003;73
25105 Granyena de les Garrigues;Mujeres;2002;74
25105 Granyena de les Garrigues;Mujeres;2001;82
25105 Granyena de les Garrigues;Mujeres;2000;84
25105 Granyena de les Garrigues;Mujeres;1999;82
25105 Granyena de les Garrigues;Mujeres;1998;82
25105 Granyena de les Garrigues;Mujeres;1997;""
25105 Granyena de les Garrigues;Mujeres;1996;88
25109 Guimerà;Total;2025;250
25109 Guimerà;Total;2024;246
25109 Guimerà;Total;2023;255
25109 Guimerà;Total;2022;261
25109 Guimerà;Total;2021;263
25109 Guimerà;Total;2020;271
25109 Guimerà;Total;2019;265
25109 Guimerà;Total;2018;270
25109 Guimerà;Total;2017;273
25109 Guimerà;Total;2016;275
25109 Guimerà;Total;2015;277
25109 Guimerà;Total;2014;295
25109 Guimerà;Total;2013;296
25109 Guimerà;Total;2012;305
25109 Guimerà;Total;2011;320
25109 Guimerà;Total;2010;330
25109 Guimerà;Total;2009;334
25109 Guimerà;Total;2008;341
25109 Guimerà;Total;2007;335
25109 Guimerà;Total;2006;344
25109 Guimerà;Total;2005;360
25109 Guimerà;Total;2004;361
25109 Guimerà;Total;2003;346
25109 Guimerà;Total;2002;383
25109 Guimerà;Total;2001;391
25109 Guimerà;Total;2000;399
25109 Guimerà;Total;1999;386
25109 Guimerà;Total;1998;375
25109 Guimerà;Total;1997;""
25109 Guimerà;Total;1996;397
25109 Guimerà;Hombres;2025;133
25109 Guimerà;Hombres;2024;133
25109 Guimerà;Hombres;2023;139
25109 Guimerà;Hombres;2022;139
25109 Guimerà;Hombres;2021;141
25109 Guimerà;Hombres;2020;141
25109 Guimerà;Hombres;2019;140
25109 Guimerà;Hombres;2018;146
25109 Guimerà;Hombres;2017;148
25109 Guimerà;Hombres;2016;147
25109 Guimerà;Hombres;2015;152
25109 Guimerà;Hombres;2014;162
25109 Guimerà;Hombres;2013;161
25109 Guimerà;Hombres;2012;168
25109 Guimerà;Hombres;2011;170
25109 Guimerà;Hombres;2010;178
25109 Guimerà;Hombres;2009;179
25109 Guimerà;Hombres;2008;187
25109 Guimerà;Hombres;2007;173
25109 Guimerà;Hombres;2006;180
25109 Guimerà;Hombres;2005;184
25109 Guimerà;Hombres;2004;184
25109 Guimerà;Hombres;2003;174
25109 Guimerà;Hombres;2002;194
25109 Guimerà;Hombres;2001;198
25109 Guimerà;Hombres;2000;202
25109 Guimerà;Hombres;1999;192
25109 Guimerà;Hombres;1998;188
25109 Guimerà;Hombres;1997;""
25109 Guimerà;Hombres;1996;197
25109 Guimerà;Mujeres;2025;117
25109 Guimerà;Mujeres;2024;113
25109 Guimerà;Mujeres;2023;116
25109 Guimerà;Mujeres;2022;122
25109 Guimerà;Mujeres;2021;122
25109 Guimerà;Mujeres;2020;130
25109 Guimerà;Mujeres;2019;125
25109 Guimerà;Mujeres;2018;124
25109 Guimerà;Mujeres;2017;125
25109 Guimerà;Mujeres;2016;128
25109 Guimerà;Mujeres;2015;125
25109 Guimerà;Mujeres;2014;133
25109 Guimerà;Mujeres;2013;135
25109 Guimerà;Mujeres;2012;137
25109 Guimerà;Mujeres;2011;150
25109 Guimerà;Mujeres;2010;152
25109 Guimerà;Mujeres;2009;155
25109 Guimerà;Mujeres;2008;154
25109 Guimerà;Mujeres;2007;162
25109 Guimerà;Mujeres;2006;164
25109 Guimerà;Mujeres;2005;176
25109 Guimerà;Mujeres;2004;177
25109 Guimerà;Mujeres;2003;172
25109 Guimerà;Mujeres;2002;189
25109 Guimerà;Mujeres;2001;193
25109 Guimerà;Mujeres;2000;197
25109 Guimerà;Mujeres;1999;194
25109 Guimerà;Mujeres;1998;187
25109 Guimerà;Mujeres;1997;""
25109 Guimerà;Mujeres;1996;200
25903 Guingueta d'Àneu, La;Total;2025;278
25903 Guingueta d'Àneu, La;Total;2024;285
25903 Guingueta d'Àneu, La;Total;2023;285
25903 Guingueta d'Àneu, La;Total;2022;298
25903 Guingueta d'Àneu, La;Total;2021;300
25903 Guingueta d'Àneu, La;Total;2020;289
25903 Guingueta d'Àneu, La;Total;2019;297
25903 Guingueta d'Àneu, La;Total;2018;298
25903 Guingueta d'Àneu, La;Total;2017;311
25903 Guingueta d'Àneu, La;Total;2016;308
25903 Guingueta d'Àneu, La;Total;2015;315
25903 Guingueta d'Àneu, La;Total;2014;317
25903 Guingueta d'Àneu, La;Total;2013;326
25903 Guingueta d'Àneu, La;Total;2012;341
25903 Guingueta d'Àneu, La;Total;2011;347
25903 Guingueta d'Àneu, La;Total;2010;356
25903 Guingueta d'Àneu, La;Total;2009;372
25903 Guingueta d'Àneu, La;Total;2008;376
25903 Guingueta d'Àneu, La;Total;2007;370
25903 Guingueta d'Àneu, La;Total;2006;360
25903 Guingueta d'Àneu, La;Total;2005;354
25903 Guingueta d'Àneu, La;Total;2004;347
25903 Guingueta d'Àneu, La;Total;2003;342
25903 Guingueta d'Àneu, La;Total;2002;328
25903 Guingueta d'Àneu, La;Total;2001;324
25903 Guingueta d'Àneu, La;Total;2000;313
25903 Guingueta d'Àneu, La;Total;1999;295
25903 Guingueta d'Àneu, La;Total;1998;290
25903 Guingueta d'Àneu, La;Total;1997;""
25903 Guingueta d'Àneu, La;Total;1996;270
25903 Guingueta d'Àneu, La;Hombres;2025;157
25903 Guingueta d'Àneu, La;Hombres;2024;158
25903 Guingueta d'Àneu, La;Hombres;2023;156
25903 Guingueta d'Àneu, La;Hombres;2022;163
25903 Guingueta d'Àneu, La;Hombres;2021;163
25903 Guingueta d'Àneu, La;Hombres;2020;156
25903 Guingueta d'Àneu, La;Hombres;2019;159
25903 Guingueta d'Àneu, La;Hombres;2018;160
25903 Guingueta d'Àneu, La;Hombres;2017;166
25903 Guingueta d'Àneu, La;Hombres;2016;164
25903 Guingueta d'Àneu, La;Hombres;2015;169
25903 Guingueta d'Àneu, La;Hombres;2014;169
25903 Guingueta d'Àneu, La;Hombres;2013;168
25903 Guingueta d'Àneu, La;Hombres;2012;176
25903 Guingueta d'Àneu, La;Hombres;2011;182
25903 Guingueta d'Àneu, La;Hombres;2010;192
25903 Guingueta d'Àneu, La;Hombres;2009;206
25903 Guingueta d'Àneu, La;Hombres;2008;210
25903 Guingueta d'Àneu, La;Hombres;2007;207
25903 Guingueta d'Àneu, La;Hombres;2006;190
25903 Guingueta d'Àneu, La;Hombres;2005;187
25903 Guingueta d'Àneu, La;Hombres;2004;183
25903 Guingueta d'Àneu, La;Hombres;2003;182
25903 Guingueta d'Àneu, La;Hombres;2002;175
25903 Guingueta d'Àneu, La;Hombres;2001;172
25903 Guingueta d'Àneu, La;Hombres;2000;161
25903 Guingueta d'Àneu, La;Hombres;1999;151
25903 Guingueta d'Àneu, La;Hombres;1998;147
25903 Guingueta d'Àneu, La;Hombres;1997;""
25903 Guingueta d'Àneu, La;Hombres;1996;137
25903 Guingueta d'Àneu, La;Mujeres;2025;121
25903 Guingueta d'Àneu, La;Mujeres;2024;127
25903 Guingueta d'Àneu, La;Mujeres;2023;129
25903 Guingueta d'Àneu, La;Mujeres;2022;135
25903 Guingueta d'Àneu, La;Mujeres;2021;137
25903 Guingueta d'Àneu, La;Mujeres;2020;133
25903 Guingueta d'Àneu, La;Mujeres;2019;138
25903 Guingueta d'Àneu, La;Mujeres;2018;138
25903 Guingueta d'Àneu, La;Mujeres;2017;145
25903 Guingueta d'Àneu, La;Mujeres;2016;144
25903 Guingueta d'Àneu, La;Mujeres;2015;146
25903 Guingueta d'Àneu, La;Mujeres;2014;148
25903 Guingueta d'Àneu, La;Mujeres;2013;158
25903 Guingueta d'Àneu, La;Mujeres;2012;165
25903 Guingueta d'Àneu, La;Mujeres;2011;165
25903 Guingueta d'Àneu, La;Mujeres;2010;164
25903 Guingueta d'Àneu, La;Mujeres;2009;166
25903 Guingueta d'Àneu, La;Mujeres;2008;166
25903 Guingueta d'Àneu, La;Mujeres;2007;163
25903 Guingueta d'Àneu, La;Mujeres;2006;170
25903 Guingueta d'Àneu, La;Mujeres;2005;167
25903 Guingueta d'Àneu, La;Mujeres;2004;164
25903 Guingueta d'Àneu, La;Mujeres;2003;160
25903 Guingueta d'Àneu, La;Mujeres;2002;153
25903 Guingueta d'Àneu, La;Mujeres;2001;152
25903 Guingueta d'Àneu, La;Mujeres;2000;152
25903 Guingueta d'Àneu, La;Mujeres;1999;144
25903 Guingueta d'Àneu, La;Mujeres;1998;143
25903 Guingueta d'Àneu, La;Mujeres;1997;""
25903 Guingueta d'Àneu, La;Mujeres;1996;133
25110 Guissona;Total;2025;7.774
25110 Guissona;Total;2024;7.635
25110 Guissona;Total;2023;7.603
25110 Guissona;Total;2022;7.390
25110 Guissona;Total;2021;7.291
25110 Guissona;Total;2020;7.248
25110 Guissona;Total;2019;7.136
25110 Guissona;Total;2018;7.034
25110 Guissona;Total;2017;7.014
25110 Guissona;Total;2016;6.892
25110 Guissona;Total;2015;6.862
25110 Guissona;Total;2014;6.827
25110 Guissona;Total;2013;6.796
25110 Guissona;Total;2012;6.763
25110 Guissona;Total;2011;6.552
25110 Guissona;Total;2010;6.267
25110 Guissona;Total;2009;6.145
25110 Guissona;Total;2008;5.683
25110 Guissona;Total;2007;5.253
25110 Guissona;Total;2006;5.139
25110 Guissona;Total;2005;4.874
25110 Guissona;Total;2004;4.439
25110 Guissona;Total;2003;4.138
25110 Guissona;Total;2002;3.745
25110 Guissona;Total;2001;3.455
25110 Guissona;Total;2000;3.339
25110 Guissona;Total;1999;3.164
25110 Guissona;Total;1998;3.060
25110 Guissona;Total;1997;""
25110 Guissona;Total;1996;2.928
25110 Guissona;Hombres;2025;4.181
25110 Guissona;Hombres;2024;4.044
25110 Guissona;Hombres;2023;4.033
25110 Guissona;Hombres;2022;3.966
25110 Guissona;Hombres;2021;3.917
25110 Guissona;Hombres;2020;3.893
25110 Guissona;Hombres;2019;3.810
25110 Guissona;Hombres;2018;3.746
25110 Guissona;Hombres;2017;3.721
25110 Guissona;Hombres;2016;3.639
25110 Guissona;Hombres;2015;3.637
25110 Guissona;Hombres;2014;3.605
25110 Guissona;Hombres;2013;3.622
25110 Guissona;Hombres;2012;3.602
25110 Guissona;Hombres;2011;3.495
25110 Guissona;Hombres;2010;3.358
25110 Guissona;Hombres;2009;3.322
25110 Guissona;Hombres;2008;3.008
25110 Guissona;Hombres;2007;2.803
25110 Guissona;Hombres;2006;2.783
25110 Guissona;Hombres;2005;2.650
25110 Guissona;Hombres;2004;2.389
25110 Guissona;Hombres;2003;2.194
25110 Guissona;Hombres;2002;1.959
25110 Guissona;Hombres;2001;1.752
25110 Guissona;Hombres;2000;1.700
25110 Guissona;Hombres;1999;1.617
25110 Guissona;Hombres;1998;1.561
25110 Guissona;Hombres;1997;""
25110 Guissona;Hombres;1996;1.513
25110 Guissona;Mujeres;2025;3.593
25110 Guissona;Mujeres;2024;3.591
25110 Guissona;Mujeres;2023;3.570
25110 Guissona;Mujeres;2022;3.424
25110 Guissona;Mujeres;2021;3.374
25110 Guissona;Mujeres;2020;3.355
25110 Guissona;Mujeres;2019;3.326
25110 Guissona;Mujeres;2018;3.288
25110 Guissona;Mujeres;2017;3.293
25110 Guissona;Mujeres;2016;3.253
25110 Guissona;Mujeres;2015;3.225
25110 Guissona;Mujeres;2014;3.222
25110 Guissona;Mujeres;2013;3.174
25110 Guissona;Mujeres;2012;3.161
25110 Guissona;Mujeres;2011;3.057
25110 Guissona;Mujeres;2010;2.909
25110 Guissona;Mujeres;2009;2.823
25110 Guissona;Mujeres;2008;2.675
25110 Guissona;Mujeres;2007;2.450
25110 Guissona;Mujeres;2006;2.356
25110 Guissona;Mujeres;2005;2.224
25110 Guissona;Mujeres;2004;2.050
25110 Guissona;Mujeres;2003;1.944
25110 Guissona;Mujeres;2002;1.786
25110 Guissona;Mujeres;2001;1.703
25110 Guissona;Mujeres;2000;1.639
25110 Guissona;Mujeres;1999;1.547
25110 Guissona;Mujeres;1998;1.499
25110 Guissona;Mujeres;1997;""
25110 Guissona;Mujeres;1996;1.415
25111 Guixers;Total;2025;125
25111 Guixers;Total;2024;134
25111 Guixers;Total;2023;131
25111 Guixers;Total;2022;132
25111 Guixers;Total;2021;126
25111 Guixers;Total;2020;132
25111 Guixers;Total;2019;134
25111 Guixers;Total;2018;138
25111 Guixers;Total;2017;140
25111 Guixers;Total;2016;146
25111 Guixers;Total;2015;142
25111 Guixers;Total;2014;128
25111 Guixers;Total;2013;130
25111 Guixers;Total;2012;132
25111 Guixers;Total;2011;134
25111 Guixers;Total;2010;135
25111 Guixers;Total;2009;138
25111 Guixers;Total;2008;140
25111 Guixers;Total;2007;150
25111 Guixers;Total;2006;137
25111 Guixers;Total;2005;144
25111 Guixers;Total;2004;145
25111 Guixers;Total;2003;165
25111 Guixers;Total;2002;153
25111 Guixers;Total;2001;155
25111 Guixers;Total;2000;151
25111 Guixers;Total;1999;155
25111 Guixers;Total;1998;151
25111 Guixers;Total;1997;""
25111 Guixers;Total;1996;148
25111 Guixers;Hombres;2025;74
25111 Guixers;Hombres;2024;77
25111 Guixers;Hombres;2023;77
25111 Guixers;Hombres;2022;81
25111 Guixers;Hombres;2021;76
25111 Guixers;Hombres;2020;80
25111 Guixers;Hombres;2019;84
25111 Guixers;Hombres;2018;88
25111 Guixers;Hombres;2017;86
25111 Guixers;Hombres;2016;94
25111 Guixers;Hombres;2015;89
25111 Guixers;Hombres;2014;76
25111 Guixers;Hombres;2013;78
25111 Guixers;Hombres;2012;80
25111 Guixers;Hombres;2011;79
25111 Guixers;Hombres;2010;78
25111 Guixers;Hombres;2009;80
25111 Guixers;Hombres;2008;81
25111 Guixers;Hombres;2007;87
25111 Guixers;Hombres;2006;82
25111 Guixers;Hombres;2005;86
25111 Guixers;Hombres;2004;88
25111 Guixers;Hombres;2003;98
25111 Guixers;Hombres;2002;93
25111 Guixers;Hombres;2001;96
25111 Guixers;Hombres;2000;91
25111 Guixers;Hombres;1999;92
25111 Guixers;Hombres;1998;92
25111 Guixers;Hombres;1997;""
25111 Guixers;Hombres;1996;90
25111 Guixers;Mujeres;2025;51
25111 Guixers;Mujeres;2024;57
25111 Guixers;Mujeres;2023;54
25111 Guixers;Mujeres;2022;51
25111 Guixers;Mujeres;2021;50
25111 Guixers;Mujeres;2020;52
25111 Guixers;Mujeres;2019;50
25111 Guixers;Mujeres;2018;50
25111 Guixers;Mujeres;2017;54
25111 Guixers;Mujeres;2016;52
25111 Guixers;Mujeres;2015;53
25111 Guixers;Mujeres;2014;52
25111 Guixers;Mujeres;2013;52
25111 Guixers;Mujeres;2012;52
25111 Guixers;Mujeres;2011;55
25111 Guixers;Mujeres;2010;57
25111 Guixers;Mujeres;2009;58
25111 Guixers;Mujeres;2008;59
25111 Guixers;Mujeres;2007;63
25111 Guixers;Mujeres;2006;55
25111 Guixers;Mujeres;2005;58
25111 Guixers;Mujeres;2004;57
25111 Guixers;Mujeres;2003;67
25111 Guixers;Mujeres;2002;60
25111 Guixers;Mujeres;2001;59
25111 Guixers;Mujeres;2000;60
25111 Guixers;Mujeres;1999;63
25111 Guixers;Mujeres;1998;59
25111 Guixers;Mujeres;1997;""
25111 Guixers;Mujeres;1996;58
25100 Gósol;Total;2025;205
25100 Gósol;Total;2024;215
25100 Gósol;Total;2023;230
25100 Gósol;Total;2022;233
25100 Gósol;Total;2021;232
25100 Gósol;Total;2020;206
25100 Gósol;Total;2019;206
25100 Gósol;Total;2018;209
25100 Gósol;Total;2017;222
25100 Gósol;Total;2016;228
25100 Gósol;Total;2015;226
25100 Gósol;Total;2014;216
25100 Gósol;Total;2013;217
25100 Gósol;Total;2012;221
25100 Gósol;Total;2011;230
25100 Gósol;Total;2010;225
25100 Gósol;Total;2009;219
25100 Gósol;Total;2008;233
25100 Gósol;Total;2007;223
25100 Gósol;Total;2006;221
25100 Gósol;Total;2005;223
25100 Gósol;Total;2004;223
25100 Gósol;Total;2003;225
25100 Gósol;Total;2002;235
25100 Gósol;Total;2001;228
25100 Gósol;Total;2000;225
25100 Gósol;Total;1999;218
25100 Gósol;Total;1998;207
25100 Gósol;Total;1997;""
25100 Gósol;Total;1996;210
25100 Gósol;Hombres;2025;114
25100 Gósol;Hombres;2024;118
25100 Gósol;Hombres;2023;126
25100 Gósol;Hombres;2022;129
25100 Gósol;Hombres;2021;133
25100 Gósol;Hombres;2020;118
25100 Gósol;Hombres;2019;118
25100 Gósol;Hombres;2018;120
25100 Gósol;Hombres;2017;121
25100 Gósol;Hombres;2016;130
25100 Gósol;Hombres;2015;131
25100 Gósol;Hombres;2014;127
25100 Gósol;Hombres;2013;127
25100 Gósol;Hombres;2012;126
25100 Gósol;Hombres;2011;128
25100 Gósol;Hombres;2010;122
25100 Gósol;Hombres;2009;118
25100 Gósol;Hombres;2008;132
25100 Gósol;Hombres;2007;120
25100 Gósol;Hombres;2006;117
25100 Gósol;Hombres;2005;118
25100 Gósol;Hombres;2004;118
25100 Gósol;Hombres;2003;119
25100 Gósol;Hombres;2002;126
25100 Gósol;Hombres;2001;124
25100 Gósol;Hombres;2000;125
25100 Gósol;Hombres;1999;122
25100 Gósol;Hombres;1998;114
25100 Gósol;Hombres;1997;""
25100 Gósol;Hombres;1996;116
25100 Gósol;Mujeres;2025;91
25100 Gósol;Mujeres;2024;97
25100 Gósol;Mujeres;2023;104
25100 Gósol;Mujeres;2022;104
25100 Gósol;Mujeres;2021;99
25100 Gósol;Mujeres;2020;88
25100 Gósol;Mujeres;2019;88
25100 Gósol;Mujeres;2018;89
25100 Gósol;Mujeres;2017;101
25100 Gósol;Mujeres;2016;98
25100 Gósol;Mujeres;2015;95
25100 Gósol;Mujeres;2014;89
25100 Gósol;Mujeres;2013;90
25100 Gósol;Mujeres;2012;95
25100 Gósol;Mujeres;2011;102
25100 Gósol;Mujeres;2010;103
25100 Gósol;Mujeres;2009;101
25100 Gósol;Mujeres;2008;101
25100 Gósol;Mujeres;2007;103
25100 Gósol;Mujeres;2006;104
25100 Gósol;Mujeres;2005;105
25100 Gósol;Mujeres;2004;105
25100 Gósol;Mujeres;2003;106
25100 Gósol;Mujeres;2002;109
25100 Gósol;Mujeres;2001;104
25100 Gósol;Mujeres;2000;100
25100 Gósol;Mujeres;1999;96
25100 Gósol;Mujeres;1998;93
25100 Gósol;Mujeres;1997;""
25100 Gósol;Mujeres;1996;94
25115 Isona i Conca Dellà;Total;2025;1.038
25115 Isona i Conca Dellà;Total;2024;1.046
25115 Isona i Conca Dellà;Total;2023;1.061
25115 Isona i Conca Dellà;Total;2022;1.057
25115 Isona i Conca Dellà;Total;2021;1.060
25115 Isona i Conca Dellà;Total;2020;1.042
25115 Isona i Conca Dellà;Total;2019;1.019
25115 Isona i Conca Dellà;Total;2018;1.028
25115 Isona i Conca Dellà;Total;2017;1.027
25115 Isona i Conca Dellà;Total;2016;1.046
25115 Isona i Conca Dellà;Total;2015;1.064
25115 Isona i Conca Dellà;Total;2014;1.049
25115 Isona i Conca Dellà;Total;2013;1.053
25115 Isona i Conca Dellà;Total;2012;1.083
25115 Isona i Conca Dellà;Total;2011;1.100
25115 Isona i Conca Dellà;Total;2010;1.150
25115 Isona i Conca Dellà;Total;2009;1.163
25115 Isona i Conca Dellà;Total;2008;1.151
25115 Isona i Conca Dellà;Total;2007;1.153
25115 Isona i Conca Dellà;Total;2006;1.139
25115 Isona i Conca Dellà;Total;2005;1.149
25115 Isona i Conca Dellà;Total;2004;1.189
25115 Isona i Conca Dellà;Total;2003;1.197
25115 Isona i Conca Dellà;Total;2002;1.214
25115 Isona i Conca Dellà;Total;2001;1.206
25115 Isona i Conca Dellà;Total;2000;1.222
25115 Isona i Conca Dellà;Total;1999;1.229
25115 Isona i Conca Dellà;Total;1998;1.270
25115 Isona i Conca Dellà;Total;1997;""
25115 Isona i Conca Dellà;Total;1996;1.272
25115 Isona i Conca Dellà;Hombres;2025;559
25115 Isona i Conca Dellà;Hombres;2024;576
25115 Isona i Conca Dellà;Hombres;2023;578
25115 Isona i Conca Dellà;Hombres;2022;578
25115 Isona i Conca Dellà;Hombres;2021;578
25115 Isona i Conca Dellà;Hombres;2020;562
25115 Isona i Conca Dellà;Hombres;2019;548
25115 Isona i Conca Dellà;Hombres;2018;546
25115 Isona i Conca Dellà;Hombres;2017;544
25115 Isona i Conca Dellà;Hombres;2016;552
25115 Isona i Conca Dellà;Hombres;2015;558
25115 Isona i Conca Dellà;Hombres;2014;548
25115 Isona i Conca Dellà;Hombres;2013;560
25115 Isona i Conca Dellà;Hombres;2012;576
25115 Isona i Conca Dellà;Hombres;2011;584
25115 Isona i Conca Dellà;Hombres;2010;612
25115 Isona i Conca Dellà;Hombres;2009;617
25115 Isona i Conca Dellà;Hombres;2008;614
25115 Isona i Conca Dellà;Hombres;2007;619
25115 Isona i Conca Dellà;Hombres;2006;613
25115 Isona i Conca Dellà;Hombres;2005;630
25115 Isona i Conca Dellà;Hombres;2004;648
25115 Isona i Conca Dellà;Hombres;2003;648
25115 Isona i Conca Dellà;Hombres;2002;648
25115 Isona i Conca Dellà;Hombres;2001;644
25115 Isona i Conca Dellà;Hombres;2000;650
25115 Isona i Conca Dellà;Hombres;1999;648
25115 Isona i Conca Dellà;Hombres;1998;668
25115 Isona i Conca Dellà;Hombres;1997;""
25115 Isona i Conca Dellà;Hombres;1996;670
25115 Isona i Conca Dellà;Mujeres;2025;479
25115 Isona i Conca Dellà;Mujeres;2024;470
25115 Isona i Conca Dellà;Mujeres;2023;483
25115 Isona i Conca Dellà;Mujeres;2022;479
25115 Isona i Conca Dellà;Mujeres;2021;482
25115 Isona i Conca Dellà;Mujeres;2020;480
25115 Isona i Conca Dellà;Mujeres;2019;471
25115 Isona i Conca Dellà;Mujeres;2018;482
25115 Isona i Conca Dellà;Mujeres;2017;483
25115 Isona i Conca Dellà;Mujeres;2016;494
25115 Isona i Conca Dellà;Mujeres;2015;506
25115 Isona i Conca Dellà;Mujeres;2014;501
25115 Isona i Conca Dellà;Mujeres;2013;493
25115 Isona i Conca Dellà;Mujeres;2012;507
25115 Isona i Conca Dellà;Mujeres;2011;516
25115 Isona i Conca Dellà;Mujeres;2010;538
25115 Isona i Conca Dellà;Mujeres;2009;546
25115 Isona i Conca Dellà;Mujeres;2008;537
25115 Isona i Conca Dellà;Mujeres;2007;534
25115 Isona i Conca Dellà;Mujeres;2006;526
25115 Isona i Conca Dellà;Mujeres;2005;519
25115 Isona i Conca Dellà;Mujeres;2004;541
25115 Isona i Conca Dellà;Mujeres;2003;549
25115 Isona i Conca Dellà;Mujeres;2002;566
25115 Isona i Conca Dellà;Mujeres;2001;562
25115 Isona i Conca Dellà;Mujeres;2000;572
25115 Isona i Conca Dellà;Mujeres;1999;581
25115 Isona i Conca Dellà;Mujeres;1998;602
25115 Isona i Conca Dellà;Mujeres;1997;""
25115 Isona i Conca Dellà;Mujeres;1996;602
25113 Ivars d'Urgell;Total;2025;1.578
25113 Ivars d'Urgell;Total;2024;1.590
25113 Ivars d'Urgell;Total;2023;1.607
25113 Ivars d'Urgell;Total;2022;1.560
25113 Ivars d'Urgell;Total;2021;1.553
25113 Ivars d'Urgell;Total;2020;1.537
25113 Ivars d'Urgell;Total;2019;1.531
25113 Ivars d'Urgell;Total;2018;1.557
25113 Ivars d'Urgell;Total;2017;1.568
25113 Ivars d'Urgell;Total;2016;1.578
25113 Ivars d'Urgell;Total;2015;1.591
25113 Ivars d'Urgell;Total;2014;1.607
25113 Ivars d'Urgell;Total;2013;1.619
25113 Ivars d'Urgell;Total;2012;1.647
25113 Ivars d'Urgell;Total;2011;1.702
25113 Ivars d'Urgell;Total;2010;1.716
25113 Ivars d'Urgell;Total;2009;1.741
25113 Ivars d'Urgell;Total;2008;1.747
25113 Ivars d'Urgell;Total;2007;1.786
25113 Ivars d'Urgell;Total;2006;1.858
25113 Ivars d'Urgell;Total;2005;1.848
25113 Ivars d'Urgell;Total;2004;1.806
25113 Ivars d'Urgell;Total;2003;1.781
25113 Ivars d'Urgell;Total;2002;1.799
25113 Ivars d'Urgell;Total;2001;1.779
25113 Ivars d'Urgell;Total;2000;1.764
25113 Ivars d'Urgell;Total;1999;1.729
25113 Ivars d'Urgell;Total;1998;1.699
25113 Ivars d'Urgell;Total;1997;""
25113 Ivars d'Urgell;Total;1996;1.715
25113 Ivars d'Urgell;Hombres;2025;855
25113 Ivars d'Urgell;Hombres;2024;868
25113 Ivars d'Urgell;Hombres;2023;868
25113 Ivars d'Urgell;Hombres;2022;834
25113 Ivars d'Urgell;Hombres;2021;818
25113 Ivars d'Urgell;Hombres;2020;806
25113 Ivars d'Urgell;Hombres;2019;801
25113 Ivars d'Urgell;Hombres;2018;817
25113 Ivars d'Urgell;Hombres;2017;820
25113 Ivars d'Urgell;Hombres;2016;826
25113 Ivars d'Urgell;Hombres;2015;831
25113 Ivars d'Urgell;Hombres;2014;843
25113 Ivars d'Urgell;Hombres;2013;853
25113 Ivars d'Urgell;Hombres;2012;873
25113 Ivars d'Urgell;Hombres;2011;902
25113 Ivars d'Urgell;Hombres;2010;922
25113 Ivars d'Urgell;Hombres;2009;928
25113 Ivars d'Urgell;Hombres;2008;930
25113 Ivars d'Urgell;Hombres;2007;939
25113 Ivars d'Urgell;Hombres;2006;983
25113 Ivars d'Urgell;Hombres;2005;986
25113 Ivars d'Urgell;Hombres;2004;941
25113 Ivars d'Urgell;Hombres;2003;914
25113 Ivars d'Urgell;Hombres;2002;934
25113 Ivars d'Urgell;Hombres;2001;929
25113 Ivars d'Urgell;Hombres;2000;907
25113 Ivars d'Urgell;Hombres;1999;888
25113 Ivars d'Urgell;Hombres;1998;859
25113 Ivars d'Urgell;Hombres;1997;""
25113 Ivars d'Urgell;Hombres;1996;870
25113 Ivars d'Urgell;Mujeres;2025;723
25113 Ivars d'Urgell;Mujeres;2024;722
25113 Ivars d'Urgell;Mujeres;2023;739
25113 Ivars d'Urgell;Mujeres;2022;726
25113 Ivars d'Urgell;Mujeres;2021;735
25113 Ivars d'Urgell;Mujeres;2020;731
25113 Ivars d'Urgell;Mujeres;2019;730
25113 Ivars d'Urgell;Mujeres;2018;740
25113 Ivars d'Urgell;Mujeres;2017;748
25113 Ivars d'Urgell;Mujeres;2016;752
25113 Ivars d'Urgell;Mujeres;2015;760
25113 Ivars d'Urgell;Mujeres;2014;764
25113 Ivars d'Urgell;Mujeres;2013;766
25113 Ivars d'Urgell;Mujeres;2012;774
25113 Ivars d'Urgell;Mujeres;2011;800
25113 Ivars d'Urgell;Mujeres;2010;794
25113 Ivars d'Urgell;Mujeres;2009;813
25113 Ivars d'Urgell;Mujeres;2008;817
25113 Ivars d'Urgell;Mujeres;2007;847
25113 Ivars d'Urgell;Mujeres;2006;875
25113 Ivars d'Urgell;Mujeres;2005;862
25113 Ivars d'Urgell;Mujeres;2004;865
25113 Ivars d'Urgell;Mujeres;2003;867
25113 Ivars d'Urgell;Mujeres;2002;865
25113 Ivars d'Urgell;Mujeres;2001;850
25113 Ivars d'Urgell;Mujeres;2000;857
25113 Ivars d'Urgell;Mujeres;1999;841
25113 Ivars d'Urgell;Mujeres;1998;840
25113 Ivars d'Urgell;Mujeres;1997;""
25113 Ivars d'Urgell;Mujeres;1996;845
25112 Ivars de Noguera;Total;2025;317
25112 Ivars de Noguera;Total;2024;318
25112 Ivars de Noguera;Total;2023;332
25112 Ivars de Noguera;Total;2022;327
25112 Ivars de Noguera;Total;2021;335
25112 Ivars de Noguera;Total;2020;332
25112 Ivars de Noguera;Total;2019;334
25112 Ivars de Noguera;Total;2018;337
25112 Ivars de Noguera;Total;2017;332
25112 Ivars de Noguera;Total;2016;351
25112 Ivars de Noguera;Total;2015;346
25112 Ivars de Noguera;Total;2014;350
25112 Ivars de Noguera;Total;2013;365
25112 Ivars de Noguera;Total;2012;361
25112 Ivars de Noguera;Total;2011;357
25112 Ivars de Noguera;Total;2010;360
25112 Ivars de Noguera;Total;2009;363
25112 Ivars de Noguera;Total;2008;348
25112 Ivars de Noguera;Total;2007;340
25112 Ivars de Noguera;Total;2006;357
25112 Ivars de Noguera;Total;2005;353
25112 Ivars de Noguera;Total;2004;345
25112 Ivars de Noguera;Total;2003;340
25112 Ivars de Noguera;Total;2002;329
25112 Ivars de Noguera;Total;2001;339
25112 Ivars de Noguera;Total;2000;338
25112 Ivars de Noguera;Total;1999;336
25112 Ivars de Noguera;Total;1998;334
25112 Ivars de Noguera;Total;1997;""
25112 Ivars de Noguera;Total;1996;340
25112 Ivars de Noguera;Hombres;2025;168
25112 Ivars de Noguera;Hombres;2024;172
25112 Ivars de Noguera;Hombres;2023;179
25112 Ivars de Noguera;Hombres;2022;176
25112 Ivars de Noguera;Hombres;2021;175
25112 Ivars de Noguera;Hombres;2020;173
25112 Ivars de Noguera;Hombres;2019;171
25112 Ivars de Noguera;Hombres;2018;174
25112 Ivars de Noguera;Hombres;2017;175
25112 Ivars de Noguera;Hombres;2016;181
25112 Ivars de Noguera;Hombres;2015;177
25112 Ivars de Noguera;Hombres;2014;182
25112 Ivars de Noguera;Hombres;2013;190
25112 Ivars de Noguera;Hombres;2012;192
25112 Ivars de Noguera;Hombres;2011;193
25112 Ivars de Noguera;Hombres;2010;196
25112 Ivars de Noguera;Hombres;2009;204
25112 Ivars de Noguera;Hombres;2008;186
25112 Ivars de Noguera;Hombres;2007;184
25112 Ivars de Noguera;Hombres;2006;190
25112 Ivars de Noguera;Hombres;2005;187
25112 Ivars de Noguera;Hombres;2004;177
25112 Ivars de Noguera;Hombres;2003;175
25112 Ivars de Noguera;Hombres;2002;169
25112 Ivars de Noguera;Hombres;2001;174
25112 Ivars de Noguera;Hombres;2000;171
25112 Ivars de Noguera;Hombres;1999;173
25112 Ivars de Noguera;Hombres;1998;167
25112 Ivars de Noguera;Hombres;1997;""
25112 Ivars de Noguera;Hombres;1996;170
25112 Ivars de Noguera;Mujeres;2025;149
25112 Ivars de Noguera;Mujeres;2024;146
25112 Ivars de Noguera;Mujeres;2023;153
25112 Ivars de Noguera;Mujeres;2022;151
25112 Ivars de Noguera;Mujeres;2021;160
25112 Ivars de Noguera;Mujeres;2020;159
25112 Ivars de Noguera;Mujeres;2019;163
25112 Ivars de Noguera;Mujeres;2018;163
25112 Ivars de Noguera;Mujeres;2017;157
25112 Ivars de Noguera;Mujeres;2016;170
25112 Ivars de Noguera;Mujeres;2015;169
25112 Ivars de Noguera;Mujeres;2014;168
25112 Ivars de Noguera;Mujeres;2013;175
25112 Ivars de Noguera;Mujeres;2012;169
25112 Ivars de Noguera;Mujeres;2011;164
25112 Ivars de Noguera;Mujeres;2010;164
25112 Ivars de Noguera;Mujeres;2009;159
25112 Ivars de Noguera;Mujeres;2008;162
25112 Ivars de Noguera;Mujeres;2007;156
25112 Ivars de Noguera;Mujeres;2006;167
25112 Ivars de Noguera;Mujeres;2005;166
25112 Ivars de Noguera;Mujeres;2004;168
25112 Ivars de Noguera;Mujeres;2003;165
25112 Ivars de Noguera;Mujeres;2002;160
25112 Ivars de Noguera;Mujeres;2001;165
25112 Ivars de Noguera;Mujeres;2000;167
25112 Ivars de Noguera;Mujeres;1999;163
25112 Ivars de Noguera;Mujeres;1998;167
25112 Ivars de Noguera;Mujeres;1997;""
25112 Ivars de Noguera;Mujeres;1996;170
25114 Ivorra;Total;2025;100
25114 Ivorra;Total;2024;100
25114 Ivorra;Total;2023;99
25114 Ivorra;Total;2022;100
25114 Ivorra;Total;2021;110
25114 Ivorra;Total;2020;108
25114 Ivorra;Total;2019;104
25114 Ivorra;Total;2018;104
25114 Ivorra;Total;2017;107
25114 Ivorra;Total;2016;114
25114 Ivorra;Total;2015;106
25114 Ivorra;Total;2014;115
25114 Ivorra;Total;2013;119
25114 Ivorra;Total;2012;118
25114 Ivorra;Total;2011;120
25114 Ivorra;Total;2010;122
25114 Ivorra;Total;2009;136
25114 Ivorra;Total;2008;138
25114 Ivorra;Total;2007;147
25114 Ivorra;Total;2006;144
25114 Ivorra;Total;2005;148
25114 Ivorra;Total;2004;151
25114 Ivorra;Total;2003;155
25114 Ivorra;Total;2002;159
25114 Ivorra;Total;2001;152
25114 Ivorra;Total;2000;153
25114 Ivorra;Total;1999;156
25114 Ivorra;Total;1998;156
25114 Ivorra;Total;1997;""
25114 Ivorra;Total;1996;154
25114 Ivorra;Hombres;2025;61
25114 Ivorra;Hombres;2024;59
25114 Ivorra;Hombres;2023;56
25114 Ivorra;Hombres;2022;55
25114 Ivorra;Hombres;2021;61
25114 Ivorra;Hombres;2020;59
25114 Ivorra;Hombres;2019;57
25114 Ivorra;Hombres;2018;57
25114 Ivorra;Hombres;2017;57
25114 Ivorra;Hombres;2016;61
25114 Ivorra;Hombres;2015;55
25114 Ivorra;Hombres;2014;59
25114 Ivorra;Hombres;2013;63
25114 Ivorra;Hombres;2012;61
25114 Ivorra;Hombres;2011;63
25114 Ivorra;Hombres;2010;65
25114 Ivorra;Hombres;2009;71
25114 Ivorra;Hombres;2008;70
25114 Ivorra;Hombres;2007;72
25114 Ivorra;Hombres;2006;68
25114 Ivorra;Hombres;2005;69
25114 Ivorra;Hombres;2004;72
25114 Ivorra;Hombres;2003;73
25114 Ivorra;Hombres;2002;75
25114 Ivorra;Hombres;2001;73
25114 Ivorra;Hombres;2000;72
25114 Ivorra;Hombres;1999;80
25114 Ivorra;Hombres;1998;84
25114 Ivorra;Hombres;1997;""
25114 Ivorra;Hombres;1996;82
25114 Ivorra;Mujeres;2025;39
25114 Ivorra;Mujeres;2024;41
25114 Ivorra;Mujeres;2023;43
25114 Ivorra;Mujeres;2022;45
25114 Ivorra;Mujeres;2021;49
25114 Ivorra;Mujeres;2020;49
25114 Ivorra;Mujeres;2019;47
25114 Ivorra;Mujeres;2018;47
25114 Ivorra;Mujeres;2017;50
25114 Ivorra;Mujeres;2016;53
25114 Ivorra;Mujeres;2015;51
25114 Ivorra;Mujeres;2014;56
25114 Ivorra;Mujeres;2013;56
25114 Ivorra;Mujeres;2012;57
25114 Ivorra;Mujeres;2011;57
25114 Ivorra;Mujeres;2010;57
25114 Ivorra;Mujeres;2009;65
25114 Ivorra;Mujeres;2008;68
25114 Ivorra;Mujeres;2007;75
25114 Ivorra;Mujeres;2006;76
25114 Ivorra;Mujeres;2005;79
25114 Ivorra;Mujeres;2004;79
25114 Ivorra;Mujeres;2003;82
25114 Ivorra;Mujeres;2002;84
25114 Ivorra;Mujeres;2001;79
25114 Ivorra;Mujeres;2000;81
25114 Ivorra;Mujeres;1999;76
25114 Ivorra;Mujeres;1998;72
25114 Ivorra;Mujeres;1997;""
25114 Ivorra;Mujeres;1996;72
25910 Josa i Tuixén;Total;2025;110
25910 Josa i Tuixén;Total;2024;122
25910 Josa i Tuixén;Total;2023;125
25910 Josa i Tuixén;Total;2022;105
25910 Josa i Tuixén;Total;2021;100
25910 Josa i Tuixén;Total;2020;103
25910 Josa i Tuixén;Total;2019;106
25910 Josa i Tuixén;Total;2018;118
25910 Josa i Tuixén;Total;2017;115
25910 Josa i Tuixén;Total;2016;122
25910 Josa i Tuixén;Total;2015;129
25910 Josa i Tuixén;Total;2014;128
25910 Josa i Tuixén;Total;2013;141
25910 Josa i Tuixén;Total;2012;140
25910 Josa i Tuixén;Total;2011;136
25910 Josa i Tuixén;Total;2010;141
25910 Josa i Tuixén;Total;2009;155
25910 Josa i Tuixén;Total;2008;159
25910 Josa i Tuixén;Total;2007;172
25910 Josa i Tuixén;Total;2006;176
25910 Josa i Tuixén;Total;2005;170
25910 Josa i Tuixén;Total;2004;176
25910 Josa i Tuixén;Total;2003;181
25910 Josa i Tuixén;Total;2002;151
25910 Josa i Tuixén;Total;2001;157
25910 Josa i Tuixén;Total;2000;169
25910 Josa i Tuixén;Total;1999;168
25910 Josa i Tuixén;Total;1998;139
25910 Josa i Tuixén;Total;1997;""
25910 Josa i Tuixén;Total;1996;141
25910 Josa i Tuixén;Hombres;2025;63
25910 Josa i Tuixén;Hombres;2024;73
25910 Josa i Tuixén;Hombres;2023;74
25910 Josa i Tuixén;Hombres;2022;63
25910 Josa i Tuixén;Hombres;2021;58
25910 Josa i Tuixén;Hombres;2020;59
25910 Josa i Tuixén;Hombres;2019;58
25910 Josa i Tuixén;Hombres;2018;66
25910 Josa i Tuixén;Hombres;2017;68
25910 Josa i Tuixén;Hombres;2016;71
25910 Josa i Tuixén;Hombres;2015;74
25910 Josa i Tuixén;Hombres;2014;74
25910 Josa i Tuixén;Hombres;2013;80
25910 Josa i Tuixén;Hombres;2012;79
25910 Josa i Tuixén;Hombres;2011;78
25910 Josa i Tuixén;Hombres;2010;78
25910 Josa i Tuixén;Hombres;2009;84
25910 Josa i Tuixén;Hombres;2008;84
25910 Josa i Tuixén;Hombres;2007;94
25910 Josa i Tuixén;Hombres;2006;91
25910 Josa i Tuixén;Hombres;2005;87
25910 Josa i Tuixén;Hombres;2004;94
25910 Josa i Tuixén;Hombres;2003;100
25910 Josa i Tuixén;Hombres;2002;83
25910 Josa i Tuixén;Hombres;2001;85
25910 Josa i Tuixén;Hombres;2000;90
25910 Josa i Tuixén;Hombres;1999;90
25910 Josa i Tuixén;Hombres;1998;76
25910 Josa i Tuixén;Hombres;1997;""
25910 Josa i Tuixén;Hombres;1996;78
25910 Josa i Tuixén;Mujeres;2025;47
25910 Josa i Tuixén;Mujeres;2024;49
25910 Josa i Tuixén;Mujeres;2023;51
25910 Josa i Tuixén;Mujeres;2022;42
25910 Josa i Tuixén;Mujeres;2021;42
25910 Josa i Tuixén;Mujeres;2020;44
25910 Josa i Tuixén;Mujeres;2019;48
25910 Josa i Tuixén;Mujeres;2018;52
25910 Josa i Tuixén;Mujeres;2017;47
25910 Josa i Tuixén;Mujeres;2016;51
25910 Josa i Tuixén;Mujeres;2015;55
25910 Josa i Tuixén;Mujeres;2014;54
25910 Josa i Tuixén;Mujeres;2013;61
25910 Josa i Tuixén;Mujeres;2012;61
25910 Josa i Tuixén;Mujeres;2011;58
25910 Josa i Tuixén;Mujeres;2010;63
25910 Josa i Tuixén;Mujeres;2009;71
25910 Josa i Tuixén;Mujeres;2008;75
25910 Josa i Tuixén;Mujeres;2007;78
25910 Josa i Tuixén;Mujeres;2006;85
25910 Josa i Tuixén;Mujeres;2005;83
25910 Josa i Tuixén;Mujeres;2004;82
25910 Josa i Tuixén;Mujeres;2003;81
25910 Josa i Tuixén;Mujeres;2002;68
25910 Josa i Tuixén;Mujeres;2001;72
25910 Josa i Tuixén;Mujeres;2000;79
25910 Josa i Tuixén;Mujeres;1999;78
25910 Josa i Tuixén;Mujeres;1998;63
25910 Josa i Tuixén;Mujeres;1997;""
25910 Josa i Tuixén;Mujeres;1996;63
25118 Juncosa;Total;2025;377
25118 Juncosa;Total;2024;390
25118 Juncosa;Total;2023;382
25118 Juncosa;Total;2022;401
25118 Juncosa;Total;2021;397
25118 Juncosa;Total;2020;395
25118 Juncosa;Total;2019;386
25118 Juncosa;Total;2018;393
25118 Juncosa;Total;2017;408
25118 Juncosa;Total;2016;418
25118 Juncosa;Total;2015;421
25118 Juncosa;Total;2014;438
25118 Juncosa;Total;2013;443
25118 Juncosa;Total;2012;458
25118 Juncosa;Total;2011;470
25118 Juncosa;Total;2010;479
25118 Juncosa;Total;2009;504
25118 Juncosa;Total;2008;508
25118 Juncosa;Total;2007;520
25118 Juncosa;Total;2006;546
25118 Juncosa;Total;2005;551
25118 Juncosa;Total;2004;558
25118 Juncosa;Total;2003;589
25118 Juncosa;Total;2002;616
25118 Juncosa;Total;2001;637
25118 Juncosa;Total;2000;629
25118 Juncosa;Total;1999;612
25118 Juncosa;Total;1998;594
25118 Juncosa;Total;1997;""
25118 Juncosa;Total;1996;582
25118 Juncosa;Hombres;2025;202
25118 Juncosa;Hombres;2024;206
25118 Juncosa;Hombres;2023;197
25118 Juncosa;Hombres;2022;208
25118 Juncosa;Hombres;2021;206
25118 Juncosa;Hombres;2020;206
25118 Juncosa;Hombres;2019;204
25118 Juncosa;Hombres;2018;211
25118 Juncosa;Hombres;2017;217
25118 Juncosa;Hombres;2016;226
25118 Juncosa;Hombres;2015;230
25118 Juncosa;Hombres;2014;238
25118 Juncosa;Hombres;2013;239
25118 Juncosa;Hombres;2012;243
25118 Juncosa;Hombres;2011;255
25118 Juncosa;Hombres;2010;253
25118 Juncosa;Hombres;2009;265
25118 Juncosa;Hombres;2008;267
25118 Juncosa;Hombres;2007;275
25118 Juncosa;Hombres;2006;301
25118 Juncosa;Hombres;2005;306
25118 Juncosa;Hombres;2004;310
25118 Juncosa;Hombres;2003;338
25118 Juncosa;Hombres;2002;353
25118 Juncosa;Hombres;2001;365
25118 Juncosa;Hombres;2000;360
25118 Juncosa;Hombres;1999;348
25118 Juncosa;Hombres;1998;327
25118 Juncosa;Hombres;1997;""
25118 Juncosa;Hombres;1996;310
25118 Juncosa;Mujeres;2025;175
25118 Juncosa;Mujeres;2024;184
25118 Juncosa;Mujeres;2023;185
25118 Juncosa;Mujeres;2022;193
25118 Juncosa;Mujeres;2021;191
25118 Juncosa;Mujeres;2020;189
25118 Juncosa;Mujeres;2019;182
25118 Juncosa;Mujeres;2018;182
25118 Juncosa;Mujeres;2017;191
25118 Juncosa;Mujeres;2016;192
25118 Juncosa;Mujeres;2015;191
25118 Juncosa;Mujeres;2014;200
25118 Juncosa;Mujeres;2013;204
25118 Juncosa;Mujeres;2012;215
25118 Juncosa;Mujeres;2011;215
25118 Juncosa;Mujeres;2010;226
25118 Juncosa;Mujeres;2009;239
25118 Juncosa;Mujeres;2008;241
25118 Juncosa;Mujeres;2007;245
25118 Juncosa;Mujeres;2006;245
25118 Juncosa;Mujeres;2005;245
25118 Juncosa;Mujeres;2004;248
25118 Juncosa;Mujeres;2003;251
25118 Juncosa;Mujeres;2002;263
25118 Juncosa;Mujeres;2001;272
25118 Juncosa;Mujeres;2000;269
25118 Juncosa;Mujeres;1999;264
25118 Juncosa;Mujeres;1998;267
25118 Juncosa;Mujeres;1997;""
25118 Juncosa;Mujeres;1996;272
25119 Juneda;Total;2025;3.453
25119 Juneda;Total;2024;3.473
25119 Juneda;Total;2023;3.478
25119 Juneda;Total;2022;3.558
25119 Juneda;Total;2021;3.569
25119 Juneda;Total;2020;3.501
25119 Juneda;Total;2019;3.475
25119 Juneda;Total;2018;3.409
25119 Juneda;Total;2017;3.383
25119 Juneda;Total;2016;3.343
25119 Juneda;Total;2015;3.384
25119 Juneda;Total;2014;3.497
25119 Juneda;Total;2013;3.481
25119 Juneda;Total;2012;3.490
25119 Juneda;Total;2011;3.482
25119 Juneda;Total;2010;3.487
25119 Juneda;Total;2009;3.417
25119 Juneda;Total;2008;3.342
25119 Juneda;Total;2007;3.222
25119 Juneda;Total;2006;3.264
25119 Juneda;Total;2005;3.222
25119 Juneda;Total;2004;3.023
25119 Juneda;Total;2003;2.992
25119 Juneda;Total;2002;2.944
25119 Juneda;Total;2001;2.935
25119 Juneda;Total;2000;2.988
25119 Juneda;Total;1999;2.995
25119 Juneda;Total;1998;3.002
25119 Juneda;Total;1997;""
25119 Juneda;Total;1996;2.996
25119 Juneda;Hombres;2025;1.838
25119 Juneda;Hombres;2024;1.844
25119 Juneda;Hombres;2023;1.845
25119 Juneda;Hombres;2022;1.902
25119 Juneda;Hombres;2021;1.916
25119 Juneda;Hombres;2020;1.877
25119 Juneda;Hombres;2019;1.854
25119 Juneda;Hombres;2018;1.785
25119 Juneda;Hombres;2017;1.766
25119 Juneda;Hombres;2016;1.730
25119 Juneda;Hombres;2015;1.757
25119 Juneda;Hombres;2014;1.843
25119 Juneda;Hombres;2013;1.820
25119 Juneda;Hombres;2012;1.834
25119 Juneda;Hombres;2011;1.818
25119 Juneda;Hombres;2010;1.836
25119 Juneda;Hombres;2009;1.793
25119 Juneda;Hombres;2008;1.748
25119 Juneda;Hombres;2007;1.674
25119 Juneda;Hombres;2006;1.711
25119 Juneda;Hombres;2005;1.674
25119 Juneda;Hombres;2004;1.545
25119 Juneda;Hombres;2003;1.524
25119 Juneda;Hombres;2002;1.489
25119 Juneda;Hombres;2001;1.484
25119 Juneda;Hombres;2000;1.503
25119 Juneda;Hombres;1999;1.517
25119 Juneda;Hombres;1998;1.520
25119 Juneda;Hombres;1997;""
25119 Juneda;Hombres;1996;1.517
25119 Juneda;Mujeres;2025;1.615
25119 Juneda;Mujeres;2024;1.629
25119 Juneda;Mujeres;2023;1.633
25119 Juneda;Mujeres;2022;1.656
25119 Juneda;Mujeres;2021;1.653
25119 Juneda;Mujeres;2020;1.624
25119 Juneda;Mujeres;2019;1.621
25119 Juneda;Mujeres;2018;1.624
25119 Juneda;Mujeres;2017;1.617
25119 Juneda;Mujeres;2016;1.613
25119 Juneda;Mujeres;2015;1.627
25119 Juneda;Mujeres;2014;1.654
25119 Juneda;Mujeres;2013;1.661
25119 Juneda;Mujeres;2012;1.656
25119 Juneda;Mujeres;2011;1.664
25119 Juneda;Mujeres;2010;1.651
25119 Juneda;Mujeres;2009;1.624
25119 Juneda;Mujeres;2008;1.594
25119 Juneda;Mujeres;2007;1.548
25119 Juneda;Mujeres;2006;1.553
25119 Juneda;Mujeres;2005;1.548
25119 Juneda;Mujeres;2004;1.478
25119 Juneda;Mujeres;2003;1.468
25119 Juneda;Mujeres;2002;1.455
25119 Juneda;Mujeres;2001;1.451
25119 Juneda;Mujeres;2000;1.485
25119 Juneda;Mujeres;1999;1.478
25119 Juneda;Mujeres;1998;1.482
25119 Juneda;Mujeres;1997;""
25119 Juneda;Mujeres;1996;1.479
25121 Les;Total;2025;1.036
25121 Les;Total;2024;1.013
25121 Les;Total;2023;994
25121 Les;Total;2022;970
25121 Les;Total;2021;966
25121 Les;Total;2020;971
25121 Les;Total;2019;946
25121 Les;Total;2018;954
25121 Les;Total;2017;955
25121 Les;Total;2016;958
25121 Les;Total;2015;953
25121 Les;Total;2014;968
25121 Les;Total;2013;986
25121 Les;Total;2012;1.012
25121 Les;Total;2011;1.005
25121 Les;Total;2010;983
25121 Les;Total;2009;979
25121 Les;Total;2008;968
25121 Les;Total;2007;944
25121 Les;Total;2006;903
25121 Les;Total;2005;829
25121 Les;Total;2004;721
25121 Les;Total;2003;676
25121 Les;Total;2002;680
25121 Les;Total;2001;700
25121 Les;Total;2000;697
25121 Les;Total;1999;692
25121 Les;Total;1998;687
25121 Les;Total;1997;""
25121 Les;Total;1996;673
25121 Les;Hombres;2025;543
25121 Les;Hombres;2024;529
25121 Les;Hombres;2023;510
25121 Les;Hombres;2022;488
25121 Les;Hombres;2021;475
25121 Les;Hombres;2020;464
25121 Les;Hombres;2019;463
25121 Les;Hombres;2018;480
25121 Les;Hombres;2017;471
25121 Les;Hombres;2016;469
25121 Les;Hombres;2015;476
25121 Les;Hombres;2014;481
25121 Les;Hombres;2013;493
25121 Les;Hombres;2012;514
25121 Les;Hombres;2011;511
25121 Les;Hombres;2010;493
25121 Les;Hombres;2009;486
25121 Les;Hombres;2008;479
25121 Les;Hombres;2007;473
25121 Les;Hombres;2006;445
25121 Les;Hombres;2005;411
25121 Les;Hombres;2004;358
25121 Les;Hombres;2003;336
25121 Les;Hombres;2002;341
25121 Les;Hombres;2001;353
25121 Les;Hombres;2000;351
25121 Les;Hombres;1999;348
25121 Les;Hombres;1998;345
25121 Les;Hombres;1997;""
25121 Les;Hombres;1996;338
25121 Les;Mujeres;2025;493
25121 Les;Mujeres;2024;484
25121 Les;Mujeres;2023;484
25121 Les;Mujeres;2022;482
25121 Les;Mujeres;2021;491
25121 Les;Mujeres;2020;507
25121 Les;Mujeres;2019;483
25121 Les;Mujeres;2018;474
25121 Les;Mujeres;2017;484
25121 Les;Mujeres;2016;489
25121 Les;Mujeres;2015;477
25121 Les;Mujeres;2014;487
25121 Les;Mujeres;2013;493
25121 Les;Mujeres;2012;498
25121 Les;Mujeres;2011;494
25121 Les;Mujeres;2010;490
25121 Les;Mujeres;2009;493
25121 Les;Mujeres;2008;489
25121 Les;Mujeres;2007;471
25121 Les;Mujeres;2006;458
25121 Les;Mujeres;2005;418
25121 Les;Mujeres;2004;363
25121 Les;Mujeres;2003;340
25121 Les;Mujeres;2002;339
25121 Les;Mujeres;2001;347
25121 Les;Mujeres;2000;346
25121 Les;Mujeres;1999;344
25121 Les;Mujeres;1998;342
25121 Les;Mujeres;1997;""
25121 Les;Mujeres;1996;335
25122 Linyola;Total;2025;2.762
25122 Linyola;Total;2024;2.749
25122 Linyola;Total;2023;2.744
25122 Linyola;Total;2022;2.723
25122 Linyola;Total;2021;2.724
25122 Linyola;Total;2020;2.717
25122 Linyola;Total;2019;2.700
25122 Linyola;Total;2018;2.660
25122 Linyola;Total;2017;2.626
25122 Linyola;Total;2016;2.650
25122 Linyola;Total;2015;2.652
25122 Linyola;Total;2014;2.677
25122 Linyola;Total;2013;2.654
25122 Linyola;Total;2012;2.661
25122 Linyola;Total;2011;2.712
25122 Linyola;Total;2010;2.774
25122 Linyola;Total;2009;2.836
25122 Linyola;Total;2008;2.781
25122 Linyola;Total;2007;2.655
25122 Linyola;Total;2006;2.583
25122 Linyola;Total;2005;2.587
25122 Linyola;Total;2004;2.529
25122 Linyola;Total;2003;2.464
25122 Linyola;Total;2002;2.438
25122 Linyola;Total;2001;2.396
25122 Linyola;Total;2000;2.401
25122 Linyola;Total;1999;2.397
25122 Linyola;Total;1998;2.391
25122 Linyola;Total;1997;""
25122 Linyola;Total;1996;2.385
25122 Linyola;Hombres;2025;1.391
25122 Linyola;Hombres;2024;1.394
25122 Linyola;Hombres;2023;1.387
25122 Linyola;Hombres;2022;1.377
25122 Linyola;Hombres;2021;1.380
25122 Linyola;Hombres;2020;1.367
25122 Linyola;Hombres;2019;1.365
25122 Linyola;Hombres;2018;1.340
25122 Linyola;Hombres;2017;1.317
25122 Linyola;Hombres;2016;1.330
25122 Linyola;Hombres;2015;1.339
25122 Linyola;Hombres;2014;1.361
25122 Linyola;Hombres;2013;1.350
25122 Linyola;Hombres;2012;1.372
25122 Linyola;Hombres;2011;1.389
25122 Linyola;Hombres;2010;1.446
25122 Linyola;Hombres;2009;1.484
25122 Linyola;Hombres;2008;1.451
25122 Linyola;Hombres;2007;1.362
25122 Linyola;Hombres;2006;1.313
25122 Linyola;Hombres;2005;1.330
25122 Linyola;Hombres;2004;1.289
25122 Linyola;Hombres;2003;1.242
25122 Linyola;Hombres;2002;1.215
25122 Linyola;Hombres;2001;1.191
25122 Linyola;Hombres;2000;1.192
25122 Linyola;Hombres;1999;1.189
25122 Linyola;Hombres;1998;1.185
25122 Linyola;Hombres;1997;""
25122 Linyola;Hombres;1996;1.184
25122 Linyola;Mujeres;2025;1.371
25122 Linyola;Mujeres;2024;1.355
25122 Linyola;Mujeres;2023;1.357
25122 Linyola;Mujeres;2022;1.346
25122 Linyola;Mujeres;2021;1.344
25122 Linyola;Mujeres;2020;1.350
25122 Linyola;Mujeres;2019;1.335
25122 Linyola;Mujeres;2018;1.320
25122 Linyola;Mujeres;2017;1.309
25122 Linyola;Mujeres;2016;1.320
25122 Linyola;Mujeres;2015;1.313
25122 Linyola;Mujeres;2014;1.316
25122 Linyola;Mujeres;2013;1.304
25122 Linyola;Mujeres;2012;1.289
25122 Linyola;Mujeres;2011;1.323
25122 Linyola;Mujeres;2010;1.328
25122 Linyola;Mujeres;2009;1.352
25122 Linyola;Mujeres;2008;1.330
25122 Linyola;Mujeres;2007;1.293
25122 Linyola;Mujeres;2006;1.270
25122 Linyola;Mujeres;2005;1.257
25122 Linyola;Mujeres;2004;1.240
25122 Linyola;Mujeres;2003;1.222
25122 Linyola;Mujeres;2002;1.223
25122 Linyola;Mujeres;2001;1.205
25122 Linyola;Mujeres;2000;1.209
25122 Linyola;Mujeres;1999;1.208
25122 Linyola;Mujeres;1998;1.206
25122 Linyola;Mujeres;1997;""
25122 Linyola;Mujeres;1996;1.201
25123 Lladorre;Total;2025;246
25123 Lladorre;Total;2024;254
25123 Lladorre;Total;2023;254
25123 Lladorre;Total;2022;254
25123 Lladorre;Total;2021;244
25123 Lladorre;Total;2020;237
25123 Lladorre;Total;2019;230
25123 Lladorre;Total;2018;227
25123 Lladorre;Total;2017;225
25123 Lladorre;Total;2016;226
25123 Lladorre;Total;2015;229
25123 Lladorre;Total;2014;232
25123 Lladorre;Total;2013;238
25123 Lladorre;Total;2012;239
25123 Lladorre;Total;2011;244
25123 Lladorre;Total;2010;232
25123 Lladorre;Total;2009;227
25123 Lladorre;Total;2008;230
25123 Lladorre;Total;2007;225
25123 Lladorre;Total;2006;211
25123 Lladorre;Total;2005;224
25123 Lladorre;Total;2004;212
25123 Lladorre;Total;2003;215
25123 Lladorre;Total;2002;224
25123 Lladorre;Total;2001;230
25123 Lladorre;Total;2000;234
25123 Lladorre;Total;1999;220
25123 Lladorre;Total;1998;207
25123 Lladorre;Total;1997;""
25123 Lladorre;Total;1996;212
25123 Lladorre;Hombres;2025;133
25123 Lladorre;Hombres;2024;138
25123 Lladorre;Hombres;2023;131
25123 Lladorre;Hombres;2022;133
25123 Lladorre;Hombres;2021;124
25123 Lladorre;Hombres;2020;119
25123 Lladorre;Hombres;2019;116
25123 Lladorre;Hombres;2018;111
25123 Lladorre;Hombres;2017;108
25123 Lladorre;Hombres;2016;107
25123 Lladorre;Hombres;2015;111
25123 Lladorre;Hombres;2014;114
25123 Lladorre;Hombres;2013;116
25123 Lladorre;Hombres;2012;118
25123 Lladorre;Hombres;2011;118
25123 Lladorre;Hombres;2010;115
25123 Lladorre;Hombres;2009;111
25123 Lladorre;Hombres;2008;113
25123 Lladorre;Hombres;2007;111
25123 Lladorre;Hombres;2006;101
25123 Lladorre;Hombres;2005;114
25123 Lladorre;Hombres;2004;112
25123 Lladorre;Hombres;2003;111
25123 Lladorre;Hombres;2002;114
25123 Lladorre;Hombres;2001;118
25123 Lladorre;Hombres;2000;119
25123 Lladorre;Hombres;1999;112
25123 Lladorre;Hombres;1998;106
25123 Lladorre;Hombres;1997;""
25123 Lladorre;Hombres;1996;109
25123 Lladorre;Mujeres;2025;113
25123 Lladorre;Mujeres;2024;116
25123 Lladorre;Mujeres;2023;123
25123 Lladorre;Mujeres;2022;121
25123 Lladorre;Mujeres;2021;120
25123 Lladorre;Mujeres;2020;118
25123 Lladorre;Mujeres;2019;114
25123 Lladorre;Mujeres;2018;116
25123 Lladorre;Mujeres;2017;117
25123 Lladorre;Mujeres;2016;119
25123 Lladorre;Mujeres;2015;118
25123 Lladorre;Mujeres;2014;118
25123 Lladorre;Mujeres;2013;122
25123 Lladorre;Mujeres;2012;121
25123 Lladorre;Mujeres;2011;126
25123 Lladorre;Mujeres;2010;117
25123 Lladorre;Mujeres;2009;116
25123 Lladorre;Mujeres;2008;117
25123 Lladorre;Mujeres;2007;114
25123 Lladorre;Mujeres;2006;110
25123 Lladorre;Mujeres;2005;110
25123 Lladorre;Mujeres;2004;100
25123 Lladorre;Mujeres;2003;104
25123 Lladorre;Mujeres;2002;110
25123 Lladorre;Mujeres;2001;112
25123 Lladorre;Mujeres;2000;115
25123 Lladorre;Mujeres;1999;108
25123 Lladorre;Mujeres;1998;101
25123 Lladorre;Mujeres;1997;""
25123 Lladorre;Mujeres;1996;103
25124 Lladurs;Total;2025;186
25124 Lladurs;Total;2024;185
25124 Lladurs;Total;2023;185
25124 Lladurs;Total;2022;190
25124 Lladurs;Total;2021;187
25124 Lladurs;Total;2020;180
25124 Lladurs;Total;2019;176
25124 Lladurs;Total;2018;179
25124 Lladurs;Total;2017;183
25124 Lladurs;Total;2016;187
25124 Lladurs;Total;2015;193
25124 Lladurs;Total;2014;195
25124 Lladurs;Total;2013;187
25124 Lladurs;Total;2012;180
25124 Lladurs;Total;2011;197
25124 Lladurs;Total;2010;193
25124 Lladurs;Total;2009;201
25124 Lladurs;Total;2008;212
25124 Lladurs;Total;2007;200
25124 Lladurs;Total;2006;207
25124 Lladurs;Total;2005;215
25124 Lladurs;Total;2004;221
25124 Lladurs;Total;2003;220
25124 Lladurs;Total;2002;227
25124 Lladurs;Total;2001;238
25124 Lladurs;Total;2000;244
25124 Lladurs;Total;1999;249
25124 Lladurs;Total;1998;250
25124 Lladurs;Total;1997;""
25124 Lladurs;Total;1996;238
25124 Lladurs;Hombres;2025;99
25124 Lladurs;Hombres;2024;98
25124 Lladurs;Hombres;2023;100
25124 Lladurs;Hombres;2022;104
25124 Lladurs;Hombres;2021;98
25124 Lladurs;Hombres;2020;95
25124 Lladurs;Hombres;2019;91
25124 Lladurs;Hombres;2018;95
25124 Lladurs;Hombres;2017;95
25124 Lladurs;Hombres;2016;100
25124 Lladurs;Hombres;2015;103
25124 Lladurs;Hombres;2014;106
25124 Lladurs;Hombres;2013;103
25124 Lladurs;Hombres;2012;98
25124 Lladurs;Hombres;2011;110
25124 Lladurs;Hombres;2010;109
25124 Lladurs;Hombres;2009;114
25124 Lladurs;Hombres;2008;117
25124 Lladurs;Hombres;2007;109
25124 Lladurs;Hombres;2006;112
25124 Lladurs;Hombres;2005;112
25124 Lladurs;Hombres;2004;114
25124 Lladurs;Hombres;2003;115
25124 Lladurs;Hombres;2002;117
25124 Lladurs;Hombres;2001;124
25124 Lladurs;Hombres;2000;128
25124 Lladurs;Hombres;1999;131
25124 Lladurs;Hombres;1998;133
25124 Lladurs;Hombres;1997;""
25124 Lladurs;Hombres;1996;129
25124 Lladurs;Mujeres;2025;87
25124 Lladurs;Mujeres;2024;87
25124 Lladurs;Mujeres;2023;85
25124 Lladurs;Mujeres;2022;86
25124 Lladurs;Mujeres;2021;89
25124 Lladurs;Mujeres;2020;85
25124 Lladurs;Mujeres;2019;85
25124 Lladurs;Mujeres;2018;84
25124 Lladurs;Mujeres;2017;88
25124 Lladurs;Mujeres;2016;87
25124 Lladurs;Mujeres;2015;90
25124 Lladurs;Mujeres;2014;89
25124 Lladurs;Mujeres;2013;84
25124 Lladurs;Mujeres;2012;82
25124 Lladurs;Mujeres;2011;87
25124 Lladurs;Mujeres;2010;84
25124 Lladurs;Mujeres;2009;87
25124 Lladurs;Mujeres;2008;95
25124 Lladurs;Mujeres;2007;91
25124 Lladurs;Mujeres;2006;95
25124 Lladurs;Mujeres;2005;103
25124 Lladurs;Mujeres;2004;107
25124 Lladurs;Mujeres;2003;105
25124 Lladurs;Mujeres;2002;110
25124 Lladurs;Mujeres;2001;114
25124 Lladurs;Mujeres;2000;116
25124 Lladurs;Mujeres;1999;118
25124 Lladurs;Mujeres;1998;117
25124 Lladurs;Mujeres;1997;""
25124 Lladurs;Mujeres;1996;109
25125 Llardecans;Total;2025;444
25125 Llardecans;Total;2024;428
25125 Llardecans;Total;2023;419
25125 Llardecans;Total;2022;421
25125 Llardecans;Total;2021;429
25125 Llardecans;Total;2020;444
25125 Llardecans;Total;2019;451
25125 Llardecans;Total;2018;460
25125 Llardecans;Total;2017;470
25125 Llardecans;Total;2016;476
25125 Llardecans;Total;2015;491
25125 Llardecans;Total;2014;497
25125 Llardecans;Total;2013;497
25125 Llardecans;Total;2012;505
25125 Llardecans;Total;2011;515
25125 Llardecans;Total;2010;521
25125 Llardecans;Total;2009;533
25125 Llardecans;Total;2008;545
25125 Llardecans;Total;2007;554
25125 Llardecans;Total;2006;562
25125 Llardecans;Total;2005;570
25125 Llardecans;Total;2004;583
25125 Llardecans;Total;2003;595
25125 Llardecans;Total;2002;614
25125 Llardecans;Total;2001;620
25125 Llardecans;Total;2000;625
25125 Llardecans;Total;1999;627
25125 Llardecans;Total;1998;639
25125 Llardecans;Total;1997;""
25125 Llardecans;Total;1996;650
25125 Llardecans;Hombres;2025;237
25125 Llardecans;Hombres;2024;227
25125 Llardecans;Hombres;2023;226
25125 Llardecans;Hombres;2022;225
25125 Llardecans;Hombres;2021;229
25125 Llardecans;Hombres;2020;237
25125 Llardecans;Hombres;2019;236
25125 Llardecans;Hombres;2018;239
25125 Llardecans;Hombres;2017;246
25125 Llardecans;Hombres;2016;248
25125 Llardecans;Hombres;2015;253
25125 Llardecans;Hombres;2014;257
25125 Llardecans;Hombres;2013;255
25125 Llardecans;Hombres;2012;261
25125 Llardecans;Hombres;2011;265
25125 Llardecans;Hombres;2010;268
25125 Llardecans;Hombres;2009;277
25125 Llardecans;Hombres;2008;280
25125 Llardecans;Hombres;2007;288
25125 Llardecans;Hombres;2006;291
25125 Llardecans;Hombres;2005;295
25125 Llardecans;Hombres;2004;303
25125 Llardecans;Hombres;2003;311
25125 Llardecans;Hombres;2002;317
25125 Llardecans;Hombres;2001;318
25125 Llardecans;Hombres;2000;322
25125 Llardecans;Hombres;1999;324
25125 Llardecans;Hombres;1998;329
25125 Llardecans;Hombres;1997;""
25125 Llardecans;Hombres;1996;333
25125 Llardecans;Mujeres;2025;207
25125 Llardecans;Mujeres;2024;201
25125 Llardecans;Mujeres;2023;193
25125 Llardecans;Mujeres;2022;196
25125 Llardecans;Mujeres;2021;200
25125 Llardecans;Mujeres;2020;207
25125 Llardecans;Mujeres;2019;215
25125 Llardecans;Mujeres;2018;221
25125 Llardecans;Mujeres;2017;224
25125 Llardecans;Mujeres;2016;228
25125 Llardecans;Mujeres;2015;238
25125 Llardecans;Mujeres;2014;240
25125 Llardecans;Mujeres;2013;242
25125 Llardecans;Mujeres;2012;244
25125 Llardecans;Mujeres;2011;250
25125 Llardecans;Mujeres;2010;253
25125 Llardecans;Mujeres;2009;256
25125 Llardecans;Mujeres;2008;265
25125 Llardecans;Mujeres;2007;266
25125 Llardecans;Mujeres;2006;271
25125 Llardecans;Mujeres;2005;275
25125 Llardecans;Mujeres;2004;280
25125 Llardecans;Mujeres;2003;284
25125 Llardecans;Mujeres;2002;297
25125 Llardecans;Mujeres;2001;302
25125 Llardecans;Mujeres;2000;303
25125 Llardecans;Mujeres;1999;303
25125 Llardecans;Mujeres;1998;310
25125 Llardecans;Mujeres;1997;""
25125 Llardecans;Mujeres;1996;317
25126 Llavorsí;Total;2025;342
25126 Llavorsí;Total;2024;336
25126 Llavorsí;Total;2023;343
25126 Llavorsí;Total;2022;343
25126 Llavorsí;Total;2021;345
25126 Llavorsí;Total;2020;346
25126 Llavorsí;Total;2019;352
25126 Llavorsí;Total;2018;352
25126 Llavorsí;Total;2017;359
25126 Llavorsí;Total;2016;355
25126 Llavorsí;Total;2015;354
25126 Llavorsí;Total;2014;367
25126 Llavorsí;Total;2013;361
25126 Llavorsí;Total;2012;366
25126 Llavorsí;Total;2011;373
25126 Llavorsí;Total;2010;380
25126 Llavorsí;Total;2009;374
25126 Llavorsí;Total;2008;365
25126 Llavorsí;Total;2007;330
25126 Llavorsí;Total;2006;334
25126 Llavorsí;Total;2005;334
25126 Llavorsí;Total;2004;330
25126 Llavorsí;Total;2003;295
25126 Llavorsí;Total;2002;286
25126 Llavorsí;Total;2001;281
25126 Llavorsí;Total;2000;285
25126 Llavorsí;Total;1999;289
25126 Llavorsí;Total;1998;286
25126 Llavorsí;Total;1997;""
25126 Llavorsí;Total;1996;273
25126 Llavorsí;Hombres;2025;165
25126 Llavorsí;Hombres;2024;168
25126 Llavorsí;Hombres;2023;171
25126 Llavorsí;Hombres;2022;171
25126 Llavorsí;Hombres;2021;176
25126 Llavorsí;Hombres;2020;176
25126 Llavorsí;Hombres;2019;180
25126 Llavorsí;Hombres;2018;171
25126 Llavorsí;Hombres;2017;173
25126 Llavorsí;Hombres;2016;175
25126 Llavorsí;Hombres;2015;179
25126 Llavorsí;Hombres;2014;188
25126 Llavorsí;Hombres;2013;186
25126 Llavorsí;Hombres;2012;192
25126 Llavorsí;Hombres;2011;194
25126 Llavorsí;Hombres;2010;199
25126 Llavorsí;Hombres;2009;193
25126 Llavorsí;Hombres;2008;186
25126 Llavorsí;Hombres;2007;168
25126 Llavorsí;Hombres;2006;173
25126 Llavorsí;Hombres;2005;170
25126 Llavorsí;Hombres;2004;164
25126 Llavorsí;Hombres;2003;148
25126 Llavorsí;Hombres;2002;141
25126 Llavorsí;Hombres;2001;139
25126 Llavorsí;Hombres;2000;141
25126 Llavorsí;Hombres;1999;145
25126 Llavorsí;Hombres;1998;145
25126 Llavorsí;Hombres;1997;""
25126 Llavorsí;Hombres;1996;141
25126 Llavorsí;Mujeres;2025;177
25126 Llavorsí;Mujeres;2024;168
25126 Llavorsí;Mujeres;2023;172
25126 Llavorsí;Mujeres;2022;172
25126 Llavorsí;Mujeres;2021;169
25126 Llavorsí;Mujeres;2020;170
25126 Llavorsí;Mujeres;2019;172
25126 Llavorsí;Mujeres;2018;181
25126 Llavorsí;Mujeres;2017;186
25126 Llavorsí;Mujeres;2016;180
25126 Llavorsí;Mujeres;2015;175
25126 Llavorsí;Mujeres;2014;179
25126 Llavorsí;Mujeres;2013;175
25126 Llavorsí;Mujeres;2012;174
25126 Llavorsí;Mujeres;2011;179
25126 Llavorsí;Mujeres;2010;181
25126 Llavorsí;Mujeres;2009;181
25126 Llavorsí;Mujeres;2008;179
25126 Llavorsí;Mujeres;2007;162
25126 Llavorsí;Mujeres;2006;161
25126 Llavorsí;Mujeres;2005;164
25126 Llavorsí;Mujeres;2004;166
25126 Llavorsí;Mujeres;2003;147
25126 Llavorsí;Mujeres;2002;145
25126 Llavorsí;Mujeres;2001;142
25126 Llavorsí;Mujeres;2000;144
25126 Llavorsí;Mujeres;1999;144
25126 Llavorsí;Mujeres;1998;141
25126 Llavorsí;Mujeres;1997;""
25126 Llavorsí;Mujeres;1996;132
25120 Lleida;Total;2025;146.266
25120 Lleida;Total;2024;144.739
25120 Lleida;Total;2023;143.094
25120 Lleida;Total;2022;140.797
25120 Lleida;Total;2021;140.080
25120 Lleida;Total;2020;140.403
25120 Lleida;Total;2019;138.956
25120 Lleida;Total;2018;137.856
25120 Lleida;Total;2017;137.327
25120 Lleida;Total;2016;138.144
25120 Lleida;Total;2015;138.542
25120 Lleida;Total;2014;139.176
25120 Lleida;Total;2013;139.809
25120 Lleida;Total;2012;139.834
25120 Lleida;Total;2011;138.416
25120 Lleida;Total;2010;137.387
25120 Lleida;Total;2009;135.919
25120 Lleida;Total;2008;131.731
25120 Lleida;Total;2007;127.314
25120 Lleida;Total;2006;125.677
25120 Lleida;Total;2005;124.709
25120 Lleida;Total;2004;119.935
25120 Lleida;Total;2003;118.035
25120 Lleida;Total;2002;115.000
25120 Lleida;Total;2001;113.040
25120 Lleida;Total;2000;112.194
25120 Lleida;Total;1999;112.207
25120 Lleida;Total;1998;112.207
25120 Lleida;Total;1997;""
25120 Lleida;Total;1996;112.035
25120 Lleida;Hombres;2025;73.508
25120 Lleida;Hombres;2024;72.366
25120 Lleida;Hombres;2023;71.273
25120 Lleida;Hombres;2022;69.874
25120 Lleida;Hombres;2021;69.390
25120 Lleida;Hombres;2020;69.541
25120 Lleida;Hombres;2019;68.657
25120 Lleida;Hombres;2018;68.070
25120 Lleida;Hombres;2017;67.855
25120 Lleida;Hombres;2016;68.284
25120 Lleida;Hombres;2015;68.412
25120 Lleida;Hombres;2014;68.911
25120 Lleida;Hombres;2013;69.294
25120 Lleida;Hombres;2012;69.302
25120 Lleida;Hombres;2011;68.652
25120 Lleida;Hombres;2010;68.290
25120 Lleida;Hombres;2009;67.790
25120 Lleida;Hombres;2008;65.544
25120 Lleida;Hombres;2007;63.053
25120 Lleida;Hombres;2006;62.347
25120 Lleida;Hombres;2005;61.796
25120 Lleida;Hombres;2004;58.757
25120 Lleida;Hombres;2003;57.736
25120 Lleida;Hombres;2002;56.101
25120 Lleida;Hombres;2001;55.045
25120 Lleida;Hombres;2000;54.537
25120 Lleida;Hombres;1999;54.637
25120 Lleida;Hombres;1998;54.637
25120 Lleida;Hombres;1997;""
25120 Lleida;Hombres;1996;54.564
25120 Lleida;Mujeres;2025;72.758
25120 Lleida;Mujeres;2024;72.373
25120 Lleida;Mujeres;2023;71.821
25120 Lleida;Mujeres;2022;70.923
25120 Lleida;Mujeres;2021;70.690
25120 Lleida;Mujeres;2020;70.862
25120 Lleida;Mujeres;2019;70.299
25120 Lleida;Mujeres;2018;69.786
25120 Lleida;Mujeres;2017;69.472
25120 Lleida;Mujeres;2016;69.860
25120 Lleida;Mujeres;2015;70.130
25120 Lleida;Mujeres;2014;70.265
25120 Lleida;Mujeres;2013;70.515
25120 Lleida;Mujeres;2012;70.532
25120 Lleida;Mujeres;2011;69.764
25120 Lleida;Mujeres;2010;69.097
25120 Lleida;Mujeres;2009;68.129
25120 Lleida;Mujeres;2008;66.187
25120 Lleida;Mujeres;2007;64.261
25120 Lleida;Mujeres;2006;63.330
25120 Lleida;Mujeres;2005;62.913
25120 Lleida;Mujeres;2004;61.178
25120 Lleida;Mujeres;2003;60.299
25120 Lleida;Mujeres;2002;58.899
25120 Lleida;Mujeres;2001;57.995
25120 Lleida;Mujeres;2000;57.657
25120 Lleida;Mujeres;1999;57.570
25120 Lleida;Mujeres;1998;57.570
25120 Lleida;Mujeres;1997;""
25120 Lleida;Mujeres;1996;57.471
25 Lleida;Total;2025;456.106
25 Lleida;Total;2024;451.197
25 Lleida;Total;2023;446.793
25 Lleida;Total;2022;441.443
25 Lleida;Total;2021;439.727
25 Lleida;Total;2020;438.517
25 Lleida;Total;2019;434.930
25 Lleida;Total;2018;432.866
25 Lleida;Total;2017;432.384
25 Lleida;Total;2016;434.041
25 Lleida;Total;2015;436.029
25 Lleida;Total;2014;438.001
25 Lleida;Total;2013;440.915
25 Lleida;Total;2012;443.032
25 Lleida;Total;2011;442.308
25 Lleida;Total;2010;439.768
25 Lleida;Total;2009;436.402
25 Lleida;Total;2008;426.872
25 Lleida;Total;2007;414.015
25 Lleida;Total;2006;407.496
25 Lleida;Total;2005;399.439
25 Lleida;Total;2004;385.092
25 Lleida;Total;2003;377.639
25 Lleida;Total;2002;371.055
25 Lleida;Total;2001;365.023
25 Lleida;Total;2000;361.590
25 Lleida;Total;1999;359.361
25 Lleida;Total;1998;357.903
25 Lleida;Total;1997;""
25 Lleida;Total;1996;356.456
25 Lleida;Hombres;2025;234.268
25 Lleida;Hombres;2024;230.928
25 Lleida;Hombres;2023;228.115
25 Lleida;Hombres;2022;225.231
25 Lleida;Hombres;2021;224.156
25 Lleida;Hombres;2020;223.323
25 Lleida;Hombres;2019;220.878
25 Lleida;Hombres;2018;219.509
25 Lleida;Hombres;2017;219.059
25 Lleida;Hombres;2016;219.917
25 Lleida;Hombres;2015;220.719
25 Lleida;Hombres;2014;221.891
25 Lleida;Hombres;2013;223.779
25 Lleida;Hombres;2012;225.345
25 Lleida;Hombres;2011;225.388
25 Lleida;Hombres;2010;224.397
25 Lleida;Hombres;2009;223.095
25 Lleida;Hombres;2008;218.379
25 Lleida;Hombres;2007;211.268
25 Lleida;Hombres;2006;208.332
25 Lleida;Hombres;2005;203.618
25 Lleida;Hombres;2004;194.378
25 Lleida;Hombres;2003;189.998
25 Lleida;Hombres;2002;186.026
25 Lleida;Hombres;2001;182.362
25 Lleida;Hombres;2000;180.132
25 Lleida;Hombres;1999;179.089
25 Lleida;Hombres;1998;178.152
25 Lleida;Hombres;1997;""
25 Lleida;Hombres;1996;177.372
25 Lleida;Mujeres;2025;221.838
25 Lleida;Mujeres;2024;220.269
25 Lleida;Mujeres;2023;218.678
25 Lleida;Mujeres;2022;216.212
25 Lleida;Mujeres;2021;215.571
25 Lleida;Mujeres;2020;215.194
25 Lleida;Mujeres;2019;214.052
25 Lleida;Mujeres;2018;213.357
25 Lleida;Mujeres;2017;213.325
25 Lleida;Mujeres;2016;214.124
25 Lleida;Mujeres;2015;215.310
25 Lleida;Mujeres;2014;216.110
25 Lleida;Mujeres;2013;217.136
25 Lleida;Mujeres;2012;217.687
25 Lleida;Mujeres;2011;216.920
25 Lleida;Mujeres;2010;215.371
25 Lleida;Mujeres;2009;213.307
25 Lleida;Mujeres;2008;208.493
25 Lleida;Mujeres;2007;202.747
25 Lleida;Mujeres;2006;199.164
25 Lleida;Mujeres;2005;195.821
25 Lleida;Mujeres;2004;190.714
25 Lleida;Mujeres;2003;187.641
25 Lleida;Mujeres;2002;185.029
25 Lleida;Mujeres;2001;182.661
25 Lleida;Mujeres;2000;181.458
25 Lleida;Mujeres;1999;180.272
25 Lleida;Mujeres;1998;179.751
25 Lleida;Mujeres;1997;""
25 Lleida;Mujeres;1996;179.084
25127 Lles de Cerdanya;Total;2025;290
25127 Lles de Cerdanya;Total;2024;285
25127 Lles de Cerdanya;Total;2023;292
25127 Lles de Cerdanya;Total;2022;286
25127 Lles de Cerdanya;Total;2021;288
25127 Lles de Cerdanya;Total;2020;270
25127 Lles de Cerdanya;Total;2019;253
25127 Lles de Cerdanya;Total;2018;255
25127 Lles de Cerdanya;Total;2017;253
25127 Lles de Cerdanya;Total;2016;247
25127 Lles de Cerdanya;Total;2015;257
25127 Lles de Cerdanya;Total;2014;260
25127 Lles de Cerdanya;Total;2013;266
25127 Lles de Cerdanya;Total;2012;269
25127 Lles de Cerdanya;Total;2011;268
25127 Lles de Cerdanya;Total;2010;268
25127 Lles de Cerdanya;Total;2009;271
25127 Lles de Cerdanya;Total;2008;263
25127 Lles de Cerdanya;Total;2007;220
25127 Lles de Cerdanya;Total;2006;227
25127 Lles de Cerdanya;Total;2005;237
25127 Lles de Cerdanya;Total;2004;246
25127 Lles de Cerdanya;Total;2003;256
25127 Lles de Cerdanya;Total;2002;270
25127 Lles de Cerdanya;Total;2001;277
25127 Lles de Cerdanya;Total;2000;288
25127 Lles de Cerdanya;Total;1999;304
25127 Lles de Cerdanya;Total;1998;299
25127 Lles de Cerdanya;Total;1997;""
25127 Lles de Cerdanya;Total;1996;291
25127 Lles de Cerdanya;Hombres;2025;169
25127 Lles de Cerdanya;Hombres;2024;166
25127 Lles de Cerdanya;Hombres;2023;172
25127 Lles de Cerdanya;Hombres;2022;166
25127 Lles de Cerdanya;Hombres;2021;164
25127 Lles de Cerdanya;Hombres;2020;157
25127 Lles de Cerdanya;Hombres;2019;148
25127 Lles de Cerdanya;Hombres;2018;146
25127 Lles de Cerdanya;Hombres;2017;144
25127 Lles de Cerdanya;Hombres;2016;144
25127 Lles de Cerdanya;Hombres;2015;148
25127 Lles de Cerdanya;Hombres;2014;156
25127 Lles de Cerdanya;Hombres;2013;159
25127 Lles de Cerdanya;Hombres;2012;165
25127 Lles de Cerdanya;Hombres;2011;164
25127 Lles de Cerdanya;Hombres;2010;163
25127 Lles de Cerdanya;Hombres;2009;161
25127 Lles de Cerdanya;Hombres;2008;156
25127 Lles de Cerdanya;Hombres;2007;129
25127 Lles de Cerdanya;Hombres;2006;134
25127 Lles de Cerdanya;Hombres;2005;139
25127 Lles de Cerdanya;Hombres;2004;143
25127 Lles de Cerdanya;Hombres;2003;147
25127 Lles de Cerdanya;Hombres;2002;153
25127 Lles de Cerdanya;Hombres;2001;156
25127 Lles de Cerdanya;Hombres;2000;161
25127 Lles de Cerdanya;Hombres;1999;169
25127 Lles de Cerdanya;Hombres;1998;166
25127 Lles de Cerdanya;Hombres;1997;""
25127 Lles de Cerdanya;Hombres;1996;162
25127 Lles de Cerdanya;Mujeres;2025;121
25127 Lles de Cerdanya;Mujeres;2024;119
25127 Lles de Cerdanya;Mujeres;2023;120
25127 Lles de Cerdanya;Mujeres;2022;120
25127 Lles de Cerdanya;Mujeres;2021;124
25127 Lles de Cerdanya;Mujeres;2020;113
25127 Lles de Cerdanya;Mujeres;2019;105
25127 Lles de Cerdanya;Mujeres;2018;109
25127 Lles de Cerdanya;Mujeres;2017;109
25127 Lles de Cerdanya;Mujeres;2016;103
25127 Lles de Cerdanya;Mujeres;2015;109
25127 Lles de Cerdanya;Mujeres;2014;104
25127 Lles de Cerdanya;Mujeres;2013;107
25127 Lles de Cerdanya;Mujeres;2012;104
25127 Lles de Cerdanya;Mujeres;2011;104
25127 Lles de Cerdanya;Mujeres;2010;105
25127 Lles de Cerdanya;Mujeres;2009;110
25127 Lles de Cerdanya;Mujeres;2008;107
25127 Lles de Cerdanya;Mujeres;2007;91
25127 Lles de Cerdanya;Mujeres;2006;93
25127 Lles de Cerdanya;Mujeres;2005;98
25127 Lles de Cerdanya;Mujeres;2004;103
25127 Lles de Cerdanya;Mujeres;2003;109
25127 Lles de Cerdanya;Mujeres;2002;117
25127 Lles de Cerdanya;Mujeres;2001;121
25127 Lles de Cerdanya;Mujeres;2000;127
25127 Lles de Cerdanya;Mujeres;1999;135
25127 Lles de Cerdanya;Mujeres;1998;133
25127 Lles de Cerdanya;Mujeres;1997;""
25127 Lles de Cerdanya;Mujeres;1996;129
25128 Llimiana;Total;2025;130
25128 Llimiana;Total;2024;131
25128 Llimiana;Total;2023;133
25128 Llimiana;Total;2022;146
25128 Llimiana;Total;2021;155
25128 Llimiana;Total;2020;146
25128 Llimiana;Total;2019;145
25128 Llimiana;Total;2018;142
25128 Llimiana;Total;2017;142
25128 Llimiana;Total;2016;150
25128 Llimiana;Total;2015;158
25128 Llimiana;Total;2014;159
25128 Llimiana;Total;2013;162
25128 Llimiana;Total;2012;183
25128 Llimiana;Total;2011;183
25128 Llimiana;Total;2010;173
25128 Llimiana;Total;2009;168
25128 Llimiana;Total;2008;163
25128 Llimiana;Total;2007;164
25128 Llimiana;Total;2006;158
25128 Llimiana;Total;2005;168
25128 Llimiana;Total;2004;168
25128 Llimiana;Total;2003;158
25128 Llimiana;Total;2002;141
25128 Llimiana;Total;2001;142
25128 Llimiana;Total;2000;147
25128 Llimiana;Total;1999;132
25128 Llimiana;Total;1998;139
25128 Llimiana;Total;1997;""
25128 Llimiana;Total;1996;136
25128 Llimiana;Hombres;2025;75
25128 Llimiana;Hombres;2024;74
25128 Llimiana;Hombres;2023;75
25128 Llimiana;Hombres;2022;83
25128 Llimiana;Hombres;2021;90
25128 Llimiana;Hombres;2020;86
25128 Llimiana;Hombres;2019;88
25128 Llimiana;Hombres;2018;86
25128 Llimiana;Hombres;2017;83
25128 Llimiana;Hombres;2016;88
25128 Llimiana;Hombres;2015;91
25128 Llimiana;Hombres;2014;95
25128 Llimiana;Hombres;2013;94
25128 Llimiana;Hombres;2012;105
25128 Llimiana;Hombres;2011;106
25128 Llimiana;Hombres;2010;96
25128 Llimiana;Hombres;2009;95
25128 Llimiana;Hombres;2008;91
25128 Llimiana;Hombres;2007;89
25128 Llimiana;Hombres;2006;87
25128 Llimiana;Hombres;2005;92
25128 Llimiana;Hombres;2004;88
25128 Llimiana;Hombres;2003;84
25128 Llimiana;Hombres;2002;75
25128 Llimiana;Hombres;2001;77
25128 Llimiana;Hombres;2000;81
25128 Llimiana;Hombres;1999;72
25128 Llimiana;Hombres;1998;74
25128 Llimiana;Hombres;1997;""
25128 Llimiana;Hombres;1996;72
25128 Llimiana;Mujeres;2025;55
25128 Llimiana;Mujeres;2024;57
25128 Llimiana;Mujeres;2023;58
25128 Llimiana;Mujeres;2022;63
25128 Llimiana;Mujeres;2021;65
25128 Llimiana;Mujeres;2020;60
25128 Llimiana;Mujeres;2019;57
25128 Llimiana;Mujeres;2018;56
25128 Llimiana;Mujeres;2017;59
25128 Llimiana;Mujeres;2016;62
25128 Llimiana;Mujeres;2015;67
25128 Llimiana;Mujeres;2014;64
25128 Llimiana;Mujeres;2013;68
25128 Llimiana;Mujeres;2012;78
25128 Llimiana;Mujeres;2011;77
25128 Llimiana;Mujeres;2010;77
25128 Llimiana;Mujeres;2009;73
25128 Llimiana;Mujeres;2008;72
25128 Llimiana;Mujeres;2007;75
25128 Llimiana;Mujeres;2006;71
25128 Llimiana;Mujeres;2005;76
25128 Llimiana;Mujeres;2004;80
25128 Llimiana;Mujeres;2003;74
25128 Llimiana;Mujeres;2002;66
25128 Llimiana;Mujeres;2001;65
25128 Llimiana;Mujeres;2000;66
25128 Llimiana;Mujeres;1999;60
25128 Llimiana;Mujeres;1998;65
25128 Llimiana;Mujeres;1997;""
25128 Llimiana;Mujeres;1996;64
25129 Llobera;Total;2025;201
25129 Llobera;Total;2024;209
25129 Llobera;Total;2023;212
25129 Llobera;Total;2022;202
25129 Llobera;Total;2021;187
25129 Llobera;Total;2020;188
25129 Llobera;Total;2019;188
25129 Llobera;Total;2018;195
25129 Llobera;Total;2017;201
25129 Llobera;Total;2016;203
25129 Llobera;Total;2015;202
25129 Llobera;Total;2014;201
25129 Llobera;Total;2013;210
25129 Llobera;Total;2012;206
25129 Llobera;Total;2011;210
25129 Llobera;Total;2010;209
25129 Llobera;Total;2009;211
25129 Llobera;Total;2008;212
25129 Llobera;Total;2007;221
25129 Llobera;Total;2006;222
25129 Llobera;Total;2005;224
25129 Llobera;Total;2004;223
25129 Llobera;Total;2003;223
25129 Llobera;Total;2002;223
25129 Llobera;Total;2001;235
25129 Llobera;Total;2000;237
25129 Llobera;Total;1999;240
25129 Llobera;Total;1998;240
25129 Llobera;Total;1997;""
25129 Llobera;Total;1996;240
25129 Llobera;Hombres;2025;117
25129 Llobera;Hombres;2024;119
25129 Llobera;Hombres;2023;122
25129 Llobera;Hombres;2022;115
25129 Llobera;Hombres;2021;108
25129 Llobera;Hombres;2020;107
25129 Llobera;Hombres;2019;104
25129 Llobera;Hombres;2018;107
25129 Llobera;Hombres;2017;110
25129 Llobera;Hombres;2016;110
25129 Llobera;Hombres;2015;109
25129 Llobera;Hombres;2014;104
25129 Llobera;Hombres;2013;112
25129 Llobera;Hombres;2012;109
25129 Llobera;Hombres;2011;114
25129 Llobera;Hombres;2010;112
25129 Llobera;Hombres;2009;114
25129 Llobera;Hombres;2008;115
25129 Llobera;Hombres;2007;117
25129 Llobera;Hombres;2006;118
25129 Llobera;Hombres;2005;118
25129 Llobera;Hombres;2004;118
25129 Llobera;Hombres;2003;119
25129 Llobera;Hombres;2002;115
25129 Llobera;Hombres;2001;123
25129 Llobera;Hombres;2000;122
25129 Llobera;Hombres;1999;124
25129 Llobera;Hombres;1998;125
25129 Llobera;Hombres;1997;""
25129 Llobera;Hombres;1996;125
25129 Llobera;Mujeres;2025;84
25129 Llobera;Mujeres;2024;90
25129 Llobera;Mujeres;2023;90
25129 Llobera;Mujeres;2022;87
25129 Llobera;Mujeres;2021;79
25129 Llobera;Mujeres;2020;81
25129 Llobera;Mujeres;2019;84
25129 Llobera;Mujeres;2018;88
25129 Llobera;Mujeres;2017;91
25129 Llobera;Mujeres;2016;93
25129 Llobera;Mujeres;2015;93
25129 Llobera;Mujeres;2014;97
25129 Llobera;Mujeres;2013;98
25129 Llobera;Mujeres;2012;97
25129 Llobera;Mujeres;2011;96
25129 Llobera;Mujeres;2010;97
25129 Llobera;Mujeres;2009;97
25129 Llobera;Mujeres;2008;97
25129 Llobera;Mujeres;2007;104
25129 Llobera;Mujeres;2006;104
25129 Llobera;Mujeres;2005;106
25129 Llobera;Mujeres;2004;105
25129 Llobera;Mujeres;2003;104
25129 Llobera;Mujeres;2002;108
25129 Llobera;Mujeres;2001;112
25129 Llobera;Mujeres;2000;115
25129 Llobera;Mujeres;1999;116
25129 Llobera;Mujeres;1998;115
25129 Llobera;Mujeres;1997;""
25129 Llobera;Mujeres;1996;115
25133 Maials;Total;2025;951
25133 Maials;Total;2024;921
25133 Maials;Total;2023;908
25133 Maials;Total;2022;911
25133 Maials;Total;2021;926
25133 Maials;Total;2020;909
25133 Maials;Total;2019;920
25133 Maials;Total;2018;931
25133 Maials;Total;2017;945
25133 Maials;Total;2016;950
25133 Maials;Total;2015;941
25133 Maials;Total;2014;959
25133 Maials;Total;2013;958
25133 Maials;Total;2012;980
25133 Maials;Total;2011;969
25133 Maials;Total;2010;1.006
25133 Maials;Total;2009;987
25133 Maials;Total;2008;977
25133 Maials;Total;2007;966
25133 Maials;Total;2006;973
25133 Maials;Total;2005;961
25133 Maials;Total;2004;950
25133 Maials;Total;2003;947
25133 Maials;Total;2002;957
25133 Maials;Total;2001;978
25133 Maials;Total;2000;985
25133 Maials;Total;1999;1.004
25133 Maials;Total;1998;1.005
25133 Maials;Total;1997;""
25133 Maials;Total;1996;1.017
25133 Maials;Hombres;2025;526
25133 Maials;Hombres;2024;508
25133 Maials;Hombres;2023;504
25133 Maials;Hombres;2022;506
25133 Maials;Hombres;2021;510
25133 Maials;Hombres;2020;500
25133 Maials;Hombres;2019;517
25133 Maials;Hombres;2018;511
25133 Maials;Hombres;2017;521
25133 Maials;Hombres;2016;513
25133 Maials;Hombres;2015;500
25133 Maials;Hombres;2014;501
25133 Maials;Hombres;2013;498
25133 Maials;Hombres;2012;520
25133 Maials;Hombres;2011;509
25133 Maials;Hombres;2010;522
25133 Maials;Hombres;2009;511
25133 Maials;Hombres;2008;498
25133 Maials;Hombres;2007;492
25133 Maials;Hombres;2006;494
25133 Maials;Hombres;2005;480
25133 Maials;Hombres;2004;478
25133 Maials;Hombres;2003;481
25133 Maials;Hombres;2002;482
25133 Maials;Hombres;2001;489
25133 Maials;Hombres;2000;493
25133 Maials;Hombres;1999;500
25133 Maials;Hombres;1998;500
25133 Maials;Hombres;1997;""
25133 Maials;Hombres;1996;517
25133 Maials;Mujeres;2025;425
25133 Maials;Mujeres;2024;413
25133 Maials;Mujeres;2023;404
25133 Maials;Mujeres;2022;405
25133 Maials;Mujeres;2021;416
25133 Maials;Mujeres;2020;409
25133 Maials;Mujeres;2019;403
25133 Maials;Mujeres;2018;420
25133 Maials;Mujeres;2017;424
25133 Maials;Mujeres;2016;437
25133 Maials;Mujeres;2015;441
25133 Maials;Mujeres;2014;458
25133 Maials;Mujeres;2013;460
25133 Maials;Mujeres;2012;460
25133 Maials;Mujeres;2011;460
25133 Maials;Mujeres;2010;484
25133 Maials;Mujeres;2009;476
25133 Maials;Mujeres;2008;479
25133 Maials;Mujeres;2007;474
25133 Maials;Mujeres;2006;479
25133 Maials;Mujeres;2005;481
25133 Maials;Mujeres;2004;472
25133 Maials;Mujeres;2003;466
25133 Maials;Mujeres;2002;475
25133 Maials;Mujeres;2001;489
25133 Maials;Mujeres;2000;492
25133 Maials;Mujeres;1999;504
25133 Maials;Mujeres;1998;505
25133 Maials;Mujeres;1997;""
25133 Maials;Mujeres;1996;500
25130 Maldà;Total;2025;239
25130 Maldà;Total;2024;236
25130 Maldà;Total;2023;240
25130 Maldà;Total;2022;234
25130 Maldà;Total;2021;237
25130 Maldà;Total;2020;227
25130 Maldà;Total;2019;220
25130 Maldà;Total;2018;225
25130 Maldà;Total;2017;227
25130 Maldà;Total;2016;230
25130 Maldà;Total;2015;228
25130 Maldà;Total;2014;227
25130 Maldà;Total;2013;233
25130 Maldà;Total;2012;239
25130 Maldà;Total;2011;250
25130 Maldà;Total;2010;258
25130 Maldà;Total;2009;261
25130 Maldà;Total;2008;273
25130 Maldà;Total;2007;277
25130 Maldà;Total;2006;285
25130 Maldà;Total;2005;293
25130 Maldà;Total;2004;283
25130 Maldà;Total;2003;266
25130 Maldà;Total;2002;273
25130 Maldà;Total;2001;276
25130 Maldà;Total;2000;292
25130 Maldà;Total;1999;286
25130 Maldà;Total;1998;289
25130 Maldà;Total;1997;""
25130 Maldà;Total;1996;300
25130 Maldà;Hombres;2025;117
25130 Maldà;Hombres;2024;118
25130 Maldà;Hombres;2023;120
25130 Maldà;Hombres;2022;117
25130 Maldà;Hombres;2021;120
25130 Maldà;Hombres;2020;109
25130 Maldà;Hombres;2019;109
25130 Maldà;Hombres;2018;115
25130 Maldà;Hombres;2017;114
25130 Maldà;Hombres;2016;116
25130 Maldà;Hombres;2015;117
25130 Maldà;Hombres;2014;117
25130 Maldà;Hombres;2013;119
25130 Maldà;Hombres;2012;123
25130 Maldà;Hombres;2011;127
25130 Maldà;Hombres;2010;136
25130 Maldà;Hombres;2009;141
25130 Maldà;Hombres;2008;146
25130 Maldà;Hombres;2007;151
25130 Maldà;Hombres;2006;152
25130 Maldà;Hombres;2005;156
25130 Maldà;Hombres;2004;151
25130 Maldà;Hombres;2003;134
25130 Maldà;Hombres;2002;141
25130 Maldà;Hombres;2001;145
25130 Maldà;Hombres;2000;153
25130 Maldà;Hombres;1999;147
25130 Maldà;Hombres;1998;148
25130 Maldà;Hombres;1997;""
25130 Maldà;Hombres;1996;152
25130 Maldà;Mujeres;2025;122
25130 Maldà;Mujeres;2024;118
25130 Maldà;Mujeres;2023;120
25130 Maldà;Mujeres;2022;117
25130 Maldà;Mujeres;2021;117
25130 Maldà;Mujeres;2020;118
25130 Maldà;Mujeres;2019;111
25130 Maldà;Mujeres;2018;110
25130 Maldà;Mujeres;2017;113
25130 Maldà;Mujeres;2016;114
25130 Maldà;Mujeres;2015;111
25130 Maldà;Mujeres;2014;110
25130 Maldà;Mujeres;2013;114
25130 Maldà;Mujeres;2012;116
25130 Maldà;Mujeres;2011;123
25130 Maldà;Mujeres;2010;122
25130 Maldà;Mujeres;2009;120
25130 Maldà;Mujeres;2008;127
25130 Maldà;Mujeres;2007;126
25130 Maldà;Mujeres;2006;133
25130 Maldà;Mujeres;2005;137
25130 Maldà;Mujeres;2004;132
25130 Maldà;Mujeres;2003;132
25130 Maldà;Mujeres;2002;132
25130 Maldà;Mujeres;2001;131
25130 Maldà;Mujeres;2000;139
25130 Maldà;Mujeres;1999;139
25130 Maldà;Mujeres;1998;141
25130 Maldà;Mujeres;1997;""
25130 Maldà;Mujeres;1996;148
25131 Massalcoreig;Total;2025;592
25131 Massalcoreig;Total;2024;584
25131 Massalcoreig;Total;2023;563
25131 Massalcoreig;Total;2022;589
25131 Massalcoreig;Total;2021;599
25131 Massalcoreig;Total;2020;610
25131 Massalcoreig;Total;2019;598
25131 Massalcoreig;Total;2018;585
25131 Massalcoreig;Total;2017;588
25131 Massalcoreig;Total;2016;571
25131 Massalcoreig;Total;2015;564
25131 Massalcoreig;Total;2014;560
25131 Massalcoreig;Total;2013;565
25131 Massalcoreig;Total;2012;575
25131 Massalcoreig;Total;2011;581
25131 Massalcoreig;Total;2010;590
25131 Massalcoreig;Total;2009;593
25131 Massalcoreig;Total;2008;614
25131 Massalcoreig;Total;2007;625
25131 Massalcoreig;Total;2006;635
25131 Massalcoreig;Total;2005;625
25131 Massalcoreig;Total;2004;610
25131 Massalcoreig;Total;2003;607
25131 Massalcoreig;Total;2002;619
25131 Massalcoreig;Total;2001;624
25131 Massalcoreig;Total;2000;638
25131 Massalcoreig;Total;1999;646
25131 Massalcoreig;Total;1998;649
25131 Massalcoreig;Total;1997;""
25131 Massalcoreig;Total;1996;658
25131 Massalcoreig;Hombres;2025;328
25131 Massalcoreig;Hombres;2024;328
25131 Massalcoreig;Hombres;2023;314
25131 Massalcoreig;Hombres;2022;332
25131 Massalcoreig;Hombres;2021;344
25131 Massalcoreig;Hombres;2020;354
25131 Massalcoreig;Hombres;2019;338
25131 Massalcoreig;Hombres;2018;334
25131 Massalcoreig;Hombres;2017;335
25131 Massalcoreig;Hombres;2016;313
25131 Massalcoreig;Hombres;2015;301
25131 Massalcoreig;Hombres;2014;292
25131 Massalcoreig;Hombres;2013;299
25131 Massalcoreig;Hombres;2012;305
25131 Massalcoreig;Hombres;2011;308
25131 Massalcoreig;Hombres;2010;304
25131 Massalcoreig;Hombres;2009;312
25131 Massalcoreig;Hombres;2008;327
25131 Massalcoreig;Hombres;2007;332
25131 Massalcoreig;Hombres;2006;346
25131 Massalcoreig;Hombres;2005;337
25131 Massalcoreig;Hombres;2004;307
25131 Massalcoreig;Hombres;2003;301
25131 Massalcoreig;Hombres;2002;305
25131 Massalcoreig;Hombres;2001;303
25131 Massalcoreig;Hombres;2000;305
25131 Massalcoreig;Hombres;1999;314
25131 Massalcoreig;Hombres;1998;312
25131 Massalcoreig;Hombres;1997;""
25131 Massalcoreig;Hombres;1996;319
25131 Massalcoreig;Mujeres;2025;264
25131 Massalcoreig;Mujeres;2024;256
25131 Massalcoreig;Mujeres;2023;249
25131 Massalcoreig;Mujeres;2022;257
25131 Massalcoreig;Mujeres;2021;255
25131 Massalcoreig;Mujeres;2020;256
25131 Massalcoreig;Mujeres;2019;260
25131 Massalcoreig;Mujeres;2018;251
25131 Massalcoreig;Mujeres;2017;253
25131 Massalcoreig;Mujeres;2016;258
25131 Massalcoreig;Mujeres;2015;263
25131 Massalcoreig;Mujeres;2014;268
25131 Massalcoreig;Mujeres;2013;266
25131 Massalcoreig;Mujeres;2012;270
25131 Massalcoreig;Mujeres;2011;273
25131 Massalcoreig;Mujeres;2010;286
25131 Massalcoreig;Mujeres;2009;281
25131 Massalcoreig;Mujeres;2008;287
25131 Massalcoreig;Mujeres;2007;293
25131 Massalcoreig;Mujeres;2006;289
25131 Massalcoreig;Mujeres;2005;288
25131 Massalcoreig;Mujeres;2004;303
25131 Massalcoreig;Mujeres;2003;306
25131 Massalcoreig;Mujeres;2002;314
25131 Massalcoreig;Mujeres;2001;321
25131 Massalcoreig;Mujeres;2000;333
25131 Massalcoreig;Mujeres;1999;332
25131 Massalcoreig;Mujeres;1998;337
25131 Massalcoreig;Mujeres;1997;""
25131 Massalcoreig;Mujeres;1996;339
25132 Massoteres;Total;2025;227
25132 Massoteres;Total;2024;216
25132 Massoteres;Total;2023;215
25132 Massoteres;Total;2022;220
25132 Massoteres;Total;2021;223
25132 Massoteres;Total;2020;212
25132 Massoteres;Total;2019;218
25132 Massoteres;Total;2018;232
25132 Massoteres;Total;2017;214
25132 Massoteres;Total;2016;203
25132 Massoteres;Total;2015;189
25132 Massoteres;Total;2014;196
25132 Massoteres;Total;2013;204
25132 Massoteres;Total;2012;207
25132 Massoteres;Total;2011;205
25132 Massoteres;Total;2010;212
25132 Massoteres;Total;2009;209
25132 Massoteres;Total;2008;224
25132 Massoteres;Total;2007;221
25132 Massoteres;Total;2006;225
25132 Massoteres;Total;2005;205
25132 Massoteres;Total;2004;200
25132 Massoteres;Total;2003;206
25132 Massoteres;Total;2002;195
25132 Massoteres;Total;2001;182
25132 Massoteres;Total;2000;183
25132 Massoteres;Total;1999;173
25132 Massoteres;Total;1998;184
25132 Massoteres;Total;1997;""
25132 Massoteres;Total;1996;169
25132 Massoteres;Hombres;2025;118
25132 Massoteres;Hombres;2024;111
25132 Massoteres;Hombres;2023;111
25132 Massoteres;Hombres;2022;122
25132 Massoteres;Hombres;2021;124
25132 Massoteres;Hombres;2020;117
25132 Massoteres;Hombres;2019;119
25132 Massoteres;Hombres;2018;122
25132 Massoteres;Hombres;2017;116
25132 Massoteres;Hombres;2016;110
25132 Massoteres;Hombres;2015;105
25132 Massoteres;Hombres;2014;108
25132 Massoteres;Hombres;2013;113
25132 Massoteres;Hombres;2012;111
25132 Massoteres;Hombres;2011;106
25132 Massoteres;Hombres;2010;114
25132 Massoteres;Hombres;2009;117
25132 Massoteres;Hombres;2008;121
25132 Massoteres;Hombres;2007;122
25132 Massoteres;Hombres;2006;123
25132 Massoteres;Hombres;2005;113
25132 Massoteres;Hombres;2004;106
25132 Massoteres;Hombres;2003;107
25132 Massoteres;Hombres;2002;103
25132 Massoteres;Hombres;2001;94
25132 Massoteres;Hombres;2000;95
25132 Massoteres;Hombres;1999;90
25132 Massoteres;Hombres;1998;96
25132 Massoteres;Hombres;1997;""
25132 Massoteres;Hombres;1996;85
25132 Massoteres;Mujeres;2025;109
25132 Massoteres;Mujeres;2024;105
25132 Massoteres;Mujeres;2023;104
25132 Massoteres;Mujeres;2022;98
25132 Massoteres;Mujeres;2021;99
25132 Massoteres;Mujeres;2020;95
25132 Massoteres;Mujeres;2019;99
25132 Massoteres;Mujeres;2018;110
25132 Massoteres;Mujeres;2017;98
25132 Massoteres;Mujeres;2016;93
25132 Massoteres;Mujeres;2015;84
25132 Massoteres;Mujeres;2014;88
25132 Massoteres;Mujeres;2013;91
25132 Massoteres;Mujeres;2012;96
25132 Massoteres;Mujeres;2011;99
25132 Massoteres;Mujeres;2010;98
25132 Massoteres;Mujeres;2009;92
25132 Massoteres;Mujeres;2008;103
25132 Massoteres;Mujeres;2007;99
25132 Massoteres;Mujeres;2006;102
25132 Massoteres;Mujeres;2005;92
25132 Massoteres;Mujeres;2004;94
25132 Massoteres;Mujeres;2003;99
25132 Massoteres;Mujeres;2002;92
25132 Massoteres;Mujeres;2001;88
25132 Massoteres;Mujeres;2000;88
25132 Massoteres;Mujeres;1999;83
25132 Massoteres;Mujeres;1998;88
25132 Massoteres;Mujeres;1997;""
25132 Massoteres;Mujeres;1996;84
25134 Menàrguens;Total;2025;798
25134 Menàrguens;Total;2024;789
25134 Menàrguens;Total;2023;774
25134 Menàrguens;Total;2022;774
25134 Menàrguens;Total;2021;789
25134 Menàrguens;Total;2020;813
25134 Menàrguens;Total;2019;806
25134 Menàrguens;Total;2018;801
25134 Menàrguens;Total;2017;819
25134 Menàrguens;Total;2016;847
25134 Menàrguens;Total;2015;849
25134 Menàrguens;Total;2014;887
25134 Menàrguens;Total;2013;885
25134 Menàrguens;Total;2012;882
25134 Menàrguens;Total;2011;903
25134 Menàrguens;Total;2010;867
25134 Menàrguens;Total;2009;854
25134 Menàrguens;Total;2008;843
25134 Menàrguens;Total;2007;835
25134 Menàrguens;Total;2006;863
25134 Menàrguens;Total;2005;845
25134 Menàrguens;Total;2004;834
25134 Menàrguens;Total;2003;830
25134 Menàrguens;Total;2002;830
25134 Menàrguens;Total;2001;815
25134 Menàrguens;Total;2000;806
25134 Menàrguens;Total;1999;821
25134 Menàrguens;Total;1998;817
25134 Menàrguens;Total;1997;""
25134 Menàrguens;Total;1996;836
25134 Menàrguens;Hombres;2025;423
25134 Menàrguens;Hombres;2024;411
25134 Menàrguens;Hombres;2023;407
25134 Menàrguens;Hombres;2022;414
25134 Menàrguens;Hombres;2021;428
25134 Menàrguens;Hombres;2020;445
25134 Menàrguens;Hombres;2019;440
25134 Menàrguens;Hombres;2018;450
25134 Menàrguens;Hombres;2017;458
25134 Menàrguens;Hombres;2016;473
25134 Menàrguens;Hombres;2015;471
25134 Menàrguens;Hombres;2014;489
25134 Menàrguens;Hombres;2013;481
25134 Menàrguens;Hombres;2012;482
25134 Menàrguens;Hombres;2011;488
25134 Menàrguens;Hombres;2010;467
25134 Menàrguens;Hombres;2009;448
25134 Menàrguens;Hombres;2008;436
25134 Menàrguens;Hombres;2007;433
25134 Menàrguens;Hombres;2006;450
25134 Menàrguens;Hombres;2005;438
25134 Menàrguens;Hombres;2004;435
25134 Menàrguens;Hombres;2003;422
25134 Menàrguens;Hombres;2002;425
25134 Menàrguens;Hombres;2001;416
25134 Menàrguens;Hombres;2000;412
25134 Menàrguens;Hombres;1999;422
25134 Menàrguens;Hombres;1998;416
25134 Menàrguens;Hombres;1997;""
25134 Menàrguens;Hombres;1996;423
25134 Menàrguens;Mujeres;2025;375
25134 Menàrguens;Mujeres;2024;378
25134 Menàrguens;Mujeres;2023;367
25134 Menàrguens;Mujeres;2022;360
25134 Menàrguens;Mujeres;2021;361
25134 Menàrguens;Mujeres;2020;368
25134 Menàrguens;Mujeres;2019;366
25134 Menàrguens;Mujeres;2018;351
25134 Menàrguens;Mujeres;2017;361
25134 Menàrguens;Mujeres;2016;374
25134 Menàrguens;Mujeres;2015;378
25134 Menàrguens;Mujeres;2014;398
25134 Menàrguens;Mujeres;2013;404
25134 Menàrguens;Mujeres;2012;400
25134 Menàrguens;Mujeres;2011;415
25134 Menàrguens;Mujeres;2010;400
25134 Menàrguens;Mujeres;2009;406
25134 Menàrguens;Mujeres;2008;407
25134 Menàrguens;Mujeres;2007;402
25134 Menàrguens;Mujeres;2006;413
25134 Menàrguens;Mujeres;2005;407
25134 Menàrguens;Mujeres;2004;399
25134 Menàrguens;Mujeres;2003;408
25134 Menàrguens;Mujeres;2002;405
25134 Menàrguens;Mujeres;2001;399
25134 Menàrguens;Mujeres;2000;394
25134 Menàrguens;Mujeres;1999;399
25134 Menàrguens;Mujeres;1998;401
25134 Menàrguens;Mujeres;1997;""
25134 Menàrguens;Mujeres;1996;413
25135 Miralcamp;Total;2025;1.369
25135 Miralcamp;Total;2024;1.390
25135 Miralcamp;Total;2023;1.366
25135 Miralcamp;Total;2022;1.364
25135 Miralcamp;Total;2021;1.366
25135 Miralcamp;Total;2020;1.385
25135 Miralcamp;Total;2019;1.351
25135 Miralcamp;Total;2018;1.347
25135 Miralcamp;Total;2017;1.358
25135 Miralcamp;Total;2016;1.369
25135 Miralcamp;Total;2015;1.390
25135 Miralcamp;Total;2014;1.384
25135 Miralcamp;Total;2013;1.408
25135 Miralcamp;Total;2012;1.432
25135 Miralcamp;Total;2011;1.429
25135 Miralcamp;Total;2010;1.424
25135 Miralcamp;Total;2009;1.440
25135 Miralcamp;Total;2008;1.405
25135 Miralcamp;Total;2007;1.368
25135 Miralcamp;Total;2006;1.310
25135 Miralcamp;Total;2005;1.275
25135 Miralcamp;Total;2004;1.280
25135 Miralcamp;Total;2003;1.248
25135 Miralcamp;Total;2002;1.228
25135 Miralcamp;Total;2001;1.230
25135 Miralcamp;Total;2000;1.250
25135 Miralcamp;Total;1999;1.251
25135 Miralcamp;Total;1998;1.239
25135 Miralcamp;Total;1997;""
25135 Miralcamp;Total;1996;1.254
25135 Miralcamp;Hombres;2025;704
25135 Miralcamp;Hombres;2024;721
25135 Miralcamp;Hombres;2023;703
25135 Miralcamp;Hombres;2022;703
25135 Miralcamp;Hombres;2021;713
25135 Miralcamp;Hombres;2020;717
25135 Miralcamp;Hombres;2019;677
25135 Miralcamp;Hombres;2018;676
25135 Miralcamp;Hombres;2017;684
25135 Miralcamp;Hombres;2016;686
25135 Miralcamp;Hombres;2015;695
25135 Miralcamp;Hombres;2014;697
25135 Miralcamp;Hombres;2013;711
25135 Miralcamp;Hombres;2012;735
25135 Miralcamp;Hombres;2011;727
25135 Miralcamp;Hombres;2010;719
25135 Miralcamp;Hombres;2009;721
25135 Miralcamp;Hombres;2008;697
25135 Miralcamp;Hombres;2007;676
25135 Miralcamp;Hombres;2006;659
25135 Miralcamp;Hombres;2005;635
25135 Miralcamp;Hombres;2004;641
25135 Miralcamp;Hombres;2003;617
25135 Miralcamp;Hombres;2002;599
25135 Miralcamp;Hombres;2001;593
25135 Miralcamp;Hombres;2000;598
25135 Miralcamp;Hombres;1999;600
25135 Miralcamp;Hombres;1998;592
25135 Miralcamp;Hombres;1997;""
25135 Miralcamp;Hombres;1996;601
25135 Miralcamp;Mujeres;2025;665
25135 Miralcamp;Mujeres;2024;669
25135 Miralcamp;Mujeres;2023;663
25135 Miralcamp;Mujeres;2022;661
25135 Miralcamp;Mujeres;2021;653
25135 Miralcamp;Mujeres;2020;668
25135 Miralcamp;Mujeres;2019;674
25135 Miralcamp;Mujeres;2018;671
25135 Miralcamp;Mujeres;2017;674
25135 Miralcamp;Mujeres;2016;683
25135 Miralcamp;Mujeres;2015;695
25135 Miralcamp;Mujeres;2014;687
25135 Miralcamp;Mujeres;2013;697
25135 Miralcamp;Mujeres;2012;697
25135 Miralcamp;Mujeres;2011;702
25135 Miralcamp;Mujeres;2010;705
25135 Miralcamp;Mujeres;2009;719
25135 Miralcamp;Mujeres;2008;708
25135 Miralcamp;Mujeres;2007;692
25135 Miralcamp;Mujeres;2006;651
25135 Miralcamp;Mujeres;2005;640
25135 Miralcamp;Mujeres;2004;639
25135 Miralcamp;Mujeres;2003;631
25135 Miralcamp;Mujeres;2002;629
25135 Miralcamp;Mujeres;2001;637
25135 Miralcamp;Mujeres;2000;652
25135 Miralcamp;Mujeres;1999;651
25135 Miralcamp;Mujeres;1998;647
25135 Miralcamp;Mujeres;1997;""
25135 Miralcamp;Mujeres;1996;653
25137 Mollerussa;Total;2025;15.763
25137 Mollerussa;Total;2024;15.544
25137 Mollerussa;Total;2023;15.037
25137 Mollerussa;Total;2022;14.730
25137 Mollerussa;Total;2021;14.545
25137 Mollerussa;Total;2020;14.649
25137 Mollerussa;Total;2019;14.683
25137 Mollerussa;Total;2018;14.740
25137 Mollerussa;Total;2017;14.574
25137 Mollerussa;Total;2016;14.585
25137 Mollerussa;Total;2015;14.900
25137 Mollerussa;Total;2014;14.963
25137 Mollerussa;Total;2013;14.959
25137 Mollerussa;Total;2012;14.729
25137 Mollerussa;Total;2011;14.705
25137 Mollerussa;Total;2010;14.733
25137 Mollerussa;Total;2009;14.319
25137 Mollerussa;Total;2008;13.675
25137 Mollerussa;Total;2007;13.086
25137 Mollerussa;Total;2006;12.569
25137 Mollerussa;Total;2005;11.829
25137 Mollerussa;Total;2004;11.087
25137 Mollerussa;Total;2003;10.625
25137 Mollerussa;Total;2002;10.184
25137 Mollerussa;Total;2001;9.864
25137 Mollerussa;Total;2000;9.581
25137 Mollerussa;Total;1999;9.481
25137 Mollerussa;Total;1998;9.477
25137 Mollerussa;Total;1997;""
25137 Mollerussa;Total;1996;9.400
25137 Mollerussa;Hombres;2025;8.209
25137 Mollerussa;Hombres;2024;8.048
25137 Mollerussa;Hombres;2023;7.747
25137 Mollerussa;Hombres;2022;7.592
25137 Mollerussa;Hombres;2021;7.462
25137 Mollerussa;Hombres;2020;7.524
25137 Mollerussa;Hombres;2019;7.543
25137 Mollerussa;Hombres;2018;7.543
25137 Mollerussa;Hombres;2017;7.437
25137 Mollerussa;Hombres;2016;7.465
25137 Mollerussa;Hombres;2015;7.612
25137 Mollerussa;Hombres;2014;7.629
25137 Mollerussa;Hombres;2013;7.632
25137 Mollerussa;Hombres;2012;7.533
25137 Mollerussa;Hombres;2011;7.598
25137 Mollerussa;Hombres;2010;7.645
25137 Mollerussa;Hombres;2009;7.453
25137 Mollerussa;Hombres;2008;7.157
25137 Mollerussa;Hombres;2007;6.786
25137 Mollerussa;Hombres;2006;6.555
25137 Mollerussa;Hombres;2005;6.130
25137 Mollerussa;Hombres;2004;5.655
25137 Mollerussa;Hombres;2003;5.388
25137 Mollerussa;Hombres;2002;5.095
25137 Mollerussa;Hombres;2001;4.887
25137 Mollerussa;Hombres;2000;4.749
25137 Mollerussa;Hombres;1999;4.706
25137 Mollerussa;Hombres;1998;4.703
25137 Mollerussa;Hombres;1997;""
25137 Mollerussa;Hombres;1996;4.676
25137 Mollerussa;Mujeres;2025;7.554
25137 Mollerussa;Mujeres;2024;7.496
25137 Mollerussa;Mujeres;2023;7.290
25137 Mollerussa;Mujeres;2022;7.138
25137 Mollerussa;Mujeres;2021;7.083
25137 Mollerussa;Mujeres;2020;7.125
25137 Mollerussa;Mujeres;2019;7.140
25137 Mollerussa;Mujeres;2018;7.197
25137 Mollerussa;Mujeres;2017;7.137
25137 Mollerussa;Mujeres;2016;7.120
25137 Mollerussa;Mujeres;2015;7.288
25137 Mollerussa;Mujeres;2014;7.334
25137 Mollerussa;Mujeres;2013;7.327
25137 Mollerussa;Mujeres;2012;7.196
25137 Mollerussa;Mujeres;2011;7.107
25137 Mollerussa;Mujeres;2010;7.088
25137 Mollerussa;Mujeres;2009;6.866
25137 Mollerussa;Mujeres;2008;6.518
25137 Mollerussa;Mujeres;2007;6.300
25137 Mollerussa;Mujeres;2006;6.014
25137 Mollerussa;Mujeres;2005;5.699
25137 Mollerussa;Mujeres;2004;5.432
25137 Mollerussa;Mujeres;2003;5.237
25137 Mollerussa;Mujeres;2002;5.089
25137 Mollerussa;Mujeres;2001;4.977
25137 Mollerussa;Mujeres;2000;4.832
25137 Mollerussa;Mujeres;1999;4.775
25137 Mollerussa;Mujeres;1998;4.774
25137 Mollerussa;Mujeres;1997;""
25137 Mollerussa;Mujeres;1996;4.724
25136 Molsosa, La;Total;2025;100
25136 Molsosa, La;Total;2024;103
25136 Molsosa, La;Total;2023;102
25136 Molsosa, La;Total;2022;99
25136 Molsosa, La;Total;2021;102
25136 Molsosa, La;Total;2020;104
25136 Molsosa, La;Total;2019;107
25136 Molsosa, La;Total;2018;109
25136 Molsosa, La;Total;2017;109
25136 Molsosa, La;Total;2016;111
25136 Molsosa, La;Total;2015;113
25136 Molsosa, La;Total;2014;116
25136 Molsosa, La;Total;2013;104
25136 Molsosa, La;Total;2012;115
25136 Molsosa, La;Total;2011;116
25136 Molsosa, La;Total;2010;117
25136 Molsosa, La;Total;2009;119
25136 Molsosa, La;Total;2008;126
25136 Molsosa, La;Total;2007;128
25136 Molsosa, La;Total;2006;127
25136 Molsosa, La;Total;2005;130
25136 Molsosa, La;Total;2004;130
25136 Molsosa, La;Total;2003;119
25136 Molsosa, La;Total;2002;125
25136 Molsosa, La;Total;2001;129
25136 Molsosa, La;Total;2000;133
25136 Molsosa, La;Total;1999;134
25136 Molsosa, La;Total;1998;135
25136 Molsosa, La;Total;1997;""
25136 Molsosa, La;Total;1996;136
25136 Molsosa, La;Hombres;2025;49
25136 Molsosa, La;Hombres;2024;49
25136 Molsosa, La;Hombres;2023;48
25136 Molsosa, La;Hombres;2022;49
25136 Molsosa, La;Hombres;2021;51
25136 Molsosa, La;Hombres;2020;51
25136 Molsosa, La;Hombres;2019;53
25136 Molsosa, La;Hombres;2018;54
25136 Molsosa, La;Hombres;2017;53
25136 Molsosa, La;Hombres;2016;54
25136 Molsosa, La;Hombres;2015;56
25136 Molsosa, La;Hombres;2014;58
25136 Molsosa, La;Hombres;2013;52
25136 Molsosa, La;Hombres;2012;56
25136 Molsosa, La;Hombres;2011;59
25136 Molsosa, La;Hombres;2010;60
25136 Molsosa, La;Hombres;2009;61
25136 Molsosa, La;Hombres;2008;63
25136 Molsosa, La;Hombres;2007;64
25136 Molsosa, La;Hombres;2006;60
25136 Molsosa, La;Hombres;2005;63
25136 Molsosa, La;Hombres;2004;63
25136 Molsosa, La;Hombres;2003;60
25136 Molsosa, La;Hombres;2002;62
25136 Molsosa, La;Hombres;2001;65
25136 Molsosa, La;Hombres;2000;68
25136 Molsosa, La;Hombres;1999;69
25136 Molsosa, La;Hombres;1998;69
25136 Molsosa, La;Hombres;1997;""
25136 Molsosa, La;Hombres;1996;70
25136 Molsosa, La;Mujeres;2025;51
25136 Molsosa, La;Mujeres;2024;54
25136 Molsosa, La;Mujeres;2023;54
25136 Molsosa, La;Mujeres;2022;50
25136 Molsosa, La;Mujeres;2021;51
25136 Molsosa, La;Mujeres;2020;53
25136 Molsosa, La;Mujeres;2019;54
25136 Molsosa, La;Mujeres;2018;55
25136 Molsosa, La;Mujeres;2017;56
25136 Molsosa, La;Mujeres;2016;57
25136 Molsosa, La;Mujeres;2015;57
25136 Molsosa, La;Mujeres;2014;58
25136 Molsosa, La;Mujeres;2013;52
25136 Molsosa, La;Mujeres;2012;59
25136 Molsosa, La;Mujeres;2011;57
25136 Molsosa, La;Mujeres;2010;57
25136 Molsosa, La;Mujeres;2009;58
25136 Molsosa, La;Mujeres;2008;63
25136 Molsosa, La;Mujeres;2007;64
25136 Molsosa, La;Mujeres;2006;67
25136 Molsosa, La;Mujeres;2005;67
25136 Molsosa, La;Mujeres;2004;67
25136 Molsosa, La;Mujeres;2003;59
25136 Molsosa, La;Mujeres;2002;63
25136 Molsosa, La;Mujeres;2001;64
25136 Molsosa, La;Mujeres;2000;65
25136 Molsosa, La;Mujeres;1999;65
25136 Molsosa, La;Mujeres;1998;66
25136 Molsosa, La;Mujeres;1997;""
25136 Molsosa, La;Mujeres;1996;66
25139 Montellà i Martinet;Total;2025;598
25139 Montellà i Martinet;Total;2024;620
25139 Montellà i Martinet;Total;2023;631
25139 Montellà i Martinet;Total;2022;615
25139 Montellà i Martinet;Total;2021;596
25139 Montellà i Martinet;Total;2020;578
25139 Montellà i Martinet;Total;2019;579
25139 Montellà i Martinet;Total;2018;554
25139 Montellà i Martinet;Total;2017;554
25139 Montellà i Martinet;Total;2016;547
25139 Montellà i Martinet;Total;2015;586
25139 Montellà i Martinet;Total;2014;623
25139 Montellà i Martinet;Total;2013;647
25139 Montellà i Martinet;Total;2012;683
25139 Montellà i Martinet;Total;2011;683
25139 Montellà i Martinet;Total;2010;671
25139 Montellà i Martinet;Total;2009;661
25139 Montellà i Martinet;Total;2008;629
25139 Montellà i Martinet;Total;2007;597
25139 Montellà i Martinet;Total;2006;606
25139 Montellà i Martinet;Total;2005;541
25139 Montellà i Martinet;Total;2004;535
25139 Montellà i Martinet;Total;2003;531
25139 Montellà i Martinet;Total;2002;538
25139 Montellà i Martinet;Total;2001;504
25139 Montellà i Martinet;Total;2000;507
25139 Montellà i Martinet;Total;1999;502
25139 Montellà i Martinet;Total;1998;500
25139 Montellà i Martinet;Total;1997;""
25139 Montellà i Martinet;Total;1996;493
25139 Montellà i Martinet;Hombres;2025;315
25139 Montellà i Martinet;Hombres;2024;327
25139 Montellà i Martinet;Hombres;2023;332
25139 Montellà i Martinet;Hombres;2022;329
25139 Montellà i Martinet;Hombres;2021;328
25139 Montellà i Martinet;Hombres;2020;318
25139 Montellà i Martinet;Hombres;2019;324
25139 Montellà i Martinet;Hombres;2018;307
25139 Montellà i Martinet;Hombres;2017;305
25139 Montellà i Martinet;Hombres;2016;302
25139 Montellà i Martinet;Hombres;2015;320
25139 Montellà i Martinet;Hombres;2014;335
25139 Montellà i Martinet;Hombres;2013;350
25139 Montellà i Martinet;Hombres;2012;364
25139 Montellà i Martinet;Hombres;2011;356
25139 Montellà i Martinet;Hombres;2010;348
25139 Montellà i Martinet;Hombres;2009;346
25139 Montellà i Martinet;Hombres;2008;340
25139 Montellà i Martinet;Hombres;2007;316
25139 Montellà i Martinet;Hombres;2006;324
25139 Montellà i Martinet;Hombres;2005;284
25139 Montellà i Martinet;Hombres;2004;285
25139 Montellà i Martinet;Hombres;2003;283
25139 Montellà i Martinet;Hombres;2002;288
25139 Montellà i Martinet;Hombres;2001;269
25139 Montellà i Martinet;Hombres;2000;265
25139 Montellà i Martinet;Hombres;1999;255
25139 Montellà i Martinet;Hombres;1998;250
25139 Montellà i Martinet;Hombres;1997;""
25139 Montellà i Martinet;Hombres;1996;251
25139 Montellà i Martinet;Mujeres;2025;283
25139 Montellà i Martinet;Mujeres;2024;293
25139 Montellà i Martinet;Mujeres;2023;299
25139 Montellà i Martinet;Mujeres;2022;286
25139 Montellà i Martinet;Mujeres;2021;268
25139 Montellà i Martinet;Mujeres;2020;260
25139 Montellà i Martinet;Mujeres;2019;255
25139 Montellà i Martinet;Mujeres;2018;247
25139 Montellà i Martinet;Mujeres;2017;249
25139 Montellà i Martinet;Mujeres;2016;245
25139 Montellà i Martinet;Mujeres;2015;266
25139 Montellà i Martinet;Mujeres;2014;288
25139 Montellà i Martinet;Mujeres;2013;297
25139 Montellà i Martinet;Mujeres;2012;319
25139 Montellà i Martinet;Mujeres;2011;327
25139 Montellà i Martinet;Mujeres;2010;323
25139 Montellà i Martinet;Mujeres;2009;315
25139 Montellà i Martinet;Mujeres;2008;289
25139 Montellà i Martinet;Mujeres;2007;281
25139 Montellà i Martinet;Mujeres;2006;282
25139 Montellà i Martinet;Mujeres;2005;257
25139 Montellà i Martinet;Mujeres;2004;250
25139 Montellà i Martinet;Mujeres;2003;248
25139 Montellà i Martinet;Mujeres;2002;250
25139 Montellà i Martinet;Mujeres;2001;235
25139 Montellà i Martinet;Mujeres;2000;242
25139 Montellà i Martinet;Mujeres;1999;247
25139 Montellà i Martinet;Mujeres;1998;250
25139 Montellà i Martinet;Mujeres;1997;""
25139 Montellà i Martinet;Mujeres;1996;242
25140 Montferrer i Castellbò;Total;2025;1.161
25140 Montferrer i Castellbò;Total;2024;1.164
25140 Montferrer i Castellbò;Total;2023;1.093
25140 Montferrer i Castellbò;Total;2022;1.083
25140 Montferrer i Castellbò;Total;2021;1.081
25140 Montferrer i Castellbò;Total;2020;1.034
25140 Montferrer i Castellbò;Total;2019;1.041
25140 Montferrer i Castellbò;Total;2018;1.074
25140 Montferrer i Castellbò;Total;2017;1.092
25140 Montferrer i Castellbò;Total;2016;1.050
25140 Montferrer i Castellbò;Total;2015;1.010
25140 Montferrer i Castellbò;Total;2014;1.027
25140 Montferrer i Castellbò;Total;2013;1.022
25140 Montferrer i Castellbò;Total;2012;1.036
25140 Montferrer i Castellbò;Total;2011;1.083
25140 Montferrer i Castellbò;Total;2010;1.086
25140 Montferrer i Castellbò;Total;2009;1.089
25140 Montferrer i Castellbò;Total;2008;1.070
25140 Montferrer i Castellbò;Total;2007;983
25140 Montferrer i Castellbò;Total;2006;944
25140 Montferrer i Castellbò;Total;2005;856
25140 Montferrer i Castellbò;Total;2004;817
25140 Montferrer i Castellbò;Total;2003;766
25140 Montferrer i Castellbò;Total;2002;753
25140 Montferrer i Castellbò;Total;2001;753
25140 Montferrer i Castellbò;Total;2000;738
25140 Montferrer i Castellbò;Total;1999;736
25140 Montferrer i Castellbò;Total;1998;728
25140 Montferrer i Castellbò;Total;1997;""
25140 Montferrer i Castellbò;Total;1996;730
25140 Montferrer i Castellbò;Hombres;2025;616
25140 Montferrer i Castellbò;Hombres;2024;620
25140 Montferrer i Castellbò;Hombres;2023;586
25140 Montferrer i Castellbò;Hombres;2022;587
25140 Montferrer i Castellbò;Hombres;2021;588
25140 Montferrer i Castellbò;Hombres;2020;559
25140 Montferrer i Castellbò;Hombres;2019;566
25140 Montferrer i Castellbò;Hombres;2018;578
25140 Montferrer i Castellbò;Hombres;2017;591
25140 Montferrer i Castellbò;Hombres;2016;566
25140 Montferrer i Castellbò;Hombres;2015;546
25140 Montferrer i Castellbò;Hombres;2014;549
25140 Montferrer i Castellbò;Hombres;2013;554
25140 Montferrer i Castellbò;Hombres;2012;566
25140 Montferrer i Castellbò;Hombres;2011;589
25140 Montferrer i Castellbò;Hombres;2010;587
25140 Montferrer i Castellbò;Hombres;2009;595
25140 Montferrer i Castellbò;Hombres;2008;593
25140 Montferrer i Castellbò;Hombres;2007;536
25140 Montferrer i Castellbò;Hombres;2006;512
25140 Montferrer i Castellbò;Hombres;2005;457
25140 Montferrer i Castellbò;Hombres;2004;441
25140 Montferrer i Castellbò;Hombres;2003;416
25140 Montferrer i Castellbò;Hombres;2002;410
25140 Montferrer i Castellbò;Hombres;2001;412
25140 Montferrer i Castellbò;Hombres;2000;405
25140 Montferrer i Castellbò;Hombres;1999;404
25140 Montferrer i Castellbò;Hombres;1998;394
25140 Montferrer i Castellbò;Hombres;1997;""
25140 Montferrer i Castellbò;Hombres;1996;392
25140 Montferrer i Castellbò;Mujeres;2025;545
25140 Montferrer i Castellbò;Mujeres;2024;544
25140 Montferrer i Castellbò;Mujeres;2023;507
25140 Montferrer i Castellbò;Mujeres;2022;496
25140 Montferrer i Castellbò;Mujeres;2021;493
25140 Montferrer i Castellbò;Mujeres;2020;475
25140 Montferrer i Castellbò;Mujeres;2019;475
25140 Montferrer i Castellbò;Mujeres;2018;496
25140 Montferrer i Castellbò;Mujeres;2017;501
25140 Montferrer i Castellbò;Mujeres;2016;484
25140 Montferrer i Castellbò;Mujeres;2015;464
25140 Montferrer i Castellbò;Mujeres;2014;478
25140 Montferrer i Castellbò;Mujeres;2013;468
25140 Montferrer i Castellbò;Mujeres;2012;470
25140 Montferrer i Castellbò;Mujeres;2011;494
25140 Montferrer i Castellbò;Mujeres;2010;499
25140 Montferrer i Castellbò;Mujeres;2009;494
25140 Montferrer i Castellbò;Mujeres;2008;477
25140 Montferrer i Castellbò;Mujeres;2007;447
25140 Montferrer i Castellbò;Mujeres;2006;432
25140 Montferrer i Castellbò;Mujeres;2005;399
25140 Montferrer i Castellbò;Mujeres;2004;376
25140 Montferrer i Castellbò;Mujeres;2003;350
25140 Montferrer i Castellbò;Mujeres;2002;343
25140 Montferrer i Castellbò;Mujeres;2001;341
25140 Montferrer i Castellbò;Mujeres;2000;333
25140 Montferrer i Castellbò;Mujeres;1999;332
25140 Montferrer i Castellbò;Mujeres;1998;334
25140 Montferrer i Castellbò;Mujeres;1997;""
25140 Montferrer i Castellbò;Mujeres;1996;338
25138 Montgai;Total;2025;640
25138 Montgai;Total;2024;637
25138 Montgai;Total;2023;633
25138 Montgai;Total;2022;647
25138 Montgai;Total;2021;655
25138 Montgai;Total;2020;643
25138 Montgai;Total;2019;625
25138 Montgai;Total;2018;635
25138 Montgai;Total;2017;636
25138 Montgai;Total;2016;651
25138 Montgai;Total;2015;663
25138 Montgai;Total;2014;671
25138 Montgai;Total;2013;688
25138 Montgai;Total;2012;701
25138 Montgai;Total;2011;720
25138 Montgai;Total;2010;718
25138 Montgai;Total;2009;727
25138 Montgai;Total;2008;731
25138 Montgai;Total;2007;740
25138 Montgai;Total;2006;772
25138 Montgai;Total;2005;780
25138 Montgai;Total;2004;793
25138 Montgai;Total;2003;819
25138 Montgai;Total;2002;795
25138 Montgai;Total;2001;790
25138 Montgai;Total;2000;789
25138 Montgai;Total;1999;794
25138 Montgai;Total;1998;794
25138 Montgai;Total;1997;""
25138 Montgai;Total;1996;813
25138 Montgai;Hombres;2025;328
25138 Montgai;Hombres;2024;327
25138 Montgai;Hombres;2023;328
25138 Montgai;Hombres;2022;339
25138 Montgai;Hombres;2021;346
25138 Montgai;Hombres;2020;342
25138 Montgai;Hombres;2019;329
25138 Montgai;Hombres;2018;327
25138 Montgai;Hombres;2017;332
25138 Montgai;Hombres;2016;335
25138 Montgai;Hombres;2015;347
25138 Montgai;Hombres;2014;348
25138 Montgai;Hombres;2013;354
25138 Montgai;Hombres;2012;364
25138 Montgai;Hombres;2011;372
25138 Montgai;Hombres;2010;367
25138 Montgai;Hombres;2009;371
25138 Montgai;Hombres;2008;374
25138 Montgai;Hombres;2007;370
25138 Montgai;Hombres;2006;387
25138 Montgai;Hombres;2005;395
25138 Montgai;Hombres;2004;401
25138 Montgai;Hombres;2003;413
25138 Montgai;Hombres;2002;403
25138 Montgai;Hombres;2001;402
25138 Montgai;Hombres;2000;402
25138 Montgai;Hombres;1999;403
25138 Montgai;Hombres;1998;403
25138 Montgai;Hombres;1997;""
25138 Montgai;Hombres;1996;413
25138 Montgai;Mujeres;2025;312
25138 Montgai;Mujeres;2024;310
25138 Montgai;Mujeres;2023;305
25138 Montgai;Mujeres;2022;308
25138 Montgai;Mujeres;2021;309
25138 Montgai;Mujeres;2020;301
25138 Montgai;Mujeres;2019;296
25138 Montgai;Mujeres;2018;308
25138 Montgai;Mujeres;2017;304
25138 Montgai;Mujeres;2016;316
25138 Montgai;Mujeres;2015;316
25138 Montgai;Mujeres;2014;323
25138 Montgai;Mujeres;2013;334
25138 Montgai;Mujeres;2012;337
25138 Montgai;Mujeres;2011;348
25138 Montgai;Mujeres;2010;351
25138 Montgai;Mujeres;2009;356
25138 Montgai;Mujeres;2008;357
25138 Montgai;Mujeres;2007;370
25138 Montgai;Mujeres;2006;385
25138 Montgai;Mujeres;2005;385
25138 Montgai;Mujeres;2004;392
25138 Montgai;Mujeres;2003;406
25138 Montgai;Mujeres;2002;392
25138 Montgai;Mujeres;2001;388
25138 Montgai;Mujeres;2000;387
25138 Montgai;Mujeres;1999;391
25138 Montgai;Mujeres;1998;391
25138 Montgai;Mujeres;1997;""
25138 Montgai;Mujeres;1996;400
25142 Montoliu de Lleida;Total;2025;488
25142 Montoliu de Lleida;Total;2024;475
25142 Montoliu de Lleida;Total;2023;483
25142 Montoliu de Lleida;Total;2022;494
25142 Montoliu de Lleida;Total;2021;493
25142 Montoliu de Lleida;Total;2020;483
25142 Montoliu de Lleida;Total;2019;489
25142 Montoliu de Lleida;Total;2018;469
25142 Montoliu de Lleida;Total;2017;469
25142 Montoliu de Lleida;Total;2016;495
25142 Montoliu de Lleida;Total;2015;514
25142 Montoliu de Lleida;Total;2014;515
25142 Montoliu de Lleida;Total;2013;504
25142 Montoliu de Lleida;Total;2012;511
25142 Montoliu de Lleida;Total;2011;505
25142 Montoliu de Lleida;Total;2010;495
25142 Montoliu de Lleida;Total;2009;486
25142 Montoliu de Lleida;Total;2008;491
25142 Montoliu de Lleida;Total;2007;510
25142 Montoliu de Lleida;Total;2006;498
25142 Montoliu de Lleida;Total;2005;491
25142 Montoliu de Lleida;Total;2004;477
25142 Montoliu de Lleida;Total;2003;456
25142 Montoliu de Lleida;Total;2002;451
25142 Montoliu de Lleida;Total;2001;469
25142 Montoliu de Lleida;Total;2000;479
25142 Montoliu de Lleida;Total;1999;488
25142 Montoliu de Lleida;Total;1998;500
25142 Montoliu de Lleida;Total;1997;""
25142 Montoliu de Lleida;Total;1996;486
25142 Montoliu de Lleida;Hombres;2025;254
25142 Montoliu de Lleida;Hombres;2024;248
25142 Montoliu de Lleida;Hombres;2023;250
25142 Montoliu de Lleida;Hombres;2022;257
25142 Montoliu de Lleida;Hombres;2021;259
25142 Montoliu de Lleida;Hombres;2020;253
25142 Montoliu de Lleida;Hombres;2019;251
25142 Montoliu de Lleida;Hombres;2018;236
25142 Montoliu de Lleida;Hombres;2017;234
25142 Montoliu de Lleida;Hombres;2016;251
25142 Montoliu de Lleida;Hombres;2015;260
25142 Montoliu de Lleida;Hombres;2014;263
25142 Montoliu de Lleida;Hombres;2013;256
25142 Montoliu de Lleida;Hombres;2012;258
25142 Montoliu de Lleida;Hombres;2011;256
25142 Montoliu de Lleida;Hombres;2010;250
25142 Montoliu de Lleida;Hombres;2009;248
25142 Montoliu de Lleida;Hombres;2008;249
25142 Montoliu de Lleida;Hombres;2007;264
25142 Montoliu de Lleida;Hombres;2006;258
25142 Montoliu de Lleida;Hombres;2005;248
25142 Montoliu de Lleida;Hombres;2004;243
25142 Montoliu de Lleida;Hombres;2003;226
25142 Montoliu de Lleida;Hombres;2002;222
25142 Montoliu de Lleida;Hombres;2001;231
25142 Montoliu de Lleida;Hombres;2000;235
25142 Montoliu de Lleida;Hombres;1999;241
25142 Montoliu de Lleida;Hombres;1998;246
25142 Montoliu de Lleida;Hombres;1997;""
25142 Montoliu de Lleida;Hombres;1996;236
25142 Montoliu de Lleida;Mujeres;2025;234
25142 Montoliu de Lleida;Mujeres;2024;227
25142 Montoliu de Lleida;Mujeres;2023;233
25142 Montoliu de Lleida;Mujeres;2022;237
25142 Montoliu de Lleida;Mujeres;2021;234
25142 Montoliu de Lleida;Mujeres;2020;230
25142 Montoliu de Lleida;Mujeres;2019;238
25142 Montoliu de Lleida;Mujeres;2018;233
25142 Montoliu de Lleida;Mujeres;2017;235
25142 Montoliu de Lleida;Mujeres;2016;244
25142 Montoliu de Lleida;Mujeres;2015;254
25142 Montoliu de Lleida;Mujeres;2014;252
25142 Montoliu de Lleida;Mujeres;2013;248
25142 Montoliu de Lleida;Mujeres;2012;253
25142 Montoliu de Lleida;Mujeres;2011;249
25142 Montoliu de Lleida;Mujeres;2010;245
25142 Montoliu de Lleida;Mujeres;2009;238
25142 Montoliu de Lleida;Mujeres;2008;242
25142 Montoliu de Lleida;Mujeres;2007;246
25142 Montoliu de Lleida;Mujeres;2006;240
25142 Montoliu de Lleida;Mujeres;2005;243
25142 Montoliu de Lleida;Mujeres;2004;234
25142 Montoliu de Lleida;Mujeres;2003;230
25142 Montoliu de Lleida;Mujeres;2002;229
25142 Montoliu de Lleida;Mujeres;2001;238
25142 Montoliu de Lleida;Mujeres;2000;244
25142 Montoliu de Lleida;Mujeres;1999;247
25142 Montoliu de Lleida;Mujeres;1998;254
25142 Montoliu de Lleida;Mujeres;1997;""
25142 Montoliu de Lleida;Mujeres;1996;250
25141 Montoliu de Segarra;Total;2025;180
25141 Montoliu de Segarra;Total;2024;180
25141 Montoliu de Segarra;Total;2023;183
25141 Montoliu de Segarra;Total;2022;180
25141 Montoliu de Segarra;Total;2021;191
25141 Montoliu de Segarra;Total;2020;187
25141 Montoliu de Segarra;Total;2019;179
25141 Montoliu de Segarra;Total;2018;190
25141 Montoliu de Segarra;Total;2017;178
25141 Montoliu de Segarra;Total;2016;188
25141 Montoliu de Segarra;Total;2015;194
25141 Montoliu de Segarra;Total;2014;193
25141 Montoliu de Segarra;Total;2013;196
25141 Montoliu de Segarra;Total;2012;197
25141 Montoliu de Segarra;Total;2011;196
25141 Montoliu de Segarra;Total;2010;197
25141 Montoliu de Segarra;Total;2009;193
25141 Montoliu de Segarra;Total;2008;188
25141 Montoliu de Segarra;Total;2007;185
25141 Montoliu de Segarra;Total;2006;186
25141 Montoliu de Segarra;Total;2005;188
25141 Montoliu de Segarra;Total;2004;190
25141 Montoliu de Segarra;Total;2003;188
25141 Montoliu de Segarra;Total;2002;184
25141 Montoliu de Segarra;Total;2001;193
25141 Montoliu de Segarra;Total;2000;192
25141 Montoliu de Segarra;Total;1999;189
25141 Montoliu de Segarra;Total;1998;202
25141 Montoliu de Segarra;Total;1997;""
25141 Montoliu de Segarra;Total;1996;208
25141 Montoliu de Segarra;Hombres;2025;101
25141 Montoliu de Segarra;Hombres;2024;102
25141 Montoliu de Segarra;Hombres;2023;105
25141 Montoliu de Segarra;Hombres;2022;99
25141 Montoliu de Segarra;Hombres;2021;105
25141 Montoliu de Segarra;Hombres;2020;102
25141 Montoliu de Segarra;Hombres;2019;100
25141 Montoliu de Segarra;Hombres;2018;105
25141 Montoliu de Segarra;Hombres;2017;98
25141 Montoliu de Segarra;Hombres;2016;105
25141 Montoliu de Segarra;Hombres;2015;107
25141 Montoliu de Segarra;Hombres;2014;111
25141 Montoliu de Segarra;Hombres;2013;116
25141 Montoliu de Segarra;Hombres;2012;116
25141 Montoliu de Segarra;Hombres;2011;114
25141 Montoliu de Segarra;Hombres;2010;117
25141 Montoliu de Segarra;Hombres;2009;114
25141 Montoliu de Segarra;Hombres;2008;109
25141 Montoliu de Segarra;Hombres;2007;108
25141 Montoliu de Segarra;Hombres;2006;106
25141 Montoliu de Segarra;Hombres;2005;107
25141 Montoliu de Segarra;Hombres;2004;106
25141 Montoliu de Segarra;Hombres;2003;104
25141 Montoliu de Segarra;Hombres;2002;102
25141 Montoliu de Segarra;Hombres;2001;109
25141 Montoliu de Segarra;Hombres;2000;109
25141 Montoliu de Segarra;Hombres;1999;102
25141 Montoliu de Segarra;Hombres;1998;108
25141 Montoliu de Segarra;Hombres;1997;""
25141 Montoliu de Segarra;Hombres;1996;112
25141 Montoliu de Segarra;Mujeres;2025;79
25141 Montoliu de Segarra;Mujeres;2024;78
25141 Montoliu de Segarra;Mujeres;2023;78
25141 Montoliu de Segarra;Mujeres;2022;81
25141 Montoliu de Segarra;Mujeres;2021;86
25141 Montoliu de Segarra;Mujeres;2020;85
25141 Montoliu de Segarra;Mujeres;2019;79
25141 Montoliu de Segarra;Mujeres;2018;85
25141 Montoliu de Segarra;Mujeres;2017;80
25141 Montoliu de Segarra;Mujeres;2016;83
25141 Montoliu de Segarra;Mujeres;2015;87
25141 Montoliu de Segarra;Mujeres;2014;82
25141 Montoliu de Segarra;Mujeres;2013;80
25141 Montoliu de Segarra;Mujeres;2012;81
25141 Montoliu de Segarra;Mujeres;2011;82
25141 Montoliu de Segarra;Mujeres;2010;80
25141 Montoliu de Segarra;Mujeres;2009;79
25141 Montoliu de Segarra;Mujeres;2008;79
25141 Montoliu de Segarra;Mujeres;2007;77
25141 Montoliu de Segarra;Mujeres;2006;80
25141 Montoliu de Segarra;Mujeres;2005;81
25141 Montoliu de Segarra;Mujeres;2004;84
25141 Montoliu de Segarra;Mujeres;2003;84
25141 Montoliu de Segarra;Mujeres;2002;82
25141 Montoliu de Segarra;Mujeres;2001;84
25141 Montoliu de Segarra;Mujeres;2000;83
25141 Montoliu de Segarra;Mujeres;1999;87
25141 Montoliu de Segarra;Mujeres;1998;94
25141 Montoliu de Segarra;Mujeres;1997;""
25141 Montoliu de Segarra;Mujeres;1996;96
25143 Montornès de Segarra;Total;2025;87
25143 Montornès de Segarra;Total;2024;88
25143 Montornès de Segarra;Total;2023;91
25143 Montornès de Segarra;Total;2022;92
25143 Montornès de Segarra;Total;2021;91
25143 Montornès de Segarra;Total;2020;96
25143 Montornès de Segarra;Total;2019;100
25143 Montornès de Segarra;Total;2018;98
25143 Montornès de Segarra;Total;2017;97
25143 Montornès de Segarra;Total;2016;100
25143 Montornès de Segarra;Total;2015;101
25143 Montornès de Segarra;Total;2014;105
25143 Montornès de Segarra;Total;2013;102
25143 Montornès de Segarra;Total;2012;92
25143 Montornès de Segarra;Total;2011;98
25143 Montornès de Segarra;Total;2010;104
25143 Montornès de Segarra;Total;2009;108
25143 Montornès de Segarra;Total;2008;107
25143 Montornès de Segarra;Total;2007;108
25143 Montornès de Segarra;Total;2006;105
25143 Montornès de Segarra;Total;2005;107
25143 Montornès de Segarra;Total;2004;100
25143 Montornès de Segarra;Total;2003;98
25143 Montornès de Segarra;Total;2002;102
25143 Montornès de Segarra;Total;2001;106
25143 Montornès de Segarra;Total;2000;104
25143 Montornès de Segarra;Total;1999;102
25143 Montornès de Segarra;Total;1998;101
25143 Montornès de Segarra;Total;1997;""
25143 Montornès de Segarra;Total;1996;105
25143 Montornès de Segarra;Hombres;2025;41
25143 Montornès de Segarra;Hombres;2024;40
25143 Montornès de Segarra;Hombres;2023;44
25143 Montornès de Segarra;Hombres;2022;43
25143 Montornès de Segarra;Hombres;2021;43
25143 Montornès de Segarra;Hombres;2020;46
25143 Montornès de Segarra;Hombres;2019;47
25143 Montornès de Segarra;Hombres;2018;46
25143 Montornès de Segarra;Hombres;2017;46
25143 Montornès de Segarra;Hombres;2016;50
25143 Montornès de Segarra;Hombres;2015;50
25143 Montornès de Segarra;Hombres;2014;53
25143 Montornès de Segarra;Hombres;2013;51
25143 Montornès de Segarra;Hombres;2012;45
25143 Montornès de Segarra;Hombres;2011;47
25143 Montornès de Segarra;Hombres;2010;53
25143 Montornès de Segarra;Hombres;2009;54
25143 Montornès de Segarra;Hombres;2008;50
25143 Montornès de Segarra;Hombres;2007;50
25143 Montornès de Segarra;Hombres;2006;50
25143 Montornès de Segarra;Hombres;2005;50
25143 Montornès de Segarra;Hombres;2004;46
25143 Montornès de Segarra;Hombres;2003;46
25143 Montornès de Segarra;Hombres;2002;46
25143 Montornès de Segarra;Hombres;2001;49
25143 Montornès de Segarra;Hombres;2000;48
25143 Montornès de Segarra;Hombres;1999;46
25143 Montornès de Segarra;Hombres;1998;45
25143 Montornès de Segarra;Hombres;1997;""
25143 Montornès de Segarra;Hombres;1996;48
25143 Montornès de Segarra;Mujeres;2025;46
25143 Montornès de Segarra;Mujeres;2024;48
25143 Montornès de Segarra;Mujeres;2023;47
25143 Montornès de Segarra;Mujeres;2022;49
25143 Montornès de Segarra;Mujeres;2021;48
25143 Montornès de Segarra;Mujeres;2020;50
25143 Montornès de Segarra;Mujeres;2019;53
25143 Montornès de Segarra;Mujeres;2018;52
25143 Montornès de Segarra;Mujeres;2017;51
25143 Montornès de Segarra;Mujeres;2016;50
25143 Montornès de Segarra;Mujeres;2015;51
25143 Montornès de Segarra;Mujeres;2014;52
25143 Montornès de Segarra;Mujeres;2013;51
25143 Montornès de Segarra;Mujeres;2012;47
25143 Montornès de Segarra;Mujeres;2011;51
25143 Montornès de Segarra;Mujeres;2010;51
25143 Montornès de Segarra;Mujeres;2009;54
25143 Montornès de Segarra;Mujeres;2008;57
25143 Montornès de Segarra;Mujeres;2007;58
25143 Montornès de Segarra;Mujeres;2006;55
25143 Montornès de Segarra;Mujeres;2005;57
25143 Montornès de Segarra;Mujeres;2004;54
25143 Montornès de Segarra;Mujeres;2003;52
25143 Montornès de Segarra;Mujeres;2002;56
25143 Montornès de Segarra;Mujeres;2001;57
25143 Montornès de Segarra;Mujeres;2000;56
25143 Montornès de Segarra;Mujeres;1999;56
25143 Montornès de Segarra;Mujeres;1998;56
25143 Montornès de Segarra;Mujeres;1997;""
25143 Montornès de Segarra;Mujeres;1996;57
25145 Nalec;Total;2025;91
25145 Nalec;Total;2024;89
25145 Nalec;Total;2023;94
25145 Nalec;Total;2022;95
25145 Nalec;Total;2021;88
25145 Nalec;Total;2020;90
25145 Nalec;Total;2019;87
25145 Nalec;Total;2018;93
25145 Nalec;Total;2017;101
25145 Nalec;Total;2016;100
25145 Nalec;Total;2015;95
25145 Nalec;Total;2014;93
25145 Nalec;Total;2013;105
25145 Nalec;Total;2012;97
25145 Nalec;Total;2011;99
25145 Nalec;Total;2010;98
25145 Nalec;Total;2009;95
25145 Nalec;Total;2008;93
25145 Nalec;Total;2007;95
25145 Nalec;Total;2006;102
25145 Nalec;Total;2005;90
25145 Nalec;Total;2004;92
25145 Nalec;Total;2003;92
25145 Nalec;Total;2002;100
25145 Nalec;Total;2001;102
25145 Nalec;Total;2000;105
25145 Nalec;Total;1999;106
25145 Nalec;Total;1998;104
25145 Nalec;Total;1997;""
25145 Nalec;Total;1996;104
25145 Nalec;Hombres;2025;49
25145 Nalec;Hombres;2024;49
25145 Nalec;Hombres;2023;53
25145 Nalec;Hombres;2022;53
25145 Nalec;Hombres;2021;46
25145 Nalec;Hombres;2020;46
25145 Nalec;Hombres;2019;45
25145 Nalec;Hombres;2018;52
25145 Nalec;Hombres;2017;54
25145 Nalec;Hombres;2016;52
25145 Nalec;Hombres;2015;49
25145 Nalec;Hombres;2014;48
25145 Nalec;Hombres;2013;55
25145 Nalec;Hombres;2012;50
25145 Nalec;Hombres;2011;53
25145 Nalec;Hombres;2010;52
25145 Nalec;Hombres;2009;48
25145 Nalec;Hombres;2008;47
25145 Nalec;Hombres;2007;48
25145 Nalec;Hombres;2006;49
25145 Nalec;Hombres;2005;45
25145 Nalec;Hombres;2004;46
25145 Nalec;Hombres;2003;43
25145 Nalec;Hombres;2002;47
25145 Nalec;Hombres;2001;48
25145 Nalec;Hombres;2000;50
25145 Nalec;Hombres;1999;50
25145 Nalec;Hombres;1998;49
25145 Nalec;Hombres;1997;""
25145 Nalec;Hombres;1996;48
25145 Nalec;Mujeres;2025;42
25145 Nalec;Mujeres;2024;40
25145 Nalec;Mujeres;2023;41
25145 Nalec;Mujeres;2022;42
25145 Nalec;Mujeres;2021;42
25145 Nalec;Mujeres;2020;44
25145 Nalec;Mujeres;2019;42
25145 Nalec;Mujeres;2018;41
25145 Nalec;Mujeres;2017;47
25145 Nalec;Mujeres;2016;48
25145 Nalec;Mujeres;2015;46
25145 Nalec;Mujeres;2014;45
25145 Nalec;Mujeres;2013;50
25145 Nalec;Mujeres;2012;47
25145 Nalec;Mujeres;2011;46
25145 Nalec;Mujeres;2010;46
25145 Nalec;Mujeres;2009;47
25145 Nalec;Mujeres;2008;46
25145 Nalec;Mujeres;2007;47
25145 Nalec;Mujeres;2006;53
25145 Nalec;Mujeres;2005;45
25145 Nalec;Mujeres;2004;46
25145 Nalec;Mujeres;2003;49
25145 Nalec;Mujeres;2002;53
25145 Nalec;Mujeres;2001;54
25145 Nalec;Mujeres;2000;55
25145 Nalec;Mujeres;1999;56
25145 Nalec;Mujeres;1998;55
25145 Nalec;Mujeres;1997;""
25145 Nalec;Mujeres;1996;56
25025 Naut Aran;Total;2025;1.902
25025 Naut Aran;Total;2024;1.899
25025 Naut Aran;Total;2023;1.921
25025 Naut Aran;Total;2022;1.923
25025 Naut Aran;Total;2021;1.941
25025 Naut Aran;Total;2020;1.836
25025 Naut Aran;Total;2019;1.803
25025 Naut Aran;Total;2018;1.790
25025 Naut Aran;Total;2017;1.781
25025 Naut Aran;Total;2016;1.764
25025 Naut Aran;Total;2015;1.760
25025 Naut Aran;Total;2014;1.782
25025 Naut Aran;Total;2013;1.780
25025 Naut Aran;Total;2012;1.758
25025 Naut Aran;Total;2011;1.760
25025 Naut Aran;Total;2010;1.729
25025 Naut Aran;Total;2009;1.740
25025 Naut Aran;Total;2008;1.731
25025 Naut Aran;Total;2007;1.716
25025 Naut Aran;Total;2006;1.732
25025 Naut Aran;Total;2005;1.713
25025 Naut Aran;Total;2004;1.649
25025 Naut Aran;Total;2003;1.543
25025 Naut Aran;Total;2002;1.493
25025 Naut Aran;Total;2001;1.498
25025 Naut Aran;Total;2000;1.480
25025 Naut Aran;Total;1999;1.463
25025 Naut Aran;Total;1998;1.435
25025 Naut Aran;Total;1997;""
25025 Naut Aran;Total;1996;1.337
25025 Naut Aran;Hombres;2025;985
25025 Naut Aran;Hombres;2024;988
25025 Naut Aran;Hombres;2023;1.001
25025 Naut Aran;Hombres;2022;1.011
25025 Naut Aran;Hombres;2021;1.013
25025 Naut Aran;Hombres;2020;953
25025 Naut Aran;Hombres;2019;935
25025 Naut Aran;Hombres;2018;928
25025 Naut Aran;Hombres;2017;916
25025 Naut Aran;Hombres;2016;899
25025 Naut Aran;Hombres;2015;890
25025 Naut Aran;Hombres;2014;897
25025 Naut Aran;Hombres;2013;899
25025 Naut Aran;Hombres;2012;899
25025 Naut Aran;Hombres;2011;908
25025 Naut Aran;Hombres;2010;883
25025 Naut Aran;Hombres;2009;890
25025 Naut Aran;Hombres;2008;900
25025 Naut Aran;Hombres;2007;902
25025 Naut Aran;Hombres;2006;918
25025 Naut Aran;Hombres;2005;913
25025 Naut Aran;Hombres;2004;878
25025 Naut Aran;Hombres;2003;805
25025 Naut Aran;Hombres;2002;774
25025 Naut Aran;Hombres;2001;785
25025 Naut Aran;Hombres;2000;777
25025 Naut Aran;Hombres;1999;772
25025 Naut Aran;Hombres;1998;750
25025 Naut Aran;Hombres;1997;""
25025 Naut Aran;Hombres;1996;703
25025 Naut Aran;Mujeres;2025;917
25025 Naut Aran;Mujeres;2024;911
25025 Naut Aran;Mujeres;2023;920
25025 Naut Aran;Mujeres;2022;912
25025 Naut Aran;Mujeres;2021;928
25025 Naut Aran;Mujeres;2020;883
25025 Naut Aran;Mujeres;2019;868
25025 Naut Aran;Mujeres;2018;862
25025 Naut Aran;Mujeres;2017;865
25025 Naut Aran;Mujeres;2016;865
25025 Naut Aran;Mujeres;2015;870
25025 Naut Aran;Mujeres;2014;885
25025 Naut Aran;Mujeres;2013;881
25025 Naut Aran;Mujeres;2012;859
25025 Naut Aran;Mujeres;2011;852
25025 Naut Aran;Mujeres;2010;846
25025 Naut Aran;Mujeres;2009;850
25025 Naut Aran;Mujeres;2008;831
25025 Naut Aran;Mujeres;2007;814
25025 Naut Aran;Mujeres;2006;814
25025 Naut Aran;Mujeres;2005;800
25025 Naut Aran;Mujeres;2004;771
25025 Naut Aran;Mujeres;2003;738
25025 Naut Aran;Mujeres;2002;719
25025 Naut Aran;Mujeres;2001;713
25025 Naut Aran;Mujeres;2000;703
25025 Naut Aran;Mujeres;1999;691
25025 Naut Aran;Mujeres;1998;685
25025 Naut Aran;Mujeres;1997;""
25025 Naut Aran;Mujeres;1996;634
25146 Navès;Total;2025;292
25146 Navès;Total;2024;300
25146 Navès;Total;2023;315
25146 Navès;Total;2022;305
25146 Navès;Total;2021;293
25146 Navès;Total;2020;284
25146 Navès;Total;2019;280
25146 Navès;Total;2018;291
25146 Navès;Total;2017;288
25146 Navès;Total;2016;283
25146 Navès;Total;2015;281
25146 Navès;Total;2014;280
25146 Navès;Total;2013;267
25146 Navès;Total;2012;274
25146 Navès;Total;2011;277
25146 Navès;Total;2010;276
25146 Navès;Total;2009;266
25146 Navès;Total;2008;274
25146 Navès;Total;2007;274
25146 Navès;Total;2006;262
25146 Navès;Total;2005;263
25146 Navès;Total;2004;272
25146 Navès;Total;2003;274
25146 Navès;Total;2002;278
25146 Navès;Total;2001;267
25146 Navès;Total;2000;272
25146 Navès;Total;1999;273
25146 Navès;Total;1998;277
25146 Navès;Total;1997;""
25146 Navès;Total;1996;264
25146 Navès;Hombres;2025;150
25146 Navès;Hombres;2024;152
25146 Navès;Hombres;2023;157
25146 Navès;Hombres;2022;155
25146 Navès;Hombres;2021;148
25146 Navès;Hombres;2020;146
25146 Navès;Hombres;2019;147
25146 Navès;Hombres;2018;147
25146 Navès;Hombres;2017;144
25146 Navès;Hombres;2016;137
25146 Navès;Hombres;2015;136
25146 Navès;Hombres;2014;137
25146 Navès;Hombres;2013;133
25146 Navès;Hombres;2012;134
25146 Navès;Hombres;2011;135
25146 Navès;Hombres;2010;137
25146 Navès;Hombres;2009;131
25146 Navès;Hombres;2008;134
25146 Navès;Hombres;2007;134
25146 Navès;Hombres;2006;127
25146 Navès;Hombres;2005;126
25146 Navès;Hombres;2004;133
25146 Navès;Hombres;2003;133
25146 Navès;Hombres;2002;135
25146 Navès;Hombres;2001;132
25146 Navès;Hombres;2000;131
25146 Navès;Hombres;1999;133
25146 Navès;Hombres;1998;133
25146 Navès;Hombres;1997;""
25146 Navès;Hombres;1996;129
25146 Navès;Mujeres;2025;142
25146 Navès;Mujeres;2024;148
25146 Navès;Mujeres;2023;158
25146 Navès;Mujeres;2022;150
25146 Navès;Mujeres;2021;145
25146 Navès;Mujeres;2020;138
25146 Navès;Mujeres;2019;133
25146 Navès;Mujeres;2018;144
25146 Navès;Mujeres;2017;144
25146 Navès;Mujeres;2016;146
25146 Navès;Mujeres;2015;145
25146 Navès;Mujeres;2014;143
25146 Navès;Mujeres;2013;134
25146 Navès;Mujeres;2012;140
25146 Navès;Mujeres;2011;142
25146 Navès;Mujeres;2010;139
25146 Navès;Mujeres;2009;135
25146 Navès;Mujeres;2008;140
25146 Navès;Mujeres;2007;140
25146 Navès;Mujeres;2006;135
25146 Navès;Mujeres;2005;137
25146 Navès;Mujeres;2004;139
25146 Navès;Mujeres;2003;141
25146 Navès;Mujeres;2002;143
25146 Navès;Mujeres;2001;135
25146 Navès;Mujeres;2000;141
25146 Navès;Mujeres;1999;140
25146 Navès;Mujeres;1998;144
25146 Navès;Mujeres;1997;""
25146 Navès;Mujeres;1996;135
25148 Odèn;Total;2025;231
25148 Odèn;Total;2024;230
25148 Odèn;Total;2023;248
25148 Odèn;Total;2022;252
25148 Odèn;Total;2021;253
25148 Odèn;Total;2020;258
25148 Odèn;Total;2019;249
25148 Odèn;Total;2018;260
25148 Odèn;Total;2017;256
25148 Odèn;Total;2016;259
25148 Odèn;Total;2015;253
25148 Odèn;Total;2014;267
25148 Odèn;Total;2013;269
25148 Odèn;Total;2012;268
25148 Odèn;Total;2011;273
25148 Odèn;Total;2010;264
25148 Odèn;Total;2009;281
25148 Odèn;Total;2008;290
25148 Odèn;Total;2007;285
25148 Odèn;Total;2006;275
25148 Odèn;Total;2005;265
25148 Odèn;Total;2004;272
25148 Odèn;Total;2003;273
25148 Odèn;Total;2002;278
25148 Odèn;Total;2001;280
25148 Odèn;Total;2000;279
25148 Odèn;Total;1999;278
25148 Odèn;Total;1998;280
25148 Odèn;Total;1997;""
25148 Odèn;Total;1996;285
25148 Odèn;Hombres;2025;129
25148 Odèn;Hombres;2024;130
25148 Odèn;Hombres;2023;141
25148 Odèn;Hombres;2022;148
25148 Odèn;Hombres;2021;149
25148 Odèn;Hombres;2020;152
25148 Odèn;Hombres;2019;149
25148 Odèn;Hombres;2018;153
25148 Odèn;Hombres;2017;150
25148 Odèn;Hombres;2016;150
25148 Odèn;Hombres;2015;145
25148 Odèn;Hombres;2014;154
25148 Odèn;Hombres;2013;161
25148 Odèn;Hombres;2012;162
25148 Odèn;Hombres;2011;162
25148 Odèn;Hombres;2010;160
25148 Odèn;Hombres;2009;166
25148 Odèn;Hombres;2008;171
25148 Odèn;Hombres;2007;167
25148 Odèn;Hombres;2006;158
25148 Odèn;Hombres;2005;150
25148 Odèn;Hombres;2004;155
25148 Odèn;Hombres;2003;154
25148 Odèn;Hombres;2002;155
25148 Odèn;Hombres;2001;157
25148 Odèn;Hombres;2000;159
25148 Odèn;Hombres;1999;157
25148 Odèn;Hombres;1998;158
25148 Odèn;Hombres;1997;""
25148 Odèn;Hombres;1996;162
25148 Odèn;Mujeres;2025;102
25148 Odèn;Mujeres;2024;100
25148 Odèn;Mujeres;2023;107
25148 Odèn;Mujeres;2022;104
25148 Odèn;Mujeres;2021;104
25148 Odèn;Mujeres;2020;106
25148 Odèn;Mujeres;2019;100
25148 Odèn;Mujeres;2018;107
25148 Odèn;Mujeres;2017;106
25148 Odèn;Mujeres;2016;109
25148 Odèn;Mujeres;2015;108
25148 Odèn;Mujeres;2014;113
25148 Odèn;Mujeres;2013;108
25148 Odèn;Mujeres;2012;106
25148 Odèn;Mujeres;2011;111
25148 Odèn;Mujeres;2010;104
25148 Odèn;Mujeres;2009;115
25148 Odèn;Mujeres;2008;119
25148 Odèn;Mujeres;2007;118
25148 Odèn;Mujeres;2006;117
25148 Odèn;Mujeres;2005;115
25148 Odèn;Mujeres;2004;117
25148 Odèn;Mujeres;2003;119
25148 Odèn;Mujeres;2002;123
25148 Odèn;Mujeres;2001;123
25148 Odèn;Mujeres;2000;120
25148 Odèn;Mujeres;1999;121
25148 Odèn;Mujeres;1998;122
25148 Odèn;Mujeres;1997;""
25148 Odèn;Mujeres;1996;123
25149 Oliana;Total;2025;1.874
25149 Oliana;Total;2024;1.839
25149 Oliana;Total;2023;1.864
25149 Oliana;Total;2022;1.849
25149 Oliana;Total;2021;1.857
25149 Oliana;Total;2020;1.843
25149 Oliana;Total;2019;1.810
25149 Oliana;Total;2018;1.787
25149 Oliana;Total;2017;1.826
25149 Oliana;Total;2016;1.844
25149 Oliana;Total;2015;1.842
25149 Oliana;Total;2014;1.870
25149 Oliana;Total;2013;1.903
25149 Oliana;Total;2012;1.920
25149 Oliana;Total;2011;1.942
25149 Oliana;Total;2010;1.945
25149 Oliana;Total;2009;1.976
25149 Oliana;Total;2008;1.949
25149 Oliana;Total;2007;1.938
25149 Oliana;Total;2006;1.939
25149 Oliana;Total;2005;1.932
25149 Oliana;Total;2004;1.870
25149 Oliana;Total;2003;1.872
25149 Oliana;Total;2002;1.870
25149 Oliana;Total;2001;1.856
25149 Oliana;Total;2000;1.864
25149 Oliana;Total;1999;1.869
25149 Oliana;Total;1998;1.877
25149 Oliana;Total;1997;""
25149 Oliana;Total;1996;1.844
25149 Oliana;Hombres;2025;935
25149 Oliana;Hombres;2024;914
25149 Oliana;Hombres;2023;921
25149 Oliana;Hombres;2022;929
25149 Oliana;Hombres;2021;929
25149 Oliana;Hombres;2020;918
25149 Oliana;Hombres;2019;906
25149 Oliana;Hombres;2018;900
25149 Oliana;Hombres;2017;918
25149 Oliana;Hombres;2016;929
25149 Oliana;Hombres;2015;923
25149 Oliana;Hombres;2014;922
25149 Oliana;Hombres;2013;932
25149 Oliana;Hombres;2012;947
25149 Oliana;Hombres;2011;976
25149 Oliana;Hombres;2010;980
25149 Oliana;Hombres;2009;986
25149 Oliana;Hombres;2008;970
25149 Oliana;Hombres;2007;978
25149 Oliana;Hombres;2006;983
25149 Oliana;Hombres;2005;985
25149 Oliana;Hombres;2004;956
25149 Oliana;Hombres;2003;949
25149 Oliana;Hombres;2002;951
25149 Oliana;Hombres;2001;938
25149 Oliana;Hombres;2000;943
25149 Oliana;Hombres;1999;948
25149 Oliana;Hombres;1998;956
25149 Oliana;Hombres;1997;""
25149 Oliana;Hombres;1996;950
25149 Oliana;Mujeres;2025;939
25149 Oliana;Mujeres;2024;925
25149 Oliana;Mujeres;2023;943
25149 Oliana;Mujeres;2022;920
25149 Oliana;Mujeres;2021;928
25149 Oliana;Mujeres;2020;925
25149 Oliana;Mujeres;2019;904
25149 Oliana;Mujeres;2018;887
25149 Oliana;Mujeres;2017;908
25149 Oliana;Mujeres;2016;915
25149 Oliana;Mujeres;2015;919
25149 Oliana;Mujeres;2014;948
25149 Oliana;Mujeres;2013;971
25149 Oliana;Mujeres;2012;973
25149 Oliana;Mujeres;2011;966
25149 Oliana;Mujeres;2010;965
25149 Oliana;Mujeres;2009;990
25149 Oliana;Mujeres;2008;979
25149 Oliana;Mujeres;2007;960
25149 Oliana;Mujeres;2006;956
25149 Oliana;Mujeres;2005;947
25149 Oliana;Mujeres;2004;914
25149 Oliana;Mujeres;2003;923
25149 Oliana;Mujeres;2002;919
25149 Oliana;Mujeres;2001;918
25149 Oliana;Mujeres;2000;921
25149 Oliana;Mujeres;1999;921
25149 Oliana;Mujeres;1998;921
25149 Oliana;Mujeres;1997;""
25149 Oliana;Mujeres;1996;894
25150 Oliola;Total;2025;192
25150 Oliola;Total;2024;196
25150 Oliola;Total;2023;198
25150 Oliola;Total;2022;196
25150 Oliola;Total;2021;201
25150 Oliola;Total;2020;203
25150 Oliola;Total;2019;197
25150 Oliola;Total;2018;202
25150 Oliola;Total;2017;211
25150 Oliola;Total;2016;220
25150 Oliola;Total;2015;233
25150 Oliola;Total;2014;235
25150 Oliola;Total;2013;230
25150 Oliola;Total;2012;219
25150 Oliola;Total;2011;230
25150 Oliola;Total;2010;232
25150 Oliola;Total;2009;248
25150 Oliola;Total;2008;262
25150 Oliola;Total;2007;263
25150 Oliola;Total;2006;246
25150 Oliola;Total;2005;254
25150 Oliola;Total;2004;270
25150 Oliola;Total;2003;283
25150 Oliola;Total;2002;220
25150 Oliola;Total;2001;217
25150 Oliola;Total;2000;227
25150 Oliola;Total;1999;219
25150 Oliola;Total;1998;199
25150 Oliola;Total;1997;""
25150 Oliola;Total;1996;196
25150 Oliola;Hombres;2025;102
25150 Oliola;Hombres;2024;103
25150 Oliola;Hombres;2023;106
25150 Oliola;Hombres;2022;105
25150 Oliola;Hombres;2021;108
25150 Oliola;Hombres;2020;109
25150 Oliola;Hombres;2019;106
25150 Oliola;Hombres;2018;108
25150 Oliola;Hombres;2017;113
25150 Oliola;Hombres;2016;123
25150 Oliola;Hombres;2015;128
25150 Oliola;Hombres;2014;129
25150 Oliola;Hombres;2013;127
25150 Oliola;Hombres;2012;124
25150 Oliola;Hombres;2011;131
25150 Oliola;Hombres;2010;133
25150 Oliola;Hombres;2009;143
25150 Oliola;Hombres;2008;149
25150 Oliola;Hombres;2007;147
25150 Oliola;Hombres;2006;142
25150 Oliola;Hombres;2005;143
25150 Oliola;Hombres;2004;148
25150 Oliola;Hombres;2003;155
25150 Oliola;Hombres;2002;118
25150 Oliola;Hombres;2001;117
25150 Oliola;Hombres;2000;125
25150 Oliola;Hombres;1999;120
25150 Oliola;Hombres;1998;112
25150 Oliola;Hombres;1997;""
25150 Oliola;Hombres;1996;114
25150 Oliola;Mujeres;2025;90
25150 Oliola;Mujeres;2024;93
25150 Oliola;Mujeres;2023;92
25150 Oliola;Mujeres;2022;91
25150 Oliola;Mujeres;2021;93
25150 Oliola;Mujeres;2020;94
25150 Oliola;Mujeres;2019;91
25150 Oliola;Mujeres;2018;94
25150 Oliola;Mujeres;2017;98
25150 Oliola;Mujeres;2016;97
25150 Oliola;Mujeres;2015;105
25150 Oliola;Mujeres;2014;106
25150 Oliola;Mujeres;2013;103
25150 Oliola;Mujeres;2012;95
25150 Oliola;Mujeres;2011;99
25150 Oliola;Mujeres;2010;99
25150 Oliola;Mujeres;2009;105
25150 Oliola;Mujeres;2008;113
25150 Oliola;Mujeres;2007;116
25150 Oliola;Mujeres;2006;104
25150 Oliola;Mujeres;2005;111
25150 Oliola;Mujeres;2004;122
25150 Oliola;Mujeres;2003;128
25150 Oliola;Mujeres;2002;102
25150 Oliola;Mujeres;2001;100
25150 Oliola;Mujeres;2000;102
25150 Oliola;Mujeres;1999;99
25150 Oliola;Mujeres;1998;87
25150 Oliola;Mujeres;1997;""
25150 Oliola;Mujeres;1996;82
25151 Olius;Total;2025;990
25151 Olius;Total;2024;1.003
25151 Olius;Total;2023;995
25151 Olius;Total;2022;985
25151 Olius;Total;2021;962
25151 Olius;Total;2020;981
25151 Olius;Total;2019;986
25151 Olius;Total;2018;961
25151 Olius;Total;2017;931
25151 Olius;Total;2016;929
25151 Olius;Total;2015;910
25151 Olius;Total;2014;902
25151 Olius;Total;2013;903
25151 Olius;Total;2012;881
25151 Olius;Total;2011;870
25151 Olius;Total;2010;841
25151 Olius;Total;2009;814
25151 Olius;Total;2008;789
25151 Olius;Total;2007;752
25151 Olius;Total;2006;686
25151 Olius;Total;2005;615
25151 Olius;Total;2004;610
25151 Olius;Total;2003;585
25151 Olius;Total;2002;582
25151 Olius;Total;2001;564
25151 Olius;Total;2000;555
25151 Olius;Total;1999;523
25151 Olius;Total;1998;520
25151 Olius;Total;1997;""
25151 Olius;Total;1996;482
25151 Olius;Hombres;2025;518
25151 Olius;Hombres;2024;523
25151 Olius;Hombres;2023;514
25151 Olius;Hombres;2022;518
25151 Olius;Hombres;2021;519
25151 Olius;Hombres;2020;527
25151 Olius;Hombres;2019;527
25151 Olius;Hombres;2018;508
25151 Olius;Hombres;2017;497
25151 Olius;Hombres;2016;488
25151 Olius;Hombres;2015;475
25151 Olius;Hombres;2014;462
25151 Olius;Hombres;2013;460
25151 Olius;Hombres;2012;450
25151 Olius;Hombres;2011;449
25151 Olius;Hombres;2010;440
25151 Olius;Hombres;2009;419
25151 Olius;Hombres;2008;403
25151 Olius;Hombres;2007;383
25151 Olius;Hombres;2006;345
25151 Olius;Hombres;2005;314
25151 Olius;Hombres;2004;304
25151 Olius;Hombres;2003;293
25151 Olius;Hombres;2002;293
25151 Olius;Hombres;2001;284
25151 Olius;Hombres;2000;282
25151 Olius;Hombres;1999;264
25151 Olius;Hombres;1998;264
25151 Olius;Hombres;1997;""
25151 Olius;Hombres;1996;237
25151 Olius;Mujeres;2025;472
25151 Olius;Mujeres;2024;480
25151 Olius;Mujeres;2023;481
25151 Olius;Mujeres;2022;467
25151 Olius;Mujeres;2021;443
25151 Olius;Mujeres;2020;454
25151 Olius;Mujeres;2019;459
25151 Olius;Mujeres;2018;453
25151 Olius;Mujeres;2017;434
25151 Olius;Mujeres;2016;441
25151 Olius;Mujeres;2015;435
25151 Olius;Mujeres;2014;440
25151 Olius;Mujeres;2013;443
25151 Olius;Mujeres;2012;431
25151 Olius;Mujeres;2011;421
25151 Olius;Mujeres;2010;401
25151 Olius;Mujeres;2009;395
25151 Olius;Mujeres;2008;386
25151 Olius;Mujeres;2007;369
25151 Olius;Mujeres;2006;341
25151 Olius;Mujeres;2005;301
25151 Olius;Mujeres;2004;306
25151 Olius;Mujeres;2003;292
25151 Olius;Mujeres;2002;289
25151 Olius;Mujeres;2001;280
25151 Olius;Mujeres;2000;273
25151 Olius;Mujeres;1999;259
25151 Olius;Mujeres;1998;256
25151 Olius;Mujeres;1997;""
25151 Olius;Mujeres;1996;245
25152 Oluges, Les;Total;2025;167
25152 Oluges, Les;Total;2024;167
25152 Oluges, Les;Total;2023;164
25152 Oluges, Les;Total;2022;166
25152 Oluges, Les;Total;2021;169
25152 Oluges, Les;Total;2020;171
25152 Oluges, Les;Total;2019;167
25152 Oluges, Les;Total;2018;172
25152 Oluges, Les;Total;2017;155
25152 Oluges, Les;Total;2016;152
25152 Oluges, Les;Total;2015;161
25152 Oluges, Les;Total;2014;158
25152 Oluges, Les;Total;2013;162
25152 Oluges, Les;Total;2012;167
25152 Oluges, Les;Total;2011;174
25152 Oluges, Les;Total;2010;176
25152 Oluges, Les;Total;2009;179
25152 Oluges, Les;Total;2008;186
25152 Oluges, Les;Total;2007;177
25152 Oluges, Les;Total;2006;174
25152 Oluges, Les;Total;2005;178
25152 Oluges, Les;Total;2004;181
25152 Oluges, Les;Total;2003;180
25152 Oluges, Les;Total;2002;180
25152 Oluges, Les;Total;2001;189
25152 Oluges, Les;Total;2000;187
25152 Oluges, Les;Total;1999;191
25152 Oluges, Les;Total;1998;192
25152 Oluges, Les;Total;1997;""
25152 Oluges, Les;Total;1996;195
25152 Oluges, Les;Hombres;2025;92
25152 Oluges, Les;Hombres;2024;91
25152 Oluges, Les;Hombres;2023;92
25152 Oluges, Les;Hombres;2022;90
25152 Oluges, Les;Hombres;2021;92
25152 Oluges, Les;Hombres;2020;90
25152 Oluges, Les;Hombres;2019;88
25152 Oluges, Les;Hombres;2018;90
25152 Oluges, Les;Hombres;2017;81
25152 Oluges, Les;Hombres;2016;81
25152 Oluges, Les;Hombres;2015;85
25152 Oluges, Les;Hombres;2014;84
25152 Oluges, Les;Hombres;2013;86
25152 Oluges, Les;Hombres;2012;92
25152 Oluges, Les;Hombres;2011;98
25152 Oluges, Les;Hombres;2010;98
25152 Oluges, Les;Hombres;2009;99
25152 Oluges, Les;Hombres;2008;103
25152 Oluges, Les;Hombres;2007;96
25152 Oluges, Les;Hombres;2006;91
25152 Oluges, Les;Hombres;2005;94
25152 Oluges, Les;Hombres;2004;95
25152 Oluges, Les;Hombres;2003;94
25152 Oluges, Les;Hombres;2002;92
25152 Oluges, Les;Hombres;2001;96
25152 Oluges, Les;Hombres;2000;95
25152 Oluges, Les;Hombres;1999;99
25152 Oluges, Les;Hombres;1998;102
25152 Oluges, Les;Hombres;1997;""
25152 Oluges, Les;Hombres;1996;102
25152 Oluges, Les;Mujeres;2025;75
25152 Oluges, Les;Mujeres;2024;76
25152 Oluges, Les;Mujeres;2023;72
25152 Oluges, Les;Mujeres;2022;76
25152 Oluges, Les;Mujeres;2021;77
25152 Oluges, Les;Mujeres;2020;81
25152 Oluges, Les;Mujeres;2019;79
25152 Oluges, Les;Mujeres;2018;82
25152 Oluges, Les;Mujeres;2017;74
25152 Oluges, Les;Mujeres;2016;71
25152 Oluges, Les;Mujeres;2015;76
25152 Oluges, Les;Mujeres;2014;74
25152 Oluges, Les;Mujeres;2013;76
25152 Oluges, Les;Mujeres;2012;75
25152 Oluges, Les;Mujeres;2011;76
25152 Oluges, Les;Mujeres;2010;78
25152 Oluges, Les;Mujeres;2009;80
25152 Oluges, Les;Mujeres;2008;83
25152 Oluges, Les;Mujeres;2007;81
25152 Oluges, Les;Mujeres;2006;83
25152 Oluges, Les;Mujeres;2005;84
25152 Oluges, Les;Mujeres;2004;86
25152 Oluges, Les;Mujeres;2003;86
25152 Oluges, Les;Mujeres;2002;88
25152 Oluges, Les;Mujeres;2001;93
25152 Oluges, Les;Mujeres;2000;92
25152 Oluges, Les;Mujeres;1999;92
25152 Oluges, Les;Mujeres;1998;90
25152 Oluges, Les;Mujeres;1997;""
25152 Oluges, Les;Mujeres;1996;93
25153 Omellons, Els;Total;2025;187
25153 Omellons, Els;Total;2024;190
25153 Omellons, Els;Total;2023;197
25153 Omellons, Els;Total;2022;198
25153 Omellons, Els;Total;2021;202
25153 Omellons, Els;Total;2020;206
25153 Omellons, Els;Total;2019;211
25153 Omellons, Els;Total;2018;212
25153 Omellons, Els;Total;2017;210
25153 Omellons, Els;Total;2016;217
25153 Omellons, Els;Total;2015;226
25153 Omellons, Els;Total;2014;232
25153 Omellons, Els;Total;2013;234
25153 Omellons, Els;Total;2012;243
25153 Omellons, Els;Total;2011;241
25153 Omellons, Els;Total;2010;254
25153 Omellons, Els;Total;2009;244
25153 Omellons, Els;Total;2008;241
25153 Omellons, Els;Total;2007;246
25153 Omellons, Els;Total;2006;252
25153 Omellons, Els;Total;2005;260
25153 Omellons, Els;Total;2004;253
25153 Omellons, Els;Total;2003;253
25153 Omellons, Els;Total;2002;251
25153 Omellons, Els;Total;2001;258
25153 Omellons, Els;Total;2000;264
25153 Omellons, Els;Total;1999;266
25153 Omellons, Els;Total;1998;266
25153 Omellons, Els;Total;1997;""
25153 Omellons, Els;Total;1996;271
25153 Omellons, Els;Hombres;2025;98
25153 Omellons, Els;Hombres;2024;98
25153 Omellons, Els;Hombres;2023;105
25153 Omellons, Els;Hombres;2022;104
25153 Omellons, Els;Hombres;2021;109
25153 Omellons, Els;Hombres;2020;110
25153 Omellons, Els;Hombres;2019;111
25153 Omellons, Els;Hombres;2018;114
25153 Omellons, Els;Hombres;2017;111
25153 Omellons, Els;Hombres;2016;116
25153 Omellons, Els;Hombres;2015;118
25153 Omellons, Els;Hombres;2014;123
25153 Omellons, Els;Hombres;2013;125
25153 Omellons, Els;Hombres;2012;130
25153 Omellons, Els;Hombres;2011;129
25153 Omellons, Els;Hombres;2010;137
25153 Omellons, Els;Hombres;2009;130
25153 Omellons, Els;Hombres;2008;127
25153 Omellons, Els;Hombres;2007;129
25153 Omellons, Els;Hombres;2006;131
25153 Omellons, Els;Hombres;2005;135
25153 Omellons, Els;Hombres;2004;129
25153 Omellons, Els;Hombres;2003;130
25153 Omellons, Els;Hombres;2002;128
25153 Omellons, Els;Hombres;2001;134
25153 Omellons, Els;Hombres;2000;135
25153 Omellons, Els;Hombres;1999;135
25153 Omellons, Els;Hombres;1998;134
25153 Omellons, Els;Hombres;1997;""
25153 Omellons, Els;Hombres;1996;135
25153 Omellons, Els;Mujeres;2025;89
25153 Omellons, Els;Mujeres;2024;92
25153 Omellons, Els;Mujeres;2023;92
25153 Omellons, Els;Mujeres;2022;94
25153 Omellons, Els;Mujeres;2021;93
25153 Omellons, Els;Mujeres;2020;96
25153 Omellons, Els;Mujeres;2019;100
25153 Omellons, Els;Mujeres;2018;98
25153 Omellons, Els;Mujeres;2017;99
25153 Omellons, Els;Mujeres;2016;101
25153 Omellons, Els;Mujeres;2015;108
25153 Omellons, Els;Mujeres;2014;109
25153 Omellons, Els;Mujeres;2013;109
25153 Omellons, Els;Mujeres;2012;113
25153 Omellons, Els;Mujeres;2011;112
25153 Omellons, Els;Mujeres;2010;117
25153 Omellons, Els;Mujeres;2009;114
25153 Omellons, Els;Mujeres;2008;114
25153 Omellons, Els;Mujeres;2007;117
25153 Omellons, Els;Mujeres;2006;121
25153 Omellons, Els;Mujeres;2005;125
25153 Omellons, Els;Mujeres;2004;124
25153 Omellons, Els;Mujeres;2003;123
25153 Omellons, Els;Mujeres;2002;123
25153 Omellons, Els;Mujeres;2001;124
25153 Omellons, Els;Mujeres;2000;129
25153 Omellons, Els;Mujeres;1999;131
25153 Omellons, Els;Mujeres;1998;132
25153 Omellons, Els;Mujeres;1997;""
25153 Omellons, Els;Mujeres;1996;136
25154 Omells de na Gaia, Els;Total;2025;126
25154 Omells de na Gaia, Els;Total;2024;121
25154 Omells de na Gaia, Els;Total;2023;120
25154 Omells de na Gaia, Els;Total;2022;127
25154 Omells de na Gaia, Els;Total;2021;127
25154 Omells de na Gaia, Els;Total;2020;130
25154 Omells de na Gaia, Els;Total;2019;131
25154 Omells de na Gaia, Els;Total;2018;134
25154 Omells de na Gaia, Els;Total;2017;135
25154 Omells de na Gaia, Els;Total;2016;137
25154 Omells de na Gaia, Els;Total;2015;136
25154 Omells de na Gaia, Els;Total;2014;141
25154 Omells de na Gaia, Els;Total;2013;143
25154 Omells de na Gaia, Els;Total;2012;151
25154 Omells de na Gaia, Els;Total;2011;146
25154 Omells de na Gaia, Els;Total;2010;144
25154 Omells de na Gaia, Els;Total;2009;142
25154 Omells de na Gaia, Els;Total;2008;146
25154 Omells de na Gaia, Els;Total;2007;147
25154 Omells de na Gaia, Els;Total;2006;159
25154 Omells de na Gaia, Els;Total;2005;161
25154 Omells de na Gaia, Els;Total;2004;156
25154 Omells de na Gaia, Els;Total;2003;153
25154 Omells de na Gaia, Els;Total;2002;151
25154 Omells de na Gaia, Els;Total;2001;148
25154 Omells de na Gaia, Els;Total;2000;152
25154 Omells de na Gaia, Els;Total;1999;160
25154 Omells de na Gaia, Els;Total;1998;153
25154 Omells de na Gaia, Els;Total;1997;""
25154 Omells de na Gaia, Els;Total;1996;152
25154 Omells de na Gaia, Els;Hombres;2025;69
25154 Omells de na Gaia, Els;Hombres;2024;65
25154 Omells de na Gaia, Els;Hombres;2023;66
25154 Omells de na Gaia, Els;Hombres;2022;69
25154 Omells de na Gaia, Els;Hombres;2021;71
25154 Omells de na Gaia, Els;Hombres;2020;74
25154 Omells de na Gaia, Els;Hombres;2019;72
25154 Omells de na Gaia, Els;Hombres;2018;73
25154 Omells de na Gaia, Els;Hombres;2017;72
25154 Omells de na Gaia, Els;Hombres;2016;74
25154 Omells de na Gaia, Els;Hombres;2015;73
25154 Omells de na Gaia, Els;Hombres;2014;76
25154 Omells de na Gaia, Els;Hombres;2013;76
25154 Omells de na Gaia, Els;Hombres;2012;82
25154 Omells de na Gaia, Els;Hombres;2011;78
25154 Omells de na Gaia, Els;Hombres;2010;76
25154 Omells de na Gaia, Els;Hombres;2009;77
25154 Omells de na Gaia, Els;Hombres;2008;78
25154 Omells de na Gaia, Els;Hombres;2007;83
25154 Omells de na Gaia, Els;Hombres;2006;94
25154 Omells de na Gaia, Els;Hombres;2005;97
25154 Omells de na Gaia, Els;Hombres;2004;87
25154 Omells de na Gaia, Els;Hombres;2003;81
25154 Omells de na Gaia, Els;Hombres;2002;82
25154 Omells de na Gaia, Els;Hombres;2001;80
25154 Omells de na Gaia, Els;Hombres;2000;82
25154 Omells de na Gaia, Els;Hombres;1999;87
25154 Omells de na Gaia, Els;Hombres;1998;84
25154 Omells de na Gaia, Els;Hombres;1997;""
25154 Omells de na Gaia, Els;Hombres;1996;86
25154 Omells de na Gaia, Els;Mujeres;2025;57
25154 Omells de na Gaia, Els;Mujeres;2024;56
25154 Omells de na Gaia, Els;Mujeres;2023;54
25154 Omells de na Gaia, Els;Mujeres;2022;58
25154 Omells de na Gaia, Els;Mujeres;2021;56
25154 Omells de na Gaia, Els;Mujeres;2020;56
25154 Omells de na Gaia, Els;Mujeres;2019;59
25154 Omells de na Gaia, Els;Mujeres;2018;61
25154 Omells de na Gaia, Els;Mujeres;2017;63
25154 Omells de na Gaia, Els;Mujeres;2016;63
25154 Omells de na Gaia, Els;Mujeres;2015;63
25154 Omells de na Gaia, Els;Mujeres;2014;65
25154 Omells de na Gaia, Els;Mujeres;2013;67
25154 Omells de na Gaia, Els;Mujeres;2012;69
25154 Omells de na Gaia, Els;Mujeres;2011;68
25154 Omells de na Gaia, Els;Mujeres;2010;68
25154 Omells de na Gaia, Els;Mujeres;2009;65
25154 Omells de na Gaia, Els;Mujeres;2008;68
25154 Omells de na Gaia, Els;Mujeres;2007;64
25154 Omells de na Gaia, Els;Mujeres;2006;65
25154 Omells de na Gaia, Els;Mujeres;2005;64
25154 Omells de na Gaia, Els;Mujeres;2004;69
25154 Omells de na Gaia, Els;Mujeres;2003;72
25154 Omells de na Gaia, Els;Mujeres;2002;69
25154 Omells de na Gaia, Els;Mujeres;2001;68
25154 Omells de na Gaia, Els;Mujeres;2000;70
25154 Omells de na Gaia, Els;Mujeres;1999;73
25154 Omells de na Gaia, Els;Mujeres;1998;69
25154 Omells de na Gaia, Els;Mujeres;1997;""
25154 Omells de na Gaia, Els;Mujeres;1996;66
25155 Organyà;Total;2025;853
25155 Organyà;Total;2024;811
25155 Organyà;Total;2023;797
25155 Organyà;Total;2022;796
25155 Organyà;Total;2021;766
25155 Organyà;Total;2020;771
25155 Organyà;Total;2019;784
25155 Organyà;Total;2018;792
25155 Organyà;Total;2017;801
25155 Organyà;Total;2016;804
25155 Organyà;Total;2015;845
25155 Organyà;Total;2014;841
25155 Organyà;Total;2013;875
25155 Organyà;Total;2012;895
25155 Organyà;Total;2011;929
25155 Organyà;Total;2010;942
25155 Organyà;Total;2009;958
25155 Organyà;Total;2008;946
25155 Organyà;Total;2007;959
25155 Organyà;Total;2006;961
25155 Organyà;Total;2005;960
25155 Organyà;Total;2004;935
25155 Organyà;Total;2003;954
25155 Organyà;Total;2002;966
25155 Organyà;Total;2001;989
25155 Organyà;Total;2000;992
25155 Organyà;Total;1999;991
25155 Organyà;Total;1998;993
25155 Organyà;Total;1997;""
25155 Organyà;Total;1996;1.010
25155 Organyà;Hombres;2025;445
25155 Organyà;Hombres;2024;416
25155 Organyà;Hombres;2023;409
25155 Organyà;Hombres;2022;403
25155 Organyà;Hombres;2021;378
25155 Organyà;Hombres;2020;387
25155 Organyà;Hombres;2019;388
25155 Organyà;Hombres;2018;396
25155 Organyà;Hombres;2017;401
25155 Organyà;Hombres;2016;399
25155 Organyà;Hombres;2015;418
25155 Organyà;Hombres;2014;413
25155 Organyà;Hombres;2013;439
25155 Organyà;Hombres;2012;443
25155 Organyà;Hombres;2011;452
25155 Organyà;Hombres;2010;463
25155 Organyà;Hombres;2009;467
25155 Organyà;Hombres;2008;475
25155 Organyà;Hombres;2007;480
25155 Organyà;Hombres;2006;476
25155 Organyà;Hombres;2005;477
25155 Organyà;Hombres;2004;471
25155 Organyà;Hombres;2003;484
25155 Organyà;Hombres;2002;492
25155 Organyà;Hombres;2001;505
25155 Organyà;Hombres;2000;507
25155 Organyà;Hombres;1999;510
25155 Organyà;Hombres;1998;511
25155 Organyà;Hombres;1997;""
25155 Organyà;Hombres;1996;513
25155 Organyà;Mujeres;2025;408
25155 Organyà;Mujeres;2024;395
25155 Organyà;Mujeres;2023;388
25155 Organyà;Mujeres;2022;393
25155 Organyà;Mujeres;2021;388
25155 Organyà;Mujeres;2020;384
25155 Organyà;Mujeres;2019;396
25155 Organyà;Mujeres;2018;396
25155 Organyà;Mujeres;2017;400
25155 Organyà;Mujeres;2016;405
25155 Organyà;Mujeres;2015;427
25155 Organyà;Mujeres;2014;428
25155 Organyà;Mujeres;2013;436
25155 Organyà;Mujeres;2012;452
25155 Organyà;Mujeres;2011;477
25155 Organyà;Mujeres;2010;479
25155 Organyà;Mujeres;2009;491
25155 Organyà;Mujeres;2008;471
25155 Organyà;Mujeres;2007;479
25155 Organyà;Mujeres;2006;485
25155 Organyà;Mujeres;2005;483
25155 Organyà;Mujeres;2004;464
25155 Organyà;Mujeres;2003;470
25155 Organyà;Mujeres;2002;474
25155 Organyà;Mujeres;2001;484
25155 Organyà;Mujeres;2000;485
25155 Organyà;Mujeres;1999;481
25155 Organyà;Mujeres;1998;482
25155 Organyà;Mujeres;1997;""
25155 Organyà;Mujeres;1996;497
25156 Os de Balaguer;Total;2025;1.088
25156 Os de Balaguer;Total;2024;1.075
25156 Os de Balaguer;Total;2023;1.083
25156 Os de Balaguer;Total;2022;1.046
25156 Os de Balaguer;Total;2021;1.000
25156 Os de Balaguer;Total;2020;980
25156 Os de Balaguer;Total;2019;994
25156 Os de Balaguer;Total;2018;1.009
25156 Os de Balaguer;Total;2017;1.013
25156 Os de Balaguer;Total;2016;1.022
25156 Os de Balaguer;Total;2015;995
25156 Os de Balaguer;Total;2014;1.008
25156 Os de Balaguer;Total;2013;1.015
25156 Os de Balaguer;Total;2012;991
25156 Os de Balaguer;Total;2011;987
25156 Os de Balaguer;Total;2010;987
25156 Os de Balaguer;Total;2009;985
25156 Os de Balaguer;Total;2008;998
25156 Os de Balaguer;Total;2007;958
25156 Os de Balaguer;Total;2006;924
25156 Os de Balaguer;Total;2005;885
25156 Os de Balaguer;Total;2004;800
25156 Os de Balaguer;Total;2003;822
25156 Os de Balaguer;Total;2002;778
25156 Os de Balaguer;Total;2001;771
25156 Os de Balaguer;Total;2000;768
25156 Os de Balaguer;Total;1999;747
25156 Os de Balaguer;Total;1998;761
25156 Os de Balaguer;Total;1997;""
25156 Os de Balaguer;Total;1996;773
25156 Os de Balaguer;Hombres;2025;550
25156 Os de Balaguer;Hombres;2024;547
25156 Os de Balaguer;Hombres;2023;543
25156 Os de Balaguer;Hombres;2022;531
25156 Os de Balaguer;Hombres;2021;513
25156 Os de Balaguer;Hombres;2020;501
25156 Os de Balaguer;Hombres;2019;507
25156 Os de Balaguer;Hombres;2018;512
25156 Os de Balaguer;Hombres;2017;514
25156 Os de Balaguer;Hombres;2016;514
25156 Os de Balaguer;Hombres;2015;501
25156 Os de Balaguer;Hombres;2014;510
25156 Os de Balaguer;Hombres;2013;517
25156 Os de Balaguer;Hombres;2012;514
25156 Os de Balaguer;Hombres;2011;513
25156 Os de Balaguer;Hombres;2010;518
25156 Os de Balaguer;Hombres;2009;522
25156 Os de Balaguer;Hombres;2008;526
25156 Os de Balaguer;Hombres;2007;510
25156 Os de Balaguer;Hombres;2006;494
25156 Os de Balaguer;Hombres;2005;474
25156 Os de Balaguer;Hombres;2004;426
25156 Os de Balaguer;Hombres;2003;441
25156 Os de Balaguer;Hombres;2002;415
25156 Os de Balaguer;Hombres;2001;402
25156 Os de Balaguer;Hombres;2000;401
25156 Os de Balaguer;Hombres;1999;389
25156 Os de Balaguer;Hombres;1998;403
25156 Os de Balaguer;Hombres;1997;""
25156 Os de Balaguer;Hombres;1996;410
25156 Os de Balaguer;Mujeres;2025;538
25156 Os de Balaguer;Mujeres;2024;528
25156 Os de Balaguer;Mujeres;2023;540
25156 Os de Balaguer;Mujeres;2022;515
25156 Os de Balaguer;Mujeres;2021;487
25156 Os de Balaguer;Mujeres;2020;479
25156 Os de Balaguer;Mujeres;2019;487
25156 Os de Balaguer;Mujeres;2018;497
25156 Os de Balaguer;Mujeres;2017;499
25156 Os de Balaguer;Mujeres;2016;508
25156 Os de Balaguer;Mujeres;2015;494
25156 Os de Balaguer;Mujeres;2014;498
25156 Os de Balaguer;Mujeres;2013;498
25156 Os de Balaguer;Mujeres;2012;477
25156 Os de Balaguer;Mujeres;2011;474
25156 Os de Balaguer;Mujeres;2010;469
25156 Os de Balaguer;Mujeres;2009;463
25156 Os de Balaguer;Mujeres;2008;472
25156 Os de Balaguer;Mujeres;2007;448
25156 Os de Balaguer;Mujeres;2006;430
25156 Os de Balaguer;Mujeres;2005;411
25156 Os de Balaguer;Mujeres;2004;374
25156 Os de Balaguer;Mujeres;2003;381
25156 Os de Balaguer;Mujeres;2002;363
25156 Os de Balaguer;Mujeres;2001;369
25156 Os de Balaguer;Mujeres;2000;367
25156 Os de Balaguer;Mujeres;1999;358
25156 Os de Balaguer;Mujeres;1998;358
25156 Os de Balaguer;Mujeres;1997;""
25156 Os de Balaguer;Mujeres;1996;363
25157 Ossó de Sió;Total;2025;198
25157 Ossó de Sió;Total;2024;195
25157 Ossó de Sió;Total;2023;197
25157 Ossó de Sió;Total;2022;193
25157 Ossó de Sió;Total;2021;196
25157 Ossó de Sió;Total;2020;203
25157 Ossó de Sió;Total;2019;204
25157 Ossó de Sió;Total;2018;205
25157 Ossó de Sió;Total;2017;213
25157 Ossó de Sió;Total;2016;214
25157 Ossó de Sió;Total;2015;213
25157 Ossó de Sió;Total;2014;211
25157 Ossó de Sió;Total;2013;210
25157 Ossó de Sió;Total;2012;218
25157 Ossó de Sió;Total;2011;218
25157 Ossó de Sió;Total;2010;226
25157 Ossó de Sió;Total;2009;219
25157 Ossó de Sió;Total;2008;227
25157 Ossó de Sió;Total;2007;235
25157 Ossó de Sió;Total;2006;236
25157 Ossó de Sió;Total;2005;225
25157 Ossó de Sió;Total;2004;230
25157 Ossó de Sió;Total;2003;244
25157 Ossó de Sió;Total;2002;239
25157 Ossó de Sió;Total;2001;229
25157 Ossó de Sió;Total;2000;233
25157 Ossó de Sió;Total;1999;214
25157 Ossó de Sió;Total;1998;210
25157 Ossó de Sió;Total;1997;""
25157 Ossó de Sió;Total;1996;214
25157 Ossó de Sió;Hombres;2025;104
25157 Ossó de Sió;Hombres;2024;101
25157 Ossó de Sió;Hombres;2023;100
25157 Ossó de Sió;Hombres;2022;94
25157 Ossó de Sió;Hombres;2021;94
25157 Ossó de Sió;Hombres;2020;97
25157 Ossó de Sió;Hombres;2019;98
25157 Ossó de Sió;Hombres;2018;104
25157 Ossó de Sió;Hombres;2017;106
25157 Ossó de Sió;Hombres;2016;105
25157 Ossó de Sió;Hombres;2015;109
25157 Ossó de Sió;Hombres;2014;106
25157 Ossó de Sió;Hombres;2013;104
25157 Ossó de Sió;Hombres;2012;109
25157 Ossó de Sió;Hombres;2011;110
25157 Ossó de Sió;Hombres;2010;114
25157 Ossó de Sió;Hombres;2009;107
25157 Ossó de Sió;Hombres;2008;117
25157 Ossó de Sió;Hombres;2007;119
25157 Ossó de Sió;Hombres;2006;118
25157 Ossó de Sió;Hombres;2005;113
25157 Ossó de Sió;Hombres;2004;117
25157 Ossó de Sió;Hombres;2003;124
25157 Ossó de Sió;Hombres;2002;121
25157 Ossó de Sió;Hombres;2001;118
25157 Ossó de Sió;Hombres;2000;119
25157 Ossó de Sió;Hombres;1999;109
25157 Ossó de Sió;Hombres;1998;106
25157 Ossó de Sió;Hombres;1997;""
25157 Ossó de Sió;Hombres;1996;104
25157 Ossó de Sió;Mujeres;2025;94
25157 Ossó de Sió;Mujeres;2024;94
25157 Ossó de Sió;Mujeres;2023;97
25157 Ossó de Sió;Mujeres;2022;99
25157 Ossó de Sió;Mujeres;2021;102
25157 Ossó de Sió;Mujeres;2020;106
25157 Ossó de Sió;Mujeres;2019;106
25157 Ossó de Sió;Mujeres;2018;101
25157 Ossó de Sió;Mujeres;2017;107
25157 Ossó de Sió;Mujeres;2016;109
25157 Ossó de Sió;Mujeres;2015;104
25157 Ossó de Sió;Mujeres;2014;105
25157 Ossó de Sió;Mujeres;2013;106
25157 Ossó de Sió;Mujeres;2012;109
25157 Ossó de Sió;Mujeres;2011;108
25157 Ossó de Sió;Mujeres;2010;112
25157 Ossó de Sió;Mujeres;2009;112
25157 Ossó de Sió;Mujeres;2008;110
25157 Ossó de Sió;Mujeres;2007;116
25157 Ossó de Sió;Mujeres;2006;118
25157 Ossó de Sió;Mujeres;2005;112
25157 Ossó de Sió;Mujeres;2004;113
25157 Ossó de Sió;Mujeres;2003;120
25157 Ossó de Sió;Mujeres;2002;118
25157 Ossó de Sió;Mujeres;2001;111
25157 Ossó de Sió;Mujeres;2000;114
25157 Ossó de Sió;Mujeres;1999;105
25157 Ossó de Sió;Mujeres;1998;104
25157 Ossó de Sió;Mujeres;1997;""
25157 Ossó de Sió;Mujeres;1996;110
25158 Palau d'Anglesola, El;Total;2025;2.232
25158 Palau d'Anglesola, El;Total;2024;2.205
25158 Palau d'Anglesola, El;Total;2023;2.188
25158 Palau d'Anglesola, El;Total;2022;2.191
25158 Palau d'Anglesola, El;Total;2021;2.205
25158 Palau d'Anglesola, El;Total;2020;2.166
25158 Palau d'Anglesola, El;Total;2019;2.166
25158 Palau d'Anglesola, El;Total;2018;2.163
25158 Palau d'Anglesola, El;Total;2017;2.183
25158 Palau d'Anglesola, El;Total;2016;2.153
25158 Palau d'Anglesola, El;Total;2015;2.136
25158 Palau d'Anglesola, El;Total;2014;2.135
25158 Palau d'Anglesola, El;Total;2013;2.185
25158 Palau d'Anglesola, El;Total;2012;2.185
25158 Palau d'Anglesola, El;Total;2011;2.172
25158 Palau d'Anglesola, El;Total;2010;2.120
25158 Palau d'Anglesola, El;Total;2009;2.099
25158 Palau d'Anglesola, El;Total;2008;2.050
25158 Palau d'Anglesola, El;Total;2007;1.947
25158 Palau d'Anglesola, El;Total;2006;1.883
25158 Palau d'Anglesola, El;Total;2005;1.816
25158 Palau d'Anglesola, El;Total;2004;1.775
25158 Palau d'Anglesola, El;Total;2003;1.741
25158 Palau d'Anglesola, El;Total;2002;1.725
25158 Palau d'Anglesola, El;Total;2001;1.704
25158 Palau d'Anglesola, El;Total;2000;1.682
25158 Palau d'Anglesola, El;Total;1999;1.655
25158 Palau d'Anglesola, El;Total;1998;1.630
25158 Palau d'Anglesola, El;Total;1997;""
25158 Palau d'Anglesola, El;Total;1996;1.623
25158 Palau d'Anglesola, El;Hombres;2025;1.108
25158 Palau d'Anglesola, El;Hombres;2024;1.101
25158 Palau d'Anglesola, El;Hombres;2023;1.084
25158 Palau d'Anglesola, El;Hombres;2022;1.088
25158 Palau d'Anglesola, El;Hombres;2021;1.101
25158 Palau d'Anglesola, El;Hombres;2020;1.071
25158 Palau d'Anglesola, El;Hombres;2019;1.061
25158 Palau d'Anglesola, El;Hombres;2018;1.070
25158 Palau d'Anglesola, El;Hombres;2017;1.072
25158 Palau d'Anglesola, El;Hombres;2016;1.053
25158 Palau d'Anglesola, El;Hombres;2015;1.051
25158 Palau d'Anglesola, El;Hombres;2014;1.061
25158 Palau d'Anglesola, El;Hombres;2013;1.088
25158 Palau d'Anglesola, El;Hombres;2012;1.084
25158 Palau d'Anglesola, El;Hombres;2011;1.075
25158 Palau d'Anglesola, El;Hombres;2010;1.053
25158 Palau d'Anglesola, El;Hombres;2009;1.048
25158 Palau d'Anglesola, El;Hombres;2008;1.025
25158 Palau d'Anglesola, El;Hombres;2007;988
25158 Palau d'Anglesola, El;Hombres;2006;961
25158 Palau d'Anglesola, El;Hombres;2005;925
25158 Palau d'Anglesola, El;Hombres;2004;894
25158 Palau d'Anglesola, El;Hombres;2003;871
25158 Palau d'Anglesola, El;Hombres;2002;861
25158 Palau d'Anglesola, El;Hombres;2001;849
25158 Palau d'Anglesola, El;Hombres;2000;831
25158 Palau d'Anglesola, El;Hombres;1999;830
25158 Palau d'Anglesola, El;Hombres;1998;824
25158 Palau d'Anglesola, El;Hombres;1997;""
25158 Palau d'Anglesola, El;Hombres;1996;815
25158 Palau d'Anglesola, El;Mujeres;2025;1.124
25158 Palau d'Anglesola, El;Mujeres;2024;1.104
25158 Palau d'Anglesola, El;Mujeres;2023;1.104
25158 Palau d'Anglesola, El;Mujeres;2022;1.103
25158 Palau d'Anglesola, El;Mujeres;2021;1.104
25158 Palau d'Anglesola, El;Mujeres;2020;1.095
25158 Palau d'Anglesola, El;Mujeres;2019;1.105
25158 Palau d'Anglesola, El;Mujeres;2018;1.093
25158 Palau d'Anglesola, El;Mujeres;2017;1.111
25158 Palau d'Anglesola, El;Mujeres;2016;1.100
25158 Palau d'Anglesola, El;Mujeres;2015;1.085
25158 Palau d'Anglesola, El;Mujeres;2014;1.074
25158 Palau d'Anglesola, El;Mujeres;2013;1.097
25158 Palau d'Anglesola, El;Mujeres;2012;1.101
25158 Palau d'Anglesola, El;Mujeres;2011;1.097
25158 Palau d'Anglesola, El;Mujeres;2010;1.067
25158 Palau d'Anglesola, El;Mujeres;2009;1.051
25158 Palau d'Anglesola, El;Mujeres;2008;1.025
25158 Palau d'Anglesola, El;Mujeres;2007;959
25158 Palau d'Anglesola, El;Mujeres;2006;922
25158 Palau d'Anglesola, El;Mujeres;2005;891
25158 Palau d'Anglesola, El;Mujeres;2004;881
25158 Palau d'Anglesola, El;Mujeres;2003;870
25158 Palau d'Anglesola, El;Mujeres;2002;864
25158 Palau d'Anglesola, El;Mujeres;2001;855
25158 Palau d'Anglesola, El;Mujeres;2000;851
25158 Palau d'Anglesola, El;Mujeres;1999;825
25158 Palau d'Anglesola, El;Mujeres;1998;806
25158 Palau d'Anglesola, El;Mujeres;1997;""
25158 Palau d'Anglesola, El;Mujeres;1996;808
25164 Penelles;Total;2025;431
25164 Penelles;Total;2024;435
25164 Penelles;Total;2023;428
25164 Penelles;Total;2022;430
25164 Penelles;Total;2021;443
25164 Penelles;Total;2020;436
25164 Penelles;Total;2019;452
25164 Penelles;Total;2018;462
25164 Penelles;Total;2017;463
25164 Penelles;Total;2016;474
25164 Penelles;Total;2015;482
25164 Penelles;Total;2014;504
25164 Penelles;Total;2013;511
25164 Penelles;Total;2012;524
25164 Penelles;Total;2011;505
25164 Penelles;Total;2010;502
25164 Penelles;Total;2009;546
25164 Penelles;Total;2008;551
25164 Penelles;Total;2007;527
25164 Penelles;Total;2006;525
25164 Penelles;Total;2005;523
25164 Penelles;Total;2004;523
25164 Penelles;Total;2003;538
25164 Penelles;Total;2002;523
25164 Penelles;Total;2001;523
25164 Penelles;Total;2000;536
25164 Penelles;Total;1999;541
25164 Penelles;Total;1998;549
25164 Penelles;Total;1997;""
25164 Penelles;Total;1996;573
25164 Penelles;Hombres;2025;248
25164 Penelles;Hombres;2024;252
25164 Penelles;Hombres;2023;247
25164 Penelles;Hombres;2022;249
25164 Penelles;Hombres;2021;254
25164 Penelles;Hombres;2020;255
25164 Penelles;Hombres;2019;262
25164 Penelles;Hombres;2018;266
25164 Penelles;Hombres;2017;265
25164 Penelles;Hombres;2016;271
25164 Penelles;Hombres;2015;277
25164 Penelles;Hombres;2014;298
25164 Penelles;Hombres;2013;302
25164 Penelles;Hombres;2012;309
25164 Penelles;Hombres;2011;296
25164 Penelles;Hombres;2010;288
25164 Penelles;Hombres;2009;297
25164 Penelles;Hombres;2008;298
25164 Penelles;Hombres;2007;302
25164 Penelles;Hombres;2006;297
25164 Penelles;Hombres;2005;290
25164 Penelles;Hombres;2004;282
25164 Penelles;Hombres;2003;294
25164 Penelles;Hombres;2002;286
25164 Penelles;Hombres;2001;282
25164 Penelles;Hombres;2000;293
25164 Penelles;Hombres;1999;297
25164 Penelles;Hombres;1998;303
25164 Penelles;Hombres;1997;""
25164 Penelles;Hombres;1996;308
25164 Penelles;Mujeres;2025;183
25164 Penelles;Mujeres;2024;183
25164 Penelles;Mujeres;2023;181
25164 Penelles;Mujeres;2022;181
25164 Penelles;Mujeres;2021;189
25164 Penelles;Mujeres;2020;181
25164 Penelles;Mujeres;2019;190
25164 Penelles;Mujeres;2018;196
25164 Penelles;Mujeres;2017;198
25164 Penelles;Mujeres;2016;203
25164 Penelles;Mujeres;2015;205
25164 Penelles;Mujeres;2014;206
25164 Penelles;Mujeres;2013;209
25164 Penelles;Mujeres;2012;215
25164 Penelles;Mujeres;2011;209
25164 Penelles;Mujeres;2010;214
25164 Penelles;Mujeres;2009;249
25164 Penelles;Mujeres;2008;253
25164 Penelles;Mujeres;2007;225
25164 Penelles;Mujeres;2006;228
25164 Penelles;Mujeres;2005;233
25164 Penelles;Mujeres;2004;241
25164 Penelles;Mujeres;2003;244
25164 Penelles;Mujeres;2002;237
25164 Penelles;Mujeres;2001;241
25164 Penelles;Mujeres;2000;243
25164 Penelles;Mujeres;1999;244
25164 Penelles;Mujeres;1998;246
25164 Penelles;Mujeres;1997;""
25164 Penelles;Mujeres;1996;265
25165 Peramola;Total;2025;339
25165 Peramola;Total;2024;357
25165 Peramola;Total;2023;345
25165 Peramola;Total;2022;348
25165 Peramola;Total;2021;348
25165 Peramola;Total;2020;347
25165 Peramola;Total;2019;347
25165 Peramola;Total;2018;353
25165 Peramola;Total;2017;341
25165 Peramola;Total;2016;344
25165 Peramola;Total;2015;343
25165 Peramola;Total;2014;349
25165 Peramola;Total;2013;361
25165 Peramola;Total;2012;369
25165 Peramola;Total;2011;384
25165 Peramola;Total;2010;387
25165 Peramola;Total;2009;379
25165 Peramola;Total;2008;374
25165 Peramola;Total;2007;370
25165 Peramola;Total;2006;377
25165 Peramola;Total;2005;373
25165 Peramola;Total;2004;382
25165 Peramola;Total;2003;385
25165 Peramola;Total;2002;385
25165 Peramola;Total;2001;381
25165 Peramola;Total;2000;394
25165 Peramola;Total;1999;386
25165 Peramola;Total;1998;379
25165 Peramola;Total;1997;""
25165 Peramola;Total;1996;375
25165 Peramola;Hombres;2025;174
25165 Peramola;Hombres;2024;181
25165 Peramola;Hombres;2023;175
25165 Peramola;Hombres;2022;174
25165 Peramola;Hombres;2021;174
25165 Peramola;Hombres;2020;173
25165 Peramola;Hombres;2019;177
25165 Peramola;Hombres;2018;175
25165 Peramola;Hombres;2017;169
25165 Peramola;Hombres;2016;172
25165 Peramola;Hombres;2015;175
25165 Peramola;Hombres;2014;177
25165 Peramola;Hombres;2013;181
25165 Peramola;Hombres;2012;187
25165 Peramola;Hombres;2011;194
25165 Peramola;Hombres;2010;203
25165 Peramola;Hombres;2009;202
25165 Peramola;Hombres;2008;199
25165 Peramola;Hombres;2007;200
25165 Peramola;Hombres;2006;203
25165 Peramola;Hombres;2005;207
25165 Peramola;Hombres;2004;206
25165 Peramola;Hombres;2003;206
25165 Peramola;Hombres;2002;208
25165 Peramola;Hombres;2001;204
25165 Peramola;Hombres;2000;212
25165 Peramola;Hombres;1999;205
25165 Peramola;Hombres;1998;203
25165 Peramola;Hombres;1997;""
25165 Peramola;Hombres;1996;196
25165 Peramola;Mujeres;2025;165
25165 Peramola;Mujeres;2024;176
25165 Peramola;Mujeres;2023;170
25165 Peramola;Mujeres;2022;174
25165 Peramola;Mujeres;2021;174
25165 Peramola;Mujeres;2020;174
25165 Peramola;Mujeres;2019;170
25165 Peramola;Mujeres;2018;178
25165 Peramola;Mujeres;2017;172
25165 Peramola;Mujeres;2016;172
25165 Peramola;Mujeres;2015;168
25165 Peramola;Mujeres;2014;172
25165 Peramola;Mujeres;2013;180
25165 Peramola;Mujeres;2012;182
25165 Peramola;Mujeres;2011;190
25165 Peramola;Mujeres;2010;184
25165 Peramola;Mujeres;2009;177
25165 Peramola;Mujeres;2008;175
25165 Peramola;Mujeres;2007;170
25165 Peramola;Mujeres;2006;174
25165 Peramola;Mujeres;2005;166
25165 Peramola;Mujeres;2004;176
25165 Peramola;Mujeres;2003;179
25165 Peramola;Mujeres;2002;177
25165 Peramola;Mujeres;2001;177
25165 Peramola;Mujeres;2000;182
25165 Peramola;Mujeres;1999;181
25165 Peramola;Mujeres;1998;176
25165 Peramola;Mujeres;1997;""
25165 Peramola;Mujeres;1996;179
25166 Pinell de Solsonès;Total;2025;198
25166 Pinell de Solsonès;Total;2024;203
25166 Pinell de Solsonès;Total;2023;194
25166 Pinell de Solsonès;Total;2022;190
25166 Pinell de Solsonès;Total;2021;188
25166 Pinell de Solsonès;Total;2020;193
25166 Pinell de Solsonès;Total;2019;200
25166 Pinell de Solsonès;Total;2018;203
25166 Pinell de Solsonès;Total;2017;211
25166 Pinell de Solsonès;Total;2016;213
25166 Pinell de Solsonès;Total;2015;207
25166 Pinell de Solsonès;Total;2014;207
25166 Pinell de Solsonès;Total;2013;211
25166 Pinell de Solsonès;Total;2012;210
25166 Pinell de Solsonès;Total;2011;217
25166 Pinell de Solsonès;Total;2010;215
25166 Pinell de Solsonès;Total;2009;214
25166 Pinell de Solsonès;Total;2008;212
25166 Pinell de Solsonès;Total;2007;213
25166 Pinell de Solsonès;Total;2006;204
25166 Pinell de Solsonès;Total;2005;205
25166 Pinell de Solsonès;Total;2004;215
25166 Pinell de Solsonès;Total;2003;204
25166 Pinell de Solsonès;Total;2002;212
25166 Pinell de Solsonès;Total;2001;215
25166 Pinell de Solsonès;Total;2000;225
25166 Pinell de Solsonès;Total;1999;219
25166 Pinell de Solsonès;Total;1998;228
25166 Pinell de Solsonès;Total;1997;""
25166 Pinell de Solsonès;Total;1996;232
25166 Pinell de Solsonès;Hombres;2025;115
25166 Pinell de Solsonès;Hombres;2024;114
25166 Pinell de Solsonès;Hombres;2023;108
25166 Pinell de Solsonès;Hombres;2022;107
25166 Pinell de Solsonès;Hombres;2021;109
25166 Pinell de Solsonès;Hombres;2020;113
25166 Pinell de Solsonès;Hombres;2019;118
25166 Pinell de Solsonès;Hombres;2018;119
25166 Pinell de Solsonès;Hombres;2017;123
25166 Pinell de Solsonès;Hombres;2016;125
25166 Pinell de Solsonès;Hombres;2015;119
25166 Pinell de Solsonès;Hombres;2014;116
25166 Pinell de Solsonès;Hombres;2013;117
25166 Pinell de Solsonès;Hombres;2012;115
25166 Pinell de Solsonès;Hombres;2011;119
25166 Pinell de Solsonès;Hombres;2010;116
25166 Pinell de Solsonès;Hombres;2009;115
25166 Pinell de Solsonès;Hombres;2008;115
25166 Pinell de Solsonès;Hombres;2007;115
25166 Pinell de Solsonès;Hombres;2006;110
25166 Pinell de Solsonès;Hombres;2005;110
25166 Pinell de Solsonès;Hombres;2004;117
25166 Pinell de Solsonès;Hombres;2003;109
25166 Pinell de Solsonès;Hombres;2002;116
25166 Pinell de Solsonès;Hombres;2001;115
25166 Pinell de Solsonès;Hombres;2000;120
25166 Pinell de Solsonès;Hombres;1999;117
25166 Pinell de Solsonès;Hombres;1998;121
25166 Pinell de Solsonès;Hombres;1997;""
25166 Pinell de Solsonès;Hombres;1996;123
25166 Pinell de Solsonès;Mujeres;2025;83
25166 Pinell de Solsonès;Mujeres;2024;89
25166 Pinell de Solsonès;Mujeres;2023;86
25166 Pinell de Solsonès;Mujeres;2022;83
25166 Pinell de Solsonès;Mujeres;2021;79
25166 Pinell de Solsonès;Mujeres;2020;80
25166 Pinell de Solsonès;Mujeres;2019;82
25166 Pinell de Solsonès;Mujeres;2018;84
25166 Pinell de Solsonès;Mujeres;2017;88
25166 Pinell de Solsonès;Mujeres;2016;88
25166 Pinell de Solsonès;Mujeres;2015;88
25166 Pinell de Solsonès;Mujeres;2014;91
25166 Pinell de Solsonès;Mujeres;2013;94
25166 Pinell de Solsonès;Mujeres;2012;95
25166 Pinell de Solsonès;Mujeres;2011;98
25166 Pinell de Solsonès;Mujeres;2010;99
25166 Pinell de Solsonès;Mujeres;2009;99
25166 Pinell de Solsonès;Mujeres;2008;97
25166 Pinell de Solsonès;Mujeres;2007;98
25166 Pinell de Solsonès;Mujeres;2006;94
25166 Pinell de Solsonès;Mujeres;2005;95
25166 Pinell de Solsonès;Mujeres;2004;98
25166 Pinell de Solsonès;Mujeres;2003;95
25166 Pinell de Solsonès;Mujeres;2002;96
25166 Pinell de Solsonès;Mujeres;2001;100
25166 Pinell de Solsonès;Mujeres;2000;105
25166 Pinell de Solsonès;Mujeres;1999;102
25166 Pinell de Solsonès;Mujeres;1998;107
25166 Pinell de Solsonès;Mujeres;1997;""
25166 Pinell de Solsonès;Mujeres;1996;109
25167 Pinós;Total;2025;274
25167 Pinós;Total;2024;277
25167 Pinós;Total;2023;280
25167 Pinós;Total;2022;291
25167 Pinós;Total;2021;290
25167 Pinós;Total;2020;286
25167 Pinós;Total;2019;287
25167 Pinós;Total;2018;298
25167 Pinós;Total;2017;312
25167 Pinós;Total;2016;297
25167 Pinós;Total;2015;305
25167 Pinós;Total;2014;302
25167 Pinós;Total;2013;296
25167 Pinós;Total;2012;302
25167 Pinós;Total;2011;307
25167 Pinós;Total;2010;315
25167 Pinós;Total;2009;308
25167 Pinós;Total;2008;320
25167 Pinós;Total;2007;323
25167 Pinós;Total;2006;322
25167 Pinós;Total;2005;313
25167 Pinós;Total;2004;311
25167 Pinós;Total;2003;303
25167 Pinós;Total;2002;311
25167 Pinós;Total;2001;312
25167 Pinós;Total;2000;320
25167 Pinós;Total;1999;314
25167 Pinós;Total;1998;317
25167 Pinós;Total;1997;""
25167 Pinós;Total;1996;325
25167 Pinós;Hombres;2025;148
25167 Pinós;Hombres;2024;151
25167 Pinós;Hombres;2023;153
25167 Pinós;Hombres;2022;159
25167 Pinós;Hombres;2021;155
25167 Pinós;Hombres;2020;152
25167 Pinós;Hombres;2019;151
25167 Pinós;Hombres;2018;155
25167 Pinós;Hombres;2017;163
25167 Pinós;Hombres;2016;160
25167 Pinós;Hombres;2015;167
25167 Pinós;Hombres;2014;166
25167 Pinós;Hombres;2013;162
25167 Pinós;Hombres;2012;165
25167 Pinós;Hombres;2011;169
25167 Pinós;Hombres;2010;172
25167 Pinós;Hombres;2009;171
25167 Pinós;Hombres;2008;176
25167 Pinós;Hombres;2007;178
25167 Pinós;Hombres;2006;179
25167 Pinós;Hombres;2005;172
25167 Pinós;Hombres;2004;169
25167 Pinós;Hombres;2003;165
25167 Pinós;Hombres;2002;166
25167 Pinós;Hombres;2001;163
25167 Pinós;Hombres;2000;174
25167 Pinós;Hombres;1999;171
25167 Pinós;Hombres;1998;175
25167 Pinós;Hombres;1997;""
25167 Pinós;Hombres;1996;181
25167 Pinós;Mujeres;2025;126
25167 Pinós;Mujeres;2024;126
25167 Pinós;Mujeres;2023;127
25167 Pinós;Mujeres;2022;132
25167 Pinós;Mujeres;2021;135
25167 Pinós;Mujeres;2020;134
25167 Pinós;Mujeres;2019;136
25167 Pinós;Mujeres;2018;143
25167 Pinós;Mujeres;2017;149
25167 Pinós;Mujeres;2016;137
25167 Pinós;Mujeres;2015;138
25167 Pinós;Mujeres;2014;136
25167 Pinós;Mujeres;2013;134
25167 Pinós;Mujeres;2012;137
25167 Pinós;Mujeres;2011;138
25167 Pinós;Mujeres;2010;143
25167 Pinós;Mujeres;2009;137
25167 Pinós;Mujeres;2008;144
25167 Pinós;Mujeres;2007;145
25167 Pinós;Mujeres;2006;143
25167 Pinós;Mujeres;2005;141
25167 Pinós;Mujeres;2004;142
25167 Pinós;Mujeres;2003;138
25167 Pinós;Mujeres;2002;145
25167 Pinós;Mujeres;2001;149
25167 Pinós;Mujeres;2000;146
25167 Pinós;Mujeres;1999;143
25167 Pinós;Mujeres;1998;142
25167 Pinós;Mujeres;1997;""
25167 Pinós;Mujeres;1996;144
25911 Plans de Sió, Els;Total;2025;506
25911 Plans de Sió, Els;Total;2024;512
25911 Plans de Sió, Els;Total;2023;515
25911 Plans de Sió, Els;Total;2022;490
25911 Plans de Sió, Els;Total;2021;503
25911 Plans de Sió, Els;Total;2020;491
25911 Plans de Sió, Els;Total;2019;506
25911 Plans de Sió, Els;Total;2018;507
25911 Plans de Sió, Els;Total;2017;509
25911 Plans de Sió, Els;Total;2016;523
25911 Plans de Sió, Els;Total;2015;528
25911 Plans de Sió, Els;Total;2014;560
25911 Plans de Sió, Els;Total;2013;545
25911 Plans de Sió, Els;Total;2012;569
25911 Plans de Sió, Els;Total;2011;559
25911 Plans de Sió, Els;Total;2010;571
25911 Plans de Sió, Els;Total;2009;573
25911 Plans de Sió, Els;Total;2008;595
25911 Plans de Sió, Els;Total;2007;602
25911 Plans de Sió, Els;Total;2006;570
25911 Plans de Sió, Els;Total;2005;547
25911 Plans de Sió, Els;Total;2004;563
25911 Plans de Sió, Els;Total;2003;573
25911 Plans de Sió, Els;Total;2002;559
25911 Plans de Sió, Els;Total;2001;578
25911 Plans de Sió, Els;Total;2000;595
25911 Plans de Sió, Els;Total;1999;616
25911 Plans de Sió, Els;Total;1998;620
25911 Plans de Sió, Els;Total;1997;""
25911 Plans de Sió, Els;Total;1996;609
25911 Plans de Sió, Els;Hombres;2025;275
25911 Plans de Sió, Els;Hombres;2024;276
25911 Plans de Sió, Els;Hombres;2023;279
25911 Plans de Sió, Els;Hombres;2022;272
25911 Plans de Sió, Els;Hombres;2021;277
25911 Plans de Sió, Els;Hombres;2020;266
25911 Plans de Sió, Els;Hombres;2019;272
25911 Plans de Sió, Els;Hombres;2018;269
25911 Plans de Sió, Els;Hombres;2017;267
25911 Plans de Sió, Els;Hombres;2016;280
25911 Plans de Sió, Els;Hombres;2015;281
25911 Plans de Sió, Els;Hombres;2014;294
25911 Plans de Sió, Els;Hombres;2013;290
25911 Plans de Sió, Els;Hombres;2012;305
25911 Plans de Sió, Els;Hombres;2011;300
25911 Plans de Sió, Els;Hombres;2010;302
25911 Plans de Sió, Els;Hombres;2009;298
25911 Plans de Sió, Els;Hombres;2008;310
25911 Plans de Sió, Els;Hombres;2007;316
25911 Plans de Sió, Els;Hombres;2006;297
25911 Plans de Sió, Els;Hombres;2005;284
25911 Plans de Sió, Els;Hombres;2004;291
25911 Plans de Sió, Els;Hombres;2003;294
25911 Plans de Sió, Els;Hombres;2002;293
25911 Plans de Sió, Els;Hombres;2001;303
25911 Plans de Sió, Els;Hombres;2000;308
25911 Plans de Sió, Els;Hombres;1999;321
25911 Plans de Sió, Els;Hombres;1998;325
25911 Plans de Sió, Els;Hombres;1997;""
25911 Plans de Sió, Els;Hombres;1996;312
25911 Plans de Sió, Els;Mujeres;2025;231
25911 Plans de Sió, Els;Mujeres;2024;236
25911 Plans de Sió, Els;Mujeres;2023;236
25911 Plans de Sió, Els;Mujeres;2022;218
25911 Plans de Sió, Els;Mujeres;2021;226
25911 Plans de Sió, Els;Mujeres;2020;225
25911 Plans de Sió, Els;Mujeres;2019;234
25911 Plans de Sió, Els;Mujeres;2018;238
25911 Plans de Sió, Els;Mujeres;2017;242
25911 Plans de Sió, Els;Mujeres;2016;243
25911 Plans de Sió, Els;Mujeres;2015;247
25911 Plans de Sió, Els;Mujeres;2014;266
25911 Plans de Sió, Els;Mujeres;2013;255
25911 Plans de Sió, Els;Mujeres;2012;264
25911 Plans de Sió, Els;Mujeres;2011;259
25911 Plans de Sió, Els;Mujeres;2010;269
25911 Plans de Sió, Els;Mujeres;2009;275
25911 Plans de Sió, Els;Mujeres;2008;285
25911 Plans de Sió, Els;Mujeres;2007;286
25911 Plans de Sió, Els;Mujeres;2006;273
25911 Plans de Sió, Els;Mujeres;2005;263
25911 Plans de Sió, Els;Mujeres;2004;272
25911 Plans de Sió, Els;Mujeres;2003;279
25911 Plans de Sió, Els;Mujeres;2002;266
25911 Plans de Sió, Els;Mujeres;2001;275
25911 Plans de Sió, Els;Mujeres;2000;287
25911 Plans de Sió, Els;Mujeres;1999;295
25911 Plans de Sió, Els;Mujeres;1998;295
25911 Plans de Sió, Els;Mujeres;1997;""
25911 Plans de Sió, Els;Mujeres;1996;297
25168 Poal, El;Total;2025;649
25168 Poal, El;Total;2024;653
25168 Poal, El;Total;2023;655
25168 Poal, El;Total;2022;667
25168 Poal, El;Total;2021;667
25168 Poal, El;Total;2020;670
25168 Poal, El;Total;2019;648
25168 Poal, El;Total;2018;626
25168 Poal, El;Total;2017;637
25168 Poal, El;Total;2016;655
25168 Poal, El;Total;2015;668
25168 Poal, El;Total;2014;656
25168 Poal, El;Total;2013;648
25168 Poal, El;Total;2012;649
25168 Poal, El;Total;2011;645
25168 Poal, El;Total;2010;622
25168 Poal, El;Total;2009;659
25168 Poal, El;Total;2008;649
25168 Poal, El;Total;2007;647
25168 Poal, El;Total;2006;660
25168 Poal, El;Total;2005;657
25168 Poal, El;Total;2004;645
25168 Poal, El;Total;2003;651
25168 Poal, El;Total;2002;639
25168 Poal, El;Total;2001;634
25168 Poal, El;Total;2000;613
25168 Poal, El;Total;1999;612
25168 Poal, El;Total;1998;625
25168 Poal, El;Total;1997;""
25168 Poal, El;Total;1996;629
25168 Poal, El;Hombres;2025;323
25168 Poal, El;Hombres;2024;332
25168 Poal, El;Hombres;2023;335
25168 Poal, El;Hombres;2022;343
25168 Poal, El;Hombres;2021;345
25168 Poal, El;Hombres;2020;350
25168 Poal, El;Hombres;2019;340
25168 Poal, El;Hombres;2018;325
25168 Poal, El;Hombres;2017;333
25168 Poal, El;Hombres;2016;343
25168 Poal, El;Hombres;2015;348
25168 Poal, El;Hombres;2014;342
25168 Poal, El;Hombres;2013;339
25168 Poal, El;Hombres;2012;338
25168 Poal, El;Hombres;2011;332
25168 Poal, El;Hombres;2010;323
25168 Poal, El;Hombres;2009;343
25168 Poal, El;Hombres;2008;339
25168 Poal, El;Hombres;2007;345
25168 Poal, El;Hombres;2006;353
25168 Poal, El;Hombres;2005;349
25168 Poal, El;Hombres;2004;342
25168 Poal, El;Hombres;2003;346
25168 Poal, El;Hombres;2002;344
25168 Poal, El;Hombres;2001;339
25168 Poal, El;Hombres;2000;330
25168 Poal, El;Hombres;1999;329
25168 Poal, El;Hombres;1998;331
25168 Poal, El;Hombres;1997;""
25168 Poal, El;Hombres;1996;329
25168 Poal, El;Mujeres;2025;326
25168 Poal, El;Mujeres;2024;321
25168 Poal, El;Mujeres;2023;320
25168 Poal, El;Mujeres;2022;324
25168 Poal, El;Mujeres;2021;322
25168 Poal, El;Mujeres;2020;320
25168 Poal, El;Mujeres;2019;308
25168 Poal, El;Mujeres;2018;301
25168 Poal, El;Mujeres;2017;304
25168 Poal, El;Mujeres;2016;312
25168 Poal, El;Mujeres;2015;320
25168 Poal, El;Mujeres;2014;314
25168 Poal, El;Mujeres;2013;309
25168 Poal, El;Mujeres;2012;311
25168 Poal, El;Mujeres;2011;313
25168 Poal, El;Mujeres;2010;299
25168 Poal, El;Mujeres;2009;316
25168 Poal, El;Mujeres;2008;310
25168 Poal, El;Mujeres;2007;302
25168 Poal, El;Mujeres;2006;307
25168 Poal, El;Mujeres;2005;308
25168 Poal, El;Mujeres;2004;303
25168 Poal, El;Mujeres;2003;305
25168 Poal, El;Mujeres;2002;295
25168 Poal, El;Mujeres;2001;295
25168 Poal, El;Mujeres;2000;283
25168 Poal, El;Mujeres;1999;283
25168 Poal, El;Mujeres;1998;294
25168 Poal, El;Mujeres;1997;""
25168 Poal, El;Mujeres;1996;300
25169 Pobla de Cérvoles, La;Total;2025;208
25169 Pobla de Cérvoles, La;Total;2024;205
25169 Pobla de Cérvoles, La;Total;2023;201
25169 Pobla de Cérvoles, La;Total;2022;209
25169 Pobla de Cérvoles, La;Total;2021;198
25169 Pobla de Cérvoles, La;Total;2020;189
25169 Pobla de Cérvoles, La;Total;2019;191
25169 Pobla de Cérvoles, La;Total;2018;191
25169 Pobla de Cérvoles, La;Total;2017;194
25169 Pobla de Cérvoles, La;Total;2016;206
25169 Pobla de Cérvoles, La;Total;2015;222
25169 Pobla de Cérvoles, La;Total;2014;220
25169 Pobla de Cérvoles, La;Total;2013;234
25169 Pobla de Cérvoles, La;Total;2012;245
25169 Pobla de Cérvoles, La;Total;2011;245
25169 Pobla de Cérvoles, La;Total;2010;240
25169 Pobla de Cérvoles, La;Total;2009;257
25169 Pobla de Cérvoles, La;Total;2008;245
25169 Pobla de Cérvoles, La;Total;2007;251
25169 Pobla de Cérvoles, La;Total;2006;250
25169 Pobla de Cérvoles, La;Total;2005;250
25169 Pobla de Cérvoles, La;Total;2004;238
25169 Pobla de Cérvoles, La;Total;2003;233
25169 Pobla de Cérvoles, La;Total;2002;224
25169 Pobla de Cérvoles, La;Total;2001;218
25169 Pobla de Cérvoles, La;Total;2000;212
25169 Pobla de Cérvoles, La;Total;1999;216
25169 Pobla de Cérvoles, La;Total;1998;218
25169 Pobla de Cérvoles, La;Total;1997;""
25169 Pobla de Cérvoles, La;Total;1996;198
25169 Pobla de Cérvoles, La;Hombres;2025;115
25169 Pobla de Cérvoles, La;Hombres;2024;112
25169 Pobla de Cérvoles, La;Hombres;2023;111
25169 Pobla de Cérvoles, La;Hombres;2022;114
25169 Pobla de Cérvoles, La;Hombres;2021;104
25169 Pobla de Cérvoles, La;Hombres;2020;104
25169 Pobla de Cérvoles, La;Hombres;2019;107
25169 Pobla de Cérvoles, La;Hombres;2018;107
25169 Pobla de Cérvoles, La;Hombres;2017;109
25169 Pobla de Cérvoles, La;Hombres;2016;115
25169 Pobla de Cérvoles, La;Hombres;2015;124
25169 Pobla de Cérvoles, La;Hombres;2014;123
25169 Pobla de Cérvoles, La;Hombres;2013;129
25169 Pobla de Cérvoles, La;Hombres;2012;135
25169 Pobla de Cérvoles, La;Hombres;2011;136
25169 Pobla de Cérvoles, La;Hombres;2010;129
25169 Pobla de Cérvoles, La;Hombres;2009;139
25169 Pobla de Cérvoles, La;Hombres;2008;131
25169 Pobla de Cérvoles, La;Hombres;2007;136
25169 Pobla de Cérvoles, La;Hombres;2006;138
25169 Pobla de Cérvoles, La;Hombres;2005;136
25169 Pobla de Cérvoles, La;Hombres;2004;127
25169 Pobla de Cérvoles, La;Hombres;2003;126
25169 Pobla de Cérvoles, La;Hombres;2002;121
25169 Pobla de Cérvoles, La;Hombres;2001;121
25169 Pobla de Cérvoles, La;Hombres;2000;119
25169 Pobla de Cérvoles, La;Hombres;1999;121
25169 Pobla de Cérvoles, La;Hombres;1998;124
25169 Pobla de Cérvoles, La;Hombres;1997;""
25169 Pobla de Cérvoles, La;Hombres;1996;113
25169 Pobla de Cérvoles, La;Mujeres;2025;93
25169 Pobla de Cérvoles, La;Mujeres;2024;93
25169 Pobla de Cérvoles, La;Mujeres;2023;90
25169 Pobla de Cérvoles, La;Mujeres;2022;95
25169 Pobla de Cérvoles, La;Mujeres;2021;94
25169 Pobla de Cérvoles, La;Mujeres;2020;85
25169 Pobla de Cérvoles, La;Mujeres;2019;84
25169 Pobla de Cérvoles, La;Mujeres;2018;84
25169 Pobla de Cérvoles, La;Mujeres;2017;85
25169 Pobla de Cérvoles, La;Mujeres;2016;91
25169 Pobla de Cérvoles, La;Mujeres;2015;98
25169 Pobla de Cérvoles, La;Mujeres;2014;97
25169 Pobla de Cérvoles, La;Mujeres;2013;105
25169 Pobla de Cérvoles, La;Mujeres;2012;110
25169 Pobla de Cérvoles, La;Mujeres;2011;109
25169 Pobla de Cérvoles, La;Mujeres;2010;111
25169 Pobla de Cérvoles, La;Mujeres;2009;118
25169 Pobla de Cérvoles, La;Mujeres;2008;114
25169 Pobla de Cérvoles, La;Mujeres;2007;115
25169 Pobla de Cérvoles, La;Mujeres;2006;112
25169 Pobla de Cérvoles, La;Mujeres;2005;114
25169 Pobla de Cérvoles, La;Mujeres;2004;111
25169 Pobla de Cérvoles, La;Mujeres;2003;107
25169 Pobla de Cérvoles, La;Mujeres;2002;103
25169 Pobla de Cérvoles, La;Mujeres;2001;97
25169 Pobla de Cérvoles, La;Mujeres;2000;93
25169 Pobla de Cérvoles, La;Mujeres;1999;95
25169 Pobla de Cérvoles, La;Mujeres;1998;94
25169 Pobla de Cérvoles, La;Mujeres;1997;""
25169 Pobla de Cérvoles, La;Mujeres;1996;85
25171 Pobla de Segur, La;Total;2025;3.143
25171 Pobla de Segur, La;Total;2024;3.015
25171 Pobla de Segur, La;Total;2023;3.035
25171 Pobla de Segur, La;Total;2022;3.055
25171 Pobla de Segur, La;Total;2021;3.050
25171 Pobla de Segur, La;Total;2020;3.043
25171 Pobla de Segur, La;Total;2019;2.984
25171 Pobla de Segur, La;Total;2018;2.939
25171 Pobla de Segur, La;Total;2017;2.949
25171 Pobla de Segur, La;Total;2016;2.973
25171 Pobla de Segur, La;Total;2015;3.016
25171 Pobla de Segur, La;Total;2014;3.012
25171 Pobla de Segur, La;Total;2013;3.073
25171 Pobla de Segur, La;Total;2012;3.156
25171 Pobla de Segur, La;Total;2011;3.246
25171 Pobla de Segur, La;Total;2010;3.266
25171 Pobla de Segur, La;Total;2009;3.237
25171 Pobla de Segur, La;Total;2008;3.151
25171 Pobla de Segur, La;Total;2007;3.089
25171 Pobla de Segur, La;Total;2006;3.050
25171 Pobla de Segur, La;Total;2005;3.043
25171 Pobla de Segur, La;Total;2004;2.961
25171 Pobla de Segur, La;Total;2003;2.912
25171 Pobla de Segur, La;Total;2002;2.866
25171 Pobla de Segur, La;Total;2001;2.832
25171 Pobla de Segur, La;Total;2000;2.852
25171 Pobla de Segur, La;Total;1999;2.912
25171 Pobla de Segur, La;Total;1998;2.912
25171 Pobla de Segur, La;Total;1997;""
25171 Pobla de Segur, La;Total;1996;2.997
25171 Pobla de Segur, La;Hombres;2025;1.639
25171 Pobla de Segur, La;Hombres;2024;1.550
25171 Pobla de Segur, La;Hombres;2023;1.524
25171 Pobla de Segur, La;Hombres;2022;1.529
25171 Pobla de Segur, La;Hombres;2021;1.522
25171 Pobla de Segur, La;Hombres;2020;1.515
25171 Pobla de Segur, La;Hombres;2019;1.469
25171 Pobla de Segur, La;Hombres;2018;1.448
25171 Pobla de Segur, La;Hombres;2017;1.462
25171 Pobla de Segur, La;Hombres;2016;1.475
25171 Pobla de Segur, La;Hombres;2015;1.499
25171 Pobla de Segur, La;Hombres;2014;1.490
25171 Pobla de Segur, La;Hombres;2013;1.520
25171 Pobla de Segur, La;Hombres;2012;1.572
25171 Pobla de Segur, La;Hombres;2011;1.594
25171 Pobla de Segur, La;Hombres;2010;1.619
25171 Pobla de Segur, La;Hombres;2009;1.612
25171 Pobla de Segur, La;Hombres;2008;1.595
25171 Pobla de Segur, La;Hombres;2007;1.575
25171 Pobla de Segur, La;Hombres;2006;1.554
25171 Pobla de Segur, La;Hombres;2005;1.537
25171 Pobla de Segur, La;Hombres;2004;1.464
25171 Pobla de Segur, La;Hombres;2003;1.419
25171 Pobla de Segur, La;Hombres;2002;1.377
25171 Pobla de Segur, La;Hombres;2001;1.364
25171 Pobla de Segur, La;Hombres;2000;1.385
25171 Pobla de Segur, La;Hombres;1999;1.404
25171 Pobla de Segur, La;Hombres;1998;1.404
25171 Pobla de Segur, La;Hombres;1997;""
25171 Pobla de Segur, La;Hombres;1996;1.448
25171 Pobla de Segur, La;Mujeres;2025;1.504
25171 Pobla de Segur, La;Mujeres;2024;1.465
25171 Pobla de Segur, La;Mujeres;2023;1.511
25171 Pobla de Segur, La;Mujeres;2022;1.526
25171 Pobla de Segur, La;Mujeres;2021;1.528
25171 Pobla de Segur, La;Mujeres;2020;1.528
25171 Pobla de Segur, La;Mujeres;2019;1.515
25171 Pobla de Segur, La;Mujeres;2018;1.491
25171 Pobla de Segur, La;Mujeres;2017;1.487
25171 Pobla de Segur, La;Mujeres;2016;1.498
25171 Pobla de Segur, La;Mujeres;2015;1.517
25171 Pobla de Segur, La;Mujeres;2014;1.522
25171 Pobla de Segur, La;Mujeres;2013;1.553
25171 Pobla de Segur, La;Mujeres;2012;1.584
25171 Pobla de Segur, La;Mujeres;2011;1.652
25171 Pobla de Segur, La;Mujeres;2010;1.647
25171 Pobla de Segur, La;Mujeres;2009;1.625
25171 Pobla de Segur, La;Mujeres;2008;1.556
25171 Pobla de Segur, La;Mujeres;2007;1.514
25171 Pobla de Segur, La;Mujeres;2006;1.496
25171 Pobla de Segur, La;Mujeres;2005;1.506
25171 Pobla de Segur, La;Mujeres;2004;1.497
25171 Pobla de Segur, La;Mujeres;2003;1.493
25171 Pobla de Segur, La;Mujeres;2002;1.489
25171 Pobla de Segur, La;Mujeres;2001;1.468
25171 Pobla de Segur, La;Mujeres;2000;1.467
25171 Pobla de Segur, La;Mujeres;1999;1.508
25171 Pobla de Segur, La;Mujeres;1998;1.508
25171 Pobla de Segur, La;Mujeres;1997;""
25171 Pobla de Segur, La;Mujeres;1996;1.549
25030 Pont de Bar, El;Total;2025;162
25030 Pont de Bar, El;Total;2024;165
25030 Pont de Bar, El;Total;2023;163
25030 Pont de Bar, El;Total;2022;163
25030 Pont de Bar, El;Total;2021;174
25030 Pont de Bar, El;Total;2020;152
25030 Pont de Bar, El;Total;2019;157
25030 Pont de Bar, El;Total;2018;171
25030 Pont de Bar, El;Total;2017;171
25030 Pont de Bar, El;Total;2016;165
25030 Pont de Bar, El;Total;2015;159
25030 Pont de Bar, El;Total;2014;172
25030 Pont de Bar, El;Total;2013;176
25030 Pont de Bar, El;Total;2012;184
25030 Pont de Bar, El;Total;2011;190
25030 Pont de Bar, El;Total;2010;194
25030 Pont de Bar, El;Total;2009;197
25030 Pont de Bar, El;Total;2008;189
25030 Pont de Bar, El;Total;2007;191
25030 Pont de Bar, El;Total;2006;193
25030 Pont de Bar, El;Total;2005;158
25030 Pont de Bar, El;Total;2004;153
25030 Pont de Bar, El;Total;2003;153
25030 Pont de Bar, El;Total;2002;154
25030 Pont de Bar, El;Total;2001;163
25030 Pont de Bar, El;Total;2000;160
25030 Pont de Bar, El;Total;1999;155
25030 Pont de Bar, El;Total;1998;145
25030 Pont de Bar, El;Total;1997;""
25030 Pont de Bar, El;Total;1996;142
25030 Pont de Bar, El;Hombres;2025;95
25030 Pont de Bar, El;Hombres;2024;94
25030 Pont de Bar, El;Hombres;2023;96
25030 Pont de Bar, El;Hombres;2022;98
25030 Pont de Bar, El;Hombres;2021;105
25030 Pont de Bar, El;Hombres;2020;91
25030 Pont de Bar, El;Hombres;2019;87
25030 Pont de Bar, El;Hombres;2018;97
25030 Pont de Bar, El;Hombres;2017;94
25030 Pont de Bar, El;Hombres;2016;92
25030 Pont de Bar, El;Hombres;2015;88
25030 Pont de Bar, El;Hombres;2014;100
25030 Pont de Bar, El;Hombres;2013;102
25030 Pont de Bar, El;Hombres;2012;106
25030 Pont de Bar, El;Hombres;2011;108
25030 Pont de Bar, El;Hombres;2010;111
25030 Pont de Bar, El;Hombres;2009;112
25030 Pont de Bar, El;Hombres;2008;110
25030 Pont de Bar, El;Hombres;2007;110
25030 Pont de Bar, El;Hombres;2006;109
25030 Pont de Bar, El;Hombres;2005;83
25030 Pont de Bar, El;Hombres;2004;83
25030 Pont de Bar, El;Hombres;2003;84
25030 Pont de Bar, El;Hombres;2002;84
25030 Pont de Bar, El;Hombres;2001;91
25030 Pont de Bar, El;Hombres;2000;88
25030 Pont de Bar, El;Hombres;1999;86
25030 Pont de Bar, El;Hombres;1998;78
25030 Pont de Bar, El;Hombres;1997;""
25030 Pont de Bar, El;Hombres;1996;76
25030 Pont de Bar, El;Mujeres;2025;67
25030 Pont de Bar, El;Mujeres;2024;71
25030 Pont de Bar, El;Mujeres;2023;67
25030 Pont de Bar, El;Mujeres;2022;65
25030 Pont de Bar, El;Mujeres;2021;69
25030 Pont de Bar, El;Mujeres;2020;61
25030 Pont de Bar, El;Mujeres;2019;70
25030 Pont de Bar, El;Mujeres;2018;74
25030 Pont de Bar, El;Mujeres;2017;77
25030 Pont de Bar, El;Mujeres;2016;73
25030 Pont de Bar, El;Mujeres;2015;71
25030 Pont de Bar, El;Mujeres;2014;72
25030 Pont de Bar, El;Mujeres;2013;74
25030 Pont de Bar, El;Mujeres;2012;78
25030 Pont de Bar, El;Mujeres;2011;82
25030 Pont de Bar, El;Mujeres;2010;83
25030 Pont de Bar, El;Mujeres;2009;85
25030 Pont de Bar, El;Mujeres;2008;79
25030 Pont de Bar, El;Mujeres;2007;81
25030 Pont de Bar, El;Mujeres;2006;84
25030 Pont de Bar, El;Mujeres;2005;75
25030 Pont de Bar, El;Mujeres;2004;70
25030 Pont de Bar, El;Mujeres;2003;69
25030 Pont de Bar, El;Mujeres;2002;70
25030 Pont de Bar, El;Mujeres;2001;72
25030 Pont de Bar, El;Mujeres;2000;72
25030 Pont de Bar, El;Mujeres;1999;69
25030 Pont de Bar, El;Mujeres;1998;67
25030 Pont de Bar, El;Mujeres;1997;""
25030 Pont de Bar, El;Mujeres;1996;66
25173 Pont de Suert, El;Total;2025;2.381
25173 Pont de Suert, El;Total;2024;2.380
25173 Pont de Suert, El;Total;2023;2.371
25173 Pont de Suert, El;Total;2022;2.336
25173 Pont de Suert, El;Total;2021;2.331
25173 Pont de Suert, El;Total;2020;2.257
25173 Pont de Suert, El;Total;2019;2.220
25173 Pont de Suert, El;Total;2018;2.216
25173 Pont de Suert, El;Total;2017;2.265
25173 Pont de Suert, El;Total;2016;2.293
25173 Pont de Suert, El;Total;2015;2.314
25173 Pont de Suert, El;Total;2014;2.318
25173 Pont de Suert, El;Total;2013;2.441
25173 Pont de Suert, El;Total;2012;2.516
25173 Pont de Suert, El;Total;2011;2.517
25173 Pont de Suert, El;Total;2010;2.506
25173 Pont de Suert, El;Total;2009;2.570
25173 Pont de Suert, El;Total;2008;2.553
25173 Pont de Suert, El;Total;2007;2.418
25173 Pont de Suert, El;Total;2006;2.317
25173 Pont de Suert, El;Total;2005;2.307
25173 Pont de Suert, El;Total;2004;2.212
25173 Pont de Suert, El;Total;2003;2.165
25173 Pont de Suert, El;Total;2002;2.166
25173 Pont de Suert, El;Total;2001;2.150
25173 Pont de Suert, El;Total;2000;2.164
25173 Pont de Suert, El;Total;1999;2.183
25173 Pont de Suert, El;Total;1998;2.079
25173 Pont de Suert, El;Total;1997;""
25173 Pont de Suert, El;Total;1996;2.167
25173 Pont de Suert, El;Hombres;2025;1.215
25173 Pont de Suert, El;Hombres;2024;1.209
25173 Pont de Suert, El;Hombres;2023;1.199
25173 Pont de Suert, El;Hombres;2022;1.183
25173 Pont de Suert, El;Hombres;2021;1.169
25173 Pont de Suert, El;Hombres;2020;1.128
25173 Pont de Suert, El;Hombres;2019;1.107
25173 Pont de Suert, El;Hombres;2018;1.107
25173 Pont de Suert, El;Hombres;2017;1.140
25173 Pont de Suert, El;Hombres;2016;1.156
25173 Pont de Suert, El;Hombres;2015;1.167
25173 Pont de Suert, El;Hombres;2014;1.172
25173 Pont de Suert, El;Hombres;2013;1.241
25173 Pont de Suert, El;Hombres;2012;1.289
25173 Pont de Suert, El;Hombres;2011;1.310
25173 Pont de Suert, El;Hombres;2010;1.300
25173 Pont de Suert, El;Hombres;2009;1.336
25173 Pont de Suert, El;Hombres;2008;1.332
25173 Pont de Suert, El;Hombres;2007;1.255
25173 Pont de Suert, El;Hombres;2006;1.201
25173 Pont de Suert, El;Hombres;2005;1.191
25173 Pont de Suert, El;Hombres;2004;1.114
25173 Pont de Suert, El;Hombres;2003;1.080
25173 Pont de Suert, El;Hombres;2002;1.083
25173 Pont de Suert, El;Hombres;2001;1.083
25173 Pont de Suert, El;Hombres;2000;1.094
25173 Pont de Suert, El;Hombres;1999;1.098
25173 Pont de Suert, El;Hombres;1998;1.045
25173 Pont de Suert, El;Hombres;1997;""
25173 Pont de Suert, El;Hombres;1996;1.093
25173 Pont de Suert, El;Mujeres;2025;1.166
25173 Pont de Suert, El;Mujeres;2024;1.171
25173 Pont de Suert, El;Mujeres;2023;1.172
25173 Pont de Suert, El;Mujeres;2022;1.153
25173 Pont de Suert, El;Mujeres;2021;1.162
25173 Pont de Suert, El;Mujeres;2020;1.129
25173 Pont de Suert, El;Mujeres;2019;1.113
25173 Pont de Suert, El;Mujeres;2018;1.109
25173 Pont de Suert, El;Mujeres;2017;1.125
25173 Pont de Suert, El;Mujeres;2016;1.137
25173 Pont de Suert, El;Mujeres;2015;1.147
25173 Pont de Suert, El;Mujeres;2014;1.146
25173 Pont de Suert, El;Mujeres;2013;1.200
25173 Pont de Suert, El;Mujeres;2012;1.227
25173 Pont de Suert, El;Mujeres;2011;1.207
25173 Pont de Suert, El;Mujeres;2010;1.206
25173 Pont de Suert, El;Mujeres;2009;1.234
25173 Pont de Suert, El;Mujeres;2008;1.221
25173 Pont de Suert, El;Mujeres;2007;1.163
25173 Pont de Suert, El;Mujeres;2006;1.116
25173 Pont de Suert, El;Mujeres;2005;1.116
25173 Pont de Suert, El;Mujeres;2004;1.098
25173 Pont de Suert, El;Mujeres;2003;1.085
25173 Pont de Suert, El;Mujeres;2002;1.083
25173 Pont de Suert, El;Mujeres;2001;1.067
25173 Pont de Suert, El;Mujeres;2000;1.070
25173 Pont de Suert, El;Mujeres;1999;1.085
25173 Pont de Suert, El;Mujeres;1998;1.034
25173 Pont de Suert, El;Mujeres;1997;""
25173 Pont de Suert, El;Mujeres;1996;1.074
25172 Ponts;Total;2025;2.653
25172 Ponts;Total;2024;2.703
25172 Ponts;Total;2023;2.710
25172 Ponts;Total;2022;2.661
25172 Ponts;Total;2021;2.629
25172 Ponts;Total;2020;2.644
25172 Ponts;Total;2019;2.601
25172 Ponts;Total;2018;2.604
25172 Ponts;Total;2017;2.622
25172 Ponts;Total;2016;2.638
25172 Ponts;Total;2015;2.632
25172 Ponts;Total;2014;2.701
25172 Ponts;Total;2013;2.690
25172 Ponts;Total;2012;2.698
25172 Ponts;Total;2011;2.714
25172 Ponts;Total;2010;2.744
25172 Ponts;Total;2009;2.803
25172 Ponts;Total;2008;2.749
25172 Ponts;Total;2007;2.682
25172 Ponts;Total;2006;2.567
25172 Ponts;Total;2005;2.378
25172 Ponts;Total;2004;2.365
25172 Ponts;Total;2003;2.366
25172 Ponts;Total;2002;2.405
25172 Ponts;Total;2001;2.429
25172 Ponts;Total;2000;2.382
25172 Ponts;Total;1999;2.393
25172 Ponts;Total;1998;2.368
25172 Ponts;Total;1997;""
25172 Ponts;Total;1996;2.292
25172 Ponts;Hombres;2025;1.360
25172 Ponts;Hombres;2024;1.402
25172 Ponts;Hombres;2023;1.401
25172 Ponts;Hombres;2022;1.358
25172 Ponts;Hombres;2021;1.338
25172 Ponts;Hombres;2020;1.337
25172 Ponts;Hombres;2019;1.305
25172 Ponts;Hombres;2018;1.299
25172 Ponts;Hombres;2017;1.292
25172 Ponts;Hombres;2016;1.310
25172 Ponts;Hombres;2015;1.305
25172 Ponts;Hombres;2014;1.340
25172 Ponts;Hombres;2013;1.339
25172 Ponts;Hombres;2012;1.361
25172 Ponts;Hombres;2011;1.376
25172 Ponts;Hombres;2010;1.391
25172 Ponts;Hombres;2009;1.421
25172 Ponts;Hombres;2008;1.397
25172 Ponts;Hombres;2007;1.357
25172 Ponts;Hombres;2006;1.287
25172 Ponts;Hombres;2005;1.179
25172 Ponts;Hombres;2004;1.173
25172 Ponts;Hombres;2003;1.191
25172 Ponts;Hombres;2002;1.212
25172 Ponts;Hombres;2001;1.221
25172 Ponts;Hombres;2000;1.204
25172 Ponts;Hombres;1999;1.202
25172 Ponts;Hombres;1998;1.189
25172 Ponts;Hombres;1997;""
25172 Ponts;Hombres;1996;1.148
25172 Ponts;Mujeres;2025;1.293
25172 Ponts;Mujeres;2024;1.301
25172 Ponts;Mujeres;2023;1.309
25172 Ponts;Mujeres;2022;1.303
25172 Ponts;Mujeres;2021;1.291
25172 Ponts;Mujeres;2020;1.307
25172 Ponts;Mujeres;2019;1.296
25172 Ponts;Mujeres;2018;1.305
25172 Ponts;Mujeres;2017;1.330
25172 Ponts;Mujeres;2016;1.328
25172 Ponts;Mujeres;2015;1.327
25172 Ponts;Mujeres;2014;1.361
25172 Ponts;Mujeres;2013;1.351
25172 Ponts;Mujeres;2012;1.337
25172 Ponts;Mujeres;2011;1.338
25172 Ponts;Mujeres;2010;1.353
25172 Ponts;Mujeres;2009;1.382
25172 Ponts;Mujeres;2008;1.352
25172 Ponts;Mujeres;2007;1.325
25172 Ponts;Mujeres;2006;1.280
25172 Ponts;Mujeres;2005;1.199
25172 Ponts;Mujeres;2004;1.192
25172 Ponts;Mujeres;2003;1.175
25172 Ponts;Mujeres;2002;1.193
25172 Ponts;Mujeres;2001;1.208
25172 Ponts;Mujeres;2000;1.178
25172 Ponts;Mujeres;1999;1.191
25172 Ponts;Mujeres;1998;1.179
25172 Ponts;Mujeres;1997;""
25172 Ponts;Mujeres;1996;1.144
25174 Portella, La;Total;2025;731
25174 Portella, La;Total;2024;735
25174 Portella, La;Total;2023;753
25174 Portella, La;Total;2022;718
25174 Portella, La;Total;2021;727
25174 Portella, La;Total;2020;743
25174 Portella, La;Total;2019;728
25174 Portella, La;Total;2018;703
25174 Portella, La;Total;2017;708
25174 Portella, La;Total;2016;741
25174 Portella, La;Total;2015;731
25174 Portella, La;Total;2014;750
25174 Portella, La;Total;2013;767
25174 Portella, La;Total;2012;772
25174 Portella, La;Total;2011;754
25174 Portella, La;Total;2010;773
25174 Portella, La;Total;2009;775
25174 Portella, La;Total;2008;816
25174 Portella, La;Total;2007;790
25174 Portella, La;Total;2006;796
25174 Portella, La;Total;2005;815
25174 Portella, La;Total;2004;713
25174 Portella, La;Total;2003;643
25174 Portella, La;Total;2002;636
25174 Portella, La;Total;2001;577
25174 Portella, La;Total;2000;576
25174 Portella, La;Total;1999;584
25174 Portella, La;Total;1998;580
25174 Portella, La;Total;1997;""
25174 Portella, La;Total;1996;585
25174 Portella, La;Hombres;2025;401
25174 Portella, La;Hombres;2024;413
25174 Portella, La;Hombres;2023;431
25174 Portella, La;Hombres;2022;411
25174 Portella, La;Hombres;2021;409
25174 Portella, La;Hombres;2020;423
25174 Portella, La;Hombres;2019;412
25174 Portella, La;Hombres;2018;399
25174 Portella, La;Hombres;2017;395
25174 Portella, La;Hombres;2016;409
25174 Portella, La;Hombres;2015;398
25174 Portella, La;Hombres;2014;415
25174 Portella, La;Hombres;2013;420
25174 Portella, La;Hombres;2012;416
25174 Portella, La;Hombres;2011;415
25174 Portella, La;Hombres;2010;427
25174 Portella, La;Hombres;2009;417
25174 Portella, La;Hombres;2008;444
25174 Portella, La;Hombres;2007;445
25174 Portella, La;Hombres;2006;457
25174 Portella, La;Hombres;2005;460
25174 Portella, La;Hombres;2004;400
25174 Portella, La;Hombres;2003;353
25174 Portella, La;Hombres;2002;348
25174 Portella, La;Hombres;2001;311
25174 Portella, La;Hombres;2000;311
25174 Portella, La;Hombres;1999;317
25174 Portella, La;Hombres;1998;312
25174 Portella, La;Hombres;1997;""
25174 Portella, La;Hombres;1996;312
25174 Portella, La;Mujeres;2025;330
25174 Portella, La;Mujeres;2024;322
25174 Portella, La;Mujeres;2023;322
25174 Portella, La;Mujeres;2022;307
25174 Portella, La;Mujeres;2021;318
25174 Portella, La;Mujeres;2020;320
25174 Portella, La;Mujeres;2019;316
25174 Portella, La;Mujeres;2018;304
25174 Portella, La;Mujeres;2017;313
25174 Portella, La;Mujeres;2016;332
25174 Portella, La;Mujeres;2015;333
25174 Portella, La;Mujeres;2014;335
25174 Portella, La;Mujeres;2013;347
25174 Portella, La;Mujeres;2012;356
25174 Portella, La;Mujeres;2011;339
25174 Portella, La;Mujeres;2010;346
25174 Portella, La;Mujeres;2009;358
25174 Portella, La;Mujeres;2008;372
25174 Portella, La;Mujeres;2007;345
25174 Portella, La;Mujeres;2006;339
25174 Portella, La;Mujeres;2005;355
25174 Portella, La;Mujeres;2004;313
25174 Portella, La;Mujeres;2003;290
25174 Portella, La;Mujeres;2002;288
25174 Portella, La;Mujeres;2001;266
25174 Portella, La;Mujeres;2000;265
25174 Portella, La;Mujeres;1999;267
25174 Portella, La;Mujeres;1998;268
25174 Portella, La;Mujeres;1997;""
25174 Portella, La;Mujeres;1996;273
25175 Prats i Sansor;Total;2025;252
25175 Prats i Sansor;Total;2024;249
25175 Prats i Sansor;Total;2023;254
25175 Prats i Sansor;Total;2022;260
25175 Prats i Sansor;Total;2021;251
25175 Prats i Sansor;Total;2020;222
25175 Prats i Sansor;Total;2019;219
25175 Prats i Sansor;Total;2018;231
25175 Prats i Sansor;Total;2017;232
25175 Prats i Sansor;Total;2016;238
25175 Prats i Sansor;Total;2015;251
25175 Prats i Sansor;Total;2014;248
25175 Prats i Sansor;Total;2013;281
25175 Prats i Sansor;Total;2012;296
25175 Prats i Sansor;Total;2011;284
25175 Prats i Sansor;Total;2010;245
25175 Prats i Sansor;Total;2009;237
25175 Prats i Sansor;Total;2008;231
25175 Prats i Sansor;Total;2007;213
25175 Prats i Sansor;Total;2006;226
25175 Prats i Sansor;Total;2005;219
25175 Prats i Sansor;Total;2004;217
25175 Prats i Sansor;Total;2003;211
25175 Prats i Sansor;Total;2002;225
25175 Prats i Sansor;Total;2001;214
25175 Prats i Sansor;Total;2000;212
25175 Prats i Sansor;Total;1999;195
25175 Prats i Sansor;Total;1998;187
25175 Prats i Sansor;Total;1997;""
25175 Prats i Sansor;Total;1996;180
25175 Prats i Sansor;Hombres;2025;135
25175 Prats i Sansor;Hombres;2024;135
25175 Prats i Sansor;Hombres;2023;138
25175 Prats i Sansor;Hombres;2022;138
25175 Prats i Sansor;Hombres;2021;132
25175 Prats i Sansor;Hombres;2020;116
25175 Prats i Sansor;Hombres;2019;114
25175 Prats i Sansor;Hombres;2018;121
25175 Prats i Sansor;Hombres;2017;119
25175 Prats i Sansor;Hombres;2016;123
25175 Prats i Sansor;Hombres;2015;131
25175 Prats i Sansor;Hombres;2014;129
25175 Prats i Sansor;Hombres;2013;145
25175 Prats i Sansor;Hombres;2012;156
25175 Prats i Sansor;Hombres;2011;151
25175 Prats i Sansor;Hombres;2010;139
25175 Prats i Sansor;Hombres;2009;131
25175 Prats i Sansor;Hombres;2008;130
25175 Prats i Sansor;Hombres;2007;122
25175 Prats i Sansor;Hombres;2006;133
25175 Prats i Sansor;Hombres;2005;129
25175 Prats i Sansor;Hombres;2004;126
25175 Prats i Sansor;Hombres;2003;121
25175 Prats i Sansor;Hombres;2002;132
25175 Prats i Sansor;Hombres;2001;121
25175 Prats i Sansor;Hombres;2000;115
25175 Prats i Sansor;Hombres;1999;106
25175 Prats i Sansor;Hombres;1998;103
25175 Prats i Sansor;Hombres;1997;""
25175 Prats i Sansor;Hombres;1996;98
25175 Prats i Sansor;Mujeres;2025;117
25175 Prats i Sansor;Mujeres;2024;114
25175 Prats i Sansor;Mujeres;2023;116
25175 Prats i Sansor;Mujeres;2022;122
25175 Prats i Sansor;Mujeres;2021;119
25175 Prats i Sansor;Mujeres;2020;106
25175 Prats i Sansor;Mujeres;2019;105
25175 Prats i Sansor;Mujeres;2018;110
25175 Prats i Sansor;Mujeres;2017;113
25175 Prats i Sansor;Mujeres;2016;115
25175 Prats i Sansor;Mujeres;2015;120
25175 Prats i Sansor;Mujeres;2014;119
25175 Prats i Sansor;Mujeres;2013;136
25175 Prats i Sansor;Mujeres;2012;140
25175 Prats i Sansor;Mujeres;2011;133
25175 Prats i Sansor;Mujeres;2010;106
25175 Prats i Sansor;Mujeres;2009;106
25175 Prats i Sansor;Mujeres;2008;101
25175 Prats i Sansor;Mujeres;2007;91
25175 Prats i Sansor;Mujeres;2006;93
25175 Prats i Sansor;Mujeres;2005;90
25175 Prats i Sansor;Mujeres;2004;91
25175 Prats i Sansor;Mujeres;2003;90
25175 Prats i Sansor;Mujeres;2002;93
25175 Prats i Sansor;Mujeres;2001;93
25175 Prats i Sansor;Mujeres;2000;97
25175 Prats i Sansor;Mujeres;1999;89
25175 Prats i Sansor;Mujeres;1998;84
25175 Prats i Sansor;Mujeres;1997;""
25175 Prats i Sansor;Mujeres;1996;82
25176 Preixana;Total;2025;401
25176 Preixana;Total;2024;406
25176 Preixana;Total;2023;403
25176 Preixana;Total;2022;404
25176 Preixana;Total;2021;391
25176 Preixana;Total;2020;387
25176 Preixana;Total;2019;385
25176 Preixana;Total;2018;385
25176 Preixana;Total;2017;381
25176 Preixana;Total;2016;382
25176 Preixana;Total;2015;407
25176 Preixana;Total;2014;405
25176 Preixana;Total;2013;410
25176 Preixana;Total;2012;410
25176 Preixana;Total;2011;426
25176 Preixana;Total;2010;437
25176 Preixana;Total;2009;433
25176 Preixana;Total;2008;413
25176 Preixana;Total;2007;411
25176 Preixana;Total;2006;422
25176 Preixana;Total;2005;427
25176 Preixana;Total;2004;413
25176 Preixana;Total;2003;427
25176 Preixana;Total;2002;437
25176 Preixana;Total;2001;434
25176 Preixana;Total;2000;440
25176 Preixana;Total;1999;430
25176 Preixana;Total;1998;431
25176 Preixana;Total;1997;""
25176 Preixana;Total;1996;437
25176 Preixana;Hombres;2025;204
25176 Preixana;Hombres;2024;210
25176 Preixana;Hombres;2023;209
25176 Preixana;Hombres;2022;213
25176 Preixana;Hombres;2021;207
25176 Preixana;Hombres;2020;200
25176 Preixana;Hombres;2019;199
25176 Preixana;Hombres;2018;198
25176 Preixana;Hombres;2017;199
25176 Preixana;Hombres;2016;197
25176 Preixana;Hombres;2015;204
25176 Preixana;Hombres;2014;202
25176 Preixana;Hombres;2013;207
25176 Preixana;Hombres;2012;211
25176 Preixana;Hombres;2011;218
25176 Preixana;Hombres;2010;225
25176 Preixana;Hombres;2009;222
25176 Preixana;Hombres;2008;209
25176 Preixana;Hombres;2007;209
25176 Preixana;Hombres;2006;217
25176 Preixana;Hombres;2005;218
25176 Preixana;Hombres;2004;208
25176 Preixana;Hombres;2003;209
25176 Preixana;Hombres;2002;216
25176 Preixana;Hombres;2001;210
25176 Preixana;Hombres;2000;216
25176 Preixana;Hombres;1999;217
25176 Preixana;Hombres;1998;217
25176 Preixana;Hombres;1997;""
25176 Preixana;Hombres;1996;221
25176 Preixana;Mujeres;2025;197
25176 Preixana;Mujeres;2024;196
25176 Preixana;Mujeres;2023;194
25176 Preixana;Mujeres;2022;191
25176 Preixana;Mujeres;2021;184
25176 Preixana;Mujeres;2020;187
25176 Preixana;Mujeres;2019;186
25176 Preixana;Mujeres;2018;187
25176 Preixana;Mujeres;2017;182
25176 Preixana;Mujeres;2016;185
25176 Preixana;Mujeres;2015;203
25176 Preixana;Mujeres;2014;203
25176 Preixana;Mujeres;2013;203
25176 Preixana;Mujeres;2012;199
25176 Preixana;Mujeres;2011;208
25176 Preixana;Mujeres;2010;212
25176 Preixana;Mujeres;2009;211
25176 Preixana;Mujeres;2008;204
25176 Preixana;Mujeres;2007;202
25176 Preixana;Mujeres;2006;205
25176 Preixana;Mujeres;2005;209
25176 Preixana;Mujeres;2004;205
25176 Preixana;Mujeres;2003;218
25176 Preixana;Mujeres;2002;221
25176 Preixana;Mujeres;2001;224
25176 Preixana;Mujeres;2000;224
25176 Preixana;Mujeres;1999;213
25176 Preixana;Mujeres;1998;214
25176 Preixana;Mujeres;1997;""
25176 Preixana;Mujeres;1996;216
25177 Preixens;Total;2025;399
25177 Preixens;Total;2024;392
25177 Preixens;Total;2023;411
25177 Preixens;Total;2022;422
25177 Preixens;Total;2021;421
25177 Preixens;Total;2020;418
25177 Preixens;Total;2019;432
25177 Preixens;Total;2018;428
25177 Preixens;Total;2017;443
25177 Preixens;Total;2016;448
25177 Preixens;Total;2015;458
25177 Preixens;Total;2014;450
25177 Preixens;Total;2013;464
25177 Preixens;Total;2012;471
25177 Preixens;Total;2011;477
25177 Preixens;Total;2010;478
25177 Preixens;Total;2009;506
25177 Preixens;Total;2008;505
25177 Preixens;Total;2007;523
25177 Preixens;Total;2006;514
25177 Preixens;Total;2005;498
25177 Preixens;Total;2004;509
25177 Preixens;Total;2003;522
25177 Preixens;Total;2002;526
25177 Preixens;Total;2001;537
25177 Preixens;Total;2000;523
25177 Preixens;Total;1999;520
25177 Preixens;Total;1998;518
25177 Preixens;Total;1997;""
25177 Preixens;Total;1996;521
25177 Preixens;Hombres;2025;209
25177 Preixens;Hombres;2024;208
25177 Preixens;Hombres;2023;208
25177 Preixens;Hombres;2022;213
25177 Preixens;Hombres;2021;211
25177 Preixens;Hombres;2020;211
25177 Preixens;Hombres;2019;218
25177 Preixens;Hombres;2018;217
25177 Preixens;Hombres;2017;228
25177 Preixens;Hombres;2016;229
25177 Preixens;Hombres;2015;234
25177 Preixens;Hombres;2014;229
25177 Preixens;Hombres;2013;232
25177 Preixens;Hombres;2012;232
25177 Preixens;Hombres;2011;236
25177 Preixens;Hombres;2010;237
25177 Preixens;Hombres;2009;258
25177 Preixens;Hombres;2008;258
25177 Preixens;Hombres;2007;264
25177 Preixens;Hombres;2006;256
25177 Preixens;Hombres;2005;249
25177 Preixens;Hombres;2004;253
25177 Preixens;Hombres;2003;252
25177 Preixens;Hombres;2002;252
25177 Preixens;Hombres;2001;253
25177 Preixens;Hombres;2000;250
25177 Preixens;Hombres;1999;252
25177 Preixens;Hombres;1998;250
25177 Preixens;Hombres;1997;""
25177 Preixens;Hombres;1996;251
25177 Preixens;Mujeres;2025;190
25177 Preixens;Mujeres;2024;184
25177 Preixens;Mujeres;2023;203
25177 Preixens;Mujeres;2022;209
25177 Preixens;Mujeres;2021;210
25177 Preixens;Mujeres;2020;207
25177 Preixens;Mujeres;2019;214
25177 Preixens;Mujeres;2018;211
25177 Preixens;Mujeres;2017;215
25177 Preixens;Mujeres;2016;219
25177 Preixens;Mujeres;2015;224
25177 Preixens;Mujeres;2014;221
25177 Preixens;Mujeres;2013;232
25177 Preixens;Mujeres;2012;239
25177 Preixens;Mujeres;2011;241
25177 Preixens;Mujeres;2010;241
25177 Preixens;Mujeres;2009;248
25177 Preixens;Mujeres;2008;247
25177 Preixens;Mujeres;2007;259
25177 Preixens;Mujeres;2006;258
25177 Preixens;Mujeres;2005;249
25177 Preixens;Mujeres;2004;256
25177 Preixens;Mujeres;2003;270
25177 Preixens;Mujeres;2002;274
25177 Preixens;Mujeres;2001;284
25177 Preixens;Mujeres;2000;273
25177 Preixens;Mujeres;1999;268
25177 Preixens;Mujeres;1998;268
25177 Preixens;Mujeres;1997;""
25177 Preixens;Mujeres;1996;270
25179 Prullans;Total;2025;270
25179 Prullans;Total;2024;252
25179 Prullans;Total;2023;269
25179 Prullans;Total;2022;264
25179 Prullans;Total;2021;246
25179 Prullans;Total;2020;226
25179 Prullans;Total;2019;231
25179 Prullans;Total;2018;224
25179 Prullans;Total;2017;224
25179 Prullans;Total;2016;208
25179 Prullans;Total;2015;206
25179 Prullans;Total;2014;209
25179 Prullans;Total;2013;219
25179 Prullans;Total;2012;240
25179 Prullans;Total;2011;234
25179 Prullans;Total;2010;245
25179 Prullans;Total;2009;232
25179 Prullans;Total;2008;236
25179 Prullans;Total;2007;246
25179 Prullans;Total;2006;224
25179 Prullans;Total;2005;231
25179 Prullans;Total;2004;233
25179 Prullans;Total;2003;215
25179 Prullans;Total;2002;223
25179 Prullans;Total;2001;217
25179 Prullans;Total;2000;219
25179 Prullans;Total;1999;207
25179 Prullans;Total;1998;218
25179 Prullans;Total;1997;""
25179 Prullans;Total;1996;208
25179 Prullans;Hombres;2025;124
25179 Prullans;Hombres;2024;117
25179 Prullans;Hombres;2023;129
25179 Prullans;Hombres;2022;124
25179 Prullans;Hombres;2021;115
25179 Prullans;Hombres;2020;104
25179 Prullans;Hombres;2019;109
25179 Prullans;Hombres;2018;109
25179 Prullans;Hombres;2017;110
25179 Prullans;Hombres;2016;103
25179 Prullans;Hombres;2015;105
25179 Prullans;Hombres;2014;104
25179 Prullans;Hombres;2013;108
25179 Prullans;Hombres;2012;113
25179 Prullans;Hombres;2011;111
25179 Prullans;Hombres;2010;118
25179 Prullans;Hombres;2009;122
25179 Prullans;Hombres;2008;123
25179 Prullans;Hombres;2007;122
25179 Prullans;Hombres;2006;110
25179 Prullans;Hombres;2005;119
25179 Prullans;Hombres;2004;121
25179 Prullans;Hombres;2003;114
25179 Prullans;Hombres;2002;114
25179 Prullans;Hombres;2001;109
25179 Prullans;Hombres;2000;116
25179 Prullans;Hombres;1999;108
25179 Prullans;Hombres;1998;113
25179 Prullans;Hombres;1997;""
25179 Prullans;Hombres;1996;107
25179 Prullans;Mujeres;2025;146
25179 Prullans;Mujeres;2024;135
25179 Prullans;Mujeres;2023;140
25179 Prullans;Mujeres;2022;140
25179 Prullans;Mujeres;2021;131
25179 Prullans;Mujeres;2020;122
25179 Prullans;Mujeres;2019;122
25179 Prullans;Mujeres;2018;115
25179 Prullans;Mujeres;2017;114
25179 Prullans;Mujeres;2016;105
25179 Prullans;Mujeres;2015;101
25179 Prullans;Mujeres;2014;105
25179 Prullans;Mujeres;2013;111
25179 Prullans;Mujeres;2012;127
25179 Prullans;Mujeres;2011;123
25179 Prullans;Mujeres;2010;127
25179 Prullans;Mujeres;2009;110
25179 Prullans;Mujeres;2008;113
25179 Prullans;Mujeres;2007;124
25179 Prullans;Mujeres;2006;114
25179 Prullans;Mujeres;2005;112
25179 Prullans;Mujeres;2004;112
25179 Prullans;Mujeres;2003;101
25179 Prullans;Mujeres;2002;109
25179 Prullans;Mujeres;2001;108
25179 Prullans;Mujeres;2000;103
25179 Prullans;Mujeres;1999;99
25179 Prullans;Mujeres;1998;105
25179 Prullans;Mujeres;1997;""
25179 Prullans;Mujeres;1996;101
25180 Puiggròs;Total;2025;269
25180 Puiggròs;Total;2024;258
25180 Puiggròs;Total;2023;257
25180 Puiggròs;Total;2022;257
25180 Puiggròs;Total;2021;265
25180 Puiggròs;Total;2020;278
25180 Puiggròs;Total;2019;276
25180 Puiggròs;Total;2018;272
25180 Puiggròs;Total;2017;280
25180 Puiggròs;Total;2016;287
25180 Puiggròs;Total;2015;295
25180 Puiggròs;Total;2014;296
25180 Puiggròs;Total;2013;302
25180 Puiggròs;Total;2012;313
25180 Puiggròs;Total;2011;314
25180 Puiggròs;Total;2010;311
25180 Puiggròs;Total;2009;309
25180 Puiggròs;Total;2008;311
25180 Puiggròs;Total;2007;299
25180 Puiggròs;Total;2006;298
25180 Puiggròs;Total;2005;300
25180 Puiggròs;Total;2004;254
25180 Puiggròs;Total;2003;259
25180 Puiggròs;Total;2002;268
25180 Puiggròs;Total;2001;265
25180 Puiggròs;Total;2000;261
25180 Puiggròs;Total;1999;261
25180 Puiggròs;Total;1998;255
25180 Puiggròs;Total;1997;""
25180 Puiggròs;Total;1996;254
25180 Puiggròs;Hombres;2025;135
25180 Puiggròs;Hombres;2024;128
25180 Puiggròs;Hombres;2023;131
25180 Puiggròs;Hombres;2022;133
25180 Puiggròs;Hombres;2021;134
25180 Puiggròs;Hombres;2020;142
25180 Puiggròs;Hombres;2019;138
25180 Puiggròs;Hombres;2018;136
25180 Puiggròs;Hombres;2017;141
25180 Puiggròs;Hombres;2016;145
25180 Puiggròs;Hombres;2015;153
25180 Puiggròs;Hombres;2014;160
25180 Puiggròs;Hombres;2013;163
25180 Puiggròs;Hombres;2012;166
25180 Puiggròs;Hombres;2011;166
25180 Puiggròs;Hombres;2010;165
25180 Puiggròs;Hombres;2009;166
25180 Puiggròs;Hombres;2008;164
25180 Puiggròs;Hombres;2007;158
25180 Puiggròs;Hombres;2006;160
25180 Puiggròs;Hombres;2005;159
25180 Puiggròs;Hombres;2004;129
25180 Puiggròs;Hombres;2003;133
25180 Puiggròs;Hombres;2002;137
25180 Puiggròs;Hombres;2001;139
25180 Puiggròs;Hombres;2000;137
25180 Puiggròs;Hombres;1999;137
25180 Puiggròs;Hombres;1998;135
25180 Puiggròs;Hombres;1997;""
25180 Puiggròs;Hombres;1996;129
25180 Puiggròs;Mujeres;2025;134
25180 Puiggròs;Mujeres;2024;130
25180 Puiggròs;Mujeres;2023;126
25180 Puiggròs;Mujeres;2022;124
25180 Puiggròs;Mujeres;2021;131
25180 Puiggròs;Mujeres;2020;136
25180 Puiggròs;Mujeres;2019;138
25180 Puiggròs;Mujeres;2018;136
25180 Puiggròs;Mujeres;2017;139
25180 Puiggròs;Mujeres;2016;142
25180 Puiggròs;Mujeres;2015;142
25180 Puiggròs;Mujeres;2014;136
25180 Puiggròs;Mujeres;2013;139
25180 Puiggròs;Mujeres;2012;147
25180 Puiggròs;Mujeres;2011;148
25180 Puiggròs;Mujeres;2010;146
25180 Puiggròs;Mujeres;2009;143
25180 Puiggròs;Mujeres;2008;147
25180 Puiggròs;Mujeres;2007;141
25180 Puiggròs;Mujeres;2006;138
25180 Puiggròs;Mujeres;2005;141
25180 Puiggròs;Mujeres;2004;125
25180 Puiggròs;Mujeres;2003;126
25180 Puiggròs;Mujeres;2002;131
25180 Puiggròs;Mujeres;2001;126
25180 Puiggròs;Mujeres;2000;124
25180 Puiggròs;Mujeres;1999;124
25180 Puiggròs;Mujeres;1998;120
25180 Puiggròs;Mujeres;1997;""
25180 Puiggròs;Mujeres;1996;125
25181 Puigverd d'Agramunt;Total;2025;231
25181 Puigverd d'Agramunt;Total;2024;240
25181 Puigverd d'Agramunt;Total;2023;260
25181 Puigverd d'Agramunt;Total;2022;253
25181 Puigverd d'Agramunt;Total;2021;230
25181 Puigverd d'Agramunt;Total;2020;229
25181 Puigverd d'Agramunt;Total;2019;255
25181 Puigverd d'Agramunt;Total;2018;231
25181 Puigverd d'Agramunt;Total;2017;228
25181 Puigverd d'Agramunt;Total;2016;237
25181 Puigverd d'Agramunt;Total;2015;244
25181 Puigverd d'Agramunt;Total;2014;259
25181 Puigverd d'Agramunt;Total;2013;269
25181 Puigverd d'Agramunt;Total;2012;273
25181 Puigverd d'Agramunt;Total;2011;281
25181 Puigverd d'Agramunt;Total;2010;275
25181 Puigverd d'Agramunt;Total;2009;278
25181 Puigverd d'Agramunt;Total;2008;284
25181 Puigverd d'Agramunt;Total;2007;278
25181 Puigverd d'Agramunt;Total;2006;268
25181 Puigverd d'Agramunt;Total;2005;260
25181 Puigverd d'Agramunt;Total;2004;244
25181 Puigverd d'Agramunt;Total;2003;265
25181 Puigverd d'Agramunt;Total;2002;253
25181 Puigverd d'Agramunt;Total;2001;245
25181 Puigverd d'Agramunt;Total;2000;243
25181 Puigverd d'Agramunt;Total;1999;253
25181 Puigverd d'Agramunt;Total;1998;218
25181 Puigverd d'Agramunt;Total;1997;""
25181 Puigverd d'Agramunt;Total;1996;223
25181 Puigverd d'Agramunt;Hombres;2025;130
25181 Puigverd d'Agramunt;Hombres;2024;134
25181 Puigverd d'Agramunt;Hombres;2023;147
25181 Puigverd d'Agramunt;Hombres;2022;147
25181 Puigverd d'Agramunt;Hombres;2021;131
25181 Puigverd d'Agramunt;Hombres;2020;131
25181 Puigverd d'Agramunt;Hombres;2019;146
25181 Puigverd d'Agramunt;Hombres;2018;131
25181 Puigverd d'Agramunt;Hombres;2017;127
25181 Puigverd d'Agramunt;Hombres;2016;133
25181 Puigverd d'Agramunt;Hombres;2015;140
25181 Puigverd d'Agramunt;Hombres;2014;150
25181 Puigverd d'Agramunt;Hombres;2013;153
25181 Puigverd d'Agramunt;Hombres;2012;158
25181 Puigverd d'Agramunt;Hombres;2011;160
25181 Puigverd d'Agramunt;Hombres;2010;155
25181 Puigverd d'Agramunt;Hombres;2009;158
25181 Puigverd d'Agramunt;Hombres;2008;163
25181 Puigverd d'Agramunt;Hombres;2007;154
25181 Puigverd d'Agramunt;Hombres;2006;147
25181 Puigverd d'Agramunt;Hombres;2005;139
25181 Puigverd d'Agramunt;Hombres;2004;131
25181 Puigverd d'Agramunt;Hombres;2003;140
25181 Puigverd d'Agramunt;Hombres;2002;137
25181 Puigverd d'Agramunt;Hombres;2001;135
25181 Puigverd d'Agramunt;Hombres;2000;136
25181 Puigverd d'Agramunt;Hombres;1999;143
25181 Puigverd d'Agramunt;Hombres;1998;116
25181 Puigverd d'Agramunt;Hombres;1997;""
25181 Puigverd d'Agramunt;Hombres;1996;118
25181 Puigverd d'Agramunt;Mujeres;2025;101
25181 Puigverd d'Agramunt;Mujeres;2024;106
25181 Puigverd d'Agramunt;Mujeres;2023;113
25181 Puigverd d'Agramunt;Mujeres;2022;106
25181 Puigverd d'Agramunt;Mujeres;2021;99
25181 Puigverd d'Agramunt;Mujeres;2020;98
25181 Puigverd d'Agramunt;Mujeres;2019;109
25181 Puigverd d'Agramunt;Mujeres;2018;100
25181 Puigverd d'Agramunt;Mujeres;2017;101
25181 Puigverd d'Agramunt;Mujeres;2016;104
25181 Puigverd d'Agramunt;Mujeres;2015;104
25181 Puigverd d'Agramunt;Mujeres;2014;109
25181 Puigverd d'Agramunt;Mujeres;2013;116
25181 Puigverd d'Agramunt;Mujeres;2012;115
25181 Puigverd d'Agramunt;Mujeres;2011;121
25181 Puigverd d'Agramunt;Mujeres;2010;120
25181 Puigverd d'Agramunt;Mujeres;2009;120
25181 Puigverd d'Agramunt;Mujeres;2008;121
25181 Puigverd d'Agramunt;Mujeres;2007;124
25181 Puigverd d'Agramunt;Mujeres;2006;121
25181 Puigverd d'Agramunt;Mujeres;2005;121
25181 Puigverd d'Agramunt;Mujeres;2004;113
25181 Puigverd d'Agramunt;Mujeres;2003;125
25181 Puigverd d'Agramunt;Mujeres;2002;116
25181 Puigverd d'Agramunt;Mujeres;2001;110
25181 Puigverd d'Agramunt;Mujeres;2000;107
25181 Puigverd d'Agramunt;Mujeres;1999;110
25181 Puigverd d'Agramunt;Mujeres;1998;102
25181 Puigverd d'Agramunt;Mujeres;1997;""
25181 Puigverd d'Agramunt;Mujeres;1996;105
25182 Puigverd de Lleida;Total;2025;1.409
25182 Puigverd de Lleida;Total;2024;1.418
25182 Puigverd de Lleida;Total;2023;1.397
25182 Puigverd de Lleida;Total;2022;1.398
25182 Puigverd de Lleida;Total;2021;1.384
25182 Puigverd de Lleida;Total;2020;1.349
25182 Puigverd de Lleida;Total;2019;1.355
25182 Puigverd de Lleida;Total;2018;1.363
25182 Puigverd de Lleida;Total;2017;1.350
25182 Puigverd de Lleida;Total;2016;1.373
25182 Puigverd de Lleida;Total;2015;1.405
25182 Puigverd de Lleida;Total;2014;1.411
25182 Puigverd de Lleida;Total;2013;1.440
25182 Puigverd de Lleida;Total;2012;1.442
25182 Puigverd de Lleida;Total;2011;1.422
25182 Puigverd de Lleida;Total;2010;1.390
25182 Puigverd de Lleida;Total;2009;1.391
25182 Puigverd de Lleida;Total;2008;1.356
25182 Puigverd de Lleida;Total;2007;1.317
25182 Puigverd de Lleida;Total;2006;1.259
25182 Puigverd de Lleida;Total;2005;1.195
25182 Puigverd de Lleida;Total;2004;1.141
25182 Puigverd de Lleida;Total;2003;1.092
25182 Puigverd de Lleida;Total;2002;1.089
25182 Puigverd de Lleida;Total;2001;1.075
25182 Puigverd de Lleida;Total;2000;1.043
25182 Puigverd de Lleida;Total;1999;1.041
25182 Puigverd de Lleida;Total;1998;1.010
25182 Puigverd de Lleida;Total;1997;""
25182 Puigverd de Lleida;Total;1996;1.005
25182 Puigverd de Lleida;Hombres;2025;731
25182 Puigverd de Lleida;Hombres;2024;735
25182 Puigverd de Lleida;Hombres;2023;722
25182 Puigverd de Lleida;Hombres;2022;718
25182 Puigverd de Lleida;Hombres;2021;711
25182 Puigverd de Lleida;Hombres;2020;694
25182 Puigverd de Lleida;Hombres;2019;701
25182 Puigverd de Lleida;Hombres;2018;700
25182 Puigverd de Lleida;Hombres;2017;694
25182 Puigverd de Lleida;Hombres;2016;707
25182 Puigverd de Lleida;Hombres;2015;725
25182 Puigverd de Lleida;Hombres;2014;727
25182 Puigverd de Lleida;Hombres;2013;737
25182 Puigverd de Lleida;Hombres;2012;742
25182 Puigverd de Lleida;Hombres;2011;735
25182 Puigverd de Lleida;Hombres;2010;716
25182 Puigverd de Lleida;Hombres;2009;713
25182 Puigverd de Lleida;Hombres;2008;693
25182 Puigverd de Lleida;Hombres;2007;669
25182 Puigverd de Lleida;Hombres;2006;640
25182 Puigverd de Lleida;Hombres;2005;609
25182 Puigverd de Lleida;Hombres;2004;574
25182 Puigverd de Lleida;Hombres;2003;543
25182 Puigverd de Lleida;Hombres;2002;535
25182 Puigverd de Lleida;Hombres;2001;531
25182 Puigverd de Lleida;Hombres;2000;511
25182 Puigverd de Lleida;Hombres;1999;510
25182 Puigverd de Lleida;Hombres;1998;499
25182 Puigverd de Lleida;Hombres;1997;""
25182 Puigverd de Lleida;Hombres;1996;497
25182 Puigverd de Lleida;Mujeres;2025;678
25182 Puigverd de Lleida;Mujeres;2024;683
25182 Puigverd de Lleida;Mujeres;2023;675
25182 Puigverd de Lleida;Mujeres;2022;680
25182 Puigverd de Lleida;Mujeres;2021;673
25182 Puigverd de Lleida;Mujeres;2020;655
25182 Puigverd de Lleida;Mujeres;2019;654
25182 Puigverd de Lleida;Mujeres;2018;663
25182 Puigverd de Lleida;Mujeres;2017;656
25182 Puigverd de Lleida;Mujeres;2016;666
25182 Puigverd de Lleida;Mujeres;2015;680
25182 Puigverd de Lleida;Mujeres;2014;684
25182 Puigverd de Lleida;Mujeres;2013;703
25182 Puigverd de Lleida;Mujeres;2012;700
25182 Puigverd de Lleida;Mujeres;2011;687
25182 Puigverd de Lleida;Mujeres;2010;674
25182 Puigverd de Lleida;Mujeres;2009;678
25182 Puigverd de Lleida;Mujeres;2008;663
25182 Puigverd de Lleida;Mujeres;2007;648
25182 Puigverd de Lleida;Mujeres;2006;619
25182 Puigverd de Lleida;Mujeres;2005;586
25182 Puigverd de Lleida;Mujeres;2004;567
25182 Puigverd de Lleida;Mujeres;2003;549
25182 Puigverd de Lleida;Mujeres;2002;554
25182 Puigverd de Lleida;Mujeres;2001;544
25182 Puigverd de Lleida;Mujeres;2000;532
25182 Puigverd de Lleida;Mujeres;1999;531
25182 Puigverd de Lleida;Mujeres;1998;511
25182 Puigverd de Lleida;Mujeres;1997;""
25182 Puigverd de Lleida;Mujeres;1996;508
25183 Rialp;Total;2025;654
25183 Rialp;Total;2024;664
25183 Rialp;Total;2023;669
25183 Rialp;Total;2022;675
25183 Rialp;Total;2021;658
25183 Rialp;Total;2020;641
25183 Rialp;Total;2019;661
25183 Rialp;Total;2018;663
25183 Rialp;Total;2017;666
25183 Rialp;Total;2016;669
25183 Rialp;Total;2015;655
25183 Rialp;Total;2014;667
25183 Rialp;Total;2013;670
25183 Rialp;Total;2012;680
25183 Rialp;Total;2011;664
25183 Rialp;Total;2010;654
25183 Rialp;Total;2009;656
25183 Rialp;Total;2008;656
25183 Rialp;Total;2007;662
25183 Rialp;Total;2006;649
25183 Rialp;Total;2005;631
25183 Rialp;Total;2004;612
25183 Rialp;Total;2003;558
25183 Rialp;Total;2002;554
25183 Rialp;Total;2001;519
25183 Rialp;Total;2000;517
25183 Rialp;Total;1999;533
25183 Rialp;Total;1998;535
25183 Rialp;Total;1997;""
25183 Rialp;Total;1996;527
25183 Rialp;Hombres;2025;325
25183 Rialp;Hombres;2024;335
25183 Rialp;Hombres;2023;336
25183 Rialp;Hombres;2022;334
25183 Rialp;Hombres;2021;327
25183 Rialp;Hombres;2020;319
25183 Rialp;Hombres;2019;330
25183 Rialp;Hombres;2018;338
25183 Rialp;Hombres;2017;345
25183 Rialp;Hombres;2016;347
25183 Rialp;Hombres;2015;340
25183 Rialp;Hombres;2014;349
25183 Rialp;Hombres;2013;348
25183 Rialp;Hombres;2012;354
25183 Rialp;Hombres;2011;341
25183 Rialp;Hombres;2010;347
25183 Rialp;Hombres;2009;342
25183 Rialp;Hombres;2008;346
25183 Rialp;Hombres;2007;346
25183 Rialp;Hombres;2006;341
25183 Rialp;Hombres;2005;321
25183 Rialp;Hombres;2004;312
25183 Rialp;Hombres;2003;282
25183 Rialp;Hombres;2002;287
25183 Rialp;Hombres;2001;274
25183 Rialp;Hombres;2000;272
25183 Rialp;Hombres;1999;279
25183 Rialp;Hombres;1998;280
25183 Rialp;Hombres;1997;""
25183 Rialp;Hombres;1996;274
25183 Rialp;Mujeres;2025;329
25183 Rialp;Mujeres;2024;329
25183 Rialp;Mujeres;2023;333
25183 Rialp;Mujeres;2022;341
25183 Rialp;Mujeres;2021;331
25183 Rialp;Mujeres;2020;322
25183 Rialp;Mujeres;2019;331
25183 Rialp;Mujeres;2018;325
25183 Rialp;Mujeres;2017;321
25183 Rialp;Mujeres;2016;322
25183 Rialp;Mujeres;2015;315
25183 Rialp;Mujeres;2014;318
25183 Rialp;Mujeres;2013;322
25183 Rialp;Mujeres;2012;326
25183 Rialp;Mujeres;2011;323
25183 Rialp;Mujeres;2010;307
25183 Rialp;Mujeres;2009;314
25183 Rialp;Mujeres;2008;310
25183 Rialp;Mujeres;2007;316
25183 Rialp;Mujeres;2006;308
25183 Rialp;Mujeres;2005;310
25183 Rialp;Mujeres;2004;300
25183 Rialp;Mujeres;2003;276
25183 Rialp;Mujeres;2002;267
25183 Rialp;Mujeres;2001;245
25183 Rialp;Mujeres;2000;245
25183 Rialp;Mujeres;1999;254
25183 Rialp;Mujeres;1998;255
25183 Rialp;Mujeres;1997;""
25183 Rialp;Mujeres;1996;253
25905 Ribera d'Ondara;Total;2025;437
25905 Ribera d'Ondara;Total;2024;454
25905 Ribera d'Ondara;Total;2023;457
25905 Ribera d'Ondara;Total;2022;441
25905 Ribera d'Ondara;Total;2021;431
25905 Ribera d'Ondara;Total;2020;433
25905 Ribera d'Ondara;Total;2019;426
25905 Ribera d'Ondara;Total;2018;422
25905 Ribera d'Ondara;Total;2017;433
25905 Ribera d'Ondara;Total;2016;446
25905 Ribera d'Ondara;Total;2015;429
25905 Ribera d'Ondara;Total;2014;420
25905 Ribera d'Ondara;Total;2013;421
25905 Ribera d'Ondara;Total;2012;447
25905 Ribera d'Ondara;Total;2011;459
25905 Ribera d'Ondara;Total;2010;454
25905 Ribera d'Ondara;Total;2009;445
25905 Ribera d'Ondara;Total;2008;466
25905 Ribera d'Ondara;Total;2007;470
25905 Ribera d'Ondara;Total;2006;476
25905 Ribera d'Ondara;Total;2005;465
25905 Ribera d'Ondara;Total;2004;462
25905 Ribera d'Ondara;Total;2003;467
25905 Ribera d'Ondara;Total;2002;475
25905 Ribera d'Ondara;Total;2001;497
25905 Ribera d'Ondara;Total;2000;516
25905 Ribera d'Ondara;Total;1999;516
25905 Ribera d'Ondara;Total;1998;531
25905 Ribera d'Ondara;Total;1997;""
25905 Ribera d'Ondara;Total;1996;531
25905 Ribera d'Ondara;Hombres;2025;231
25905 Ribera d'Ondara;Hombres;2024;241
25905 Ribera d'Ondara;Hombres;2023;237
25905 Ribera d'Ondara;Hombres;2022;228
25905 Ribera d'Ondara;Hombres;2021;219
25905 Ribera d'Ondara;Hombres;2020;215
25905 Ribera d'Ondara;Hombres;2019;213
25905 Ribera d'Ondara;Hombres;2018;215
25905 Ribera d'Ondara;Hombres;2017;222
25905 Ribera d'Ondara;Hombres;2016;227
25905 Ribera d'Ondara;Hombres;2015;225
25905 Ribera d'Ondara;Hombres;2014;219
25905 Ribera d'Ondara;Hombres;2013;216
25905 Ribera d'Ondara;Hombres;2012;229
25905 Ribera d'Ondara;Hombres;2011;238
25905 Ribera d'Ondara;Hombres;2010;232
25905 Ribera d'Ondara;Hombres;2009;231
25905 Ribera d'Ondara;Hombres;2008;246
25905 Ribera d'Ondara;Hombres;2007;243
25905 Ribera d'Ondara;Hombres;2006;255
25905 Ribera d'Ondara;Hombres;2005;245
25905 Ribera d'Ondara;Hombres;2004;240
25905 Ribera d'Ondara;Hombres;2003;239
25905 Ribera d'Ondara;Hombres;2002;248
25905 Ribera d'Ondara;Hombres;2001;256
25905 Ribera d'Ondara;Hombres;2000;269
25905 Ribera d'Ondara;Hombres;1999;269
25905 Ribera d'Ondara;Hombres;1998;269
25905 Ribera d'Ondara;Hombres;1997;""
25905 Ribera d'Ondara;Hombres;1996;275
25905 Ribera d'Ondara;Mujeres;2025;206
25905 Ribera d'Ondara;Mujeres;2024;213
25905 Ribera d'Ondara;Mujeres;2023;220
25905 Ribera d'Ondara;Mujeres;2022;213
25905 Ribera d'Ondara;Mujeres;2021;212
25905 Ribera d'Ondara;Mujeres;2020;218
25905 Ribera d'Ondara;Mujeres;2019;213
25905 Ribera d'Ondara;Mujeres;2018;207
25905 Ribera d'Ondara;Mujeres;2017;211
25905 Ribera d'Ondara;Mujeres;2016;219
25905 Ribera d'Ondara;Mujeres;2015;204
25905 Ribera d'Ondara;Mujeres;2014;201
25905 Ribera d'Ondara;Mujeres;2013;205
25905 Ribera d'Ondara;Mujeres;2012;218
25905 Ribera d'Ondara;Mujeres;2011;221
25905 Ribera d'Ondara;Mujeres;2010;222
25905 Ribera d'Ondara;Mujeres;2009;214
25905 Ribera d'Ondara;Mujeres;2008;220
25905 Ribera d'Ondara;Mujeres;2007;227
25905 Ribera d'Ondara;Mujeres;2006;221
25905 Ribera d'Ondara;Mujeres;2005;220
25905 Ribera d'Ondara;Mujeres;2004;222
25905 Ribera d'Ondara;Mujeres;2003;228
25905 Ribera d'Ondara;Mujeres;2002;227
25905 Ribera d'Ondara;Mujeres;2001;241
25905 Ribera d'Ondara;Mujeres;2000;247
25905 Ribera d'Ondara;Mujeres;1999;247
25905 Ribera d'Ondara;Mujeres;1998;262
25905 Ribera d'Ondara;Mujeres;1997;""
25905 Ribera d'Ondara;Mujeres;1996;256
25185 Ribera d'Urgellet;Total;2025;989
25185 Ribera d'Urgellet;Total;2024;965
25185 Ribera d'Urgellet;Total;2023;938
25185 Ribera d'Urgellet;Total;2022;920
25185 Ribera d'Urgellet;Total;2021;947
25185 Ribera d'Urgellet;Total;2020;932
25185 Ribera d'Urgellet;Total;2019;935
25185 Ribera d'Urgellet;Total;2018;923
25185 Ribera d'Urgellet;Total;2017;936
25185 Ribera d'Urgellet;Total;2016;962
25185 Ribera d'Urgellet;Total;2015;978
25185 Ribera d'Urgellet;Total;2014;963
25185 Ribera d'Urgellet;Total;2013;955
25185 Ribera d'Urgellet;Total;2012;997
25185 Ribera d'Urgellet;Total;2011;975
25185 Ribera d'Urgellet;Total;2010;982
25185 Ribera d'Urgellet;Total;2009;954
25185 Ribera d'Urgellet;Total;2008;991
25185 Ribera d'Urgellet;Total;2007;946
25185 Ribera d'Urgellet;Total;2006;971
25185 Ribera d'Urgellet;Total;2005;935
25185 Ribera d'Urgellet;Total;2004;857
25185 Ribera d'Urgellet;Total;2003;829
25185 Ribera d'Urgellet;Total;2002;844
25185 Ribera d'Urgellet;Total;2001;820
25185 Ribera d'Urgellet;Total;2000;811
25185 Ribera d'Urgellet;Total;1999;748
25185 Ribera d'Urgellet;Total;1998;748
25185 Ribera d'Urgellet;Total;1997;""
25185 Ribera d'Urgellet;Total;1996;743
25185 Ribera d'Urgellet;Hombres;2025;511
25185 Ribera d'Urgellet;Hombres;2024;500
25185 Ribera d'Urgellet;Hombres;2023;479
25185 Ribera d'Urgellet;Hombres;2022;471
25185 Ribera d'Urgellet;Hombres;2021;489
25185 Ribera d'Urgellet;Hombres;2020;480
25185 Ribera d'Urgellet;Hombres;2019;488
25185 Ribera d'Urgellet;Hombres;2018;478
25185 Ribera d'Urgellet;Hombres;2017;483
25185 Ribera d'Urgellet;Hombres;2016;504
25185 Ribera d'Urgellet;Hombres;2015;514
25185 Ribera d'Urgellet;Hombres;2014;504
25185 Ribera d'Urgellet;Hombres;2013;493
25185 Ribera d'Urgellet;Hombres;2012;514
25185 Ribera d'Urgellet;Hombres;2011;505
25185 Ribera d'Urgellet;Hombres;2010;517
25185 Ribera d'Urgellet;Hombres;2009;508
25185 Ribera d'Urgellet;Hombres;2008;533
25185 Ribera d'Urgellet;Hombres;2007;505
25185 Ribera d'Urgellet;Hombres;2006;515
25185 Ribera d'Urgellet;Hombres;2005;499
25185 Ribera d'Urgellet;Hombres;2004;449
25185 Ribera d'Urgellet;Hombres;2003;428
25185 Ribera d'Urgellet;Hombres;2002;442
25185 Ribera d'Urgellet;Hombres;2001;432
25185 Ribera d'Urgellet;Hombres;2000;423
25185 Ribera d'Urgellet;Hombres;1999;390
25185 Ribera d'Urgellet;Hombres;1998;390
25185 Ribera d'Urgellet;Hombres;1997;""
25185 Ribera d'Urgellet;Hombres;1996;391
25185 Ribera d'Urgellet;Mujeres;2025;478
25185 Ribera d'Urgellet;Mujeres;2024;465
25185 Ribera d'Urgellet;Mujeres;2023;459
25185 Ribera d'Urgellet;Mujeres;2022;449
25185 Ribera d'Urgellet;Mujeres;2021;458
25185 Ribera d'Urgellet;Mujeres;2020;452
25185 Ribera d'Urgellet;Mujeres;2019;447
25185 Ribera d'Urgellet;Mujeres;2018;445
25185 Ribera d'Urgellet;Mujeres;2017;453
25185 Ribera d'Urgellet;Mujeres;2016;458
25185 Ribera d'Urgellet;Mujeres;2015;464
25185 Ribera d'Urgellet;Mujeres;2014;459
25185 Ribera d'Urgellet;Mujeres;2013;462
25185 Ribera d'Urgellet;Mujeres;2012;483
25185 Ribera d'Urgellet;Mujeres;2011;470
25185 Ribera d'Urgellet;Mujeres;2010;465
25185 Ribera d'Urgellet;Mujeres;2009;446
25185 Ribera d'Urgellet;Mujeres;2008;458
25185 Ribera d'Urgellet;Mujeres;2007;441
25185 Ribera d'Urgellet;Mujeres;2006;456
25185 Ribera d'Urgellet;Mujeres;2005;436
25185 Ribera d'Urgellet;Mujeres;2004;408
25185 Ribera d'Urgellet;Mujeres;2003;401
25185 Ribera d'Urgellet;Mujeres;2002;402
25185 Ribera d'Urgellet;Mujeres;2001;388
25185 Ribera d'Urgellet;Mujeres;2000;388
25185 Ribera d'Urgellet;Mujeres;1999;358
25185 Ribera d'Urgellet;Mujeres;1998;358
25185 Ribera d'Urgellet;Mujeres;1997;""
25185 Ribera d'Urgellet;Mujeres;1996;352
25186 Riner;Total;2025;269
25186 Riner;Total;2024;262
25186 Riner;Total;2023;267
25186 Riner;Total;2022;280
25186 Riner;Total;2021;281
25186 Riner;Total;2020;263
25186 Riner;Total;2019;263
25186 Riner;Total;2018;261
25186 Riner;Total;2017;262
25186 Riner;Total;2016;261
25186 Riner;Total;2015;267
25186 Riner;Total;2014;281
25186 Riner;Total;2013;285
25186 Riner;Total;2012;294
25186 Riner;Total;2011;283
25186 Riner;Total;2010;292
25186 Riner;Total;2009;300
25186 Riner;Total;2008;300
25186 Riner;Total;2007;287
25186 Riner;Total;2006;274
25186 Riner;Total;2005;273
25186 Riner;Total;2004;273
25186 Riner;Total;2003;274
25186 Riner;Total;2002;276
25186 Riner;Total;2001;280
25186 Riner;Total;2000;286
25186 Riner;Total;1999;278
25186 Riner;Total;1998;278
25186 Riner;Total;1997;""
25186 Riner;Total;1996;276
25186 Riner;Hombres;2025;132
25186 Riner;Hombres;2024;126
25186 Riner;Hombres;2023;128
25186 Riner;Hombres;2022;138
25186 Riner;Hombres;2021;139
25186 Riner;Hombres;2020;133
25186 Riner;Hombres;2019;132
25186 Riner;Hombres;2018;130
25186 Riner;Hombres;2017;130
25186 Riner;Hombres;2016;128
25186 Riner;Hombres;2015;131
25186 Riner;Hombres;2014;137
25186 Riner;Hombres;2013;135
25186 Riner;Hombres;2012;144
25186 Riner;Hombres;2011;141
25186 Riner;Hombres;2010;141
25186 Riner;Hombres;2009;148
25186 Riner;Hombres;2008;152
25186 Riner;Hombres;2007;144
25186 Riner;Hombres;2006;137
25186 Riner;Hombres;2005;137
25186 Riner;Hombres;2004;138
25186 Riner;Hombres;2003;139
25186 Riner;Hombres;2002;143
25186 Riner;Hombres;2001;147
25186 Riner;Hombres;2000;150
25186 Riner;Hombres;1999;142
25186 Riner;Hombres;1998;142
25186 Riner;Hombres;1997;""
25186 Riner;Hombres;1996;139
25186 Riner;Mujeres;2025;137
25186 Riner;Mujeres;2024;136
25186 Riner;Mujeres;2023;139
25186 Riner;Mujeres;2022;142
25186 Riner;Mujeres;2021;142
25186 Riner;Mujeres;2020;130
25186 Riner;Mujeres;2019;131
25186 Riner;Mujeres;2018;131
25186 Riner;Mujeres;2017;132
25186 Riner;Mujeres;2016;133
25186 Riner;Mujeres;2015;136
25186 Riner;Mujeres;2014;144
25186 Riner;Mujeres;2013;150
25186 Riner;Mujeres;2012;150
25186 Riner;Mujeres;2011;142
25186 Riner;Mujeres;2010;151
25186 Riner;Mujeres;2009;152
25186 Riner;Mujeres;2008;148
25186 Riner;Mujeres;2007;143
25186 Riner;Mujeres;2006;137
25186 Riner;Mujeres;2005;136
25186 Riner;Mujeres;2004;135
25186 Riner;Mujeres;2003;135
25186 Riner;Mujeres;2002;133
25186 Riner;Mujeres;2001;133
25186 Riner;Mujeres;2000;136
25186 Riner;Mujeres;1999;136
25186 Riner;Mujeres;1998;136
25186 Riner;Mujeres;1997;""
25186 Riner;Mujeres;1996;137
25913 Riu de Cerdanya;Total;2025;96
25913 Riu de Cerdanya;Total;2024;99
25913 Riu de Cerdanya;Total;2023;95
25913 Riu de Cerdanya;Total;2022;100
25913 Riu de Cerdanya;Total;2021;93
25913 Riu de Cerdanya;Total;2020;93
25913 Riu de Cerdanya;Total;2019;93
25913 Riu de Cerdanya;Total;2018;94
25913 Riu de Cerdanya;Total;2017;93
25913 Riu de Cerdanya;Total;2016;97
25913 Riu de Cerdanya;Total;2015;104
25913 Riu de Cerdanya;Total;2014;106
25913 Riu de Cerdanya;Total;2013;117
25913 Riu de Cerdanya;Total;2012;116
25913 Riu de Cerdanya;Total;2011;113
25913 Riu de Cerdanya;Total;2010;111
25913 Riu de Cerdanya;Total;2009;110
25913 Riu de Cerdanya;Total;2008;116
25913 Riu de Cerdanya;Total;2007;112
25913 Riu de Cerdanya;Total;2006;94
25913 Riu de Cerdanya;Total;2005;96
25913 Riu de Cerdanya;Total;2004;99
25913 Riu de Cerdanya;Total;2003;86
25913 Riu de Cerdanya;Total;2002;84
25913 Riu de Cerdanya;Total;2001;81
25913 Riu de Cerdanya;Total;2000;81
25913 Riu de Cerdanya;Total;1999;76
25913 Riu de Cerdanya;Total;1998;""
25913 Riu de Cerdanya;Total;1997;""
25913 Riu de Cerdanya;Total;1996;""
25913 Riu de Cerdanya;Hombres;2025;53
25913 Riu de Cerdanya;Hombres;2024;56
25913 Riu de Cerdanya;Hombres;2023;53
25913 Riu de Cerdanya;Hombres;2022;59
25913 Riu de Cerdanya;Hombres;2021;56
25913 Riu de Cerdanya;Hombres;2020;55
25913 Riu de Cerdanya;Hombres;2019;55
25913 Riu de Cerdanya;Hombres;2018;55
25913 Riu de Cerdanya;Hombres;2017;55
25913 Riu de Cerdanya;Hombres;2016;55
25913 Riu de Cerdanya;Hombres;2015;60
25913 Riu de Cerdanya;Hombres;2014;60
25913 Riu de Cerdanya;Hombres;2013;63
25913 Riu de Cerdanya;Hombres;2012;62
25913 Riu de Cerdanya;Hombres;2011;64
25913 Riu de Cerdanya;Hombres;2010;63
25913 Riu de Cerdanya;Hombres;2009;60
25913 Riu de Cerdanya;Hombres;2008;61
25913 Riu de Cerdanya;Hombres;2007;59
25913 Riu de Cerdanya;Hombres;2006;47
25913 Riu de Cerdanya;Hombres;2005;49
25913 Riu de Cerdanya;Hombres;2004;51
25913 Riu de Cerdanya;Hombres;2003;43
25913 Riu de Cerdanya;Hombres;2002;43
25913 Riu de Cerdanya;Hombres;2001;40
25913 Riu de Cerdanya;Hombres;2000;39
25913 Riu de Cerdanya;Hombres;1999;38
25913 Riu de Cerdanya;Hombres;1998;""
25913 Riu de Cerdanya;Hombres;1997;""
25913 Riu de Cerdanya;Hombres;1996;""
25913 Riu de Cerdanya;Mujeres;2025;43
25913 Riu de Cerdanya;Mujeres;2024;43
25913 Riu de Cerdanya;Mujeres;2023;42
25913 Riu de Cerdanya;Mujeres;2022;41
25913 Riu de Cerdanya;Mujeres;2021;37
25913 Riu de Cerdanya;Mujeres;2020;38
25913 Riu de Cerdanya;Mujeres;2019;38
25913 Riu de Cerdanya;Mujeres;2018;39
25913 Riu de Cerdanya;Mujeres;2017;38
25913 Riu de Cerdanya;Mujeres;2016;42
25913 Riu de Cerdanya;Mujeres;2015;44
25913 Riu de Cerdanya;Mujeres;2014;46
25913 Riu de Cerdanya;Mujeres;2013;54
25913 Riu de Cerdanya;Mujeres;2012;54
25913 Riu de Cerdanya;Mujeres;2011;49
25913 Riu de Cerdanya;Mujeres;2010;48
25913 Riu de Cerdanya;Mujeres;2009;50
25913 Riu de Cerdanya;Mujeres;2008;55
25913 Riu de Cerdanya;Mujeres;2007;53
25913 Riu de Cerdanya;Mujeres;2006;47
25913 Riu de Cerdanya;Mujeres;2005;47
25913 Riu de Cerdanya;Mujeres;2004;48
25913 Riu de Cerdanya;Mujeres;2003;43
25913 Riu de Cerdanya;Mujeres;2002;41
25913 Riu de Cerdanya;Mujeres;2001;41
25913 Riu de Cerdanya;Mujeres;2000;42
25913 Riu de Cerdanya;Mujeres;1999;38
25913 Riu de Cerdanya;Mujeres;1998;""
25913 Riu de Cerdanya;Mujeres;1997;""
25913 Riu de Cerdanya;Mujeres;1996;""
25189 Rosselló;Total;2025;3.416
25189 Rosselló;Total;2024;3.353
25189 Rosselló;Total;2023;3.329
25189 Rosselló;Total;2022;3.278
25189 Rosselló;Total;2021;3.186
25189 Rosselló;Total;2020;3.237
25189 Rosselló;Total;2019;3.145
25189 Rosselló;Total;2018;3.130
25189 Rosselló;Total;2017;3.083
25189 Rosselló;Total;2016;3.029
25189 Rosselló;Total;2015;3.043
25189 Rosselló;Total;2014;3.021
25189 Rosselló;Total;2013;3.084
25189 Rosselló;Total;2012;3.103
25189 Rosselló;Total;2011;3.030
25189 Rosselló;Total;2010;2.950
25189 Rosselló;Total;2009;2.912
25189 Rosselló;Total;2008;2.752
25189 Rosselló;Total;2007;2.611
25189 Rosselló;Total;2006;2.478
25189 Rosselló;Total;2005;2.268
25189 Rosselló;Total;2004;2.086
25189 Rosselló;Total;2003;1.986
25189 Rosselló;Total;2002;1.972
25189 Rosselló;Total;2001;1.891
25189 Rosselló;Total;2000;1.852
25189 Rosselló;Total;1999;1.796
25189 Rosselló;Total;1998;1.784
25189 Rosselló;Total;1997;""
25189 Rosselló;Total;1996;1.733
25189 Rosselló;Hombres;2025;1.743
25189 Rosselló;Hombres;2024;1.732
25189 Rosselló;Hombres;2023;1.713
25189 Rosselló;Hombres;2022;1.687
25189 Rosselló;Hombres;2021;1.627
25189 Rosselló;Hombres;2020;1.663
25189 Rosselló;Hombres;2019;1.602
25189 Rosselló;Hombres;2018;1.571
25189 Rosselló;Hombres;2017;1.549
25189 Rosselló;Hombres;2016;1.516
25189 Rosselló;Hombres;2015;1.538
25189 Rosselló;Hombres;2014;1.543
25189 Rosselló;Hombres;2013;1.578
25189 Rosselló;Hombres;2012;1.590
25189 Rosselló;Hombres;2011;1.558
25189 Rosselló;Hombres;2010;1.507
25189 Rosselló;Hombres;2009;1.485
25189 Rosselló;Hombres;2008;1.426
25189 Rosselló;Hombres;2007;1.329
25189 Rosselló;Hombres;2006;1.308
25189 Rosselló;Hombres;2005;1.162
25189 Rosselló;Hombres;2004;1.041
25189 Rosselló;Hombres;2003;985
25189 Rosselló;Hombres;2002;978
25189 Rosselló;Hombres;2001;929
25189 Rosselló;Hombres;2000;903
25189 Rosselló;Hombres;1999;877
25189 Rosselló;Hombres;1998;868
25189 Rosselló;Hombres;1997;""
25189 Rosselló;Hombres;1996;851
25189 Rosselló;Mujeres;2025;1.673
25189 Rosselló;Mujeres;2024;1.621
25189 Rosselló;Mujeres;2023;1.616
25189 Rosselló;Mujeres;2022;1.591
25189 Rosselló;Mujeres;2021;1.559
25189 Rosselló;Mujeres;2020;1.574
25189 Rosselló;Mujeres;2019;1.543
25189 Rosselló;Mujeres;2018;1.559
25189 Rosselló;Mujeres;2017;1.534
25189 Rosselló;Mujeres;2016;1.513
25189 Rosselló;Mujeres;2015;1.505
25189 Rosselló;Mujeres;2014;1.478
25189 Rosselló;Mujeres;2013;1.506
25189 Rosselló;Mujeres;2012;1.513
25189 Rosselló;Mujeres;2011;1.472
25189 Rosselló;Mujeres;2010;1.443
25189 Rosselló;Mujeres;2009;1.427
25189 Rosselló;Mujeres;2008;1.326
25189 Rosselló;Mujeres;2007;1.282
25189 Rosselló;Mujeres;2006;1.170
25189 Rosselló;Mujeres;2005;1.106
25189 Rosselló;Mujeres;2004;1.045
25189 Rosselló;Mujeres;2003;1.001
25189 Rosselló;Mujeres;2002;994
25189 Rosselló;Mujeres;2001;962
25189 Rosselló;Mujeres;2000;949
25189 Rosselló;Mujeres;1999;919
25189 Rosselló;Mujeres;1998;916
25189 Rosselló;Mujeres;1997;""
25189 Rosselló;Mujeres;1996;882
25190 Salàs de Pallars;Total;2025;365
25190 Salàs de Pallars;Total;2024;349
25190 Salàs de Pallars;Total;2023;348
25190 Salàs de Pallars;Total;2022;345
25190 Salàs de Pallars;Total;2021;343
25190 Salàs de Pallars;Total;2020;327
25190 Salàs de Pallars;Total;2019;320
25190 Salàs de Pallars;Total;2018;324
25190 Salàs de Pallars;Total;2017;337
25190 Salàs de Pallars;Total;2016;340
25190 Salàs de Pallars;Total;2015;359
25190 Salàs de Pallars;Total;2014;365
25190 Salàs de Pallars;Total;2013;369
25190 Salàs de Pallars;Total;2012;368
25190 Salàs de Pallars;Total;2011;353
25190 Salàs de Pallars;Total;2010;334
25190 Salàs de Pallars;Total;2009;342
25190 Salàs de Pallars;Total;2008;341
25190 Salàs de Pallars;Total;2007;335
25190 Salàs de Pallars;Total;2006;330
25190 Salàs de Pallars;Total;2005;334
25190 Salàs de Pallars;Total;2004;332
25190 Salàs de Pallars;Total;2003;319
25190 Salàs de Pallars;Total;2002;329
25190 Salàs de Pallars;Total;2001;330
25190 Salàs de Pallars;Total;2000;330
25190 Salàs de Pallars;Total;1999;334
25190 Salàs de Pallars;Total;1998;334
25190 Salàs de Pallars;Total;1997;""
25190 Salàs de Pallars;Total;1996;358
25190 Salàs de Pallars;Hombres;2025;196
25190 Salàs de Pallars;Hombres;2024;187
25190 Salàs de Pallars;Hombres;2023;190
25190 Salàs de Pallars;Hombres;2022;184
25190 Salàs de Pallars;Hombres;2021;187
25190 Salàs de Pallars;Hombres;2020;174
25190 Salàs de Pallars;Hombres;2019;174
25190 Salàs de Pallars;Hombres;2018;174
25190 Salàs de Pallars;Hombres;2017;180
25190 Salàs de Pallars;Hombres;2016;183
25190 Salàs de Pallars;Hombres;2015;193
25190 Salàs de Pallars;Hombres;2014;192
25190 Salàs de Pallars;Hombres;2013;192
25190 Salàs de Pallars;Hombres;2012;191
25190 Salàs de Pallars;Hombres;2011;180
25190 Salàs de Pallars;Hombres;2010;169
25190 Salàs de Pallars;Hombres;2009;168
25190 Salàs de Pallars;Hombres;2008;177
25190 Salàs de Pallars;Hombres;2007;177
25190 Salàs de Pallars;Hombres;2006;168
25190 Salàs de Pallars;Hombres;2005;172
25190 Salàs de Pallars;Hombres;2004;169
25190 Salàs de Pallars;Hombres;2003;157
25190 Salàs de Pallars;Hombres;2002;163
25190 Salàs de Pallars;Hombres;2001;163
25190 Salàs de Pallars;Hombres;2000;163
25190 Salàs de Pallars;Hombres;1999;171
25190 Salàs de Pallars;Hombres;1998;171
25190 Salàs de Pallars;Hombres;1997;""
25190 Salàs de Pallars;Hombres;1996;182
25190 Salàs de Pallars;Mujeres;2025;169
25190 Salàs de Pallars;Mujeres;2024;162
25190 Salàs de Pallars;Mujeres;2023;158
25190 Salàs de Pallars;Mujeres;2022;161
25190 Salàs de Pallars;Mujeres;2021;156
25190 Salàs de Pallars;Mujeres;2020;153
25190 Salàs de Pallars;Mujeres;2019;146
25190 Salàs de Pallars;Mujeres;2018;150
25190 Salàs de Pallars;Mujeres;2017;157
25190 Salàs de Pallars;Mujeres;2016;157
25190 Salàs de Pallars;Mujeres;2015;166
25190 Salàs de Pallars;Mujeres;2014;173
25190 Salàs de Pallars;Mujeres;2013;177
25190 Salàs de Pallars;Mujeres;2012;177
25190 Salàs de Pallars;Mujeres;2011;173
25190 Salàs de Pallars;Mujeres;2010;165
25190 Salàs de Pallars;Mujeres;2009;174
25190 Salàs de Pallars;Mujeres;2008;164
25190 Salàs de Pallars;Mujeres;2007;158
25190 Salàs de Pallars;Mujeres;2006;162
25190 Salàs de Pallars;Mujeres;2005;162
25190 Salàs de Pallars;Mujeres;2004;163
25190 Salàs de Pallars;Mujeres;2003;162
25190 Salàs de Pallars;Mujeres;2002;166
25190 Salàs de Pallars;Mujeres;2001;167
25190 Salàs de Pallars;Mujeres;2000;167
25190 Salàs de Pallars;Mujeres;1999;163
25190 Salàs de Pallars;Mujeres;1998;163
25190 Salàs de Pallars;Mujeres;1997;""
25190 Salàs de Pallars;Mujeres;1996;176
25191 Sanaüja;Total;2025;385
25191 Sanaüja;Total;2024;379
25191 Sanaüja;Total;2023;391
25191 Sanaüja;Total;2022;392
25191 Sanaüja;Total;2021;396
25191 Sanaüja;Total;2020;379
25191 Sanaüja;Total;2019;380
25191 Sanaüja;Total;2018;393
25191 Sanaüja;Total;2017;401
25191 Sanaüja;Total;2016;425
25191 Sanaüja;Total;2015;427
25191 Sanaüja;Total;2014;423
25191 Sanaüja;Total;2013;444
25191 Sanaüja;Total;2012;458
25191 Sanaüja;Total;2011;460
25191 Sanaüja;Total;2010;458
25191 Sanaüja;Total;2009;457
25191 Sanaüja;Total;2008;458
25191 Sanaüja;Total;2007;454
25191 Sanaüja;Total;2006;448
25191 Sanaüja;Total;2005;464
25191 Sanaüja;Total;2004;476
25191 Sanaüja;Total;2003;469
25191 Sanaüja;Total;2002;463
25191 Sanaüja;Total;2001;465
25191 Sanaüja;Total;2000;464
25191 Sanaüja;Total;1999;453
25191 Sanaüja;Total;1998;465
25191 Sanaüja;Total;1997;""
25191 Sanaüja;Total;1996;462
25191 Sanaüja;Hombres;2025;197
25191 Sanaüja;Hombres;2024;195
25191 Sanaüja;Hombres;2023;202
25191 Sanaüja;Hombres;2022;202
25191 Sanaüja;Hombres;2021;207
25191 Sanaüja;Hombres;2020;198
25191 Sanaüja;Hombres;2019;202
25191 Sanaüja;Hombres;2018;206
25191 Sanaüja;Hombres;2017;209
25191 Sanaüja;Hombres;2016;216
25191 Sanaüja;Hombres;2015;219
25191 Sanaüja;Hombres;2014;219
25191 Sanaüja;Hombres;2013;230
25191 Sanaüja;Hombres;2012;236
25191 Sanaüja;Hombres;2011;236
25191 Sanaüja;Hombres;2010;240
25191 Sanaüja;Hombres;2009;238
25191 Sanaüja;Hombres;2008;237
25191 Sanaüja;Hombres;2007;235
25191 Sanaüja;Hombres;2006;229
25191 Sanaüja;Hombres;2005;239
25191 Sanaüja;Hombres;2004;243
25191 Sanaüja;Hombres;2003;234
25191 Sanaüja;Hombres;2002;233
25191 Sanaüja;Hombres;2001;228
25191 Sanaüja;Hombres;2000;225
25191 Sanaüja;Hombres;1999;223
25191 Sanaüja;Hombres;1998;228
25191 Sanaüja;Hombres;1997;""
25191 Sanaüja;Hombres;1996;227
25191 Sanaüja;Mujeres;2025;188
25191 Sanaüja;Mujeres;2024;184
25191 Sanaüja;Mujeres;2023;189
25191 Sanaüja;Mujeres;2022;190
25191 Sanaüja;Mujeres;2021;189
25191 Sanaüja;Mujeres;2020;181
25191 Sanaüja;Mujeres;2019;178
25191 Sanaüja;Mujeres;2018;187
25191 Sanaüja;Mujeres;2017;192
25191 Sanaüja;Mujeres;2016;209
25191 Sanaüja;Mujeres;2015;208
25191 Sanaüja;Mujeres;2014;204
25191 Sanaüja;Mujeres;2013;214
25191 Sanaüja;Mujeres;2012;222
25191 Sanaüja;Mujeres;2011;224
25191 Sanaüja;Mujeres;2010;218
25191 Sanaüja;Mujeres;2009;219
25191 Sanaüja;Mujeres;2008;221
25191 Sanaüja;Mujeres;2007;219
25191 Sanaüja;Mujeres;2006;219
25191 Sanaüja;Mujeres;2005;225
25191 Sanaüja;Mujeres;2004;233
25191 Sanaüja;Mujeres;2003;235
25191 Sanaüja;Mujeres;2002;230
25191 Sanaüja;Mujeres;2001;237
25191 Sanaüja;Mujeres;2000;239
25191 Sanaüja;Mujeres;1999;230
25191 Sanaüja;Mujeres;1998;237
25191 Sanaüja;Mujeres;1997;""
25191 Sanaüja;Mujeres;1996;235
25196 Sant Esteve de la Sarga;Total;2025;121
25196 Sant Esteve de la Sarga;Total;2024;127
25196 Sant Esteve de la Sarga;Total;2023;129
25196 Sant Esteve de la Sarga;Total;2022;123
25196 Sant Esteve de la Sarga;Total;2021;122
25196 Sant Esteve de la Sarga;Total;2020;122
25196 Sant Esteve de la Sarga;Total;2019;124
25196 Sant Esteve de la Sarga;Total;2018;129
25196 Sant Esteve de la Sarga;Total;2017;130
25196 Sant Esteve de la Sarga;Total;2016;139
25196 Sant Esteve de la Sarga;Total;2015;144
25196 Sant Esteve de la Sarga;Total;2014;132
25196 Sant Esteve de la Sarga;Total;2013;134
25196 Sant Esteve de la Sarga;Total;2012;141
25196 Sant Esteve de la Sarga;Total;2011;138
25196 Sant Esteve de la Sarga;Total;2010;144
25196 Sant Esteve de la Sarga;Total;2009;143
25196 Sant Esteve de la Sarga;Total;2008;149
25196 Sant Esteve de la Sarga;Total;2007;151
25196 Sant Esteve de la Sarga;Total;2006;155
25196 Sant Esteve de la Sarga;Total;2005;144
25196 Sant Esteve de la Sarga;Total;2004;114
25196 Sant Esteve de la Sarga;Total;2003;106
25196 Sant Esteve de la Sarga;Total;2002;104
25196 Sant Esteve de la Sarga;Total;2001;112
25196 Sant Esteve de la Sarga;Total;2000;117
25196 Sant Esteve de la Sarga;Total;1999;119
25196 Sant Esteve de la Sarga;Total;1998;113
25196 Sant Esteve de la Sarga;Total;1997;""
25196 Sant Esteve de la Sarga;Total;1996;116
25196 Sant Esteve de la Sarga;Hombres;2025;76
25196 Sant Esteve de la Sarga;Hombres;2024;78
25196 Sant Esteve de la Sarga;Hombres;2023;82
25196 Sant Esteve de la Sarga;Hombres;2022;75
25196 Sant Esteve de la Sarga;Hombres;2021;74
25196 Sant Esteve de la Sarga;Hombres;2020;74
25196 Sant Esteve de la Sarga;Hombres;2019;72
25196 Sant Esteve de la Sarga;Hombres;2018;78
25196 Sant Esteve de la Sarga;Hombres;2017;77
25196 Sant Esteve de la Sarga;Hombres;2016;87
25196 Sant Esteve de la Sarga;Hombres;2015;89
25196 Sant Esteve de la Sarga;Hombres;2014;79
25196 Sant Esteve de la Sarga;Hombres;2013;78
25196 Sant Esteve de la Sarga;Hombres;2012;83
25196 Sant Esteve de la Sarga;Hombres;2011;83
25196 Sant Esteve de la Sarga;Hombres;2010;86
25196 Sant Esteve de la Sarga;Hombres;2009;89
25196 Sant Esteve de la Sarga;Hombres;2008;92
25196 Sant Esteve de la Sarga;Hombres;2007;96
25196 Sant Esteve de la Sarga;Hombres;2006;99
25196 Sant Esteve de la Sarga;Hombres;2005;92
25196 Sant Esteve de la Sarga;Hombres;2004;72
25196 Sant Esteve de la Sarga;Hombres;2003;65
25196 Sant Esteve de la Sarga;Hombres;2002;64
25196 Sant Esteve de la Sarga;Hombres;2001;67
25196 Sant Esteve de la Sarga;Hombres;2000;72
25196 Sant Esteve de la Sarga;Hombres;1999;72
25196 Sant Esteve de la Sarga;Hombres;1998;69
25196 Sant Esteve de la Sarga;Hombres;1997;""
25196 Sant Esteve de la Sarga;Hombres;1996;70
25196 Sant Esteve de la Sarga;Mujeres;2025;45
25196 Sant Esteve de la Sarga;Mujeres;2024;49
25196 Sant Esteve de la Sarga;Mujeres;2023;47
25196 Sant Esteve de la Sarga;Mujeres;2022;48
25196 Sant Esteve de la Sarga;Mujeres;2021;48
25196 Sant Esteve de la Sarga;Mujeres;2020;48
25196 Sant Esteve de la Sarga;Mujeres;2019;52
25196 Sant Esteve de la Sarga;Mujeres;2018;51
25196 Sant Esteve de la Sarga;Mujeres;2017;53
25196 Sant Esteve de la Sarga;Mujeres;2016;52
25196 Sant Esteve de la Sarga;Mujeres;2015;55
25196 Sant Esteve de la Sarga;Mujeres;2014;53
25196 Sant Esteve de la Sarga;Mujeres;2013;56
25196 Sant Esteve de la Sarga;Mujeres;2012;58
25196 Sant Esteve de la Sarga;Mujeres;2011;55
25196 Sant Esteve de la Sarga;Mujeres;2010;58
25196 Sant Esteve de la Sarga;Mujeres;2009;54
25196 Sant Esteve de la Sarga;Mujeres;2008;57
25196 Sant Esteve de la Sarga;Mujeres;2007;55
25196 Sant Esteve de la Sarga;Mujeres;2006;56
25196 Sant Esteve de la Sarga;Mujeres;2005;52
25196 Sant Esteve de la Sarga;Mujeres;2004;42
25196 Sant Esteve de la Sarga;Mujeres;2003;41
25196 Sant Esteve de la Sarga;Mujeres;2002;40
25196 Sant Esteve de la Sarga;Mujeres;2001;45
25196 Sant Esteve de la Sarga;Mujeres;2000;45
25196 Sant Esteve de la Sarga;Mujeres;1999;47
25196 Sant Esteve de la Sarga;Mujeres;1998;44
25196 Sant Esteve de la Sarga;Mujeres;1997;""
25196 Sant Esteve de la Sarga;Mujeres;1996;46
25192 Sant Guim de Freixenet;Total;2025;1.235
25192 Sant Guim de Freixenet;Total;2024;1.222
25192 Sant Guim de Freixenet;Total;2023;1.152
25192 Sant Guim de Freixenet;Total;2022;1.120
25192 Sant Guim de Freixenet;Total;2021;1.059
25192 Sant Guim de Freixenet;Total;2020;1.037
25192 Sant Guim de Freixenet;Total;2019;1.025
25192 Sant Guim de Freixenet;Total;2018;1.040
25192 Sant Guim de Freixenet;Total;2017;1.028
25192 Sant Guim de Freixenet;Total;2016;1.059
25192 Sant Guim de Freixenet;Total;2015;1.078
25192 Sant Guim de Freixenet;Total;2014;1.107
25192 Sant Guim de Freixenet;Total;2013;1.112
25192 Sant Guim de Freixenet;Total;2012;1.104
25192 Sant Guim de Freixenet;Total;2011;1.111
25192 Sant Guim de Freixenet;Total;2010;1.114
25192 Sant Guim de Freixenet;Total;2009;1.126
25192 Sant Guim de Freixenet;Total;2008;1.104
25192 Sant Guim de Freixenet;Total;2007;1.060
25192 Sant Guim de Freixenet;Total;2006;1.057
25192 Sant Guim de Freixenet;Total;2005;1.063
25192 Sant Guim de Freixenet;Total;2004;1.071
25192 Sant Guim de Freixenet;Total;2003;1.031
25192 Sant Guim de Freixenet;Total;2002;1.071
25192 Sant Guim de Freixenet;Total;2001;1.018
25192 Sant Guim de Freixenet;Total;2000;1.046
25192 Sant Guim de Freixenet;Total;1999;1.055
25192 Sant Guim de Freixenet;Total;1998;1.047
25192 Sant Guim de Freixenet;Total;1997;""
25192 Sant Guim de Freixenet;Total;1996;1.056
25192 Sant Guim de Freixenet;Hombres;2025;644
25192 Sant Guim de Freixenet;Hombres;2024;633
25192 Sant Guim de Freixenet;Hombres;2023;604
25192 Sant Guim de Freixenet;Hombres;2022;584
25192 Sant Guim de Freixenet;Hombres;2021;551
25192 Sant Guim de Freixenet;Hombres;2020;539
25192 Sant Guim de Freixenet;Hombres;2019;538
25192 Sant Guim de Freixenet;Hombres;2018;546
25192 Sant Guim de Freixenet;Hombres;2017;538
25192 Sant Guim de Freixenet;Hombres;2016;553
25192 Sant Guim de Freixenet;Hombres;2015;557
25192 Sant Guim de Freixenet;Hombres;2014;575
25192 Sant Guim de Freixenet;Hombres;2013;576
25192 Sant Guim de Freixenet;Hombres;2012;565
25192 Sant Guim de Freixenet;Hombres;2011;558
25192 Sant Guim de Freixenet;Hombres;2010;560
25192 Sant Guim de Freixenet;Hombres;2009;563
25192 Sant Guim de Freixenet;Hombres;2008;546
25192 Sant Guim de Freixenet;Hombres;2007;527
25192 Sant Guim de Freixenet;Hombres;2006;524
25192 Sant Guim de Freixenet;Hombres;2005;534
25192 Sant Guim de Freixenet;Hombres;2004;540
25192 Sant Guim de Freixenet;Hombres;2003;505
25192 Sant Guim de Freixenet;Hombres;2002;525
25192 Sant Guim de Freixenet;Hombres;2001;494
25192 Sant Guim de Freixenet;Hombres;2000;506
25192 Sant Guim de Freixenet;Hombres;1999;507
25192 Sant Guim de Freixenet;Hombres;1998;507
25192 Sant Guim de Freixenet;Hombres;1997;""
25192 Sant Guim de Freixenet;Hombres;1996;515
25192 Sant Guim de Freixenet;Mujeres;2025;591
25192 Sant Guim de Freixenet;Mujeres;2024;589
25192 Sant Guim de Freixenet;Mujeres;2023;548
25192 Sant Guim de Freixenet;Mujeres;2022;536
25192 Sant Guim de Freixenet;Mujeres;2021;508
25192 Sant Guim de Freixenet;Mujeres;2020;498
25192 Sant Guim de Freixenet;Mujeres;2019;487
25192 Sant Guim de Freixenet;Mujeres;2018;494
25192 Sant Guim de Freixenet;Mujeres;2017;490
25192 Sant Guim de Freixenet;Mujeres;2016;506
25192 Sant Guim de Freixenet;Mujeres;2015;521
25192 Sant Guim de Freixenet;Mujeres;2014;532
25192 Sant Guim de Freixenet;Mujeres;2013;536
25192 Sant Guim de Freixenet;Mujeres;2012;539
25192 Sant Guim de Freixenet;Mujeres;2011;553
25192 Sant Guim de Freixenet;Mujeres;2010;554
25192 Sant Guim de Freixenet;Mujeres;2009;563
25192 Sant Guim de Freixenet;Mujeres;2008;558
25192 Sant Guim de Freixenet;Mujeres;2007;533
25192 Sant Guim de Freixenet;Mujeres;2006;533
25192 Sant Guim de Freixenet;Mujeres;2005;529
25192 Sant Guim de Freixenet;Mujeres;2004;531
25192 Sant Guim de Freixenet;Mujeres;2003;526
25192 Sant Guim de Freixenet;Mujeres;2002;546
25192 Sant Guim de Freixenet;Mujeres;2001;524
25192 Sant Guim de Freixenet;Mujeres;2000;540
25192 Sant Guim de Freixenet;Mujeres;1999;548
25192 Sant Guim de Freixenet;Mujeres;1998;540
25192 Sant Guim de Freixenet;Mujeres;1997;""
25192 Sant Guim de Freixenet;Mujeres;1996;541
25197 Sant Guim de la Plana;Total;2025;190
25197 Sant Guim de la Plana;Total;2024;193
25197 Sant Guim de la Plana;Total;2023;200
25197 Sant Guim de la Plana;Total;2022;182
25197 Sant Guim de la Plana;Total;2021;184
25197 Sant Guim de la Plana;Total;2020;181
25197 Sant Guim de la Plana;Total;2019;185
25197 Sant Guim de la Plana;Total;2018;177
25197 Sant Guim de la Plana;Total;2017;177
25197 Sant Guim de la Plana;Total;2016;170
25197 Sant Guim de la Plana;Total;2015;174
25197 Sant Guim de la Plana;Total;2014;175
25197 Sant Guim de la Plana;Total;2013;184
25197 Sant Guim de la Plana;Total;2012;191
25197 Sant Guim de la Plana;Total;2011;195
25197 Sant Guim de la Plana;Total;2010;192
25197 Sant Guim de la Plana;Total;2009;191
25197 Sant Guim de la Plana;Total;2008;184
25197 Sant Guim de la Plana;Total;2007;185
25197 Sant Guim de la Plana;Total;2006;199
25197 Sant Guim de la Plana;Total;2005;198
25197 Sant Guim de la Plana;Total;2004;185
25197 Sant Guim de la Plana;Total;2003;176
25197 Sant Guim de la Plana;Total;2002;183
25197 Sant Guim de la Plana;Total;2001;188
25197 Sant Guim de la Plana;Total;2000;189
25197 Sant Guim de la Plana;Total;1999;194
25197 Sant Guim de la Plana;Total;1998;194
25197 Sant Guim de la Plana;Total;1997;""
25197 Sant Guim de la Plana;Total;1996;206
25197 Sant Guim de la Plana;Hombres;2025;93
25197 Sant Guim de la Plana;Hombres;2024;99
25197 Sant Guim de la Plana;Hombres;2023;102
25197 Sant Guim de la Plana;Hombres;2022;98
25197 Sant Guim de la Plana;Hombres;2021;101
25197 Sant Guim de la Plana;Hombres;2020;99
25197 Sant Guim de la Plana;Hombres;2019;106
25197 Sant Guim de la Plana;Hombres;2018;101
25197 Sant Guim de la Plana;Hombres;2017;101
25197 Sant Guim de la Plana;Hombres;2016;94
25197 Sant Guim de la Plana;Hombres;2015;94
25197 Sant Guim de la Plana;Hombres;2014;93
25197 Sant Guim de la Plana;Hombres;2013;98
25197 Sant Guim de la Plana;Hombres;2012;103
25197 Sant Guim de la Plana;Hombres;2011;103
25197 Sant Guim de la Plana;Hombres;2010;103
25197 Sant Guim de la Plana;Hombres;2009;103
25197 Sant Guim de la Plana;Hombres;2008;99
25197 Sant Guim de la Plana;Hombres;2007;99
25197 Sant Guim de la Plana;Hombres;2006;107
25197 Sant Guim de la Plana;Hombres;2005;106
25197 Sant Guim de la Plana;Hombres;2004;95
25197 Sant Guim de la Plana;Hombres;2003;93
25197 Sant Guim de la Plana;Hombres;2002;97
25197 Sant Guim de la Plana;Hombres;2001;100
25197 Sant Guim de la Plana;Hombres;2000;100
25197 Sant Guim de la Plana;Hombres;1999;102
25197 Sant Guim de la Plana;Hombres;1998;102
25197 Sant Guim de la Plana;Hombres;1997;""
25197 Sant Guim de la Plana;Hombres;1996;105
25197 Sant Guim de la Plana;Mujeres;2025;97
25197 Sant Guim de la Plana;Mujeres;2024;94
25197 Sant Guim de la Plana;Mujeres;2023;98
25197 Sant Guim de la Plana;Mujeres;2022;84
25197 Sant Guim de la Plana;Mujeres;2021;83
25197 Sant Guim de la Plana;Mujeres;2020;82
25197 Sant Guim de la Plana;Mujeres;2019;79
25197 Sant Guim de la Plana;Mujeres;2018;76
25197 Sant Guim de la Plana;Mujeres;2017;76
25197 Sant Guim de la Plana;Mujeres;2016;76
25197 Sant Guim de la Plana;Mujeres;2015;80
25197 Sant Guim de la Plana;Mujeres;2014;82
25197 Sant Guim de la Plana;Mujeres;2013;86
25197 Sant Guim de la Plana;Mujeres;2012;88
25197 Sant Guim de la Plana;Mujeres;2011;92
25197 Sant Guim de la Plana;Mujeres;2010;89
25197 Sant Guim de la Plana;Mujeres;2009;88
25197 Sant Guim de la Plana;Mujeres;2008;85
25197 Sant Guim de la Plana;Mujeres;2007;86
25197 Sant Guim de la Plana;Mujeres;2006;92
25197 Sant Guim de la Plana;Mujeres;2005;92
25197 Sant Guim de la Plana;Mujeres;2004;90
25197 Sant Guim de la Plana;Mujeres;2003;83
25197 Sant Guim de la Plana;Mujeres;2002;86
25197 Sant Guim de la Plana;Mujeres;2001;88
25197 Sant Guim de la Plana;Mujeres;2000;89
25197 Sant Guim de la Plana;Mujeres;1999;92
25197 Sant Guim de la Plana;Mujeres;1998;92
25197 Sant Guim de la Plana;Mujeres;1997;""
25197 Sant Guim de la Plana;Mujeres;1996;101
25193 Sant Llorenç de Morunys;Total;2025;983
25193 Sant Llorenç de Morunys;Total;2024;1.003
25193 Sant Llorenç de Morunys;Total;2023;1.002
25193 Sant Llorenç de Morunys;Total;2022;1.000
25193 Sant Llorenç de Morunys;Total;2021;985
25193 Sant Llorenç de Morunys;Total;2020;960
25193 Sant Llorenç de Morunys;Total;2019;949
25193 Sant Llorenç de Morunys;Total;2018;934
25193 Sant Llorenç de Morunys;Total;2017;949
25193 Sant Llorenç de Morunys;Total;2016;966
25193 Sant Llorenç de Morunys;Total;2015;977
25193 Sant Llorenç de Morunys;Total;2014;993
25193 Sant Llorenç de Morunys;Total;2013;1.000
25193 Sant Llorenç de Morunys;Total;2012;1.038
25193 Sant Llorenç de Morunys;Total;2011;1.032
25193 Sant Llorenç de Morunys;Total;2010;1.077
25193 Sant Llorenç de Morunys;Total;2009;1.084
25193 Sant Llorenç de Morunys;Total;2008;1.071
25193 Sant Llorenç de Morunys;Total;2007;1.004
25193 Sant Llorenç de Morunys;Total;2006;950
25193 Sant Llorenç de Morunys;Total;2005;969
25193 Sant Llorenç de Morunys;Total;2004;936
25193 Sant Llorenç de Morunys;Total;2003;925
25193 Sant Llorenç de Morunys;Total;2002;901
25193 Sant Llorenç de Morunys;Total;2001;903
25193 Sant Llorenç de Morunys;Total;2000;900
25193 Sant Llorenç de Morunys;Total;1999;892
25193 Sant Llorenç de Morunys;Total;1998;896
25193 Sant Llorenç de Morunys;Total;1997;""
25193 Sant Llorenç de Morunys;Total;1996;900
25193 Sant Llorenç de Morunys;Hombres;2025;470
25193 Sant Llorenç de Morunys;Hombres;2024;486
25193 Sant Llorenç de Morunys;Hombres;2023;489
25193 Sant Llorenç de Morunys;Hombres;2022;491
25193 Sant Llorenç de Morunys;Hombres;2021;483
25193 Sant Llorenç de Morunys;Hombres;2020;467
25193 Sant Llorenç de Morunys;Hombres;2019;457
25193 Sant Llorenç de Morunys;Hombres;2018;457
25193 Sant Llorenç de Morunys;Hombres;2017;470
25193 Sant Llorenç de Morunys;Hombres;2016;474
25193 Sant Llorenç de Morunys;Hombres;2015;478
25193 Sant Llorenç de Morunys;Hombres;2014;492
25193 Sant Llorenç de Morunys;Hombres;2013;499
25193 Sant Llorenç de Morunys;Hombres;2012;525
25193 Sant Llorenç de Morunys;Hombres;2011;526
25193 Sant Llorenç de Morunys;Hombres;2010;551
25193 Sant Llorenç de Morunys;Hombres;2009;557
25193 Sant Llorenç de Morunys;Hombres;2008;552
25193 Sant Llorenç de Morunys;Hombres;2007;518
25193 Sant Llorenç de Morunys;Hombres;2006;494
25193 Sant Llorenç de Morunys;Hombres;2005;503
25193 Sant Llorenç de Morunys;Hombres;2004;482
25193 Sant Llorenç de Morunys;Hombres;2003;475
25193 Sant Llorenç de Morunys;Hombres;2002;465
25193 Sant Llorenç de Morunys;Hombres;2001;464
25193 Sant Llorenç de Morunys;Hombres;2000;457
25193 Sant Llorenç de Morunys;Hombres;1999;453
25193 Sant Llorenç de Morunys;Hombres;1998;454
25193 Sant Llorenç de Morunys;Hombres;1997;""
25193 Sant Llorenç de Morunys;Hombres;1996;444
25193 Sant Llorenç de Morunys;Mujeres;2025;513
25193 Sant Llorenç de Morunys;Mujeres;2024;517
25193 Sant Llorenç de Morunys;Mujeres;2023;513
25193 Sant Llorenç de Morunys;Mujeres;2022;509
25193 Sant Llorenç de Morunys;Mujeres;2021;502
25193 Sant Llorenç de Morunys;Mujeres;2020;493
25193 Sant Llorenç de Morunys;Mujeres;2019;492
25193 Sant Llorenç de Morunys;Mujeres;2018;477
25193 Sant Llorenç de Morunys;Mujeres;2017;479
25193 Sant Llorenç de Morunys;Mujeres;2016;492
25193 Sant Llorenç de Morunys;Mujeres;2015;499
25193 Sant Llorenç de Morunys;Mujeres;2014;501
25193 Sant Llorenç de Morunys;Mujeres;2013;501
25193 Sant Llorenç de Morunys;Mujeres;2012;513
25193 Sant Llorenç de Morunys;Mujeres;2011;506
25193 Sant Llorenç de Morunys;Mujeres;2010;526
25193 Sant Llorenç de Morunys;Mujeres;2009;527
25193 Sant Llorenç de Morunys;Mujeres;2008;519
25193 Sant Llorenç de Morunys;Mujeres;2007;486
25193 Sant Llorenç de Morunys;Mujeres;2006;456
25193 Sant Llorenç de Morunys;Mujeres;2005;466
25193 Sant Llorenç de Morunys;Mujeres;2004;454
25193 Sant Llorenç de Morunys;Mujeres;2003;450
25193 Sant Llorenç de Morunys;Mujeres;2002;436
25193 Sant Llorenç de Morunys;Mujeres;2001;439
25193 Sant Llorenç de Morunys;Mujeres;2000;443
25193 Sant Llorenç de Morunys;Mujeres;1999;439
25193 Sant Llorenç de Morunys;Mujeres;1998;442
25193 Sant Llorenç de Morunys;Mujeres;1997;""
25193 Sant Llorenç de Morunys;Mujeres;1996;456
25902 Sant Martí de Riucorb;Total;2025;668
25902 Sant Martí de Riucorb;Total;2024;673
25902 Sant Martí de Riucorb;Total;2023;655
25902 Sant Martí de Riucorb;Total;2022;646
25902 Sant Martí de Riucorb;Total;2021;649
25902 Sant Martí de Riucorb;Total;2020;639
25902 Sant Martí de Riucorb;Total;2019;646
25902 Sant Martí de Riucorb;Total;2018;648
25902 Sant Martí de Riucorb;Total;2017;661
25902 Sant Martí de Riucorb;Total;2016;674
25902 Sant Martí de Riucorb;Total;2015;689
25902 Sant Martí de Riucorb;Total;2014;685
25902 Sant Martí de Riucorb;Total;2013;691
25902 Sant Martí de Riucorb;Total;2012;695
25902 Sant Martí de Riucorb;Total;2011;683
25902 Sant Martí de Riucorb;Total;2010;685
25902 Sant Martí de Riucorb;Total;2009;697
25902 Sant Martí de Riucorb;Total;2008;697
25902 Sant Martí de Riucorb;Total;2007;703
25902 Sant Martí de Riucorb;Total;2006;709
25902 Sant Martí de Riucorb;Total;2005;704
25902 Sant Martí de Riucorb;Total;2004;697
25902 Sant Martí de Riucorb;Total;2003;690
25902 Sant Martí de Riucorb;Total;2002;698
25902 Sant Martí de Riucorb;Total;2001;686
25902 Sant Martí de Riucorb;Total;2000;696
25902 Sant Martí de Riucorb;Total;1999;718
25902 Sant Martí de Riucorb;Total;1998;718
25902 Sant Martí de Riucorb;Total;1997;""
25902 Sant Martí de Riucorb;Total;1996;736
25902 Sant Martí de Riucorb;Hombres;2025;351
25902 Sant Martí de Riucorb;Hombres;2024;353
25902 Sant Martí de Riucorb;Hombres;2023;340
25902 Sant Martí de Riucorb;Hombres;2022;340
25902 Sant Martí de Riucorb;Hombres;2021;341
25902 Sant Martí de Riucorb;Hombres;2020;328
25902 Sant Martí de Riucorb;Hombres;2019;334
25902 Sant Martí de Riucorb;Hombres;2018;337
25902 Sant Martí de Riucorb;Hombres;2017;347
25902 Sant Martí de Riucorb;Hombres;2016;353
25902 Sant Martí de Riucorb;Hombres;2015;368
25902 Sant Martí de Riucorb;Hombres;2014;361
25902 Sant Martí de Riucorb;Hombres;2013;362
25902 Sant Martí de Riucorb;Hombres;2012;362
25902 Sant Martí de Riucorb;Hombres;2011;357
25902 Sant Martí de Riucorb;Hombres;2010;356
25902 Sant Martí de Riucorb;Hombres;2009;360
25902 Sant Martí de Riucorb;Hombres;2008;368
25902 Sant Martí de Riucorb;Hombres;2007;372
25902 Sant Martí de Riucorb;Hombres;2006;376
25902 Sant Martí de Riucorb;Hombres;2005;372
25902 Sant Martí de Riucorb;Hombres;2004;366
25902 Sant Martí de Riucorb;Hombres;2003;359
25902 Sant Martí de Riucorb;Hombres;2002;362
25902 Sant Martí de Riucorb;Hombres;2001;356
25902 Sant Martí de Riucorb;Hombres;2000;356
25902 Sant Martí de Riucorb;Hombres;1999;364
25902 Sant Martí de Riucorb;Hombres;1998;365
25902 Sant Martí de Riucorb;Hombres;1997;""
25902 Sant Martí de Riucorb;Hombres;1996;378
25902 Sant Martí de Riucorb;Mujeres;2025;317
25902 Sant Martí de Riucorb;Mujeres;2024;320
25902 Sant Martí de Riucorb;Mujeres;2023;315
25902 Sant Martí de Riucorb;Mujeres;2022;306
25902 Sant Martí de Riucorb;Mujeres;2021;308
25902 Sant Martí de Riucorb;Mujeres;2020;311
25902 Sant Martí de Riucorb;Mujeres;2019;312
25902 Sant Martí de Riucorb;Mujeres;2018;311
25902 Sant Martí de Riucorb;Mujeres;2017;314
25902 Sant Martí de Riucorb;Mujeres;2016;321
25902 Sant Martí de Riucorb;Mujeres;2015;321
25902 Sant Martí de Riucorb;Mujeres;2014;324
25902 Sant Martí de Riucorb;Mujeres;2013;329
25902 Sant Martí de Riucorb;Mujeres;2012;333
25902 Sant Martí de Riucorb;Mujeres;2011;326
25902 Sant Martí de Riucorb;Mujeres;2010;329
25902 Sant Martí de Riucorb;Mujeres;2009;337
25902 Sant Martí de Riucorb;Mujeres;2008;329
25902 Sant Martí de Riucorb;Mujeres;2007;331
25902 Sant Martí de Riucorb;Mujeres;2006;333
25902 Sant Martí de Riucorb;Mujeres;2005;332
25902 Sant Martí de Riucorb;Mujeres;2004;331
25902 Sant Martí de Riucorb;Mujeres;2003;331
25902 Sant Martí de Riucorb;Mujeres;2002;336
25902 Sant Martí de Riucorb;Mujeres;2001;330
25902 Sant Martí de Riucorb;Mujeres;2000;340
25902 Sant Martí de Riucorb;Mujeres;1999;354
25902 Sant Martí de Riucorb;Mujeres;1998;353
25902 Sant Martí de Riucorb;Mujeres;1997;""
25902 Sant Martí de Riucorb;Mujeres;1996;358
25194 Sant Ramon;Total;2025;483
25194 Sant Ramon;Total;2024;495
25194 Sant Ramon;Total;2023;489
25194 Sant Ramon;Total;2022;480
25194 Sant Ramon;Total;2021;497
25194 Sant Ramon;Total;2020;487
25194 Sant Ramon;Total;2019;491
25194 Sant Ramon;Total;2018;495
25194 Sant Ramon;Total;2017;507
25194 Sant Ramon;Total;2016;509
25194 Sant Ramon;Total;2015;506
25194 Sant Ramon;Total;2014;496
25194 Sant Ramon;Total;2013;525
25194 Sant Ramon;Total;2012;541
25194 Sant Ramon;Total;2011;552
25194 Sant Ramon;Total;2010;569
25194 Sant Ramon;Total;2009;563
25194 Sant Ramon;Total;2008;549
25194 Sant Ramon;Total;2007;570
25194 Sant Ramon;Total;2006;565
25194 Sant Ramon;Total;2005;561
25194 Sant Ramon;Total;2004;560
25194 Sant Ramon;Total;2003;564
25194 Sant Ramon;Total;2002;564
25194 Sant Ramon;Total;2001;570
25194 Sant Ramon;Total;2000;556
25194 Sant Ramon;Total;1999;554
25194 Sant Ramon;Total;1998;554
25194 Sant Ramon;Total;1997;""
25194 Sant Ramon;Total;1996;560
25194 Sant Ramon;Hombres;2025;256
25194 Sant Ramon;Hombres;2024;263
25194 Sant Ramon;Hombres;2023;258
25194 Sant Ramon;Hombres;2022;258
25194 Sant Ramon;Hombres;2021;261
25194 Sant Ramon;Hombres;2020;259
25194 Sant Ramon;Hombres;2019;254
25194 Sant Ramon;Hombres;2018;262
25194 Sant Ramon;Hombres;2017;275
25194 Sant Ramon;Hombres;2016;275
25194 Sant Ramon;Hombres;2015;273
25194 Sant Ramon;Hombres;2014;266
25194 Sant Ramon;Hombres;2013;289
25194 Sant Ramon;Hombres;2012;293
25194 Sant Ramon;Hombres;2011;293
25194 Sant Ramon;Hombres;2010;310
25194 Sant Ramon;Hombres;2009;306
25194 Sant Ramon;Hombres;2008;299
25194 Sant Ramon;Hombres;2007;304
25194 Sant Ramon;Hombres;2006;302
25194 Sant Ramon;Hombres;2005;293
25194 Sant Ramon;Hombres;2004;290
25194 Sant Ramon;Hombres;2003;291
25194 Sant Ramon;Hombres;2002;288
25194 Sant Ramon;Hombres;2001;289
25194 Sant Ramon;Hombres;2000;277
25194 Sant Ramon;Hombres;1999;270
25194 Sant Ramon;Hombres;1998;270
25194 Sant Ramon;Hombres;1997;""
25194 Sant Ramon;Hombres;1996;273
25194 Sant Ramon;Mujeres;2025;227
25194 Sant Ramon;Mujeres;2024;232
25194 Sant Ramon;Mujeres;2023;231
25194 Sant Ramon;Mujeres;2022;222
25194 Sant Ramon;Mujeres;2021;236
25194 Sant Ramon;Mujeres;2020;228
25194 Sant Ramon;Mujeres;2019;237
25194 Sant Ramon;Mujeres;2018;233
25194 Sant Ramon;Mujeres;2017;232
25194 Sant Ramon;Mujeres;2016;234
25194 Sant Ramon;Mujeres;2015;233
25194 Sant Ramon;Mujeres;2014;230
25194 Sant Ramon;Mujeres;2013;236
25194 Sant Ramon;Mujeres;2012;248
25194 Sant Ramon;Mujeres;2011;259
25194 Sant Ramon;Mujeres;2010;259
25194 Sant Ramon;Mujeres;2009;257
25194 Sant Ramon;Mujeres;2008;250
25194 Sant Ramon;Mujeres;2007;266
25194 Sant Ramon;Mujeres;2006;263
25194 Sant Ramon;Mujeres;2005;268
25194 Sant Ramon;Mujeres;2004;270
25194 Sant Ramon;Mujeres;2003;273
25194 Sant Ramon;Mujeres;2002;276
25194 Sant Ramon;Mujeres;2001;281
25194 Sant Ramon;Mujeres;2000;279
25194 Sant Ramon;Mujeres;1999;284
25194 Sant Ramon;Mujeres;1998;284
25194 Sant Ramon;Mujeres;1997;""
25194 Sant Ramon;Mujeres;1996;287
25201 Sarroca de Bellera;Total;2025;111
25201 Sarroca de Bellera;Total;2024;115
25201 Sarroca de Bellera;Total;2023;119
25201 Sarroca de Bellera;Total;2022;113
25201 Sarroca de Bellera;Total;2021;120
25201 Sarroca de Bellera;Total;2020;116
25201 Sarroca de Bellera;Total;2019;121
25201 Sarroca de Bellera;Total;2018;120
25201 Sarroca de Bellera;Total;2017;120
25201 Sarroca de Bellera;Total;2016;117
25201 Sarroca de Bellera;Total;2015;125
25201 Sarroca de Bellera;Total;2014;124
25201 Sarroca de Bellera;Total;2013;126
25201 Sarroca de Bellera;Total;2012;129
25201 Sarroca de Bellera;Total;2011;127
25201 Sarroca de Bellera;Total;2010;136
25201 Sarroca de Bellera;Total;2009;133
25201 Sarroca de Bellera;Total;2008;136
25201 Sarroca de Bellera;Total;2007;129
25201 Sarroca de Bellera;Total;2006;142
25201 Sarroca de Bellera;Total;2005;145
25201 Sarroca de Bellera;Total;2004;147
25201 Sarroca de Bellera;Total;2003;154
25201 Sarroca de Bellera;Total;2002;156
25201 Sarroca de Bellera;Total;2001;160
25201 Sarroca de Bellera;Total;2000;155
25201 Sarroca de Bellera;Total;1999;144
25201 Sarroca de Bellera;Total;1998;145
25201 Sarroca de Bellera;Total;1997;""
25201 Sarroca de Bellera;Total;1996;147
25201 Sarroca de Bellera;Hombres;2025;62
25201 Sarroca de Bellera;Hombres;2024;63
25201 Sarroca de Bellera;Hombres;2023;67
25201 Sarroca de Bellera;Hombres;2022;64
25201 Sarroca de Bellera;Hombres;2021;69
25201 Sarroca de Bellera;Hombres;2020;68
25201 Sarroca de Bellera;Hombres;2019;68
25201 Sarroca de Bellera;Hombres;2018;69
25201 Sarroca de Bellera;Hombres;2017;69
25201 Sarroca de Bellera;Hombres;2016;69
25201 Sarroca de Bellera;Hombres;2015;79
25201 Sarroca de Bellera;Hombres;2014;73
25201 Sarroca de Bellera;Hombres;2013;75
25201 Sarroca de Bellera;Hombres;2012;77
25201 Sarroca de Bellera;Hombres;2011;74
25201 Sarroca de Bellera;Hombres;2010;79
25201 Sarroca de Bellera;Hombres;2009;77
25201 Sarroca de Bellera;Hombres;2008;79
25201 Sarroca de Bellera;Hombres;2007;74
25201 Sarroca de Bellera;Hombres;2006;78
25201 Sarroca de Bellera;Hombres;2005;80
25201 Sarroca de Bellera;Hombres;2004;81
25201 Sarroca de Bellera;Hombres;2003;84
25201 Sarroca de Bellera;Hombres;2002;84
25201 Sarroca de Bellera;Hombres;2001;88
25201 Sarroca de Bellera;Hombres;2000;87
25201 Sarroca de Bellera;Hombres;1999;80
25201 Sarroca de Bellera;Hombres;1998;79
25201 Sarroca de Bellera;Hombres;1997;""
25201 Sarroca de Bellera;Hombres;1996;82
25201 Sarroca de Bellera;Mujeres;2025;49
25201 Sarroca de Bellera;Mujeres;2024;52
25201 Sarroca de Bellera;Mujeres;2023;52
25201 Sarroca de Bellera;Mujeres;2022;49
25201 Sarroca de Bellera;Mujeres;2021;51
25201 Sarroca de Bellera;Mujeres;2020;48
25201 Sarroca de Bellera;Mujeres;2019;53
25201 Sarroca de Bellera;Mujeres;2018;51
25201 Sarroca de Bellera;Mujeres;2017;51
25201 Sarroca de Bellera;Mujeres;2016;48
25201 Sarroca de Bellera;Mujeres;2015;46
25201 Sarroca de Bellera;Mujeres;2014;51
25201 Sarroca de Bellera;Mujeres;2013;51
25201 Sarroca de Bellera;Mujeres;2012;52
25201 Sarroca de Bellera;Mujeres;2011;53
25201 Sarroca de Bellera;Mujeres;2010;57
25201 Sarroca de Bellera;Mujeres;2009;56
25201 Sarroca de Bellera;Mujeres;2008;57
25201 Sarroca de Bellera;Mujeres;2007;55
25201 Sarroca de Bellera;Mujeres;2006;64
25201 Sarroca de Bellera;Mujeres;2005;65
25201 Sarroca de Bellera;Mujeres;2004;66
25201 Sarroca de Bellera;Mujeres;2003;70
25201 Sarroca de Bellera;Mujeres;2002;72
25201 Sarroca de Bellera;Mujeres;2001;72
25201 Sarroca de Bellera;Mujeres;2000;68
25201 Sarroca de Bellera;Mujeres;1999;64
25201 Sarroca de Bellera;Mujeres;1998;66
25201 Sarroca de Bellera;Mujeres;1997;""
25201 Sarroca de Bellera;Mujeres;1996;65
25200 Sarroca de Lleida;Total;2025;383
25200 Sarroca de Lleida;Total;2024;381
25200 Sarroca de Lleida;Total;2023;387
25200 Sarroca de Lleida;Total;2022;365
25200 Sarroca de Lleida;Total;2021;357
25200 Sarroca de Lleida;Total;2020;358
25200 Sarroca de Lleida;Total;2019;363
25200 Sarroca de Lleida;Total;2018;361
25200 Sarroca de Lleida;Total;2017;370
25200 Sarroca de Lleida;Total;2016;374
25200 Sarroca de Lleida;Total;2015;387
25200 Sarroca de Lleida;Total;2014;403
25200 Sarroca de Lleida;Total;2013;401
25200 Sarroca de Lleida;Total;2012;408
25200 Sarroca de Lleida;Total;2011;433
25200 Sarroca de Lleida;Total;2010;433
25200 Sarroca de Lleida;Total;2009;432
25200 Sarroca de Lleida;Total;2008;438
25200 Sarroca de Lleida;Total;2007;430
25200 Sarroca de Lleida;Total;2006;446
25200 Sarroca de Lleida;Total;2005;430
25200 Sarroca de Lleida;Total;2004;437
25200 Sarroca de Lleida;Total;2003;444
25200 Sarroca de Lleida;Total;2002;456
25200 Sarroca de Lleida;Total;2001;462
25200 Sarroca de Lleida;Total;2000;481
25200 Sarroca de Lleida;Total;1999;486
25200 Sarroca de Lleida;Total;1998;489
25200 Sarroca de Lleida;Total;1997;""
25200 Sarroca de Lleida;Total;1996;486
25200 Sarroca de Lleida;Hombres;2025;207
25200 Sarroca de Lleida;Hombres;2024;210
25200 Sarroca de Lleida;Hombres;2023;214
25200 Sarroca de Lleida;Hombres;2022;200
25200 Sarroca de Lleida;Hombres;2021;196
25200 Sarroca de Lleida;Hombres;2020;203
25200 Sarroca de Lleida;Hombres;2019;200
25200 Sarroca de Lleida;Hombres;2018;198
25200 Sarroca de Lleida;Hombres;2017;201
25200 Sarroca de Lleida;Hombres;2016;204
25200 Sarroca de Lleida;Hombres;2015;213
25200 Sarroca de Lleida;Hombres;2014;220
25200 Sarroca de Lleida;Hombres;2013;219
25200 Sarroca de Lleida;Hombres;2012;219
25200 Sarroca de Lleida;Hombres;2011;236
25200 Sarroca de Lleida;Hombres;2010;231
25200 Sarroca de Lleida;Hombres;2009;229
25200 Sarroca de Lleida;Hombres;2008;232
25200 Sarroca de Lleida;Hombres;2007;225
25200 Sarroca de Lleida;Hombres;2006;230
25200 Sarroca de Lleida;Hombres;2005;218
25200 Sarroca de Lleida;Hombres;2004;217
25200 Sarroca de Lleida;Hombres;2003;221
25200 Sarroca de Lleida;Hombres;2002;225
25200 Sarroca de Lleida;Hombres;2001;232
25200 Sarroca de Lleida;Hombres;2000;242
25200 Sarroca de Lleida;Hombres;1999;249
25200 Sarroca de Lleida;Hombres;1998;247
25200 Sarroca de Lleida;Hombres;1997;""
25200 Sarroca de Lleida;Hombres;1996;248
25200 Sarroca de Lleida;Mujeres;2025;176
25200 Sarroca de Lleida;Mujeres;2024;171
25200 Sarroca de Lleida;Mujeres;2023;173
25200 Sarroca de Lleida;Mujeres;2022;165
25200 Sarroca de Lleida;Mujeres;2021;161
25200 Sarroca de Lleida;Mujeres;2020;155
25200 Sarroca de Lleida;Mujeres;2019;163
25200 Sarroca de Lleida;Mujeres;2018;163
25200 Sarroca de Lleida;Mujeres;2017;169
25200 Sarroca de Lleida;Mujeres;2016;170
25200 Sarroca de Lleida;Mujeres;2015;174
25200 Sarroca de Lleida;Mujeres;2014;183
25200 Sarroca de Lleida;Mujeres;2013;182
25200 Sarroca de Lleida;Mujeres;2012;189
25200 Sarroca de Lleida;Mujeres;2011;197
25200 Sarroca de Lleida;Mujeres;2010;202
25200 Sarroca de Lleida;Mujeres;2009;203
25200 Sarroca de Lleida;Mujeres;2008;206
25200 Sarroca de Lleida;Mujeres;2007;205
25200 Sarroca de Lleida;Mujeres;2006;216
25200 Sarroca de Lleida;Mujeres;2005;212
25200 Sarroca de Lleida;Mujeres;2004;220
25200 Sarroca de Lleida;Mujeres;2003;223
25200 Sarroca de Lleida;Mujeres;2002;231
25200 Sarroca de Lleida;Mujeres;2001;230
25200 Sarroca de Lleida;Mujeres;2000;239
25200 Sarroca de Lleida;Mujeres;1999;237
25200 Sarroca de Lleida;Mujeres;1998;242
25200 Sarroca de Lleida;Mujeres;1997;""
25200 Sarroca de Lleida;Mujeres;1996;238
25202 Senterada;Total;2025;160
25202 Senterada;Total;2024;158
25202 Senterada;Total;2023;160
25202 Senterada;Total;2022;161
25202 Senterada;Total;2021;150
25202 Senterada;Total;2020;139
25202 Senterada;Total;2019;137
25202 Senterada;Total;2018;139
25202 Senterada;Total;2017;136
25202 Senterada;Total;2016;133
25202 Senterada;Total;2015;133
25202 Senterada;Total;2014;131
25202 Senterada;Total;2013;140
25202 Senterada;Total;2012;133
25202 Senterada;Total;2011;135
25202 Senterada;Total;2010;142
25202 Senterada;Total;2009;145
25202 Senterada;Total;2008;141
25202 Senterada;Total;2007;142
25202 Senterada;Total;2006;126
25202 Senterada;Total;2005;113
25202 Senterada;Total;2004;93
25202 Senterada;Total;2003;100
25202 Senterada;Total;2002;102
25202 Senterada;Total;2001;103
25202 Senterada;Total;2000;112
25202 Senterada;Total;1999;115
25202 Senterada;Total;1998;116
25202 Senterada;Total;1997;""
25202 Senterada;Total;1996;117
25202 Senterada;Hombres;2025;93
25202 Senterada;Hombres;2024;93
25202 Senterada;Hombres;2023;93
25202 Senterada;Hombres;2022;93
25202 Senterada;Hombres;2021;88
25202 Senterada;Hombres;2020;82
25202 Senterada;Hombres;2019;80
25202 Senterada;Hombres;2018;80
25202 Senterada;Hombres;2017;79
25202 Senterada;Hombres;2016;80
25202 Senterada;Hombres;2015;80
25202 Senterada;Hombres;2014;77
25202 Senterada;Hombres;2013;82
25202 Senterada;Hombres;2012;77
25202 Senterada;Hombres;2011;73
25202 Senterada;Hombres;2010;77
25202 Senterada;Hombres;2009;77
25202 Senterada;Hombres;2008;75
25202 Senterada;Hombres;2007;76
25202 Senterada;Hombres;2006;66
25202 Senterada;Hombres;2005;62
25202 Senterada;Hombres;2004;45
25202 Senterada;Hombres;2003;48
25202 Senterada;Hombres;2002;52
25202 Senterada;Hombres;2001;53
25202 Senterada;Hombres;2000;59
25202 Senterada;Hombres;1999;60
25202 Senterada;Hombres;1998;61
25202 Senterada;Hombres;1997;""
25202 Senterada;Hombres;1996;62
25202 Senterada;Mujeres;2025;67
25202 Senterada;Mujeres;2024;65
25202 Senterada;Mujeres;2023;67
25202 Senterada;Mujeres;2022;68
25202 Senterada;Mujeres;2021;62
25202 Senterada;Mujeres;2020;57
25202 Senterada;Mujeres;2019;57
25202 Senterada;Mujeres;2018;59
25202 Senterada;Mujeres;2017;57
25202 Senterada;Mujeres;2016;53
25202 Senterada;Mujeres;2015;53
25202 Senterada;Mujeres;2014;54
25202 Senterada;Mujeres;2013;58
25202 Senterada;Mujeres;2012;56
25202 Senterada;Mujeres;2011;62
25202 Senterada;Mujeres;2010;65
25202 Senterada;Mujeres;2009;68
25202 Senterada;Mujeres;2008;66
25202 Senterada;Mujeres;2007;66
25202 Senterada;Mujeres;2006;60
25202 Senterada;Mujeres;2005;51
25202 Senterada;Mujeres;2004;48
25202 Senterada;Mujeres;2003;52
25202 Senterada;Mujeres;2002;50
25202 Senterada;Mujeres;2001;50
25202 Senterada;Mujeres;2000;53
25202 Senterada;Mujeres;1999;55
25202 Senterada;Mujeres;1998;55
25202 Senterada;Mujeres;1997;""
25202 Senterada;Mujeres;1996;55
25035 Sentiu de Sió, La;Total;2025;448
25035 Sentiu de Sió, La;Total;2024;455
25035 Sentiu de Sió, La;Total;2023;445
25035 Sentiu de Sió, La;Total;2022;417
25035 Sentiu de Sió, La;Total;2021;426
25035 Sentiu de Sió, La;Total;2020;414
25035 Sentiu de Sió, La;Total;2019;406
25035 Sentiu de Sió, La;Total;2018;427
25035 Sentiu de Sió, La;Total;2017;445
25035 Sentiu de Sió, La;Total;2016;462
25035 Sentiu de Sió, La;Total;2015;459
25035 Sentiu de Sió, La;Total;2014;467
25035 Sentiu de Sió, La;Total;2013;475
25035 Sentiu de Sió, La;Total;2012;471
25035 Sentiu de Sió, La;Total;2011;488
25035 Sentiu de Sió, La;Total;2010;502
25035 Sentiu de Sió, La;Total;2009;496
25035 Sentiu de Sió, La;Total;2008;512
25035 Sentiu de Sió, La;Total;2007;507
25035 Sentiu de Sió, La;Total;2006;478
25035 Sentiu de Sió, La;Total;2005;486
25035 Sentiu de Sió, La;Total;2004;466
25035 Sentiu de Sió, La;Total;2003;469
25035 Sentiu de Sió, La;Total;2002;472
25035 Sentiu de Sió, La;Total;2001;465
25035 Sentiu de Sió, La;Total;2000;474
25035 Sentiu de Sió, La;Total;1999;492
25035 Sentiu de Sió, La;Total;1998;481
25035 Sentiu de Sió, La;Total;1997;""
25035 Sentiu de Sió, La;Total;1996;468
25035 Sentiu de Sió, La;Hombres;2025;243
25035 Sentiu de Sió, La;Hombres;2024;238
25035 Sentiu de Sió, La;Hombres;2023;226
25035 Sentiu de Sió, La;Hombres;2022;216
25035 Sentiu de Sió, La;Hombres;2021;222
25035 Sentiu de Sió, La;Hombres;2020;217
25035 Sentiu de Sió, La;Hombres;2019;216
25035 Sentiu de Sió, La;Hombres;2018;223
25035 Sentiu de Sió, La;Hombres;2017;229
25035 Sentiu de Sió, La;Hombres;2016;239
25035 Sentiu de Sió, La;Hombres;2015;234
25035 Sentiu de Sió, La;Hombres;2014;235
25035 Sentiu de Sió, La;Hombres;2013;239
25035 Sentiu de Sió, La;Hombres;2012;236
25035 Sentiu de Sió, La;Hombres;2011;248
25035 Sentiu de Sió, La;Hombres;2010;249
25035 Sentiu de Sió, La;Hombres;2009;245
25035 Sentiu de Sió, La;Hombres;2008;251
25035 Sentiu de Sió, La;Hombres;2007;249
25035 Sentiu de Sió, La;Hombres;2006;232
25035 Sentiu de Sió, La;Hombres;2005;234
25035 Sentiu de Sió, La;Hombres;2004;227
25035 Sentiu de Sió, La;Hombres;2003;230
25035 Sentiu de Sió, La;Hombres;2002;232
25035 Sentiu de Sió, La;Hombres;2001;228
25035 Sentiu de Sió, La;Hombres;2000;230
25035 Sentiu de Sió, La;Hombres;1999;237
25035 Sentiu de Sió, La;Hombres;1998;231
25035 Sentiu de Sió, La;Hombres;1997;""
25035 Sentiu de Sió, La;Hombres;1996;224
25035 Sentiu de Sió, La;Mujeres;2025;205
25035 Sentiu de Sió, La;Mujeres;2024;217
25035 Sentiu de Sió, La;Mujeres;2023;219
25035 Sentiu de Sió, La;Mujeres;2022;201
25035 Sentiu de Sió, La;Mujeres;2021;204
25035 Sentiu de Sió, La;Mujeres;2020;197
25035 Sentiu de Sió, La;Mujeres;2019;190
25035 Sentiu de Sió, La;Mujeres;2018;204
25035 Sentiu de Sió, La;Mujeres;2017;216
25035 Sentiu de Sió, La;Mujeres;2016;223
25035 Sentiu de Sió, La;Mujeres;2015;225
25035 Sentiu de Sió, La;Mujeres;2014;232
25035 Sentiu de Sió, La;Mujeres;2013;236
25035 Sentiu de Sió, La;Mujeres;2012;235
25035 Sentiu de Sió, La;Mujeres;2011;240
25035 Sentiu de Sió, La;Mujeres;2010;253
25035 Sentiu de Sió, La;Mujeres;2009;251
25035 Sentiu de Sió, La;Mujeres;2008;261
25035 Sentiu de Sió, La;Mujeres;2007;258
25035 Sentiu de Sió, La;Mujeres;2006;246
25035 Sentiu de Sió, La;Mujeres;2005;252
25035 Sentiu de Sió, La;Mujeres;2004;239
25035 Sentiu de Sió, La;Mujeres;2003;239
25035 Sentiu de Sió, La;Mujeres;2002;240
25035 Sentiu de Sió, La;Mujeres;2001;237
25035 Sentiu de Sió, La;Mujeres;2000;244
25035 Sentiu de Sió, La;Mujeres;1999;255
25035 Sentiu de Sió, La;Mujeres;1998;250
25035 Sentiu de Sió, La;Mujeres;1997;""
25035 Sentiu de Sió, La;Mujeres;1996;244
25204 Seròs;Total;2025;1.954
25204 Seròs;Total;2024;1.902
25204 Seròs;Total;2023;1.893
25204 Seròs;Total;2022;1.890
25204 Seròs;Total;2021;1.923
25204 Seròs;Total;2020;1.946
25204 Seròs;Total;2019;1.922
25204 Seròs;Total;2018;1.889
25204 Seròs;Total;2017;1.895
25204 Seròs;Total;2016;1.912
25204 Seròs;Total;2015;1.886
25204 Seròs;Total;2014;1.887
25204 Seròs;Total;2013;1.911
25204 Seròs;Total;2012;1.907
25204 Seròs;Total;2011;1.910
25204 Seròs;Total;2010;1.867
25204 Seròs;Total;2009;1.864
25204 Seròs;Total;2008;1.876
25204 Seròs;Total;2007;1.893
25204 Seròs;Total;2006;1.909
25204 Seròs;Total;2005;1.900
25204 Seròs;Total;2004;1.827
25204 Seròs;Total;2003;1.754
25204 Seròs;Total;2002;1.731
25204 Seròs;Total;2001;1.730
25204 Seròs;Total;2000;1.737
25204 Seròs;Total;1999;1.760
25204 Seròs;Total;1998;1.780
25204 Seròs;Total;1997;""
25204 Seròs;Total;1996;1.800
25204 Seròs;Hombres;2025;1.069
25204 Seròs;Hombres;2024;1.034
25204 Seròs;Hombres;2023;1.022
25204 Seròs;Hombres;2022;1.016
25204 Seròs;Hombres;2021;1.038
25204 Seròs;Hombres;2020;1.048
25204 Seròs;Hombres;2019;1.029
25204 Seròs;Hombres;2018;1.012
25204 Seròs;Hombres;2017;1.020
25204 Seròs;Hombres;2016;1.035
25204 Seròs;Hombres;2015;1.025
25204 Seròs;Hombres;2014;1.032
25204 Seròs;Hombres;2013;1.045
25204 Seròs;Hombres;2012;1.041
25204 Seròs;Hombres;2011;1.052
25204 Seròs;Hombres;2010;1.038
25204 Seròs;Hombres;2009;1.042
25204 Seròs;Hombres;2008;1.062
25204 Seròs;Hombres;2007;1.079
25204 Seròs;Hombres;2006;1.098
25204 Seròs;Hombres;2005;1.080
25204 Seròs;Hombres;2004;1.011
25204 Seròs;Hombres;2003;945
25204 Seròs;Hombres;2002;921
25204 Seròs;Hombres;2001;917
25204 Seròs;Hombres;2000;927
25204 Seròs;Hombres;1999;930
25204 Seròs;Hombres;1998;939
25204 Seròs;Hombres;1997;""
25204 Seròs;Hombres;1996;969
25204 Seròs;Mujeres;2025;885
25204 Seròs;Mujeres;2024;868
25204 Seròs;Mujeres;2023;871
25204 Seròs;Mujeres;2022;874
25204 Seròs;Mujeres;2021;885
25204 Seròs;Mujeres;2020;898
25204 Seròs;Mujeres;2019;893
25204 Seròs;Mujeres;2018;877
25204 Seròs;Mujeres;2017;875
25204 Seròs;Mujeres;2016;877
25204 Seròs;Mujeres;2015;861
25204 Seròs;Mujeres;2014;855
25204 Seròs;Mujeres;2013;866
25204 Seròs;Mujeres;2012;866
25204 Seròs;Mujeres;2011;858
25204 Seròs;Mujeres;2010;829
25204 Seròs;Mujeres;2009;822
25204 Seròs;Mujeres;2008;814
25204 Seròs;Mujeres;2007;814
25204 Seròs;Mujeres;2006;811
25204 Seròs;Mujeres;2005;820
25204 Seròs;Mujeres;2004;816
25204 Seròs;Mujeres;2003;809
25204 Seròs;Mujeres;2002;810
25204 Seròs;Mujeres;2001;813
25204 Seròs;Mujeres;2000;810
25204 Seròs;Mujeres;1999;830
25204 Seròs;Mujeres;1998;841
25204 Seròs;Mujeres;1997;""
25204 Seròs;Mujeres;1996;831
25203 Seu d'Urgell, La;Total;2025;13.009
25203 Seu d'Urgell, La;Total;2024;12.831
25203 Seu d'Urgell, La;Total;2023;12.568
25203 Seu d'Urgell, La;Total;2022;12.261
25203 Seu d'Urgell, La;Total;2021;12.252
25203 Seu d'Urgell, La;Total;2020;12.206
25203 Seu d'Urgell, La;Total;2019;12.089
25203 Seu d'Urgell, La;Total;2018;12.041
25203 Seu d'Urgell, La;Total;2017;12.015
25203 Seu d'Urgell, La;Total;2016;12.185
25203 Seu d'Urgell, La;Total;2015;12.249
25203 Seu d'Urgell, La;Total;2014;12.366
25203 Seu d'Urgell, La;Total;2013;12.468
25203 Seu d'Urgell, La;Total;2012;12.529
25203 Seu d'Urgell, La;Total;2011;13.009
25203 Seu d'Urgell, La;Total;2010;13.060
25203 Seu d'Urgell, La;Total;2009;13.063
25203 Seu d'Urgell, La;Total;2008;12.986
25203 Seu d'Urgell, La;Total;2007;12.703
25203 Seu d'Urgell, La;Total;2006;12.533
25203 Seu d'Urgell, La;Total;2005;12.317
25203 Seu d'Urgell, La;Total;2004;11.921
25203 Seu d'Urgell, La;Total;2003;11.726
25203 Seu d'Urgell, La;Total;2002;11.434
25203 Seu d'Urgell, La;Total;2001;11.101
25203 Seu d'Urgell, La;Total;2000;10.943
25203 Seu d'Urgell, La;Total;1999;10.733
25203 Seu d'Urgell, La;Total;1998;10.661
25203 Seu d'Urgell, La;Total;1997;""
25203 Seu d'Urgell, La;Total;1996;10.711
25203 Seu d'Urgell, La;Hombres;2025;6.369
25203 Seu d'Urgell, La;Hombres;2024;6.278
25203 Seu d'Urgell, La;Hombres;2023;6.131
25203 Seu d'Urgell, La;Hombres;2022;5.958
25203 Seu d'Urgell, La;Hombres;2021;5.949
25203 Seu d'Urgell, La;Hombres;2020;5.919
25203 Seu d'Urgell, La;Hombres;2019;5.842
25203 Seu d'Urgell, La;Hombres;2018;5.834
25203 Seu d'Urgell, La;Hombres;2017;5.789
25203 Seu d'Urgell, La;Hombres;2016;5.864
25203 Seu d'Urgell, La;Hombres;2015;5.896
25203 Seu d'Urgell, La;Hombres;2014;5.968
25203 Seu d'Urgell, La;Hombres;2013;6.062
25203 Seu d'Urgell, La;Hombres;2012;6.109
25203 Seu d'Urgell, La;Hombres;2011;6.379
25203 Seu d'Urgell, La;Hombres;2010;6.432
25203 Seu d'Urgell, La;Hombres;2009;6.452
25203 Seu d'Urgell, La;Hombres;2008;6.431
25203 Seu d'Urgell, La;Hombres;2007;6.282
25203 Seu d'Urgell, La;Hombres;2006;6.189
25203 Seu d'Urgell, La;Hombres;2005;6.042
25203 Seu d'Urgell, La;Hombres;2004;5.851
25203 Seu d'Urgell, La;Hombres;2003;5.748
25203 Seu d'Urgell, La;Hombres;2002;5.590
25203 Seu d'Urgell, La;Hombres;2001;5.428
25203 Seu d'Urgell, La;Hombres;2000;5.305
25203 Seu d'Urgell, La;Hombres;1999;5.243
25203 Seu d'Urgell, La;Hombres;1998;5.196
25203 Seu d'Urgell, La;Hombres;1997;""
25203 Seu d'Urgell, La;Hombres;1996;5.230
25203 Seu d'Urgell, La;Mujeres;2025;6.640
25203 Seu d'Urgell, La;Mujeres;2024;6.553
25203 Seu d'Urgell, La;Mujeres;2023;6.437
25203 Seu d'Urgell, La;Mujeres;2022;6.303
25203 Seu d'Urgell, La;Mujeres;2021;6.303
25203 Seu d'Urgell, La;Mujeres;2020;6.287
25203 Seu d'Urgell, La;Mujeres;2019;6.247
25203 Seu d'Urgell, La;Mujeres;2018;6.207
25203 Seu d'Urgell, La;Mujeres;2017;6.226
25203 Seu d'Urgell, La;Mujeres;2016;6.321
25203 Seu d'Urgell, La;Mujeres;2015;6.353
25203 Seu d'Urgell, La;Mujeres;2014;6.398
25203 Seu d'Urgell, La;Mujeres;2013;6.406
25203 Seu d'Urgell, La;Mujeres;2012;6.420
25203 Seu d'Urgell, La;Mujeres;2011;6.630
25203 Seu d'Urgell, La;Mujeres;2010;6.628
25203 Seu d'Urgell, La;Mujeres;2009;6.611
25203 Seu d'Urgell, La;Mujeres;2008;6.555
25203 Seu d'Urgell, La;Mujeres;2007;6.421
25203 Seu d'Urgell, La;Mujeres;2006;6.344
25203 Seu d'Urgell, La;Mujeres;2005;6.275
25203 Seu d'Urgell, La;Mujeres;2004;6.070
25203 Seu d'Urgell, La;Mujeres;2003;5.978
25203 Seu d'Urgell, La;Mujeres;2002;5.844
25203 Seu d'Urgell, La;Mujeres;2001;5.673
25203 Seu d'Urgell, La;Mujeres;2000;5.638
25203 Seu d'Urgell, La;Mujeres;1999;5.490
25203 Seu d'Urgell, La;Mujeres;1998;5.465
25203 Seu d'Urgell, La;Mujeres;1997;""
25203 Seu d'Urgell, La;Mujeres;1996;5.481
25205 Sidamon;Total;2025;760
25205 Sidamon;Total;2024;767
25205 Sidamon;Total;2023;766
25205 Sidamon;Total;2022;759
25205 Sidamon;Total;2021;755
25205 Sidamon;Total;2020;748
25205 Sidamon;Total;2019;734
25205 Sidamon;Total;2018;733
25205 Sidamon;Total;2017;732
25205 Sidamon;Total;2016;734
25205 Sidamon;Total;2015;732
25205 Sidamon;Total;2014;706
25205 Sidamon;Total;2013;735
25205 Sidamon;Total;2012;736
25205 Sidamon;Total;2011;739
25205 Sidamon;Total;2010;758
25205 Sidamon;Total;2009;756
25205 Sidamon;Total;2008;727
25205 Sidamon;Total;2007;707
25205 Sidamon;Total;2006;688
25205 Sidamon;Total;2005;690
25205 Sidamon;Total;2004;642
25205 Sidamon;Total;2003;679
25205 Sidamon;Total;2002;577
25205 Sidamon;Total;2001;583
25205 Sidamon;Total;2000;527
25205 Sidamon;Total;1999;501
25205 Sidamon;Total;1998;476
25205 Sidamon;Total;1997;""
25205 Sidamon;Total;1996;455
25205 Sidamon;Hombres;2025;406
25205 Sidamon;Hombres;2024;404
25205 Sidamon;Hombres;2023;407
25205 Sidamon;Hombres;2022;407
25205 Sidamon;Hombres;2021;403
25205 Sidamon;Hombres;2020;397
25205 Sidamon;Hombres;2019;383
25205 Sidamon;Hombres;2018;385
25205 Sidamon;Hombres;2017;383
25205 Sidamon;Hombres;2016;383
25205 Sidamon;Hombres;2015;379
25205 Sidamon;Hombres;2014;371
25205 Sidamon;Hombres;2013;375
25205 Sidamon;Hombres;2012;371
25205 Sidamon;Hombres;2011;372
25205 Sidamon;Hombres;2010;384
25205 Sidamon;Hombres;2009;376
25205 Sidamon;Hombres;2008;369
25205 Sidamon;Hombres;2007;366
25205 Sidamon;Hombres;2006;355
25205 Sidamon;Hombres;2005;356
25205 Sidamon;Hombres;2004;329
25205 Sidamon;Hombres;2003;365
25205 Sidamon;Hombres;2002;296
25205 Sidamon;Hombres;2001;291
25205 Sidamon;Hombres;2000;264
25205 Sidamon;Hombres;1999;248
25205 Sidamon;Hombres;1998;238
25205 Sidamon;Hombres;1997;""
25205 Sidamon;Hombres;1996;232
25205 Sidamon;Mujeres;2025;354
25205 Sidamon;Mujeres;2024;363
25205 Sidamon;Mujeres;2023;359
25205 Sidamon;Mujeres;2022;352
25205 Sidamon;Mujeres;2021;352
25205 Sidamon;Mujeres;2020;351
25205 Sidamon;Mujeres;2019;351
25205 Sidamon;Mujeres;2018;348
25205 Sidamon;Mujeres;2017;349
25205 Sidamon;Mujeres;2016;351
25205 Sidamon;Mujeres;2015;353
25205 Sidamon;Mujeres;2014;335
25205 Sidamon;Mujeres;2013;360
25205 Sidamon;Mujeres;2012;365
25205 Sidamon;Mujeres;2011;367
25205 Sidamon;Mujeres;2010;374
25205 Sidamon;Mujeres;2009;380
25205 Sidamon;Mujeres;2008;358
25205 Sidamon;Mujeres;2007;341
25205 Sidamon;Mujeres;2006;333
25205 Sidamon;Mujeres;2005;334
25205 Sidamon;Mujeres;2004;313
25205 Sidamon;Mujeres;2003;314
25205 Sidamon;Mujeres;2002;281
25205 Sidamon;Mujeres;2001;292
25205 Sidamon;Mujeres;2000;263
25205 Sidamon;Mujeres;1999;253
25205 Sidamon;Mujeres;1998;238
25205 Sidamon;Mujeres;1997;""
25205 Sidamon;Mujeres;1996;223
25206 Soleràs, El;Total;2025;308
25206 Soleràs, El;Total;2024;310
25206 Soleràs, El;Total;2023;321
25206 Soleràs, El;Total;2022;330
25206 Soleràs, El;Total;2021;337
25206 Soleràs, El;Total;2020;332
25206 Soleràs, El;Total;2019;332
25206 Soleràs, El;Total;2018;328
25206 Soleràs, El;Total;2017;346
25206 Soleràs, El;Total;2016;350
25206 Soleràs, El;Total;2015;342
25206 Soleràs, El;Total;2014;359
25206 Soleràs, El;Total;2013;362
25206 Soleràs, El;Total;2012;368
25206 Soleràs, El;Total;2011;369
25206 Soleràs, El;Total;2010;376
25206 Soleràs, El;Total;2009;398
25206 Soleràs, El;Total;2008;419
25206 Soleràs, El;Total;2007;407
25206 Soleràs, El;Total;2006;382
25206 Soleràs, El;Total;2005;403
25206 Soleràs, El;Total;2004;407
25206 Soleràs, El;Total;2003;428
25206 Soleràs, El;Total;2002;438
25206 Soleràs, El;Total;2001;434
25206 Soleràs, El;Total;2000;418
25206 Soleràs, El;Total;1999;424
25206 Soleràs, El;Total;1998;420
25206 Soleràs, El;Total;1997;""
25206 Soleràs, El;Total;1996;424
25206 Soleràs, El;Hombres;2025;164
25206 Soleràs, El;Hombres;2024;164
25206 Soleràs, El;Hombres;2023;171
25206 Soleràs, El;Hombres;2022;182
25206 Soleràs, El;Hombres;2021;181
25206 Soleràs, El;Hombres;2020;175
25206 Soleràs, El;Hombres;2019;173
25206 Soleràs, El;Hombres;2018;175
25206 Soleràs, El;Hombres;2017;183
25206 Soleràs, El;Hombres;2016;181
25206 Soleràs, El;Hombres;2015;176
25206 Soleràs, El;Hombres;2014;185
25206 Soleràs, El;Hombres;2013;184
25206 Soleràs, El;Hombres;2012;195
25206 Soleràs, El;Hombres;2011;197
25206 Soleràs, El;Hombres;2010;201
25206 Soleràs, El;Hombres;2009;210
25206 Soleràs, El;Hombres;2008;226
25206 Soleràs, El;Hombres;2007;215
25206 Soleràs, El;Hombres;2006;201
25206 Soleràs, El;Hombres;2005;220
25206 Soleràs, El;Hombres;2004;220
25206 Soleràs, El;Hombres;2003;234
25206 Soleràs, El;Hombres;2002;235
25206 Soleràs, El;Hombres;2001;232
25206 Soleràs, El;Hombres;2000;215
25206 Soleràs, El;Hombres;1999;216
25206 Soleràs, El;Hombres;1998;212
25206 Soleràs, El;Hombres;1997;""
25206 Soleràs, El;Hombres;1996;214
25206 Soleràs, El;Mujeres;2025;144
25206 Soleràs, El;Mujeres;2024;146
25206 Soleràs, El;Mujeres;2023;150
25206 Soleràs, El;Mujeres;2022;148
25206 Soleràs, El;Mujeres;2021;156
25206 Soleràs, El;Mujeres;2020;157
25206 Soleràs, El;Mujeres;2019;159
25206 Soleràs, El;Mujeres;2018;153
25206 Soleràs, El;Mujeres;2017;163
25206 Soleràs, El;Mujeres;2016;169
25206 Soleràs, El;Mujeres;2015;166
25206 Soleràs, El;Mujeres;2014;174
25206 Soleràs, El;Mujeres;2013;178
25206 Soleràs, El;Mujeres;2012;173
25206 Soleràs, El;Mujeres;2011;172
25206 Soleràs, El;Mujeres;2010;175
25206 Soleràs, El;Mujeres;2009;188
25206 Soleràs, El;Mujeres;2008;193
25206 Soleràs, El;Mujeres;2007;192
25206 Soleràs, El;Mujeres;2006;181
25206 Soleràs, El;Mujeres;2005;183
25206 Soleràs, El;Mujeres;2004;187
25206 Soleràs, El;Mujeres;2003;194
25206 Soleràs, El;Mujeres;2002;203
25206 Soleràs, El;Mujeres;2001;202
25206 Soleràs, El;Mujeres;2000;203
25206 Soleràs, El;Mujeres;1999;208
25206 Soleràs, El;Mujeres;1998;208
25206 Soleràs, El;Mujeres;1997;""
25206 Soleràs, El;Mujeres;1996;210
25207 Solsona;Total;2025;9.717
25207 Solsona;Total;2024;9.480
25207 Solsona;Total;2023;9.171
25207 Solsona;Total;2022;9.131
25207 Solsona;Total;2021;9.175
25207 Solsona;Total;2020;9.137
25207 Solsona;Total;2019;9.094
25207 Solsona;Total;2018;9.014
25207 Solsona;Total;2017;8.974
25207 Solsona;Total;2016;8.914
25207 Solsona;Total;2015;9.004
25207 Solsona;Total;2014;9.067
25207 Solsona;Total;2013;9.188
25207 Solsona;Total;2012;9.201
25207 Solsona;Total;2011;9.304
25207 Solsona;Total;2010;9.219
25207 Solsona;Total;2009;9.233
25207 Solsona;Total;2008;9.166
25207 Solsona;Total;2007;9.000
25207 Solsona;Total;2006;8.823
25207 Solsona;Total;2005;8.571
25207 Solsona;Total;2004;8.127
25207 Solsona;Total;2003;7.925
25207 Solsona;Total;2002;7.689
25207 Solsona;Total;2001;7.518
25207 Solsona;Total;2000;7.343
25207 Solsona;Total;1999;7.211
25207 Solsona;Total;1998;7.172
25207 Solsona;Total;1997;""
25207 Solsona;Total;1996;7.128
25207 Solsona;Hombres;2025;4.858
25207 Solsona;Hombres;2024;4.709
25207 Solsona;Hombres;2023;4.550
25207 Solsona;Hombres;2022;4.531
25207 Solsona;Hombres;2021;4.533
25207 Solsona;Hombres;2020;4.511
25207 Solsona;Hombres;2019;4.488
25207 Solsona;Hombres;2018;4.465
25207 Solsona;Hombres;2017;4.444
25207 Solsona;Hombres;2016;4.425
25207 Solsona;Hombres;2015;4.505
25207 Solsona;Hombres;2014;4.531
25207 Solsona;Hombres;2013;4.591
25207 Solsona;Hombres;2012;4.595
25207 Solsona;Hombres;2011;4.665
25207 Solsona;Hombres;2010;4.668
25207 Solsona;Hombres;2009;4.687
25207 Solsona;Hombres;2008;4.656
25207 Solsona;Hombres;2007;4.592
25207 Solsona;Hombres;2006;4.506
25207 Solsona;Hombres;2005;4.387
25207 Solsona;Hombres;2004;4.117
25207 Solsona;Hombres;2003;4.008
25207 Solsona;Hombres;2002;3.856
25207 Solsona;Hombres;2001;3.761
25207 Solsona;Hombres;2000;3.649
25207 Solsona;Hombres;1999;3.614
25207 Solsona;Hombres;1998;3.593
25207 Solsona;Hombres;1997;""
25207 Solsona;Hombres;1996;3.574
25207 Solsona;Mujeres;2025;4.859
25207 Solsona;Mujeres;2024;4.771
25207 Solsona;Mujeres;2023;4.621
25207 Solsona;Mujeres;2022;4.600
25207 Solsona;Mujeres;2021;4.642
25207 Solsona;Mujeres;2020;4.626
25207 Solsona;Mujeres;2019;4.606
25207 Solsona;Mujeres;2018;4.549
25207 Solsona;Mujeres;2017;4.530
25207 Solsona;Mujeres;2016;4.489
25207 Solsona;Mujeres;2015;4.499
25207 Solsona;Mujeres;2014;4.536
25207 Solsona;Mujeres;2013;4.597
25207 Solsona;Mujeres;2012;4.606
25207 Solsona;Mujeres;2011;4.639
25207 Solsona;Mujeres;2010;4.551
25207 Solsona;Mujeres;2009;4.546
25207 Solsona;Mujeres;2008;4.510
25207 Solsona;Mujeres;2007;4.408
25207 Solsona;Mujeres;2006;4.317
25207 Solsona;Mujeres;2005;4.184
25207 Solsona;Mujeres;2004;4.010
25207 Solsona;Mujeres;2003;3.917
25207 Solsona;Mujeres;2002;3.833
25207 Solsona;Mujeres;2001;3.757
25207 Solsona;Mujeres;2000;3.694
25207 Solsona;Mujeres;1999;3.597
25207 Solsona;Mujeres;1998;3.579
25207 Solsona;Mujeres;1997;""
25207 Solsona;Mujeres;1996;3.554
25208 Soriguera;Total;2025;446
25208 Soriguera;Total;2024;444
25208 Soriguera;Total;2023;440
25208 Soriguera;Total;2022;429
25208 Soriguera;Total;2021;431
25208 Soriguera;Total;2020;420
25208 Soriguera;Total;2019;410
25208 Soriguera;Total;2018;399
25208 Soriguera;Total;2017;403
25208 Soriguera;Total;2016;408
25208 Soriguera;Total;2015;385
25208 Soriguera;Total;2014;377
25208 Soriguera;Total;2013;374
25208 Soriguera;Total;2012;370
25208 Soriguera;Total;2011;368
25208 Soriguera;Total;2010;377
25208 Soriguera;Total;2009;370
25208 Soriguera;Total;2008;360
25208 Soriguera;Total;2007;341
25208 Soriguera;Total;2006;337
25208 Soriguera;Total;2005;336
25208 Soriguera;Total;2004;327
25208 Soriguera;Total;2003;330
25208 Soriguera;Total;2002;325
25208 Soriguera;Total;2001;314
25208 Soriguera;Total;2000;308
25208 Soriguera;Total;1999;299
25208 Soriguera;Total;1998;298
25208 Soriguera;Total;1997;""
25208 Soriguera;Total;1996;309
25208 Soriguera;Hombres;2025;228
25208 Soriguera;Hombres;2024;229
25208 Soriguera;Hombres;2023;230
25208 Soriguera;Hombres;2022;229
25208 Soriguera;Hombres;2021;229
25208 Soriguera;Hombres;2020;225
25208 Soriguera;Hombres;2019;220
25208 Soriguera;Hombres;2018;215
25208 Soriguera;Hombres;2017;220
25208 Soriguera;Hombres;2016;221
25208 Soriguera;Hombres;2015;206
25208 Soriguera;Hombres;2014;199
25208 Soriguera;Hombres;2013;200
25208 Soriguera;Hombres;2012;203
25208 Soriguera;Hombres;2011;200
25208 Soriguera;Hombres;2010;204
25208 Soriguera;Hombres;2009;201
25208 Soriguera;Hombres;2008;190
25208 Soriguera;Hombres;2007;180
25208 Soriguera;Hombres;2006;179
25208 Soriguera;Hombres;2005;185
25208 Soriguera;Hombres;2004;178
25208 Soriguera;Hombres;2003;172
25208 Soriguera;Hombres;2002;164
25208 Soriguera;Hombres;2001;156
25208 Soriguera;Hombres;2000;158
25208 Soriguera;Hombres;1999;153
25208 Soriguera;Hombres;1998;155
25208 Soriguera;Hombres;1997;""
25208 Soriguera;Hombres;1996;164
25208 Soriguera;Mujeres;2025;218
25208 Soriguera;Mujeres;2024;215
25208 Soriguera;Mujeres;2023;210
25208 Soriguera;Mujeres;2022;200
25208 Soriguera;Mujeres;2021;202
25208 Soriguera;Mujeres;2020;195
25208 Soriguera;Mujeres;2019;190
25208 Soriguera;Mujeres;2018;184
25208 Soriguera;Mujeres;2017;183
25208 Soriguera;Mujeres;2016;187
25208 Soriguera;Mujeres;2015;179
25208 Soriguera;Mujeres;2014;178
25208 Soriguera;Mujeres;2013;174
25208 Soriguera;Mujeres;2012;167
25208 Soriguera;Mujeres;2011;168
25208 Soriguera;Mujeres;2010;173
25208 Soriguera;Mujeres;2009;169
25208 Soriguera;Mujeres;2008;170
25208 Soriguera;Mujeres;2007;161
25208 Soriguera;Mujeres;2006;158
25208 Soriguera;Mujeres;2005;151
25208 Soriguera;Mujeres;2004;149
25208 Soriguera;Mujeres;2003;158
25208 Soriguera;Mujeres;2002;161
25208 Soriguera;Mujeres;2001;158
25208 Soriguera;Mujeres;2000;150
25208 Soriguera;Mujeres;1999;146
25208 Soriguera;Mujeres;1998;143
25208 Soriguera;Mujeres;1997;""
25208 Soriguera;Mujeres;1996;145
25209 Sort;Total;2025;2.236
25209 Sort;Total;2024;2.213
25209 Sort;Total;2023;2.211
25209 Sort;Total;2022;2.192
25209 Sort;Total;2021;2.181
25209 Sort;Total;2020;2.154
25209 Sort;Total;2019;2.149
25209 Sort;Total;2018;2.164
25209 Sort;Total;2017;2.128
25209 Sort;Total;2016;2.145
25209 Sort;Total;2015;2.199
25209 Sort;Total;2014;2.237
25209 Sort;Total;2013;2.274
25209 Sort;Total;2012;2.322
25209 Sort;Total;2011;2.360
25209 Sort;Total;2010;2.387
25209 Sort;Total;2009;2.382
25209 Sort;Total;2008;2.373
25209 Sort;Total;2007;2.264
25209 Sort;Total;2006;2.238
25209 Sort;Total;2005;2.113
25209 Sort;Total;2004;2.003
25209 Sort;Total;2003;1.924
25209 Sort;Total;2002;1.895
25209 Sort;Total;2001;1.829
25209 Sort;Total;2000;1.791
25209 Sort;Total;1999;1.755
25209 Sort;Total;1998;1.715
25209 Sort;Total;1997;""
25209 Sort;Total;1996;1.718
25209 Sort;Hombres;2025;1.130
25209 Sort;Hombres;2024;1.098
25209 Sort;Hombres;2023;1.087
25209 Sort;Hombres;2022;1.094
25209 Sort;Hombres;2021;1.073
25209 Sort;Hombres;2020;1.066
25209 Sort;Hombres;2019;1.077
25209 Sort;Hombres;2018;1.076
25209 Sort;Hombres;2017;1.056
25209 Sort;Hombres;2016;1.068
25209 Sort;Hombres;2015;1.089
25209 Sort;Hombres;2014;1.113
25209 Sort;Hombres;2013;1.143
25209 Sort;Hombres;2012;1.174
25209 Sort;Hombres;2011;1.204
25209 Sort;Hombres;2010;1.211
25209 Sort;Hombres;2009;1.218
25209 Sort;Hombres;2008;1.203
25209 Sort;Hombres;2007;1.166
25209 Sort;Hombres;2006;1.151
25209 Sort;Hombres;2005;1.080
25209 Sort;Hombres;2004;1.013
25209 Sort;Hombres;2003;975
25209 Sort;Hombres;2002;944
25209 Sort;Hombres;2001;916
25209 Sort;Hombres;2000;897
25209 Sort;Hombres;1999;878
25209 Sort;Hombres;1998;854
25209 Sort;Hombres;1997;""
25209 Sort;Hombres;1996;865
25209 Sort;Mujeres;2025;1.106
25209 Sort;Mujeres;2024;1.115
25209 Sort;Mujeres;2023;1.124
25209 Sort;Mujeres;2022;1.098
25209 Sort;Mujeres;2021;1.108
25209 Sort;Mujeres;2020;1.088
25209 Sort;Mujeres;2019;1.072
25209 Sort;Mujeres;2018;1.088
25209 Sort;Mujeres;2017;1.072
25209 Sort;Mujeres;2016;1.077
25209 Sort;Mujeres;2015;1.110
25209 Sort;Mujeres;2014;1.124
25209 Sort;Mujeres;2013;1.131
25209 Sort;Mujeres;2012;1.148
25209 Sort;Mujeres;2011;1.156
25209 Sort;Mujeres;2010;1.176
25209 Sort;Mujeres;2009;1.164
25209 Sort;Mujeres;2008;1.170
25209 Sort;Mujeres;2007;1.098
25209 Sort;Mujeres;2006;1.087
25209 Sort;Mujeres;2005;1.033
25209 Sort;Mujeres;2004;990
25209 Sort;Mujeres;2003;949
25209 Sort;Mujeres;2002;951
25209 Sort;Mujeres;2001;913
25209 Sort;Mujeres;2000;894
25209 Sort;Mujeres;1999;877
25209 Sort;Mujeres;1998;861
25209 Sort;Mujeres;1997;""
25209 Sort;Mujeres;1996;853
25210 Soses;Total;2025;1.892
25210 Soses;Total;2024;1.881
25210 Soses;Total;2023;1.855
25210 Soses;Total;2022;1.784
25210 Soses;Total;2021;1.781
25210 Soses;Total;2020;1.761
25210 Soses;Total;2019;1.763
25210 Soses;Total;2018;1.764
25210 Soses;Total;2017;1.719
25210 Soses;Total;2016;1.698
25210 Soses;Total;2015;1.728
25210 Soses;Total;2014;1.754
25210 Soses;Total;2013;1.753
25210 Soses;Total;2012;1.774
25210 Soses;Total;2011;1.764
25210 Soses;Total;2010;1.763
25210 Soses;Total;2009;1.716
25210 Soses;Total;2008;1.662
25210 Soses;Total;2007;1.672
25210 Soses;Total;2006;1.643
25210 Soses;Total;2005;1.635
25210 Soses;Total;2004;1.565
25210 Soses;Total;2003;1.552
25210 Soses;Total;2002;1.535
25210 Soses;Total;2001;1.531
25210 Soses;Total;2000;1.537
25210 Soses;Total;1999;1.531
25210 Soses;Total;1998;1.531
25210 Soses;Total;1997;""
25210 Soses;Total;1996;1.504
25210 Soses;Hombres;2025;993
25210 Soses;Hombres;2024;1.004
25210 Soses;Hombres;2023;980
25210 Soses;Hombres;2022;953
25210 Soses;Hombres;2021;935
25210 Soses;Hombres;2020;913
25210 Soses;Hombres;2019;923
25210 Soses;Hombres;2018;926
25210 Soses;Hombres;2017;889
25210 Soses;Hombres;2016;880
25210 Soses;Hombres;2015;899
25210 Soses;Hombres;2014;916
25210 Soses;Hombres;2013;908
25210 Soses;Hombres;2012;917
25210 Soses;Hombres;2011;910
25210 Soses;Hombres;2010;926
25210 Soses;Hombres;2009;907
25210 Soses;Hombres;2008;884
25210 Soses;Hombres;2007;895
25210 Soses;Hombres;2006;897
25210 Soses;Hombres;2005;891
25210 Soses;Hombres;2004;830
25210 Soses;Hombres;2003;825
25210 Soses;Hombres;2002;800
25210 Soses;Hombres;2001;800
25210 Soses;Hombres;2000;801
25210 Soses;Hombres;1999;792
25210 Soses;Hombres;1998;795
25210 Soses;Hombres;1997;""
25210 Soses;Hombres;1996;778
25210 Soses;Mujeres;2025;899
25210 Soses;Mujeres;2024;877
25210 Soses;Mujeres;2023;875
25210 Soses;Mujeres;2022;831
25210 Soses;Mujeres;2021;846
25210 Soses;Mujeres;2020;848
25210 Soses;Mujeres;2019;840
25210 Soses;Mujeres;2018;838
25210 Soses;Mujeres;2017;830
25210 Soses;Mujeres;2016;818
25210 Soses;Mujeres;2015;829
25210 Soses;Mujeres;2014;838
25210 Soses;Mujeres;2013;845
25210 Soses;Mujeres;2012;857
25210 Soses;Mujeres;2011;854
25210 Soses;Mujeres;2010;837
25210 Soses;Mujeres;2009;809
25210 Soses;Mujeres;2008;778
25210 Soses;Mujeres;2007;777
25210 Soses;Mujeres;2006;746
25210 Soses;Mujeres;2005;744
25210 Soses;Mujeres;2004;735
25210 Soses;Mujeres;2003;727
25210 Soses;Mujeres;2002;735
25210 Soses;Mujeres;2001;731
25210 Soses;Mujeres;2000;736
25210 Soses;Mujeres;1999;739
25210 Soses;Mujeres;1998;736
25210 Soses;Mujeres;1997;""
25210 Soses;Mujeres;1996;726
25211 Sudanell;Total;2025;915
25211 Sudanell;Total;2024;897
25211 Sudanell;Total;2023;885
25211 Sudanell;Total;2022;873
25211 Sudanell;Total;2021;844
25211 Sudanell;Total;2020;840
25211 Sudanell;Total;2019;853
25211 Sudanell;Total;2018;851
25211 Sudanell;Total;2017;874
25211 Sudanell;Total;2016;867
25211 Sudanell;Total;2015;847
25211 Sudanell;Total;2014;872
25211 Sudanell;Total;2013;888
25211 Sudanell;Total;2012;887
25211 Sudanell;Total;2011;885
25211 Sudanell;Total;2010;878
25211 Sudanell;Total;2009;887
25211 Sudanell;Total;2008;863
25211 Sudanell;Total;2007;833
25211 Sudanell;Total;2006;805
25211 Sudanell;Total;2005;762
25211 Sudanell;Total;2004;774
25211 Sudanell;Total;2003;738
25211 Sudanell;Total;2002;701
25211 Sudanell;Total;2001;709
25211 Sudanell;Total;2000;712
25211 Sudanell;Total;1999;715
25211 Sudanell;Total;1998;731
25211 Sudanell;Total;1997;""
25211 Sudanell;Total;1996;736
25211 Sudanell;Hombres;2025;515
25211 Sudanell;Hombres;2024;508
25211 Sudanell;Hombres;2023;495
25211 Sudanell;Hombres;2022;484
25211 Sudanell;Hombres;2021;465
25211 Sudanell;Hombres;2020;457
25211 Sudanell;Hombres;2019;465
25211 Sudanell;Hombres;2018;470
25211 Sudanell;Hombres;2017;482
25211 Sudanell;Hombres;2016;481
25211 Sudanell;Hombres;2015;473
25211 Sudanell;Hombres;2014;485
25211 Sudanell;Hombres;2013;494
25211 Sudanell;Hombres;2012;490
25211 Sudanell;Hombres;2011;489
25211 Sudanell;Hombres;2010;487
25211 Sudanell;Hombres;2009;488
25211 Sudanell;Hombres;2008;479
25211 Sudanell;Hombres;2007;461
25211 Sudanell;Hombres;2006;437
25211 Sudanell;Hombres;2005;408
25211 Sudanell;Hombres;2004;418
25211 Sudanell;Hombres;2003;396
25211 Sudanell;Hombres;2002;378
25211 Sudanell;Hombres;2001;386
25211 Sudanell;Hombres;2000;385
25211 Sudanell;Hombres;1999;384
25211 Sudanell;Hombres;1998;394
25211 Sudanell;Hombres;1997;""
25211 Sudanell;Hombres;1996;394
25211 Sudanell;Mujeres;2025;400
25211 Sudanell;Mujeres;2024;389
25211 Sudanell;Mujeres;2023;390
25211 Sudanell;Mujeres;2022;389
25211 Sudanell;Mujeres;2021;379
25211 Sudanell;Mujeres;2020;383
25211 Sudanell;Mujeres;2019;388
25211 Sudanell;Mujeres;2018;381
25211 Sudanell;Mujeres;2017;392
25211 Sudanell;Mujeres;2016;386
25211 Sudanell;Mujeres;2015;374
25211 Sudanell;Mujeres;2014;387
25211 Sudanell;Mujeres;2013;394
25211 Sudanell;Mujeres;2012;397
25211 Sudanell;Mujeres;2011;396
25211 Sudanell;Mujeres;2010;391
25211 Sudanell;Mujeres;2009;399
25211 Sudanell;Mujeres;2008;384
25211 Sudanell;Mujeres;2007;372
25211 Sudanell;Mujeres;2006;368
25211 Sudanell;Mujeres;2005;354
25211 Sudanell;Mujeres;2004;356
25211 Sudanell;Mujeres;2003;342
25211 Sudanell;Mujeres;2002;323
25211 Sudanell;Mujeres;2001;323
25211 Sudanell;Mujeres;2000;327
25211 Sudanell;Mujeres;1999;331
25211 Sudanell;Mujeres;1998;337
25211 Sudanell;Mujeres;1997;""
25211 Sudanell;Mujeres;1996;342
25212 Sunyer;Total;2025;310
25212 Sunyer;Total;2024;313
25212 Sunyer;Total;2023;331
25212 Sunyer;Total;2022;332
25212 Sunyer;Total;2021;334
25212 Sunyer;Total;2020;343
25212 Sunyer;Total;2019;352
25212 Sunyer;Total;2018;355
25212 Sunyer;Total;2017;359
25212 Sunyer;Total;2016;350
25212 Sunyer;Total;2015;325
25212 Sunyer;Total;2014;307
25212 Sunyer;Total;2013;298
25212 Sunyer;Total;2012;297
25212 Sunyer;Total;2011;305
25212 Sunyer;Total;2010;307
25212 Sunyer;Total;2009;296
25212 Sunyer;Total;2008;296
25212 Sunyer;Total;2007;290
25212 Sunyer;Total;2006;283
25212 Sunyer;Total;2005;284
25212 Sunyer;Total;2004;287
25212 Sunyer;Total;2003;289
25212 Sunyer;Total;2002;290
25212 Sunyer;Total;2001;295
25212 Sunyer;Total;2000;300
25212 Sunyer;Total;1999;301
25212 Sunyer;Total;1998;305
25212 Sunyer;Total;1997;""
25212 Sunyer;Total;1996;314
25212 Sunyer;Hombres;2025;171
25212 Sunyer;Hombres;2024;168
25212 Sunyer;Hombres;2023;180
25212 Sunyer;Hombres;2022;182
25212 Sunyer;Hombres;2021;187
25212 Sunyer;Hombres;2020;200
25212 Sunyer;Hombres;2019;205
25212 Sunyer;Hombres;2018;208
25212 Sunyer;Hombres;2017;209
25212 Sunyer;Hombres;2016;200
25212 Sunyer;Hombres;2015;180
25212 Sunyer;Hombres;2014;163
25212 Sunyer;Hombres;2013;157
25212 Sunyer;Hombres;2012;157
25212 Sunyer;Hombres;2011;161
25212 Sunyer;Hombres;2010;163
25212 Sunyer;Hombres;2009;153
25212 Sunyer;Hombres;2008;151
25212 Sunyer;Hombres;2007;149
25212 Sunyer;Hombres;2006;145
25212 Sunyer;Hombres;2005;147
25212 Sunyer;Hombres;2004;146
25212 Sunyer;Hombres;2003;145
25212 Sunyer;Hombres;2002;146
25212 Sunyer;Hombres;2001;147
25212 Sunyer;Hombres;2000;148
25212 Sunyer;Hombres;1999;149
25212 Sunyer;Hombres;1998;152
25212 Sunyer;Hombres;1997;""
25212 Sunyer;Hombres;1996;154
25212 Sunyer;Mujeres;2025;139
25212 Sunyer;Mujeres;2024;145
25212 Sunyer;Mujeres;2023;151
25212 Sunyer;Mujeres;2022;150
25212 Sunyer;Mujeres;2021;147
25212 Sunyer;Mujeres;2020;143
25212 Sunyer;Mujeres;2019;147
25212 Sunyer;Mujeres;2018;147
25212 Sunyer;Mujeres;2017;150
25212 Sunyer;Mujeres;2016;150
25212 Sunyer;Mujeres;2015;145
25212 Sunyer;Mujeres;2014;144
25212 Sunyer;Mujeres;2013;141
25212 Sunyer;Mujeres;2012;140
25212 Sunyer;Mujeres;2011;144
25212 Sunyer;Mujeres;2010;144
25212 Sunyer;Mujeres;2009;143
25212 Sunyer;Mujeres;2008;145
25212 Sunyer;Mujeres;2007;141
25212 Sunyer;Mujeres;2006;138
25212 Sunyer;Mujeres;2005;137
25212 Sunyer;Mujeres;2004;141
25212 Sunyer;Mujeres;2003;144
25212 Sunyer;Mujeres;2002;144
25212 Sunyer;Mujeres;2001;148
25212 Sunyer;Mujeres;2000;152
25212 Sunyer;Mujeres;1999;152
25212 Sunyer;Mujeres;1998;153
25212 Sunyer;Mujeres;1997;""
25212 Sunyer;Mujeres;1996;160
25215 Talarn;Total;2025;555
25215 Talarn;Total;2024;539
25215 Talarn;Total;2023;591
25215 Talarn;Total;2022;562
25215 Talarn;Total;2021;489
25215 Talarn;Total;2020;595
25215 Talarn;Total;2019;585
25215 Talarn;Total;2018;651
25215 Talarn;Total;2017;702
25215 Talarn;Total;2016;689
25215 Talarn;Total;2015;582
25215 Talarn;Total;2014;413
25215 Talarn;Total;2013;436
25215 Talarn;Total;2012;564
25215 Talarn;Total;2011;523
25215 Talarn;Total;2010;395
25215 Talarn;Total;2009;397
25215 Talarn;Total;2008;403
25215 Talarn;Total;2007;382
25215 Talarn;Total;2006;339
25215 Talarn;Total;2005;344
25215 Talarn;Total;2004;338
25215 Talarn;Total;2003;346
25215 Talarn;Total;2002;351
25215 Talarn;Total;2001;353
25215 Talarn;Total;2000;364
25215 Talarn;Total;1999;362
25215 Talarn;Total;1998;362
25215 Talarn;Total;1997;""
25215 Talarn;Total;1996;365
25215 Talarn;Hombres;2025;334
25215 Talarn;Hombres;2024;323
25215 Talarn;Hombres;2023;374
25215 Talarn;Hombres;2022;349
25215 Talarn;Hombres;2021;288
25215 Talarn;Hombres;2020;402
25215 Talarn;Hombres;2019;387
25215 Talarn;Hombres;2018;456
25215 Talarn;Hombres;2017;476
25215 Talarn;Hombres;2016;462
25215 Talarn;Hombres;2015;363
25215 Talarn;Hombres;2014;216
25215 Talarn;Hombres;2013;236
25215 Talarn;Hombres;2012;330
25215 Talarn;Hombres;2011;277
25215 Talarn;Hombres;2010;190
25215 Talarn;Hombres;2009;197
25215 Talarn;Hombres;2008;207
25215 Talarn;Hombres;2007;187
25215 Talarn;Hombres;2006;163
25215 Talarn;Hombres;2005;171
25215 Talarn;Hombres;2004;169
25215 Talarn;Hombres;2003;173
25215 Talarn;Hombres;2002;178
25215 Talarn;Hombres;2001;174
25215 Talarn;Hombres;2000;184
25215 Talarn;Hombres;1999;185
25215 Talarn;Hombres;1998;187
25215 Talarn;Hombres;1997;""
25215 Talarn;Hombres;1996;191
25215 Talarn;Mujeres;2025;221
25215 Talarn;Mujeres;2024;216
25215 Talarn;Mujeres;2023;217
25215 Talarn;Mujeres;2022;213
25215 Talarn;Mujeres;2021;201
25215 Talarn;Mujeres;2020;193
25215 Talarn;Mujeres;2019;198
25215 Talarn;Mujeres;2018;195
25215 Talarn;Mujeres;2017;226
25215 Talarn;Mujeres;2016;227
25215 Talarn;Mujeres;2015;219
25215 Talarn;Mujeres;2014;197
25215 Talarn;Mujeres;2013;200
25215 Talarn;Mujeres;2012;234
25215 Talarn;Mujeres;2011;246
25215 Talarn;Mujeres;2010;205
25215 Talarn;Mujeres;2009;200
25215 Talarn;Mujeres;2008;196
25215 Talarn;Mujeres;2007;195
25215 Talarn;Mujeres;2006;176
25215 Talarn;Mujeres;2005;173
25215 Talarn;Mujeres;2004;169
25215 Talarn;Mujeres;2003;173
25215 Talarn;Mujeres;2002;173
25215 Talarn;Mujeres;2001;179
25215 Talarn;Mujeres;2000;180
25215 Talarn;Mujeres;1999;177
25215 Talarn;Mujeres;1998;175
25215 Talarn;Mujeres;1997;""
25215 Talarn;Mujeres;1996;174
25216 Talavera;Total;2025;280
25216 Talavera;Total;2024;280
25216 Talavera;Total;2023;277
25216 Talavera;Total;2022;291
25216 Talavera;Total;2021;287
25216 Talavera;Total;2020;279
25216 Talavera;Total;2019;283
25216 Talavera;Total;2018;247
25216 Talavera;Total;2017;250
25216 Talavera;Total;2016;257
25216 Talavera;Total;2015;262
25216 Talavera;Total;2014;267
25216 Talavera;Total;2013;279
25216 Talavera;Total;2012;288
25216 Talavera;Total;2011;290
25216 Talavera;Total;2010;302
25216 Talavera;Total;2009;297
25216 Talavera;Total;2008;304
25216 Talavera;Total;2007;306
25216 Talavera;Total;2006;303
25216 Talavera;Total;2005;282
25216 Talavera;Total;2004;286
25216 Talavera;Total;2003;281
25216 Talavera;Total;2002;288
25216 Talavera;Total;2001;293
25216 Talavera;Total;2000;296
25216 Talavera;Total;1999;291
25216 Talavera;Total;1998;290
25216 Talavera;Total;1997;""
25216 Talavera;Total;1996;304
25216 Talavera;Hombres;2025;149
25216 Talavera;Hombres;2024;151
25216 Talavera;Hombres;2023;153
25216 Talavera;Hombres;2022;160
25216 Talavera;Hombres;2021;158
25216 Talavera;Hombres;2020;156
25216 Talavera;Hombres;2019;158
25216 Talavera;Hombres;2018;142
25216 Talavera;Hombres;2017;141
25216 Talavera;Hombres;2016;141
25216 Talavera;Hombres;2015;146
25216 Talavera;Hombres;2014;148
25216 Talavera;Hombres;2013;156
25216 Talavera;Hombres;2012;161
25216 Talavera;Hombres;2011;162
25216 Talavera;Hombres;2010;170
25216 Talavera;Hombres;2009;162
25216 Talavera;Hombres;2008;168
25216 Talavera;Hombres;2007;175
25216 Talavera;Hombres;2006;167
25216 Talavera;Hombres;2005;150
25216 Talavera;Hombres;2004;153
25216 Talavera;Hombres;2003;148
25216 Talavera;Hombres;2002;152
25216 Talavera;Hombres;2001;149
25216 Talavera;Hombres;2000;155
25216 Talavera;Hombres;1999;153
25216 Talavera;Hombres;1998;152
25216 Talavera;Hombres;1997;""
25216 Talavera;Hombres;1996;156
25216 Talavera;Mujeres;2025;131
25216 Talavera;Mujeres;2024;129
25216 Talavera;Mujeres;2023;124
25216 Talavera;Mujeres;2022;131
25216 Talavera;Mujeres;2021;129
25216 Talavera;Mujeres;2020;123
25216 Talavera;Mujeres;2019;125
25216 Talavera;Mujeres;2018;105
25216 Talavera;Mujeres;2017;109
25216 Talavera;Mujeres;2016;116
25216 Talavera;Mujeres;2015;116
25216 Talavera;Mujeres;2014;119
25216 Talavera;Mujeres;2013;123
25216 Talavera;Mujeres;2012;127
25216 Talavera;Mujeres;2011;128
25216 Talavera;Mujeres;2010;132
25216 Talavera;Mujeres;2009;135
25216 Talavera;Mujeres;2008;136
25216 Talavera;Mujeres;2007;131
25216 Talavera;Mujeres;2006;136
25216 Talavera;Mujeres;2005;132
25216 Talavera;Mujeres;2004;133
25216 Talavera;Mujeres;2003;133
25216 Talavera;Mujeres;2002;136
25216 Talavera;Mujeres;2001;144
25216 Talavera;Mujeres;2000;141
25216 Talavera;Mujeres;1999;138
25216 Talavera;Mujeres;1998;138
25216 Talavera;Mujeres;1997;""
25216 Talavera;Mujeres;1996;148
25219 Tarroja de Segarra;Total;2025;164
25219 Tarroja de Segarra;Total;2024;170
25219 Tarroja de Segarra;Total;2023;180
25219 Tarroja de Segarra;Total;2022;175
25219 Tarroja de Segarra;Total;2021;187
25219 Tarroja de Segarra;Total;2020;188
25219 Tarroja de Segarra;Total;2019;187
25219 Tarroja de Segarra;Total;2018;183
25219 Tarroja de Segarra;Total;2017;181
25219 Tarroja de Segarra;Total;2016;182
25219 Tarroja de Segarra;Total;2015;178
25219 Tarroja de Segarra;Total;2014;173
25219 Tarroja de Segarra;Total;2013;171
25219 Tarroja de Segarra;Total;2012;173
25219 Tarroja de Segarra;Total;2011;175
25219 Tarroja de Segarra;Total;2010;169
25219 Tarroja de Segarra;Total;2009;178
25219 Tarroja de Segarra;Total;2008;180
25219 Tarroja de Segarra;Total;2007;172
25219 Tarroja de Segarra;Total;2006;175
25219 Tarroja de Segarra;Total;2005;169
25219 Tarroja de Segarra;Total;2004;164
25219 Tarroja de Segarra;Total;2003;160
25219 Tarroja de Segarra;Total;2002;173
25219 Tarroja de Segarra;Total;2001;179
25219 Tarroja de Segarra;Total;2000;178
25219 Tarroja de Segarra;Total;1999;179
25219 Tarroja de Segarra;Total;1998;187
25219 Tarroja de Segarra;Total;1997;""
25219 Tarroja de Segarra;Total;1996;200
25219 Tarroja de Segarra;Hombres;2025;87
25219 Tarroja de Segarra;Hombres;2024;91
25219 Tarroja de Segarra;Hombres;2023;96
25219 Tarroja de Segarra;Hombres;2022;95
25219 Tarroja de Segarra;Hombres;2021;103
25219 Tarroja de Segarra;Hombres;2020;99
25219 Tarroja de Segarra;Hombres;2019;104
25219 Tarroja de Segarra;Hombres;2018;100
25219 Tarroja de Segarra;Hombres;2017;99
25219 Tarroja de Segarra;Hombres;2016;101
25219 Tarroja de Segarra;Hombres;2015;91
25219 Tarroja de Segarra;Hombres;2014;90
25219 Tarroja de Segarra;Hombres;2013;89
25219 Tarroja de Segarra;Hombres;2012;90
25219 Tarroja de Segarra;Hombres;2011;91
25219 Tarroja de Segarra;Hombres;2010;87
25219 Tarroja de Segarra;Hombres;2009;91
25219 Tarroja de Segarra;Hombres;2008;95
25219 Tarroja de Segarra;Hombres;2007;91
25219 Tarroja de Segarra;Hombres;2006;92
25219 Tarroja de Segarra;Hombres;2005;86
25219 Tarroja de Segarra;Hombres;2004;82
25219 Tarroja de Segarra;Hombres;2003;77
25219 Tarroja de Segarra;Hombres;2002;87
25219 Tarroja de Segarra;Hombres;2001;90
25219 Tarroja de Segarra;Hombres;2000;88
25219 Tarroja de Segarra;Hombres;1999;90
25219 Tarroja de Segarra;Hombres;1998;97
25219 Tarroja de Segarra;Hombres;1997;""
25219 Tarroja de Segarra;Hombres;1996;103
25219 Tarroja de Segarra;Mujeres;2025;77
25219 Tarroja de Segarra;Mujeres;2024;79
25219 Tarroja de Segarra;Mujeres;2023;84
25219 Tarroja de Segarra;Mujeres;2022;80
25219 Tarroja de Segarra;Mujeres;2021;84
25219 Tarroja de Segarra;Mujeres;2020;89
25219 Tarroja de Segarra;Mujeres;2019;83
25219 Tarroja de Segarra;Mujeres;2018;83
25219 Tarroja de Segarra;Mujeres;2017;82
25219 Tarroja de Segarra;Mujeres;2016;81
25219 Tarroja de Segarra;Mujeres;2015;87
25219 Tarroja de Segarra;Mujeres;2014;83
25219 Tarroja de Segarra;Mujeres;2013;82
25219 Tarroja de Segarra;Mujeres;2012;83
25219 Tarroja de Segarra;Mujeres;2011;84
25219 Tarroja de Segarra;Mujeres;2010;82
25219 Tarroja de Segarra;Mujeres;2009;87
25219 Tarroja de Segarra;Mujeres;2008;85
25219 Tarroja de Segarra;Mujeres;2007;81
25219 Tarroja de Segarra;Mujeres;2006;83
25219 Tarroja de Segarra;Mujeres;2005;83
25219 Tarroja de Segarra;Mujeres;2004;82
25219 Tarroja de Segarra;Mujeres;2003;83
25219 Tarroja de Segarra;Mujeres;2002;86
25219 Tarroja de Segarra;Mujeres;2001;89
25219 Tarroja de Segarra;Mujeres;2000;90
25219 Tarroja de Segarra;Mujeres;1999;89
25219 Tarroja de Segarra;Mujeres;1998;90
25219 Tarroja de Segarra;Mujeres;1997;""
25219 Tarroja de Segarra;Mujeres;1996;97
25218 Tarrés;Total;2025;126
25218 Tarrés;Total;2024;125
25218 Tarrés;Total;2023;117
25218 Tarrés;Total;2022;105
25218 Tarrés;Total;2021;105
25218 Tarrés;Total;2020;102
25218 Tarrés;Total;2019;106
25218 Tarrés;Total;2018;99
25218 Tarrés;Total;2017;99
25218 Tarrés;Total;2016;100
25218 Tarrés;Total;2015;103
25218 Tarrés;Total;2014;105
25218 Tarrés;Total;2013;107
25218 Tarrés;Total;2012;107
25218 Tarrés;Total;2011;108
25218 Tarrés;Total;2010;109
25218 Tarrés;Total;2009;108
25218 Tarrés;Total;2008;106
25218 Tarrés;Total;2007;109
25218 Tarrés;Total;2006;111
25218 Tarrés;Total;2005;116
25218 Tarrés;Total;2004;121
25218 Tarrés;Total;2003;115
25218 Tarrés;Total;2002;119
25218 Tarrés;Total;2001;105
25218 Tarrés;Total;2000;105
25218 Tarrés;Total;1999;104
25218 Tarrés;Total;1998;109
25218 Tarrés;Total;1997;""
25218 Tarrés;Total;1996;108
25218 Tarrés;Hombres;2025;63
25218 Tarrés;Hombres;2024;62
25218 Tarrés;Hombres;2023;58
25218 Tarrés;Hombres;2022;50
25218 Tarrés;Hombres;2021;51
25218 Tarrés;Hombres;2020;54
25218 Tarrés;Hombres;2019;56
25218 Tarrés;Hombres;2018;53
25218 Tarrés;Hombres;2017;56
25218 Tarrés;Hombres;2016;57
25218 Tarrés;Hombres;2015;57
25218 Tarrés;Hombres;2014;62
25218 Tarrés;Hombres;2013;63
25218 Tarrés;Hombres;2012;61
25218 Tarrés;Hombres;2011;57
25218 Tarrés;Hombres;2010;55
25218 Tarrés;Hombres;2009;54
25218 Tarrés;Hombres;2008;52
25218 Tarrés;Hombres;2007;55
25218 Tarrés;Hombres;2006;56
25218 Tarrés;Hombres;2005;56
25218 Tarrés;Hombres;2004;59
25218 Tarrés;Hombres;2003;58
25218 Tarrés;Hombres;2002;62
25218 Tarrés;Hombres;2001;56
25218 Tarrés;Hombres;2000;58
25218 Tarrés;Hombres;1999;56
25218 Tarrés;Hombres;1998;58
25218 Tarrés;Hombres;1997;""
25218 Tarrés;Hombres;1996;57
25218 Tarrés;Mujeres;2025;63
25218 Tarrés;Mujeres;2024;63
25218 Tarrés;Mujeres;2023;59
25218 Tarrés;Mujeres;2022;55
25218 Tarrés;Mujeres;2021;54
25218 Tarrés;Mujeres;2020;48
25218 Tarrés;Mujeres;2019;50
25218 Tarrés;Mujeres;2018;46
25218 Tarrés;Mujeres;2017;43
25218 Tarrés;Mujeres;2016;43
25218 Tarrés;Mujeres;2015;46
25218 Tarrés;Mujeres;2014;43
25218 Tarrés;Mujeres;2013;44
25218 Tarrés;Mujeres;2012;46
25218 Tarrés;Mujeres;2011;51
25218 Tarrés;Mujeres;2010;54
25218 Tarrés;Mujeres;2009;54
25218 Tarrés;Mujeres;2008;54
25218 Tarrés;Mujeres;2007;54
25218 Tarrés;Mujeres;2006;55
25218 Tarrés;Mujeres;2005;60
25218 Tarrés;Mujeres;2004;62
25218 Tarrés;Mujeres;2003;57
25218 Tarrés;Mujeres;2002;57
25218 Tarrés;Mujeres;2001;49
25218 Tarrés;Mujeres;2000;47
25218 Tarrés;Mujeres;1999;48
25218 Tarrés;Mujeres;1998;51
25218 Tarrés;Mujeres;1997;""
25218 Tarrés;Mujeres;1996;51
25222 Tiurana;Total;2025;69
25222 Tiurana;Total;2024;66
25222 Tiurana;Total;2023;67
25222 Tiurana;Total;2022;71
25222 Tiurana;Total;2021;73
25222 Tiurana;Total;2020;77
25222 Tiurana;Total;2019;73
25222 Tiurana;Total;2018;74
25222 Tiurana;Total;2017;76
25222 Tiurana;Total;2016;73
25222 Tiurana;Total;2015;72
25222 Tiurana;Total;2014;76
25222 Tiurana;Total;2013;77
25222 Tiurana;Total;2012;80
25222 Tiurana;Total;2011;83
25222 Tiurana;Total;2010;81
25222 Tiurana;Total;2009;85
25222 Tiurana;Total;2008;78
25222 Tiurana;Total;2007;56
25222 Tiurana;Total;2006;48
25222 Tiurana;Total;2005;46
25222 Tiurana;Total;2004;37
25222 Tiurana;Total;2003;30
25222 Tiurana;Total;2002;32
25222 Tiurana;Total;2001;32
25222 Tiurana;Total;2000;23
25222 Tiurana;Total;1999;23
25222 Tiurana;Total;1998;23
25222 Tiurana;Total;1997;""
25222 Tiurana;Total;1996;22
25222 Tiurana;Hombres;2025;34
25222 Tiurana;Hombres;2024;31
25222 Tiurana;Hombres;2023;33
25222 Tiurana;Hombres;2022;31
25222 Tiurana;Hombres;2021;33
25222 Tiurana;Hombres;2020;34
25222 Tiurana;Hombres;2019;33
25222 Tiurana;Hombres;2018;38
25222 Tiurana;Hombres;2017;37
25222 Tiurana;Hombres;2016;35
25222 Tiurana;Hombres;2015;35
25222 Tiurana;Hombres;2014;36
25222 Tiurana;Hombres;2013;35
25222 Tiurana;Hombres;2012;37
25222 Tiurana;Hombres;2011;40
25222 Tiurana;Hombres;2010;39
25222 Tiurana;Hombres;2009;40
25222 Tiurana;Hombres;2008;40
25222 Tiurana;Hombres;2007;30
25222 Tiurana;Hombres;2006;26
25222 Tiurana;Hombres;2005;27
25222 Tiurana;Hombres;2004;23
25222 Tiurana;Hombres;2003;19
25222 Tiurana;Hombres;2002;20
25222 Tiurana;Hombres;2001;20
25222 Tiurana;Hombres;2000;16
25222 Tiurana;Hombres;1999;16
25222 Tiurana;Hombres;1998;16
25222 Tiurana;Hombres;1997;""
25222 Tiurana;Hombres;1996;15
25222 Tiurana;Mujeres;2025;35
25222 Tiurana;Mujeres;2024;35
25222 Tiurana;Mujeres;2023;34
25222 Tiurana;Mujeres;2022;40
25222 Tiurana;Mujeres;2021;40
25222 Tiurana;Mujeres;2020;43
25222 Tiurana;Mujeres;2019;40
25222 Tiurana;Mujeres;2018;36
25222 Tiurana;Mujeres;2017;39
25222 Tiurana;Mujeres;2016;38
25222 Tiurana;Mujeres;2015;37
25222 Tiurana;Mujeres;2014;40
25222 Tiurana;Mujeres;2013;42
25222 Tiurana;Mujeres;2012;43
25222 Tiurana;Mujeres;2011;43
25222 Tiurana;Mujeres;2010;42
25222 Tiurana;Mujeres;2009;45
25222 Tiurana;Mujeres;2008;38
25222 Tiurana;Mujeres;2007;26
25222 Tiurana;Mujeres;2006;22
25222 Tiurana;Mujeres;2005;19
25222 Tiurana;Mujeres;2004;14
25222 Tiurana;Mujeres;2003;11
25222 Tiurana;Mujeres;2002;12
25222 Tiurana;Mujeres;2001;12
25222 Tiurana;Mujeres;2000;7
25222 Tiurana;Mujeres;1999;7
25222 Tiurana;Mujeres;1998;7
25222 Tiurana;Mujeres;1997;""
25222 Tiurana;Mujeres;1996;7
25224 Torms, Els;Total;2025;135
25224 Torms, Els;Total;2024;137
25224 Torms, Els;Total;2023;142
25224 Torms, Els;Total;2022;149
25224 Torms, Els;Total;2021;145
25224 Torms, Els;Total;2020;138
25224 Torms, Els;Total;2019;144
25224 Torms, Els;Total;2018;151
25224 Torms, Els;Total;2017;147
25224 Torms, Els;Total;2016;149
25224 Torms, Els;Total;2015;147
25224 Torms, Els;Total;2014;148
25224 Torms, Els;Total;2013;153
25224 Torms, Els;Total;2012;169
25224 Torms, Els;Total;2011;171
25224 Torms, Els;Total;2010;171
25224 Torms, Els;Total;2009;174
25224 Torms, Els;Total;2008;180
25224 Torms, Els;Total;2007;182
25224 Torms, Els;Total;2006;189
25224 Torms, Els;Total;2005;193
25224 Torms, Els;Total;2004;184
25224 Torms, Els;Total;2003;188
25224 Torms, Els;Total;2002;194
25224 Torms, Els;Total;2001;199
25224 Torms, Els;Total;2000;197
25224 Torms, Els;Total;1999;196
25224 Torms, Els;Total;1998;195
25224 Torms, Els;Total;1997;""
25224 Torms, Els;Total;1996;198
25224 Torms, Els;Hombres;2025;69
25224 Torms, Els;Hombres;2024;70
25224 Torms, Els;Hombres;2023;72
25224 Torms, Els;Hombres;2022;77
25224 Torms, Els;Hombres;2021;78
25224 Torms, Els;Hombres;2020;74
25224 Torms, Els;Hombres;2019;77
25224 Torms, Els;Hombres;2018;83
25224 Torms, Els;Hombres;2017;83
25224 Torms, Els;Hombres;2016;84
25224 Torms, Els;Hombres;2015;82
25224 Torms, Els;Hombres;2014;81
25224 Torms, Els;Hombres;2013;83
25224 Torms, Els;Hombres;2012;92
25224 Torms, Els;Hombres;2011;94
25224 Torms, Els;Hombres;2010;94
25224 Torms, Els;Hombres;2009;93
25224 Torms, Els;Hombres;2008;95
25224 Torms, Els;Hombres;2007;98
25224 Torms, Els;Hombres;2006;101
25224 Torms, Els;Hombres;2005;106
25224 Torms, Els;Hombres;2004;104
25224 Torms, Els;Hombres;2003;107
25224 Torms, Els;Hombres;2002;107
25224 Torms, Els;Hombres;2001;110
25224 Torms, Els;Hombres;2000;106
25224 Torms, Els;Hombres;1999;105
25224 Torms, Els;Hombres;1998;108
25224 Torms, Els;Hombres;1997;""
25224 Torms, Els;Hombres;1996;109
25224 Torms, Els;Mujeres;2025;66
25224 Torms, Els;Mujeres;2024;67
25224 Torms, Els;Mujeres;2023;70
25224 Torms, Els;Mujeres;2022;72
25224 Torms, Els;Mujeres;2021;67
25224 Torms, Els;Mujeres;2020;64
25224 Torms, Els;Mujeres;2019;67
25224 Torms, Els;Mujeres;2018;68
25224 Torms, Els;Mujeres;2017;64
25224 Torms, Els;Mujeres;2016;65
25224 Torms, Els;Mujeres;2015;65
25224 Torms, Els;Mujeres;2014;67
25224 Torms, Els;Mujeres;2013;70
25224 Torms, Els;Mujeres;2012;77
25224 Torms, Els;Mujeres;2011;77
25224 Torms, Els;Mujeres;2010;77
25224 Torms, Els;Mujeres;2009;81
25224 Torms, Els;Mujeres;2008;85
25224 Torms, Els;Mujeres;2007;84
25224 Torms, Els;Mujeres;2006;88
25224 Torms, Els;Mujeres;2005;87
25224 Torms, Els;Mujeres;2004;80
25224 Torms, Els;Mujeres;2003;81
25224 Torms, Els;Mujeres;2002;87
25224 Torms, Els;Mujeres;2001;89
25224 Torms, Els;Mujeres;2000;91
25224 Torms, Els;Mujeres;1999;91
25224 Torms, Els;Mujeres;1998;87
25224 Torms, Els;Mujeres;1997;""
25224 Torms, Els;Mujeres;1996;89
25225 Tornabous;Total;2025;832
25225 Tornabous;Total;2024;851
25225 Tornabous;Total;2023;857
25225 Tornabous;Total;2022;847
25225 Tornabous;Total;2021;826
25225 Tornabous;Total;2020;822
25225 Tornabous;Total;2019;858
25225 Tornabous;Total;2018;879
25225 Tornabous;Total;2017;858
25225 Tornabous;Total;2016;882
25225 Tornabous;Total;2015;885
25225 Tornabous;Total;2014;911
25225 Tornabous;Total;2013;935
25225 Tornabous;Total;2012;925
25225 Tornabous;Total;2011;871
25225 Tornabous;Total;2010;863
25225 Tornabous;Total;2009;857
25225 Tornabous;Total;2008;847
25225 Tornabous;Total;2007;822
25225 Tornabous;Total;2006;823
25225 Tornabous;Total;2005;793
25225 Tornabous;Total;2004;824
25225 Tornabous;Total;2003;833
25225 Tornabous;Total;2002;825
25225 Tornabous;Total;2001;813
25225 Tornabous;Total;2000;820
25225 Tornabous;Total;1999;829
25225 Tornabous;Total;1998;822
25225 Tornabous;Total;1997;""
25225 Tornabous;Total;1996;830
25225 Tornabous;Hombres;2025;450
25225 Tornabous;Hombres;2024;473
25225 Tornabous;Hombres;2023;464
25225 Tornabous;Hombres;2022;456
25225 Tornabous;Hombres;2021;444
25225 Tornabous;Hombres;2020;440
25225 Tornabous;Hombres;2019;461
25225 Tornabous;Hombres;2018;473
25225 Tornabous;Hombres;2017;465
25225 Tornabous;Hombres;2016;473
25225 Tornabous;Hombres;2015;467
25225 Tornabous;Hombres;2014;487
25225 Tornabous;Hombres;2013;505
25225 Tornabous;Hombres;2012;504
25225 Tornabous;Hombres;2011;469
25225 Tornabous;Hombres;2010;461
25225 Tornabous;Hombres;2009;463
25225 Tornabous;Hombres;2008;449
25225 Tornabous;Hombres;2007;436
25225 Tornabous;Hombres;2006;441
25225 Tornabous;Hombres;2005;422
25225 Tornabous;Hombres;2004;433
25225 Tornabous;Hombres;2003;435
25225 Tornabous;Hombres;2002;426
25225 Tornabous;Hombres;2001;407
25225 Tornabous;Hombres;2000;415
25225 Tornabous;Hombres;1999;419
25225 Tornabous;Hombres;1998;422
25225 Tornabous;Hombres;1997;""
25225 Tornabous;Hombres;1996;422
25225 Tornabous;Mujeres;2025;382
25225 Tornabous;Mujeres;2024;378
25225 Tornabous;Mujeres;2023;393
25225 Tornabous;Mujeres;2022;391
25225 Tornabous;Mujeres;2021;382
25225 Tornabous;Mujeres;2020;382
25225 Tornabous;Mujeres;2019;397
25225 Tornabous;Mujeres;2018;406
25225 Tornabous;Mujeres;2017;393
25225 Tornabous;Mujeres;2016;409
25225 Tornabous;Mujeres;2015;418
25225 Tornabous;Mujeres;2014;424
25225 Tornabous;Mujeres;2013;430
25225 Tornabous;Mujeres;2012;421
25225 Tornabous;Mujeres;2011;402
25225 Tornabous;Mujeres;2010;402
25225 Tornabous;Mujeres;2009;394
25225 Tornabous;Mujeres;2008;398
25225 Tornabous;Mujeres;2007;386
25225 Tornabous;Mujeres;2006;382
25225 Tornabous;Mujeres;2005;371
25225 Tornabous;Mujeres;2004;391
25225 Tornabous;Mujeres;2003;398
25225 Tornabous;Mujeres;2002;399
25225 Tornabous;Mujeres;2001;406
25225 Tornabous;Mujeres;2000;405
25225 Tornabous;Mujeres;1999;410
25225 Tornabous;Mujeres;1998;400
25225 Tornabous;Mujeres;1997;""
25225 Tornabous;Mujeres;1996;408
25227 Torre de Cabdella, La;Total;2025;758
25227 Torre de Cabdella, La;Total;2024;785
25227 Torre de Cabdella, La;Total;2023;794
25227 Torre de Cabdella, La;Total;2022;764
25227 Torre de Cabdella, La;Total;2021;765
25227 Torre de Cabdella, La;Total;2020;759
25227 Torre de Cabdella, La;Total;2019;760
25227 Torre de Cabdella, La;Total;2018;747
25227 Torre de Cabdella, La;Total;2017;754
25227 Torre de Cabdella, La;Total;2016;748
25227 Torre de Cabdella, La;Total;2015;762
25227 Torre de Cabdella, La;Total;2014;761
25227 Torre de Cabdella, La;Total;2013;747
25227 Torre de Cabdella, La;Total;2012;755
25227 Torre de Cabdella, La;Total;2011;769
25227 Torre de Cabdella, La;Total;2010;791
25227 Torre de Cabdella, La;Total;2009;811
25227 Torre de Cabdella, La;Total;2008;808
25227 Torre de Cabdella, La;Total;2007;792
25227 Torre de Cabdella, La;Total;2006;722
25227 Torre de Cabdella, La;Total;2005;732
25227 Torre de Cabdella, La;Total;2004;698
25227 Torre de Cabdella, La;Total;2003;685
25227 Torre de Cabdella, La;Total;2002;670
25227 Torre de Cabdella, La;Total;2001;670
25227 Torre de Cabdella, La;Total;2000;679
25227 Torre de Cabdella, La;Total;1999;655
25227 Torre de Cabdella, La;Total;1998;658
25227 Torre de Cabdella, La;Total;1997;""
25227 Torre de Cabdella, La;Total;1996;691
25227 Torre de Cabdella, La;Hombres;2025;384
25227 Torre de Cabdella, La;Hombres;2024;390
25227 Torre de Cabdella, La;Hombres;2023;392
25227 Torre de Cabdella, La;Hombres;2022;389
25227 Torre de Cabdella, La;Hombres;2021;388
25227 Torre de Cabdella, La;Hombres;2020;381
25227 Torre de Cabdella, La;Hombres;2019;383
25227 Torre de Cabdella, La;Hombres;2018;379
25227 Torre de Cabdella, La;Hombres;2017;386
25227 Torre de Cabdella, La;Hombres;2016;379
25227 Torre de Cabdella, La;Hombres;2015;390
25227 Torre de Cabdella, La;Hombres;2014;390
25227 Torre de Cabdella, La;Hombres;2013;372
25227 Torre de Cabdella, La;Hombres;2012;373
25227 Torre de Cabdella, La;Hombres;2011;384
25227 Torre de Cabdella, La;Hombres;2010;401
25227 Torre de Cabdella, La;Hombres;2009;409
25227 Torre de Cabdella, La;Hombres;2008;408
25227 Torre de Cabdella, La;Hombres;2007;400
25227 Torre de Cabdella, La;Hombres;2006;370
25227 Torre de Cabdella, La;Hombres;2005;368
25227 Torre de Cabdella, La;Hombres;2004;346
25227 Torre de Cabdella, La;Hombres;2003;339
25227 Torre de Cabdella, La;Hombres;2002;341
25227 Torre de Cabdella, La;Hombres;2001;339
25227 Torre de Cabdella, La;Hombres;2000;339
25227 Torre de Cabdella, La;Hombres;1999;326
25227 Torre de Cabdella, La;Hombres;1998;327
25227 Torre de Cabdella, La;Hombres;1997;""
25227 Torre de Cabdella, La;Hombres;1996;342
25227 Torre de Cabdella, La;Mujeres;2025;374
25227 Torre de Cabdella, La;Mujeres;2024;395
25227 Torre de Cabdella, La;Mujeres;2023;402
25227 Torre de Cabdella, La;Mujeres;2022;375
25227 Torre de Cabdella, La;Mujeres;2021;377
25227 Torre de Cabdella, La;Mujeres;2020;378
25227 Torre de Cabdella, La;Mujeres;2019;377
25227 Torre de Cabdella, La;Mujeres;2018;368
25227 Torre de Cabdella, La;Mujeres;2017;368
25227 Torre de Cabdella, La;Mujeres;2016;369
25227 Torre de Cabdella, La;Mujeres;2015;372
25227 Torre de Cabdella, La;Mujeres;2014;371
25227 Torre de Cabdella, La;Mujeres;2013;375
25227 Torre de Cabdella, La;Mujeres;2012;382
25227 Torre de Cabdella, La;Mujeres;2011;385
25227 Torre de Cabdella, La;Mujeres;2010;390
25227 Torre de Cabdella, La;Mujeres;2009;402
25227 Torre de Cabdella, La;Mujeres;2008;400
25227 Torre de Cabdella, La;Mujeres;2007;392
25227 Torre de Cabdella, La;Mujeres;2006;352
25227 Torre de Cabdella, La;Mujeres;2005;364
25227 Torre de Cabdella, La;Mujeres;2004;352
25227 Torre de Cabdella, La;Mujeres;2003;346
25227 Torre de Cabdella, La;Mujeres;2002;329
25227 Torre de Cabdella, La;Mujeres;2001;331
25227 Torre de Cabdella, La;Mujeres;2000;340
25227 Torre de Cabdella, La;Mujeres;1999;329
25227 Torre de Cabdella, La;Mujeres;1998;331
25227 Torre de Cabdella, La;Mujeres;1997;""
25227 Torre de Cabdella, La;Mujeres;1996;349
25233 Torre-serona;Total;2025;405
25233 Torre-serona;Total;2024;435
25233 Torre-serona;Total;2023;405
25233 Torre-serona;Total;2022;387
25233 Torre-serona;Total;2021;383
25233 Torre-serona;Total;2020;398
25233 Torre-serona;Total;2019;397
25233 Torre-serona;Total;2018;386
25233 Torre-serona;Total;2017;363
25233 Torre-serona;Total;2016;379
25233 Torre-serona;Total;2015;379
25233 Torre-serona;Total;2014;388
25233 Torre-serona;Total;2013;369
25233 Torre-serona;Total;2012;356
25233 Torre-serona;Total;2011;348
25233 Torre-serona;Total;2010;350
25233 Torre-serona;Total;2009;358
25233 Torre-serona;Total;2008;353
25233 Torre-serona;Total;2007;348
25233 Torre-serona;Total;2006;341
25233 Torre-serona;Total;2005;353
25233 Torre-serona;Total;2004;339
25233 Torre-serona;Total;2003;347
25233 Torre-serona;Total;2002;347
25233 Torre-serona;Total;2001;336
25233 Torre-serona;Total;2000;326
25233 Torre-serona;Total;1999;317
25233 Torre-serona;Total;1998;295
25233 Torre-serona;Total;1997;""
25233 Torre-serona;Total;1996;310
25233 Torre-serona;Hombres;2025;208
25233 Torre-serona;Hombres;2024;223
25233 Torre-serona;Hombres;2023;210
25233 Torre-serona;Hombres;2022;204
25233 Torre-serona;Hombres;2021;200
25233 Torre-serona;Hombres;2020;208
25233 Torre-serona;Hombres;2019;208
25233 Torre-serona;Hombres;2018;202
25233 Torre-serona;Hombres;2017;185
25233 Torre-serona;Hombres;2016;198
25233 Torre-serona;Hombres;2015;190
25233 Torre-serona;Hombres;2014;197
25233 Torre-serona;Hombres;2013;188
25233 Torre-serona;Hombres;2012;183
25233 Torre-serona;Hombres;2011;182
25233 Torre-serona;Hombres;2010;180
25233 Torre-serona;Hombres;2009;187
25233 Torre-serona;Hombres;2008;183
25233 Torre-serona;Hombres;2007;182
25233 Torre-serona;Hombres;2006;177
25233 Torre-serona;Hombres;2005;186
25233 Torre-serona;Hombres;2004;176
25233 Torre-serona;Hombres;2003;183
25233 Torre-serona;Hombres;2002;178
25233 Torre-serona;Hombres;2001;170
25233 Torre-serona;Hombres;2000;162
25233 Torre-serona;Hombres;1999;157
25233 Torre-serona;Hombres;1998;147
25233 Torre-serona;Hombres;1997;""
25233 Torre-serona;Hombres;1996;158
25233 Torre-serona;Mujeres;2025;197
25233 Torre-serona;Mujeres;2024;212
25233 Torre-serona;Mujeres;2023;195
25233 Torre-serona;Mujeres;2022;183
25233 Torre-serona;Mujeres;2021;183
25233 Torre-serona;Mujeres;2020;190
25233 Torre-serona;Mujeres;2019;189
25233 Torre-serona;Mujeres;2018;184
25233 Torre-serona;Mujeres;2017;178
25233 Torre-serona;Mujeres;2016;181
25233 Torre-serona;Mujeres;2015;189
25233 Torre-serona;Mujeres;2014;191
25233 Torre-serona;Mujeres;2013;181
25233 Torre-serona;Mujeres;2012;173
25233 Torre-serona;Mujeres;2011;166
25233 Torre-serona;Mujeres;2010;170
25233 Torre-serona;Mujeres;2009;171
25233 Torre-serona;Mujeres;2008;170
25233 Torre-serona;Mujeres;2007;166
25233 Torre-serona;Mujeres;2006;164
25233 Torre-serona;Mujeres;2005;167
25233 Torre-serona;Mujeres;2004;163
25233 Torre-serona;Mujeres;2003;164
25233 Torre-serona;Mujeres;2002;169
25233 Torre-serona;Mujeres;2001;166
25233 Torre-serona;Mujeres;2000;164
25233 Torre-serona;Mujeres;1999;160
25233 Torre-serona;Mujeres;1998;148
25233 Torre-serona;Mujeres;1997;""
25233 Torre-serona;Mujeres;1996;152
25226 Torrebesses;Total;2025;278
25226 Torrebesses;Total;2024;273
25226 Torrebesses;Total;2023;294
25226 Torrebesses;Total;2022;300
25226 Torrebesses;Total;2021;298
25226 Torrebesses;Total;2020;267
25226 Torrebesses;Total;2019;282
25226 Torrebesses;Total;2018;289
25226 Torrebesses;Total;2017;290
25226 Torrebesses;Total;2016;293
25226 Torrebesses;Total;2015;286
25226 Torrebesses;Total;2014;291
25226 Torrebesses;Total;2013;300
25226 Torrebesses;Total;2012;302
25226 Torrebesses;Total;2011;300
25226 Torrebesses;Total;2010;299
25226 Torrebesses;Total;2009;300
25226 Torrebesses;Total;2008;298
25226 Torrebesses;Total;2007;306
25226 Torrebesses;Total;2006;305
25226 Torrebesses;Total;2005;297
25226 Torrebesses;Total;2004;298
25226 Torrebesses;Total;2003;305
25226 Torrebesses;Total;2002;317
25226 Torrebesses;Total;2001;317
25226 Torrebesses;Total;2000;323
25226 Torrebesses;Total;1999;325
25226 Torrebesses;Total;1998;337
25226 Torrebesses;Total;1997;""
25226 Torrebesses;Total;1996;339
25226 Torrebesses;Hombres;2025;145
25226 Torrebesses;Hombres;2024;142
25226 Torrebesses;Hombres;2023;154
25226 Torrebesses;Hombres;2022;168
25226 Torrebesses;Hombres;2021;169
25226 Torrebesses;Hombres;2020;143
25226 Torrebesses;Hombres;2019;150
25226 Torrebesses;Hombres;2018;153
25226 Torrebesses;Hombres;2017;155
25226 Torrebesses;Hombres;2016;155
25226 Torrebesses;Hombres;2015;151
25226 Torrebesses;Hombres;2014;152
25226 Torrebesses;Hombres;2013;157
25226 Torrebesses;Hombres;2012;159
25226 Torrebesses;Hombres;2011;157
25226 Torrebesses;Hombres;2010;156
25226 Torrebesses;Hombres;2009;155
25226 Torrebesses;Hombres;2008;155
25226 Torrebesses;Hombres;2007;156
25226 Torrebesses;Hombres;2006;155
25226 Torrebesses;Hombres;2005;150
25226 Torrebesses;Hombres;2004;152
25226 Torrebesses;Hombres;2003;151
25226 Torrebesses;Hombres;2002;156
25226 Torrebesses;Hombres;2001;155
25226 Torrebesses;Hombres;2000;159
25226 Torrebesses;Hombres;1999;159
25226 Torrebesses;Hombres;1998;165
25226 Torrebesses;Hombres;1997;""
25226 Torrebesses;Hombres;1996;166
25226 Torrebesses;Mujeres;2025;133
25226 Torrebesses;Mujeres;2024;131
25226 Torrebesses;Mujeres;2023;140
25226 Torrebesses;Mujeres;2022;132
25226 Torrebesses;Mujeres;2021;129
25226 Torrebesses;Mujeres;2020;124
25226 Torrebesses;Mujeres;2019;132
25226 Torrebesses;Mujeres;2018;136
25226 Torrebesses;Mujeres;2017;135
25226 Torrebesses;Mujeres;2016;138
25226 Torrebesses;Mujeres;2015;135
25226 Torrebesses;Mujeres;2014;139
25226 Torrebesses;Mujeres;2013;143
25226 Torrebesses;Mujeres;2012;143
25226 Torrebesses;Mujeres;2011;143
25226 Torrebesses;Mujeres;2010;143
25226 Torrebesses;Mujeres;2009;145
25226 Torrebesses;Mujeres;2008;143
25226 Torrebesses;Mujeres;2007;150
25226 Torrebesses;Mujeres;2006;150
25226 Torrebesses;Mujeres;2005;147
25226 Torrebesses;Mujeres;2004;146
25226 Torrebesses;Mujeres;2003;154
25226 Torrebesses;Mujeres;2002;161
25226 Torrebesses;Mujeres;2001;162
25226 Torrebesses;Mujeres;2000;164
25226 Torrebesses;Mujeres;1999;166
25226 Torrebesses;Mujeres;1998;172
25226 Torrebesses;Mujeres;1997;""
25226 Torrebesses;Mujeres;1996;173
25228 Torrefarrera;Total;2025;4.900
25228 Torrefarrera;Total;2024;4.861
25228 Torrefarrera;Total;2023;4.852
25228 Torrefarrera;Total;2022;4.730
25228 Torrefarrera;Total;2021;4.702
25228 Torrefarrera;Total;2020;4.694
25228 Torrefarrera;Total;2019;4.605
25228 Torrefarrera;Total;2018;4.630
25228 Torrefarrera;Total;2017;4.653
25228 Torrefarrera;Total;2016;4.630
25228 Torrefarrera;Total;2015;4.611
25228 Torrefarrera;Total;2014;4.512
25228 Torrefarrera;Total;2013;4.400
25228 Torrefarrera;Total;2012;4.341
25228 Torrefarrera;Total;2011;4.309
25228 Torrefarrera;Total;2010;4.151
25228 Torrefarrera;Total;2009;3.911
25228 Torrefarrera;Total;2008;3.697
25228 Torrefarrera;Total;2007;3.338
25228 Torrefarrera;Total;2006;3.051
25228 Torrefarrera;Total;2005;2.650
25228 Torrefarrera;Total;2004;2.203
25228 Torrefarrera;Total;2003;2.138
25228 Torrefarrera;Total;2002;2.012
25228 Torrefarrera;Total;2001;1.860
25228 Torrefarrera;Total;2000;1.734
25228 Torrefarrera;Total;1999;1.666
25228 Torrefarrera;Total;1998;1.609
25228 Torrefarrera;Total;1997;""
25228 Torrefarrera;Total;1996;1.593
25228 Torrefarrera;Hombres;2025;2.491
25228 Torrefarrera;Hombres;2024;2.470
25228 Torrefarrera;Hombres;2023;2.466
25228 Torrefarrera;Hombres;2022;2.393
25228 Torrefarrera;Hombres;2021;2.379
25228 Torrefarrera;Hombres;2020;2.381
25228 Torrefarrera;Hombres;2019;2.328
25228 Torrefarrera;Hombres;2018;2.353
25228 Torrefarrera;Hombres;2017;2.363
25228 Torrefarrera;Hombres;2016;2.361
25228 Torrefarrera;Hombres;2015;2.333
25228 Torrefarrera;Hombres;2014;2.268
25228 Torrefarrera;Hombres;2013;2.208
25228 Torrefarrera;Hombres;2012;2.185
25228 Torrefarrera;Hombres;2011;2.182
25228 Torrefarrera;Hombres;2010;2.100
25228 Torrefarrera;Hombres;2009;2.004
25228 Torrefarrera;Hombres;2008;1.888
25228 Torrefarrera;Hombres;2007;1.717
25228 Torrefarrera;Hombres;2006;1.575
25228 Torrefarrera;Hombres;2005;1.364
25228 Torrefarrera;Hombres;2004;1.165
25228 Torrefarrera;Hombres;2003;1.102
25228 Torrefarrera;Hombres;2002;1.035
25228 Torrefarrera;Hombres;2001;954
25228 Torrefarrera;Hombres;2000;884
25228 Torrefarrera;Hombres;1999;851
25228 Torrefarrera;Hombres;1998;821
25228 Torrefarrera;Hombres;1997;""
25228 Torrefarrera;Hombres;1996;810
25228 Torrefarrera;Mujeres;2025;2.409
25228 Torrefarrera;Mujeres;2024;2.391
25228 Torrefarrera;Mujeres;2023;2.386
25228 Torrefarrera;Mujeres;2022;2.337
25228 Torrefarrera;Mujeres;2021;2.323
25228 Torrefarrera;Mujeres;2020;2.313
25228 Torrefarrera;Mujeres;2019;2.277
25228 Torrefarrera;Mujeres;2018;2.277
25228 Torrefarrera;Mujeres;2017;2.290
25228 Torrefarrera;Mujeres;2016;2.269
25228 Torrefarrera;Mujeres;2015;2.278
25228 Torrefarrera;Mujeres;2014;2.244
25228 Torrefarrera;Mujeres;2013;2.192
25228 Torrefarrera;Mujeres;2012;2.156
25228 Torrefarrera;Mujeres;2011;2.127
25228 Torrefarrera;Mujeres;2010;2.051
25228 Torrefarrera;Mujeres;2009;1.907
25228 Torrefarrera;Mujeres;2008;1.809
25228 Torrefarrera;Mujeres;2007;1.621
25228 Torrefarrera;Mujeres;2006;1.476
25228 Torrefarrera;Mujeres;2005;1.286
25228 Torrefarrera;Mujeres;2004;1.038
25228 Torrefarrera;Mujeres;2003;1.036
25228 Torrefarrera;Mujeres;2002;977
25228 Torrefarrera;Mujeres;2001;906
25228 Torrefarrera;Mujeres;2000;850
25228 Torrefarrera;Mujeres;1999;815
25228 Torrefarrera;Mujeres;1998;788
25228 Torrefarrera;Mujeres;1997;""
25228 Torrefarrera;Mujeres;1996;783
25907 Torrefeta i Florejacs;Total;2025;589
25907 Torrefeta i Florejacs;Total;2024;605
25907 Torrefeta i Florejacs;Total;2023;612
25907 Torrefeta i Florejacs;Total;2022;621
25907 Torrefeta i Florejacs;Total;2021;602
25907 Torrefeta i Florejacs;Total;2020;607
25907 Torrefeta i Florejacs;Total;2019;602
25907 Torrefeta i Florejacs;Total;2018;590
25907 Torrefeta i Florejacs;Total;2017;591
25907 Torrefeta i Florejacs;Total;2016;590
25907 Torrefeta i Florejacs;Total;2015;604
25907 Torrefeta i Florejacs;Total;2014;601
25907 Torrefeta i Florejacs;Total;2013;617
25907 Torrefeta i Florejacs;Total;2012;617
25907 Torrefeta i Florejacs;Total;2011;634
25907 Torrefeta i Florejacs;Total;2010;617
25907 Torrefeta i Florejacs;Total;2009;633
25907 Torrefeta i Florejacs;Total;2008;633
25907 Torrefeta i Florejacs;Total;2007;637
25907 Torrefeta i Florejacs;Total;2006;650
25907 Torrefeta i Florejacs;Total;2005;638
25907 Torrefeta i Florejacs;Total;2004;635
25907 Torrefeta i Florejacs;Total;2003;646
25907 Torrefeta i Florejacs;Total;2002;653
25907 Torrefeta i Florejacs;Total;2001;649
25907 Torrefeta i Florejacs;Total;2000;658
25907 Torrefeta i Florejacs;Total;1999;667
25907 Torrefeta i Florejacs;Total;1998;660
25907 Torrefeta i Florejacs;Total;1997;""
25907 Torrefeta i Florejacs;Total;1996;683
25907 Torrefeta i Florejacs;Hombres;2025;314
25907 Torrefeta i Florejacs;Hombres;2024;321
25907 Torrefeta i Florejacs;Hombres;2023;329
25907 Torrefeta i Florejacs;Hombres;2022;340
25907 Torrefeta i Florejacs;Hombres;2021;330
25907 Torrefeta i Florejacs;Hombres;2020;326
25907 Torrefeta i Florejacs;Hombres;2019;322
25907 Torrefeta i Florejacs;Hombres;2018;316
25907 Torrefeta i Florejacs;Hombres;2017;313
25907 Torrefeta i Florejacs;Hombres;2016;310
25907 Torrefeta i Florejacs;Hombres;2015;319
25907 Torrefeta i Florejacs;Hombres;2014;315
25907 Torrefeta i Florejacs;Hombres;2013;324
25907 Torrefeta i Florejacs;Hombres;2012;323
25907 Torrefeta i Florejacs;Hombres;2011;329
25907 Torrefeta i Florejacs;Hombres;2010;319
25907 Torrefeta i Florejacs;Hombres;2009;331
25907 Torrefeta i Florejacs;Hombres;2008;329
25907 Torrefeta i Florejacs;Hombres;2007;324
25907 Torrefeta i Florejacs;Hombres;2006;329
25907 Torrefeta i Florejacs;Hombres;2005;323
25907 Torrefeta i Florejacs;Hombres;2004;316
25907 Torrefeta i Florejacs;Hombres;2003;325
25907 Torrefeta i Florejacs;Hombres;2002;335
25907 Torrefeta i Florejacs;Hombres;2001;331
25907 Torrefeta i Florejacs;Hombres;2000;332
25907 Torrefeta i Florejacs;Hombres;1999;336
25907 Torrefeta i Florejacs;Hombres;1998;327
25907 Torrefeta i Florejacs;Hombres;1997;""
25907 Torrefeta i Florejacs;Hombres;1996;334
25907 Torrefeta i Florejacs;Mujeres;2025;275
25907 Torrefeta i Florejacs;Mujeres;2024;284
25907 Torrefeta i Florejacs;Mujeres;2023;283
25907 Torrefeta i Florejacs;Mujeres;2022;281
25907 Torrefeta i Florejacs;Mujeres;2021;272
25907 Torrefeta i Florejacs;Mujeres;2020;281
25907 Torrefeta i Florejacs;Mujeres;2019;280
25907 Torrefeta i Florejacs;Mujeres;2018;274
25907 Torrefeta i Florejacs;Mujeres;2017;278
25907 Torrefeta i Florejacs;Mujeres;2016;280
25907 Torrefeta i Florejacs;Mujeres;2015;285
25907 Torrefeta i Florejacs;Mujeres;2014;286
25907 Torrefeta i Florejacs;Mujeres;2013;293
25907 Torrefeta i Florejacs;Mujeres;2012;294
25907 Torrefeta i Florejacs;Mujeres;2011;305
25907 Torrefeta i Florejacs;Mujeres;2010;298
25907 Torrefeta i Florejacs;Mujeres;2009;302
25907 Torrefeta i Florejacs;Mujeres;2008;304
25907 Torrefeta i Florejacs;Mujeres;2007;313
25907 Torrefeta i Florejacs;Mujeres;2006;321
25907 Torrefeta i Florejacs;Mujeres;2005;315
25907 Torrefeta i Florejacs;Mujeres;2004;319
25907 Torrefeta i Florejacs;Mujeres;2003;321
25907 Torrefeta i Florejacs;Mujeres;2002;318
25907 Torrefeta i Florejacs;Mujeres;2001;318
25907 Torrefeta i Florejacs;Mujeres;2000;326
25907 Torrefeta i Florejacs;Mujeres;1999;331
25907 Torrefeta i Florejacs;Mujeres;1998;333
25907 Torrefeta i Florejacs;Mujeres;1997;""
25907 Torrefeta i Florejacs;Mujeres;1996;349
25230 Torregrossa;Total;2025;2.248
25230 Torregrossa;Total;2024;2.194
25230 Torregrossa;Total;2023;2.186
25230 Torregrossa;Total;2022;2.155
25230 Torregrossa;Total;2021;2.157
25230 Torregrossa;Total;2020;2.179
25230 Torregrossa;Total;2019;2.202
25230 Torregrossa;Total;2018;2.190
25230 Torregrossa;Total;2017;2.192
25230 Torregrossa;Total;2016;2.166
25230 Torregrossa;Total;2015;2.255
25230 Torregrossa;Total;2014;2.235
25230 Torregrossa;Total;2013;2.234
25230 Torregrossa;Total;2012;2.234
25230 Torregrossa;Total;2011;2.241
25230 Torregrossa;Total;2010;2.251
25230 Torregrossa;Total;2009;2.255
25230 Torregrossa;Total;2008;2.237
25230 Torregrossa;Total;2007;2.259
25230 Torregrossa;Total;2006;2.302
25230 Torregrossa;Total;2005;2.311
25230 Torregrossa;Total;2004;2.285
25230 Torregrossa;Total;2003;2.213
25230 Torregrossa;Total;2002;2.195
25230 Torregrossa;Total;2001;2.217
25230 Torregrossa;Total;2000;2.242
25230 Torregrossa;Total;1999;2.251
25230 Torregrossa;Total;1998;2.238
25230 Torregrossa;Total;1997;""
25230 Torregrossa;Total;1996;2.239
25230 Torregrossa;Hombres;2025;1.191
25230 Torregrossa;Hombres;2024;1.161
25230 Torregrossa;Hombres;2023;1.143
25230 Torregrossa;Hombres;2022;1.121
25230 Torregrossa;Hombres;2021;1.125
25230 Torregrossa;Hombres;2020;1.143
25230 Torregrossa;Hombres;2019;1.140
25230 Torregrossa;Hombres;2018;1.124
25230 Torregrossa;Hombres;2017;1.113
25230 Torregrossa;Hombres;2016;1.097
25230 Torregrossa;Hombres;2015;1.143
25230 Torregrossa;Hombres;2014;1.133
25230 Torregrossa;Hombres;2013;1.129
25230 Torregrossa;Hombres;2012;1.128
25230 Torregrossa;Hombres;2011;1.133
25230 Torregrossa;Hombres;2010;1.144
25230 Torregrossa;Hombres;2009;1.148
25230 Torregrossa;Hombres;2008;1.137
25230 Torregrossa;Hombres;2007;1.146
25230 Torregrossa;Hombres;2006;1.164
25230 Torregrossa;Hombres;2005;1.168
25230 Torregrossa;Hombres;2004;1.152
25230 Torregrossa;Hombres;2003;1.105
25230 Torregrossa;Hombres;2002;1.100
25230 Torregrossa;Hombres;2001;1.102
25230 Torregrossa;Hombres;2000;1.107
25230 Torregrossa;Hombres;1999;1.112
25230 Torregrossa;Hombres;1998;1.101
25230 Torregrossa;Hombres;1997;""
25230 Torregrossa;Hombres;1996;1.105
25230 Torregrossa;Mujeres;2025;1.057
25230 Torregrossa;Mujeres;2024;1.033
25230 Torregrossa;Mujeres;2023;1.043
25230 Torregrossa;Mujeres;2022;1.034
25230 Torregrossa;Mujeres;2021;1.032
25230 Torregrossa;Mujeres;2020;1.036
25230 Torregrossa;Mujeres;2019;1.062
25230 Torregrossa;Mujeres;2018;1.066
25230 Torregrossa;Mujeres;2017;1.079
25230 Torregrossa;Mujeres;2016;1.069
25230 Torregrossa;Mujeres;2015;1.112
25230 Torregrossa;Mujeres;2014;1.102
25230 Torregrossa;Mujeres;2013;1.105
25230 Torregrossa;Mujeres;2012;1.106
25230 Torregrossa;Mujeres;2011;1.108
25230 Torregrossa;Mujeres;2010;1.107
25230 Torregrossa;Mujeres;2009;1.107
25230 Torregrossa;Mujeres;2008;1.100
25230 Torregrossa;Mujeres;2007;1.113
25230 Torregrossa;Mujeres;2006;1.138
25230 Torregrossa;Mujeres;2005;1.143
25230 Torregrossa;Mujeres;2004;1.133
25230 Torregrossa;Mujeres;2003;1.108
25230 Torregrossa;Mujeres;2002;1.095
25230 Torregrossa;Mujeres;2001;1.115
25230 Torregrossa;Mujeres;2000;1.135
25230 Torregrossa;Mujeres;1999;1.139
25230 Torregrossa;Mujeres;1998;1.137
25230 Torregrossa;Mujeres;1997;""
25230 Torregrossa;Mujeres;1996;1.134
25231 Torrelameu;Total;2025;788
25231 Torrelameu;Total;2024;766
25231 Torrelameu;Total;2023;751
25231 Torrelameu;Total;2022;765
25231 Torrelameu;Total;2021;759
25231 Torrelameu;Total;2020;735
25231 Torrelameu;Total;2019;743
25231 Torrelameu;Total;2018;742
25231 Torrelameu;Total;2017;715
25231 Torrelameu;Total;2016;703
25231 Torrelameu;Total;2015;706
25231 Torrelameu;Total;2014;709
25231 Torrelameu;Total;2013;735
25231 Torrelameu;Total;2012;723
25231 Torrelameu;Total;2011;714
25231 Torrelameu;Total;2010;690
25231 Torrelameu;Total;2009;685
25231 Torrelameu;Total;2008;651
25231 Torrelameu;Total;2007;637
25231 Torrelameu;Total;2006;628
25231 Torrelameu;Total;2005;590
25231 Torrelameu;Total;2004;583
25231 Torrelameu;Total;2003;578
25231 Torrelameu;Total;2002;601
25231 Torrelameu;Total;2001;586
25231 Torrelameu;Total;2000;578
25231 Torrelameu;Total;1999;577
25231 Torrelameu;Total;1998;577
25231 Torrelameu;Total;1997;""
25231 Torrelameu;Total;1996;585
25231 Torrelameu;Hombres;2025;474
25231 Torrelameu;Hombres;2024;460
25231 Torrelameu;Hombres;2023;445
25231 Torrelameu;Hombres;2022;460
25231 Torrelameu;Hombres;2021;471
25231 Torrelameu;Hombres;2020;443
25231 Torrelameu;Hombres;2019;433
25231 Torrelameu;Hombres;2018;426
25231 Torrelameu;Hombres;2017;403
25231 Torrelameu;Hombres;2016;401
25231 Torrelameu;Hombres;2015;400
25231 Torrelameu;Hombres;2014;400
25231 Torrelameu;Hombres;2013;416
25231 Torrelameu;Hombres;2012;410
25231 Torrelameu;Hombres;2011;409
25231 Torrelameu;Hombres;2010;393
25231 Torrelameu;Hombres;2009;386
25231 Torrelameu;Hombres;2008;360
25231 Torrelameu;Hombres;2007;355
25231 Torrelameu;Hombres;2006;357
25231 Torrelameu;Hombres;2005;326
25231 Torrelameu;Hombres;2004;321
25231 Torrelameu;Hombres;2003;319
25231 Torrelameu;Hombres;2002;334
25231 Torrelameu;Hombres;2001;321
25231 Torrelameu;Hombres;2000;317
25231 Torrelameu;Hombres;1999;316
25231 Torrelameu;Hombres;1998;311
25231 Torrelameu;Hombres;1997;""
25231 Torrelameu;Hombres;1996;315
25231 Torrelameu;Mujeres;2025;314
25231 Torrelameu;Mujeres;2024;306
25231 Torrelameu;Mujeres;2023;306
25231 Torrelameu;Mujeres;2022;305
25231 Torrelameu;Mujeres;2021;288
25231 Torrelameu;Mujeres;2020;292
25231 Torrelameu;Mujeres;2019;310
25231 Torrelameu;Mujeres;2018;316
25231 Torrelameu;Mujeres;2017;312
25231 Torrelameu;Mujeres;2016;302
25231 Torrelameu;Mujeres;2015;306
25231 Torrelameu;Mujeres;2014;309
25231 Torrelameu;Mujeres;2013;319
25231 Torrelameu;Mujeres;2012;313
25231 Torrelameu;Mujeres;2011;305
25231 Torrelameu;Mujeres;2010;297
25231 Torrelameu;Mujeres;2009;299
25231 Torrelameu;Mujeres;2008;291
25231 Torrelameu;Mujeres;2007;282
25231 Torrelameu;Mujeres;2006;271
25231 Torrelameu;Mujeres;2005;264
25231 Torrelameu;Mujeres;2004;262
25231 Torrelameu;Mujeres;2003;259
25231 Torrelameu;Mujeres;2002;267
25231 Torrelameu;Mujeres;2001;265
25231 Torrelameu;Mujeres;2000;261
25231 Torrelameu;Mujeres;1999;261
25231 Torrelameu;Mujeres;1998;266
25231 Torrelameu;Mujeres;1997;""
25231 Torrelameu;Mujeres;1996;270
25232 Torres de Segre;Total;2025;2.317
25232 Torres de Segre;Total;2024;2.318
25232 Torres de Segre;Total;2023;2.285
25232 Torres de Segre;Total;2022;2.248
25232 Torres de Segre;Total;2021;2.381
25232 Torres de Segre;Total;2020;2.366
25232 Torres de Segre;Total;2019;2.277
25232 Torres de Segre;Total;2018;2.307
25232 Torres de Segre;Total;2017;2.225
25232 Torres de Segre;Total;2016;2.253
25232 Torres de Segre;Total;2015;2.271
25232 Torres de Segre;Total;2014;2.301
25232 Torres de Segre;Total;2013;2.246
25232 Torres de Segre;Total;2012;2.165
25232 Torres de Segre;Total;2011;2.146
25232 Torres de Segre;Total;2010;2.080
25232 Torres de Segre;Total;2009;2.052
25232 Torres de Segre;Total;2008;2.055
25232 Torres de Segre;Total;2007;2.021
25232 Torres de Segre;Total;2006;2.054
25232 Torres de Segre;Total;2005;2.007
25232 Torres de Segre;Total;2004;1.935
25232 Torres de Segre;Total;2003;1.879
25232 Torres de Segre;Total;2002;1.854
25232 Torres de Segre;Total;2001;1.838
25232 Torres de Segre;Total;2000;1.815
25232 Torres de Segre;Total;1999;1.811
25232 Torres de Segre;Total;1998;1.805
25232 Torres de Segre;Total;1997;""
25232 Torres de Segre;Total;1996;1.786
25232 Torres de Segre;Hombres;2025;1.207
25232 Torres de Segre;Hombres;2024;1.207
25232 Torres de Segre;Hombres;2023;1.197
25232 Torres de Segre;Hombres;2022;1.171
25232 Torres de Segre;Hombres;2021;1.257
25232 Torres de Segre;Hombres;2020;1.228
25232 Torres de Segre;Hombres;2019;1.179
25232 Torres de Segre;Hombres;2018;1.195
25232 Torres de Segre;Hombres;2017;1.130
25232 Torres de Segre;Hombres;2016;1.155
25232 Torres de Segre;Hombres;2015;1.172
25232 Torres de Segre;Hombres;2014;1.184
25232 Torres de Segre;Hombres;2013;1.159
25232 Torres de Segre;Hombres;2012;1.112
25232 Torres de Segre;Hombres;2011;1.115
25232 Torres de Segre;Hombres;2010;1.078
25232 Torres de Segre;Hombres;2009;1.062
25232 Torres de Segre;Hombres;2008;1.073
25232 Torres de Segre;Hombres;2007;1.055
25232 Torres de Segre;Hombres;2006;1.066
25232 Torres de Segre;Hombres;2005;1.041
25232 Torres de Segre;Hombres;2004;998
25232 Torres de Segre;Hombres;2003;969
25232 Torres de Segre;Hombres;2002;955
25232 Torres de Segre;Hombres;2001;950
25232 Torres de Segre;Hombres;2000;932
25232 Torres de Segre;Hombres;1999;922
25232 Torres de Segre;Hombres;1998;914
25232 Torres de Segre;Hombres;1997;""
25232 Torres de Segre;Hombres;1996;901
25232 Torres de Segre;Mujeres;2025;1.110
25232 Torres de Segre;Mujeres;2024;1.111
25232 Torres de Segre;Mujeres;2023;1.088
25232 Torres de Segre;Mujeres;2022;1.077
25232 Torres de Segre;Mujeres;2021;1.124
25232 Torres de Segre;Mujeres;2020;1.138
25232 Torres de Segre;Mujeres;2019;1.098
25232 Torres de Segre;Mujeres;2018;1.112
25232 Torres de Segre;Mujeres;2017;1.095
25232 Torres de Segre;Mujeres;2016;1.098
25232 Torres de Segre;Mujeres;2015;1.099
25232 Torres de Segre;Mujeres;2014;1.117
25232 Torres de Segre;Mujeres;2013;1.087
25232 Torres de Segre;Mujeres;2012;1.053
25232 Torres de Segre;Mujeres;2011;1.031
25232 Torres de Segre;Mujeres;2010;1.002
25232 Torres de Segre;Mujeres;2009;990
25232 Torres de Segre;Mujeres;2008;982
25232 Torres de Segre;Mujeres;2007;966
25232 Torres de Segre;Mujeres;2006;988
25232 Torres de Segre;Mujeres;2005;966
25232 Torres de Segre;Mujeres;2004;937
25232 Torres de Segre;Mujeres;2003;910
25232 Torres de Segre;Mujeres;2002;899
25232 Torres de Segre;Mujeres;2001;888
25232 Torres de Segre;Mujeres;2000;883
25232 Torres de Segre;Mujeres;1999;889
25232 Torres de Segre;Mujeres;1998;891
25232 Torres de Segre;Mujeres;1997;""
25232 Torres de Segre;Mujeres;1996;885
25223 Torà;Total;2025;1.190
25223 Torà;Total;2024;1.207
25223 Torà;Total;2023;1.201
25223 Torà;Total;2022;1.224
25223 Torà;Total;2021;1.209
25223 Torà;Total;2020;1.237
25223 Torà;Total;2019;1.255
25223 Torà;Total;2018;1.244
25223 Torà;Total;2017;1.223
25223 Torà;Total;2016;1.215
25223 Torà;Total;2015;1.232
25223 Torà;Total;2014;1.202
25223 Torà;Total;2013;1.253
25223 Torà;Total;2012;1.333
25223 Torà;Total;2011;1.343
25223 Torà;Total;2010;1.367
25223 Torà;Total;2009;1.367
25223 Torà;Total;2008;1.370
25223 Torà;Total;2007;1.333
25223 Torà;Total;2006;1.327
25223 Torà;Total;2005;1.274
25223 Torà;Total;2004;1.231
25223 Torà;Total;2003;1.227
25223 Torà;Total;2002;1.220
25223 Torà;Total;2001;1.189
25223 Torà;Total;2000;1.191
25223 Torà;Total;1999;1.168
25223 Torà;Total;1998;1.174
25223 Torà;Total;1997;""
25223 Torà;Total;1996;1.143
25223 Torà;Hombres;2025;602
25223 Torà;Hombres;2024;608
25223 Torà;Hombres;2023;609
25223 Torà;Hombres;2022;613
25223 Torà;Hombres;2021;607
25223 Torà;Hombres;2020;627
25223 Torà;Hombres;2019;639
25223 Torà;Hombres;2018;624
25223 Torà;Hombres;2017;613
25223 Torà;Hombres;2016;610
25223 Torà;Hombres;2015;613
25223 Torà;Hombres;2014;603
25223 Torà;Hombres;2013;629
25223 Torà;Hombres;2012;673
25223 Torà;Hombres;2011;683
25223 Torà;Hombres;2010;698
25223 Torà;Hombres;2009;705
25223 Torà;Hombres;2008;719
25223 Torà;Hombres;2007;688
25223 Torà;Hombres;2006;686
25223 Torà;Hombres;2005;658
25223 Torà;Hombres;2004;635
25223 Torà;Hombres;2003;631
25223 Torà;Hombres;2002;622
25223 Torà;Hombres;2001;596
25223 Torà;Hombres;2000;599
25223 Torà;Hombres;1999;588
25223 Torà;Hombres;1998;596
25223 Torà;Hombres;1997;""
25223 Torà;Hombres;1996;581
25223 Torà;Mujeres;2025;588
25223 Torà;Mujeres;2024;599
25223 Torà;Mujeres;2023;592
25223 Torà;Mujeres;2022;611
25223 Torà;Mujeres;2021;602
25223 Torà;Mujeres;2020;610
25223 Torà;Mujeres;2019;616
25223 Torà;Mujeres;2018;620
25223 Torà;Mujeres;2017;610
25223 Torà;Mujeres;2016;605
25223 Torà;Mujeres;2015;619
25223 Torà;Mujeres;2014;599
25223 Torà;Mujeres;2013;624
25223 Torà;Mujeres;2012;660
25223 Torà;Mujeres;2011;660
25223 Torà;Mujeres;2010;669
25223 Torà;Mujeres;2009;662
25223 Torà;Mujeres;2008;651
25223 Torà;Mujeres;2007;645
25223 Torà;Mujeres;2006;641
25223 Torà;Mujeres;2005;616
25223 Torà;Mujeres;2004;596
25223 Torà;Mujeres;2003;596
25223 Torà;Mujeres;2002;598
25223 Torà;Mujeres;2001;593
25223 Torà;Mujeres;2000;592
25223 Torà;Mujeres;1999;580
25223 Torà;Mujeres;1998;578
25223 Torà;Mujeres;1997;""
25223 Torà;Mujeres;1996;562
25234 Tremp;Total;2025;6.123
25234 Tremp;Total;2024;6.015
25234 Tremp;Total;2023;5.961
25234 Tremp;Total;2022;5.847
25234 Tremp;Total;2021;5.893
25234 Tremp;Total;2020;5.911
25234 Tremp;Total;2019;5.844
25234 Tremp;Total;2018;5.824
25234 Tremp;Total;2017;5.906
25234 Tremp;Total;2016;6.026
25234 Tremp;Total;2015;6.175
25234 Tremp;Total;2014;6.305
25234 Tremp;Total;2013;6.288
25234 Tremp;Total;2012;6.515
25234 Tremp;Total;2011;6.711
25234 Tremp;Total;2010;6.368
25234 Tremp;Total;2009;6.228
25234 Tremp;Total;2008;6.190
25234 Tremp;Total;2007;6.022
25234 Tremp;Total;2006;5.401
25234 Tremp;Total;2005;5.286
25234 Tremp;Total;2004;5.570
25234 Tremp;Total;2003;5.518
25234 Tremp;Total;2002;5.367
25234 Tremp;Total;2001;5.388
25234 Tremp;Total;2000;5.377
25234 Tremp;Total;1999;5.379
25234 Tremp;Total;1998;5.357
25234 Tremp;Total;1997;""
25234 Tremp;Total;1996;5.503
25234 Tremp;Hombres;2025;3.046
25234 Tremp;Hombres;2024;2.971
25234 Tremp;Hombres;2023;2.937
25234 Tremp;Hombres;2022;2.878
25234 Tremp;Hombres;2021;2.892
25234 Tremp;Hombres;2020;2.895
25234 Tremp;Hombres;2019;2.884
25234 Tremp;Hombres;2018;2.847
25234 Tremp;Hombres;2017;2.910
25234 Tremp;Hombres;2016;2.976
25234 Tremp;Hombres;2015;3.062
25234 Tremp;Hombres;2014;3.145
25234 Tremp;Hombres;2013;3.112
25234 Tremp;Hombres;2012;3.317
25234 Tremp;Hombres;2011;3.462
25234 Tremp;Hombres;2010;3.161
25234 Tremp;Hombres;2009;3.118
25234 Tremp;Hombres;2008;3.088
25234 Tremp;Hombres;2007;2.979
25234 Tremp;Hombres;2006;2.668
25234 Tremp;Hombres;2005;2.601
25234 Tremp;Hombres;2004;2.753
25234 Tremp;Hombres;2003;2.733
25234 Tremp;Hombres;2002;2.660
25234 Tremp;Hombres;2001;2.657
25234 Tremp;Hombres;2000;2.650
25234 Tremp;Hombres;1999;2.648
25234 Tremp;Hombres;1998;2.641
25234 Tremp;Hombres;1997;""
25234 Tremp;Hombres;1996;2.702
25234 Tremp;Mujeres;2025;3.077
25234 Tremp;Mujeres;2024;3.044
25234 Tremp;Mujeres;2023;3.024
25234 Tremp;Mujeres;2022;2.969
25234 Tremp;Mujeres;2021;3.001
25234 Tremp;Mujeres;2020;3.016
25234 Tremp;Mujeres;2019;2.960
25234 Tremp;Mujeres;2018;2.977
25234 Tremp;Mujeres;2017;2.996
25234 Tremp;Mujeres;2016;3.050
25234 Tremp;Mujeres;2015;3.113
25234 Tremp;Mujeres;2014;3.160
25234 Tremp;Mujeres;2013;3.176
25234 Tremp;Mujeres;2012;3.198
25234 Tremp;Mujeres;2011;3.249
25234 Tremp;Mujeres;2010;3.207
25234 Tremp;Mujeres;2009;3.110
25234 Tremp;Mujeres;2008;3.102
25234 Tremp;Mujeres;2007;3.043
25234 Tremp;Mujeres;2006;2.733
25234 Tremp;Mujeres;2005;2.685
25234 Tremp;Mujeres;2004;2.817
25234 Tremp;Mujeres;2003;2.785
25234 Tremp;Mujeres;2002;2.707
25234 Tremp;Mujeres;2001;2.731
25234 Tremp;Mujeres;2000;2.727
25234 Tremp;Mujeres;1999;2.731
25234 Tremp;Mujeres;1998;2.716
25234 Tremp;Mujeres;1997;""
25234 Tremp;Mujeres;1996;2.801
25217 Tàrrega;Total;2025;19.057
25217 Tàrrega;Total;2024;18.542
25217 Tàrrega;Total;2023;18.268
25217 Tàrrega;Total;2022;17.810
25217 Tàrrega;Total;2021;17.649
25217 Tàrrega;Total;2020;17.445
25217 Tàrrega;Total;2019;17.098
25217 Tàrrega;Total;2018;16.795
25217 Tàrrega;Total;2017;16.599
25217 Tàrrega;Total;2016;16.481
25217 Tàrrega;Total;2015;16.444
25217 Tàrrega;Total;2014;16.587
25217 Tàrrega;Total;2013;16.670
25217 Tàrrega;Total;2012;16.731
25217 Tàrrega;Total;2011;17.129
25217 Tàrrega;Total;2010;17.189
25217 Tàrrega;Total;2009;16.539
25217 Tàrrega;Total;2008;16.149
25217 Tàrrega;Total;2007;15.515
25217 Tàrrega;Total;2006;15.155
25217 Tàrrega;Total;2005;14.810
25217 Tàrrega;Total;2004;13.999
25217 Tàrrega;Total;2003;13.616
25217 Tàrrega;Total;2002;13.210
25217 Tàrrega;Total;2001;12.735
25217 Tàrrega;Total;2000;12.548
25217 Tàrrega;Total;1999;12.259
25217 Tàrrega;Total;1998;12.181
25217 Tàrrega;Total;1997;""
25217 Tàrrega;Total;1996;11.855
25217 Tàrrega;Hombres;2025;9.569
25217 Tàrrega;Hombres;2024;9.225
25217 Tàrrega;Hombres;2023;9.073
25217 Tàrrega;Hombres;2022;8.848
25217 Tàrrega;Hombres;2021;8.752
25217 Tàrrega;Hombres;2020;8.658
25217 Tàrrega;Hombres;2019;8.489
25217 Tàrrega;Hombres;2018;8.323
25217 Tàrrega;Hombres;2017;8.230
25217 Tàrrega;Hombres;2016;8.192
25217 Tàrrega;Hombres;2015;8.152
25217 Tàrrega;Hombres;2014;8.256
25217 Tàrrega;Hombres;2013;8.347
25217 Tàrrega;Hombres;2012;8.380
25217 Tàrrega;Hombres;2011;8.617
25217 Tàrrega;Hombres;2010;8.694
25217 Tàrrega;Hombres;2009;8.335
25217 Tàrrega;Hombres;2008;8.169
25217 Tàrrega;Hombres;2007;7.820
25217 Tàrrega;Hombres;2006;7.696
25217 Tàrrega;Hombres;2005;7.495
25217 Tàrrega;Hombres;2004;7.008
25217 Tàrrega;Hombres;2003;6.789
25217 Tàrrega;Hombres;2002;6.528
25217 Tàrrega;Hombres;2001;6.256
25217 Tàrrega;Hombres;2000;6.063
25217 Tàrrega;Hombres;1999;5.918
25217 Tàrrega;Hombres;1998;5.863
25217 Tàrrega;Hombres;1997;""
25217 Tàrrega;Hombres;1996;5.770
25217 Tàrrega;Mujeres;2025;9.488
25217 Tàrrega;Mujeres;2024;9.317
25217 Tàrrega;Mujeres;2023;9.195
25217 Tàrrega;Mujeres;2022;8.962
25217 Tàrrega;Mujeres;2021;8.897
25217 Tàrrega;Mujeres;2020;8.787
25217 Tàrrega;Mujeres;2019;8.609
25217 Tàrrega;Mujeres;2018;8.472
25217 Tàrrega;Mujeres;2017;8.369
25217 Tàrrega;Mujeres;2016;8.289
25217 Tàrrega;Mujeres;2015;8.292
25217 Tàrrega;Mujeres;2014;8.331
25217 Tàrrega;Mujeres;2013;8.323
25217 Tàrrega;Mujeres;2012;8.351
25217 Tàrrega;Mujeres;2011;8.512
25217 Tàrrega;Mujeres;2010;8.495
25217 Tàrrega;Mujeres;2009;8.204
25217 Tàrrega;Mujeres;2008;7.980
25217 Tàrrega;Mujeres;2007;7.695
25217 Tàrrega;Mujeres;2006;7.459
25217 Tàrrega;Mujeres;2005;7.315
25217 Tàrrega;Mujeres;2004;6.991
25217 Tàrrega;Mujeres;2003;6.827
25217 Tàrrega;Mujeres;2002;6.682
25217 Tàrrega;Mujeres;2001;6.479
25217 Tàrrega;Mujeres;2000;6.485
25217 Tàrrega;Mujeres;1999;6.341
25217 Tàrrega;Mujeres;1998;6.318
25217 Tàrrega;Mujeres;1997;""
25217 Tàrrega;Mujeres;1996;6.085
25220 Térmens;Total;2025;1.350
25220 Térmens;Total;2024;1.347
25220 Térmens;Total;2023;1.341
25220 Térmens;Total;2022;1.363
25220 Térmens;Total;2021;1.330
25220 Térmens;Total;2020;1.360
25220 Térmens;Total;2019;1.333
25220 Térmens;Total;2018;1.383
25220 Térmens;Total;2017;1.442
25220 Térmens;Total;2016;1.526
25220 Térmens;Total;2015;1.531
25220 Térmens;Total;2014;1.536
25220 Térmens;Total;2013;1.548
25220 Térmens;Total;2012;1.587
25220 Térmens;Total;2011;1.521
25220 Térmens;Total;2010;1.528
25220 Térmens;Total;2009;1.536
25220 Térmens;Total;2008;1.521
25220 Térmens;Total;2007;1.489
25220 Térmens;Total;2006;1.531
25220 Térmens;Total;2005;1.503
25220 Térmens;Total;2004;1.467
25220 Térmens;Total;2003;1.394
25220 Térmens;Total;2002;1.386
25220 Térmens;Total;2001;1.400
25220 Térmens;Total;2000;1.404
25220 Térmens;Total;1999;1.403
25220 Térmens;Total;1998;1.395
25220 Térmens;Total;1997;""
25220 Térmens;Total;1996;1.401
25220 Térmens;Hombres;2025;696
25220 Térmens;Hombres;2024;690
25220 Térmens;Hombres;2023;696
25220 Térmens;Hombres;2022;702
25220 Térmens;Hombres;2021;682
25220 Térmens;Hombres;2020;688
25220 Térmens;Hombres;2019;678
25220 Térmens;Hombres;2018;705
25220 Térmens;Hombres;2017;720
25220 Térmens;Hombres;2016;760
25220 Térmens;Hombres;2015;767
25220 Térmens;Hombres;2014;769
25220 Térmens;Hombres;2013;775
25220 Térmens;Hombres;2012;800
25220 Térmens;Hombres;2011;784
25220 Térmens;Hombres;2010;786
25220 Térmens;Hombres;2009;795
25220 Térmens;Hombres;2008;786
25220 Térmens;Hombres;2007;760
25220 Térmens;Hombres;2006;763
25220 Térmens;Hombres;2005;746
25220 Térmens;Hombres;2004;755
25220 Térmens;Hombres;2003;713
25220 Térmens;Hombres;2002;705
25220 Térmens;Hombres;2001;708
25220 Térmens;Hombres;2000;706
25220 Térmens;Hombres;1999;711
25220 Térmens;Hombres;1998;704
25220 Térmens;Hombres;1997;""
25220 Térmens;Hombres;1996;709
25220 Térmens;Mujeres;2025;654
25220 Térmens;Mujeres;2024;657
25220 Térmens;Mujeres;2023;645
25220 Térmens;Mujeres;2022;661
25220 Térmens;Mujeres;2021;648
25220 Térmens;Mujeres;2020;672
25220 Térmens;Mujeres;2019;655
25220 Térmens;Mujeres;2018;678
25220 Térmens;Mujeres;2017;722
25220 Térmens;Mujeres;2016;766
25220 Térmens;Mujeres;2015;764
25220 Térmens;Mujeres;2014;767
25220 Térmens;Mujeres;2013;773
25220 Térmens;Mujeres;2012;787
25220 Térmens;Mujeres;2011;737
25220 Térmens;Mujeres;2010;742
25220 Térmens;Mujeres;2009;741
25220 Térmens;Mujeres;2008;735
25220 Térmens;Mujeres;2007;729
25220 Térmens;Mujeres;2006;768
25220 Térmens;Mujeres;2005;757
25220 Térmens;Mujeres;2004;712
25220 Térmens;Mujeres;2003;681
25220 Térmens;Mujeres;2002;681
25220 Térmens;Mujeres;2001;692
25220 Térmens;Mujeres;2000;698
25220 Térmens;Mujeres;1999;692
25220 Térmens;Mujeres;1998;691
25220 Térmens;Mujeres;1997;""
25220 Térmens;Mujeres;1996;692
25221 Tírvia;Total;2025;141
25221 Tírvia;Total;2024;144
25221 Tírvia;Total;2023;144
25221 Tírvia;Total;2022;132
25221 Tírvia;Total;2021;131
25221 Tírvia;Total;2020;134
25221 Tírvia;Total;2019;131
25221 Tírvia;Total;2018;134
25221 Tírvia;Total;2017;141
25221 Tírvia;Total;2016;143
25221 Tírvia;Total;2015;153
25221 Tírvia;Total;2014;156
25221 Tírvia;Total;2013;160
25221 Tírvia;Total;2012;156
25221 Tírvia;Total;2011;160
25221 Tírvia;Total;2010;159
25221 Tírvia;Total;2009;143
25221 Tírvia;Total;2008;135
25221 Tírvia;Total;2007;130
25221 Tírvia;Total;2006;120
25221 Tírvia;Total;2005;124
25221 Tírvia;Total;2004;131
25221 Tírvia;Total;2003;128
25221 Tírvia;Total;2002;120
25221 Tírvia;Total;2001;125
25221 Tírvia;Total;2000;122
25221 Tírvia;Total;1999;121
25221 Tírvia;Total;1998;122
25221 Tírvia;Total;1997;""
25221 Tírvia;Total;1996;116
25221 Tírvia;Hombres;2025;70
25221 Tírvia;Hombres;2024;70
25221 Tírvia;Hombres;2023;71
25221 Tírvia;Hombres;2022;62
25221 Tírvia;Hombres;2021;63
25221 Tírvia;Hombres;2020;63
25221 Tírvia;Hombres;2019;63
25221 Tírvia;Hombres;2018;66
25221 Tírvia;Hombres;2017;69
25221 Tírvia;Hombres;2016;68
25221 Tírvia;Hombres;2015;76
25221 Tírvia;Hombres;2014;76
25221 Tírvia;Hombres;2013;81
25221 Tírvia;Hombres;2012;81
25221 Tírvia;Hombres;2011;81
25221 Tírvia;Hombres;2010;83
25221 Tírvia;Hombres;2009;74
25221 Tírvia;Hombres;2008;72
25221 Tírvia;Hombres;2007;72
25221 Tírvia;Hombres;2006;64
25221 Tírvia;Hombres;2005;65
25221 Tírvia;Hombres;2004;66
25221 Tírvia;Hombres;2003;65
25221 Tírvia;Hombres;2002;63
25221 Tírvia;Hombres;2001;68
25221 Tírvia;Hombres;2000;67
25221 Tírvia;Hombres;1999;65
25221 Tírvia;Hombres;1998;65
25221 Tírvia;Hombres;1997;""
25221 Tírvia;Hombres;1996;61
25221 Tírvia;Mujeres;2025;71
25221 Tírvia;Mujeres;2024;74
25221 Tírvia;Mujeres;2023;73
25221 Tírvia;Mujeres;2022;70
25221 Tírvia;Mujeres;2021;68
25221 Tírvia;Mujeres;2020;71
25221 Tírvia;Mujeres;2019;68
25221 Tírvia;Mujeres;2018;68
25221 Tírvia;Mujeres;2017;72
25221 Tírvia;Mujeres;2016;75
25221 Tírvia;Mujeres;2015;77
25221 Tírvia;Mujeres;2014;80
25221 Tírvia;Mujeres;2013;79
25221 Tírvia;Mujeres;2012;75
25221 Tírvia;Mujeres;2011;79
25221 Tírvia;Mujeres;2010;76
25221 Tírvia;Mujeres;2009;69
25221 Tírvia;Mujeres;2008;63
25221 Tírvia;Mujeres;2007;58
25221 Tírvia;Mujeres;2006;56
25221 Tírvia;Mujeres;2005;59
25221 Tírvia;Mujeres;2004;65
25221 Tírvia;Mujeres;2003;63
25221 Tírvia;Mujeres;2002;57
25221 Tírvia;Mujeres;2001;57
25221 Tírvia;Mujeres;2000;55
25221 Tírvia;Mujeres;1999;56
25221 Tírvia;Mujeres;1998;57
25221 Tírvia;Mujeres;1997;""
25221 Tírvia;Mujeres;1996;55
25043 Vall de Boí, La;Total;2025;1.122
25043 Vall de Boí, La;Total;2024;1.116
25043 Vall de Boí, La;Total;2023;1.090
25043 Vall de Boí, La;Total;2022;1.090
25043 Vall de Boí, La;Total;2021;1.060
25043 Vall de Boí, La;Total;2020;1.019
25043 Vall de Boí, La;Total;2019;1.021
25043 Vall de Boí, La;Total;2018;1.022
25043 Vall de Boí, La;Total;2017;1.015
25043 Vall de Boí, La;Total;2016;1.022
25043 Vall de Boí, La;Total;2015;1.004
25043 Vall de Boí, La;Total;2014;992
25043 Vall de Boí, La;Total;2013;1.023
25043 Vall de Boí, La;Total;2012;1.052
25043 Vall de Boí, La;Total;2011;1.076
25043 Vall de Boí, La;Total;2010;1.076
25043 Vall de Boí, La;Total;2009;1.090
25043 Vall de Boí, La;Total;2008;1.080
25043 Vall de Boí, La;Total;2007;1.049
25043 Vall de Boí, La;Total;2006;1.079
25043 Vall de Boí, La;Total;2005;1.053
25043 Vall de Boí, La;Total;2004;1.007
25043 Vall de Boí, La;Total;2003;952
25043 Vall de Boí, La;Total;2002;910
25043 Vall de Boí, La;Total;2001;878
25043 Vall de Boí, La;Total;2000;870
25043 Vall de Boí, La;Total;1999;839
25043 Vall de Boí, La;Total;1998;793
25043 Vall de Boí, La;Total;1997;""
25043 Vall de Boí, La;Total;1996;757
25043 Vall de Boí, La;Hombres;2025;604
25043 Vall de Boí, La;Hombres;2024;599
25043 Vall de Boí, La;Hombres;2023;587
25043 Vall de Boí, La;Hombres;2022;581
25043 Vall de Boí, La;Hombres;2021;562
25043 Vall de Boí, La;Hombres;2020;543
25043 Vall de Boí, La;Hombres;2019;546
25043 Vall de Boí, La;Hombres;2018;546
25043 Vall de Boí, La;Hombres;2017;537
25043 Vall de Boí, La;Hombres;2016;549
25043 Vall de Boí, La;Hombres;2015;532
25043 Vall de Boí, La;Hombres;2014;528
25043 Vall de Boí, La;Hombres;2013;545
25043 Vall de Boí, La;Hombres;2012;561
25043 Vall de Boí, La;Hombres;2011;587
25043 Vall de Boí, La;Hombres;2010;584
25043 Vall de Boí, La;Hombres;2009;586
25043 Vall de Boí, La;Hombres;2008;589
25043 Vall de Boí, La;Hombres;2007;572
25043 Vall de Boí, La;Hombres;2006;582
25043 Vall de Boí, La;Hombres;2005;577
25043 Vall de Boí, La;Hombres;2004;549
25043 Vall de Boí, La;Hombres;2003;524
25043 Vall de Boí, La;Hombres;2002;497
25043 Vall de Boí, La;Hombres;2001;480
25043 Vall de Boí, La;Hombres;2000;481
25043 Vall de Boí, La;Hombres;1999;471
25043 Vall de Boí, La;Hombres;1998;445
25043 Vall de Boí, La;Hombres;1997;""
25043 Vall de Boí, La;Hombres;1996;429
25043 Vall de Boí, La;Mujeres;2025;518
25043 Vall de Boí, La;Mujeres;2024;517
25043 Vall de Boí, La;Mujeres;2023;503
25043 Vall de Boí, La;Mujeres;2022;509
25043 Vall de Boí, La;Mujeres;2021;498
25043 Vall de Boí, La;Mujeres;2020;476
25043 Vall de Boí, La;Mujeres;2019;475
25043 Vall de Boí, La;Mujeres;2018;476
25043 Vall de Boí, La;Mujeres;2017;478
25043 Vall de Boí, La;Mujeres;2016;473
25043 Vall de Boí, La;Mujeres;2015;472
25043 Vall de Boí, La;Mujeres;2014;464
25043 Vall de Boí, La;Mujeres;2013;478
25043 Vall de Boí, La;Mujeres;2012;491
25043 Vall de Boí, La;Mujeres;2011;489
25043 Vall de Boí, La;Mujeres;2010;492
25043 Vall de Boí, La;Mujeres;2009;504
25043 Vall de Boí, La;Mujeres;2008;491
25043 Vall de Boí, La;Mujeres;2007;477
25043 Vall de Boí, La;Mujeres;2006;497
25043 Vall de Boí, La;Mujeres;2005;476
25043 Vall de Boí, La;Mujeres;2004;458
25043 Vall de Boí, La;Mujeres;2003;428
25043 Vall de Boí, La;Mujeres;2002;413
25043 Vall de Boí, La;Mujeres;2001;398
25043 Vall de Boí, La;Mujeres;2000;389
25043 Vall de Boí, La;Mujeres;1999;368
25043 Vall de Boí, La;Mujeres;1998;348
25043 Vall de Boí, La;Mujeres;1997;""
25043 Vall de Boí, La;Mujeres;1996;328
25901 Vall de Cardós;Total;2025;388
25901 Vall de Cardós;Total;2024;375
25901 Vall de Cardós;Total;2023;379
25901 Vall de Cardós;Total;2022;386
25901 Vall de Cardós;Total;2021;382
25901 Vall de Cardós;Total;2020;350
25901 Vall de Cardós;Total;2019;364
25901 Vall de Cardós;Total;2018;372
25901 Vall de Cardós;Total;2017;360
25901 Vall de Cardós;Total;2016;356
25901 Vall de Cardós;Total;2015;368
25901 Vall de Cardós;Total;2014;384
25901 Vall de Cardós;Total;2013;394
25901 Vall de Cardós;Total;2012;406
25901 Vall de Cardós;Total;2011;404
25901 Vall de Cardós;Total;2010;422
25901 Vall de Cardós;Total;2009;420
25901 Vall de Cardós;Total;2008;402
25901 Vall de Cardós;Total;2007;399
25901 Vall de Cardós;Total;2006;393
25901 Vall de Cardós;Total;2005;363
25901 Vall de Cardós;Total;2004;354
25901 Vall de Cardós;Total;2003;335
25901 Vall de Cardós;Total;2002;336
25901 Vall de Cardós;Total;2001;334
25901 Vall de Cardós;Total;2000;318
25901 Vall de Cardós;Total;1999;318
25901 Vall de Cardós;Total;1998;324
25901 Vall de Cardós;Total;1997;""
25901 Vall de Cardós;Total;1996;326
25901 Vall de Cardós;Hombres;2025;216
25901 Vall de Cardós;Hombres;2024;205
25901 Vall de Cardós;Hombres;2023;208
25901 Vall de Cardós;Hombres;2022;212
25901 Vall de Cardós;Hombres;2021;204
25901 Vall de Cardós;Hombres;2020;189
25901 Vall de Cardós;Hombres;2019;195
25901 Vall de Cardós;Hombres;2018;195
25901 Vall de Cardós;Hombres;2017;191
25901 Vall de Cardós;Hombres;2016;194
25901 Vall de Cardós;Hombres;2015;196
25901 Vall de Cardós;Hombres;2014;210
25901 Vall de Cardós;Hombres;2013;212
25901 Vall de Cardós;Hombres;2012;215
25901 Vall de Cardós;Hombres;2011;215
25901 Vall de Cardós;Hombres;2010;223
25901 Vall de Cardós;Hombres;2009;224
25901 Vall de Cardós;Hombres;2008;214
25901 Vall de Cardós;Hombres;2007;220
25901 Vall de Cardós;Hombres;2006;218
25901 Vall de Cardós;Hombres;2005;198
25901 Vall de Cardós;Hombres;2004;184
25901 Vall de Cardós;Hombres;2003;174
25901 Vall de Cardós;Hombres;2002;172
25901 Vall de Cardós;Hombres;2001;172
25901 Vall de Cardós;Hombres;2000;166
25901 Vall de Cardós;Hombres;1999;166
25901 Vall de Cardós;Hombres;1998;166
25901 Vall de Cardós;Hombres;1997;""
25901 Vall de Cardós;Hombres;1996;168
25901 Vall de Cardós;Mujeres;2025;172
25901 Vall de Cardós;Mujeres;2024;170
25901 Vall de Cardós;Mujeres;2023;171
25901 Vall de Cardós;Mujeres;2022;174
25901 Vall de Cardós;Mujeres;2021;178
25901 Vall de Cardós;Mujeres;2020;161
25901 Vall de Cardós;Mujeres;2019;169
25901 Vall de Cardós;Mujeres;2018;177
25901 Vall de Cardós;Mujeres;2017;169
25901 Vall de Cardós;Mujeres;2016;162
25901 Vall de Cardós;Mujeres;2015;172
25901 Vall de Cardós;Mujeres;2014;174
25901 Vall de Cardós;Mujeres;2013;182
25901 Vall de Cardós;Mujeres;2012;191
25901 Vall de Cardós;Mujeres;2011;189
25901 Vall de Cardós;Mujeres;2010;199
25901 Vall de Cardós;Mujeres;2009;196
25901 Vall de Cardós;Mujeres;2008;188
25901 Vall de Cardós;Mujeres;2007;179
25901 Vall de Cardós;Mujeres;2006;175
25901 Vall de Cardós;Mujeres;2005;165
25901 Vall de Cardós;Mujeres;2004;170
25901 Vall de Cardós;Mujeres;2003;161
25901 Vall de Cardós;Mujeres;2002;164
25901 Vall de Cardós;Mujeres;2001;162
25901 Vall de Cardós;Mujeres;2000;152
25901 Vall de Cardós;Mujeres;1999;152
25901 Vall de Cardós;Mujeres;1998;158
25901 Vall de Cardós;Mujeres;1997;""
25901 Vall de Cardós;Mujeres;1996;158
25238 Vallbona de les Monges;Total;2025;223
25238 Vallbona de les Monges;Total;2024;223
25238 Vallbona de les Monges;Total;2023;222
25238 Vallbona de les Monges;Total;2022;227
25238 Vallbona de les Monges;Total;2021;236
25238 Vallbona de les Monges;Total;2020;243
25238 Vallbona de les Monges;Total;2019;233
25238 Vallbona de les Monges;Total;2018;234
25238 Vallbona de les Monges;Total;2017;226
25238 Vallbona de les Monges;Total;2016;241
25238 Vallbona de les Monges;Total;2015;256
25238 Vallbona de les Monges;Total;2014;262
25238 Vallbona de les Monges;Total;2013;259
25238 Vallbona de les Monges;Total;2012;253
25238 Vallbona de les Monges;Total;2011;264
25238 Vallbona de les Monges;Total;2010;251
25238 Vallbona de les Monges;Total;2009;251
25238 Vallbona de les Monges;Total;2008;251
25238 Vallbona de les Monges;Total;2007;249
25238 Vallbona de les Monges;Total;2006;247
25238 Vallbona de les Monges;Total;2005;256
25238 Vallbona de les Monges;Total;2004;264
25238 Vallbona de les Monges;Total;2003;268
25238 Vallbona de les Monges;Total;2002;272
25238 Vallbona de les Monges;Total;2001;257
25238 Vallbona de les Monges;Total;2000;266
25238 Vallbona de les Monges;Total;1999;265
25238 Vallbona de les Monges;Total;1998;259
25238 Vallbona de les Monges;Total;1997;""
25238 Vallbona de les Monges;Total;1996;272
25238 Vallbona de les Monges;Hombres;2025;124
25238 Vallbona de les Monges;Hombres;2024;119
25238 Vallbona de les Monges;Hombres;2023;115
25238 Vallbona de les Monges;Hombres;2022;118
25238 Vallbona de les Monges;Hombres;2021;122
25238 Vallbona de les Monges;Hombres;2020;127
25238 Vallbona de les Monges;Hombres;2019;120
25238 Vallbona de les Monges;Hombres;2018;123
25238 Vallbona de les Monges;Hombres;2017;122
25238 Vallbona de les Monges;Hombres;2016;127
25238 Vallbona de les Monges;Hombres;2015;136
25238 Vallbona de les Monges;Hombres;2014;138
25238 Vallbona de les Monges;Hombres;2013;138
25238 Vallbona de les Monges;Hombres;2012;135
25238 Vallbona de les Monges;Hombres;2011;142
25238 Vallbona de les Monges;Hombres;2010;134
25238 Vallbona de les Monges;Hombres;2009;129
25238 Vallbona de les Monges;Hombres;2008;128
25238 Vallbona de les Monges;Hombres;2007;126
25238 Vallbona de les Monges;Hombres;2006;127
25238 Vallbona de les Monges;Hombres;2005;131
25238 Vallbona de les Monges;Hombres;2004;130
25238 Vallbona de les Monges;Hombres;2003;133
25238 Vallbona de les Monges;Hombres;2002;133
25238 Vallbona de les Monges;Hombres;2001;128
25238 Vallbona de les Monges;Hombres;2000;128
25238 Vallbona de les Monges;Hombres;1999;131
25238 Vallbona de les Monges;Hombres;1998;129
25238 Vallbona de les Monges;Hombres;1997;""
25238 Vallbona de les Monges;Hombres;1996;133
25238 Vallbona de les Monges;Mujeres;2025;99
25238 Vallbona de les Monges;Mujeres;2024;104
25238 Vallbona de les Monges;Mujeres;2023;107
25238 Vallbona de les Monges;Mujeres;2022;109
25238 Vallbona de les Monges;Mujeres;2021;114
25238 Vallbona de les Monges;Mujeres;2020;116
25238 Vallbona de les Monges;Mujeres;2019;113
25238 Vallbona de les Monges;Mujeres;2018;111
25238 Vallbona de les Monges;Mujeres;2017;104
25238 Vallbona de les Monges;Mujeres;2016;114
25238 Vallbona de les Monges;Mujeres;2015;120
25238 Vallbona de les Monges;Mujeres;2014;124
25238 Vallbona de les Monges;Mujeres;2013;121
25238 Vallbona de les Monges;Mujeres;2012;118
25238 Vallbona de les Monges;Mujeres;2011;122
25238 Vallbona de les Monges;Mujeres;2010;117
25238 Vallbona de les Monges;Mujeres;2009;122
25238 Vallbona de les Monges;Mujeres;2008;123
25238 Vallbona de les Monges;Mujeres;2007;123
25238 Vallbona de les Monges;Mujeres;2006;120
25238 Vallbona de les Monges;Mujeres;2005;125
25238 Vallbona de les Monges;Mujeres;2004;134
25238 Vallbona de les Monges;Mujeres;2003;135
25238 Vallbona de les Monges;Mujeres;2002;139
25238 Vallbona de les Monges;Mujeres;2001;129
25238 Vallbona de les Monges;Mujeres;2000;138
25238 Vallbona de les Monges;Mujeres;1999;134
25238 Vallbona de les Monges;Mujeres;1998;130
25238 Vallbona de les Monges;Mujeres;1997;""
25238 Vallbona de les Monges;Mujeres;1996;139
25240 Vallfogona de Balaguer;Total;2025;2.009
25240 Vallfogona de Balaguer;Total;2024;2.000
25240 Vallfogona de Balaguer;Total;2023;1.990
25240 Vallfogona de Balaguer;Total;2022;1.935
25240 Vallfogona de Balaguer;Total;2021;1.912
25240 Vallfogona de Balaguer;Total;2020;1.906
25240 Vallfogona de Balaguer;Total;2019;1.876
25240 Vallfogona de Balaguer;Total;2018;1.884
25240 Vallfogona de Balaguer;Total;2017;1.867
25240 Vallfogona de Balaguer;Total;2016;1.868
25240 Vallfogona de Balaguer;Total;2015;1.880
25240 Vallfogona de Balaguer;Total;2014;1.888
25240 Vallfogona de Balaguer;Total;2013;1.877
25240 Vallfogona de Balaguer;Total;2012;1.853
25240 Vallfogona de Balaguer;Total;2011;1.847
25240 Vallfogona de Balaguer;Total;2010;1.788
25240 Vallfogona de Balaguer;Total;2009;1.769
25240 Vallfogona de Balaguer;Total;2008;1.735
25240 Vallfogona de Balaguer;Total;2007;1.660
25240 Vallfogona de Balaguer;Total;2006;1.601
25240 Vallfogona de Balaguer;Total;2005;1.577
25240 Vallfogona de Balaguer;Total;2004;1.526
25240 Vallfogona de Balaguer;Total;2003;1.511
25240 Vallfogona de Balaguer;Total;2002;1.528
25240 Vallfogona de Balaguer;Total;2001;1.512
25240 Vallfogona de Balaguer;Total;2000;1.505
25240 Vallfogona de Balaguer;Total;1999;1.471
25240 Vallfogona de Balaguer;Total;1998;1.443
25240 Vallfogona de Balaguer;Total;1997;""
25240 Vallfogona de Balaguer;Total;1996;1.430
25240 Vallfogona de Balaguer;Hombres;2025;1.019
25240 Vallfogona de Balaguer;Hombres;2024;1.007
25240 Vallfogona de Balaguer;Hombres;2023;1.004
25240 Vallfogona de Balaguer;Hombres;2022;968
25240 Vallfogona de Balaguer;Hombres;2021;959
25240 Vallfogona de Balaguer;Hombres;2020;951
25240 Vallfogona de Balaguer;Hombres;2019;937
25240 Vallfogona de Balaguer;Hombres;2018;942
25240 Vallfogona de Balaguer;Hombres;2017;929
25240 Vallfogona de Balaguer;Hombres;2016;924
25240 Vallfogona de Balaguer;Hombres;2015;925
25240 Vallfogona de Balaguer;Hombres;2014;930
25240 Vallfogona de Balaguer;Hombres;2013;924
25240 Vallfogona de Balaguer;Hombres;2012;916
25240 Vallfogona de Balaguer;Hombres;2011;917
25240 Vallfogona de Balaguer;Hombres;2010;893
25240 Vallfogona de Balaguer;Hombres;2009;896
25240 Vallfogona de Balaguer;Hombres;2008;883
25240 Vallfogona de Balaguer;Hombres;2007;837
25240 Vallfogona de Balaguer;Hombres;2006;802
25240 Vallfogona de Balaguer;Hombres;2005;791
25240 Vallfogona de Balaguer;Hombres;2004;765
25240 Vallfogona de Balaguer;Hombres;2003;764
25240 Vallfogona de Balaguer;Hombres;2002;775
25240 Vallfogona de Balaguer;Hombres;2001;763
25240 Vallfogona de Balaguer;Hombres;2000;756
25240 Vallfogona de Balaguer;Hombres;1999;743
25240 Vallfogona de Balaguer;Hombres;1998;727
25240 Vallfogona de Balaguer;Hombres;1997;""
25240 Vallfogona de Balaguer;Hombres;1996;722
25240 Vallfogona de Balaguer;Mujeres;2025;990
25240 Vallfogona de Balaguer;Mujeres;2024;993
25240 Vallfogona de Balaguer;Mujeres;2023;986
25240 Vallfogona de Balaguer;Mujeres;2022;967
25240 Vallfogona de Balaguer;Mujeres;2021;953
25240 Vallfogona de Balaguer;Mujeres;2020;955
25240 Vallfogona de Balaguer;Mujeres;2019;939
25240 Vallfogona de Balaguer;Mujeres;2018;942
25240 Vallfogona de Balaguer;Mujeres;2017;938
25240 Vallfogona de Balaguer;Mujeres;2016;944
25240 Vallfogona de Balaguer;Mujeres;2015;955
25240 Vallfogona de Balaguer;Mujeres;2014;958
25240 Vallfogona de Balaguer;Mujeres;2013;953
25240 Vallfogona de Balaguer;Mujeres;2012;937
25240 Vallfogona de Balaguer;Mujeres;2011;930
25240 Vallfogona de Balaguer;Mujeres;2010;895
25240 Vallfogona de Balaguer;Mujeres;2009;873
25240 Vallfogona de Balaguer;Mujeres;2008;852
25240 Vallfogona de Balaguer;Mujeres;2007;823
25240 Vallfogona de Balaguer;Mujeres;2006;799
25240 Vallfogona de Balaguer;Mujeres;2005;786
25240 Vallfogona de Balaguer;Mujeres;2004;761
25240 Vallfogona de Balaguer;Mujeres;2003;747
25240 Vallfogona de Balaguer;Mujeres;2002;753
25240 Vallfogona de Balaguer;Mujeres;2001;749
25240 Vallfogona de Balaguer;Mujeres;2000;749
25240 Vallfogona de Balaguer;Mujeres;1999;728
25240 Vallfogona de Balaguer;Mujeres;1998;716
25240 Vallfogona de Balaguer;Mujeres;1997;""
25240 Vallfogona de Balaguer;Mujeres;1996;708
25906 Valls d'Aguilar, Les;Total;2025;253
25906 Valls d'Aguilar, Les;Total;2024;262
25906 Valls d'Aguilar, Les;Total;2023;270
25906 Valls d'Aguilar, Les;Total;2022;274
25906 Valls d'Aguilar, Les;Total;2021;264
25906 Valls d'Aguilar, Les;Total;2020;245
25906 Valls d'Aguilar, Les;Total;2019;260
25906 Valls d'Aguilar, Les;Total;2018;272
25906 Valls d'Aguilar, Les;Total;2017;277
25906 Valls d'Aguilar, Les;Total;2016;291
25906 Valls d'Aguilar, Les;Total;2015;302
25906 Valls d'Aguilar, Les;Total;2014;298
25906 Valls d'Aguilar, Les;Total;2013;320
25906 Valls d'Aguilar, Les;Total;2012;300
25906 Valls d'Aguilar, Les;Total;2011;305
25906 Valls d'Aguilar, Les;Total;2010;304
25906 Valls d'Aguilar, Les;Total;2009;307
25906 Valls d'Aguilar, Les;Total;2008;305
25906 Valls d'Aguilar, Les;Total;2007;314
25906 Valls d'Aguilar, Les;Total;2006;314
25906 Valls d'Aguilar, Les;Total;2005;315
25906 Valls d'Aguilar, Les;Total;2004;321
25906 Valls d'Aguilar, Les;Total;2003;332
25906 Valls d'Aguilar, Les;Total;2002;316
25906 Valls d'Aguilar, Les;Total;2001;315
25906 Valls d'Aguilar, Les;Total;2000;296
25906 Valls d'Aguilar, Les;Total;1999;296
25906 Valls d'Aguilar, Les;Total;1998;296
25906 Valls d'Aguilar, Les;Total;1997;""
25906 Valls d'Aguilar, Les;Total;1996;302
25906 Valls d'Aguilar, Les;Hombres;2025;141
25906 Valls d'Aguilar, Les;Hombres;2024;146
25906 Valls d'Aguilar, Les;Hombres;2023;150
25906 Valls d'Aguilar, Les;Hombres;2022;153
25906 Valls d'Aguilar, Les;Hombres;2021;149
25906 Valls d'Aguilar, Les;Hombres;2020;140
25906 Valls d'Aguilar, Les;Hombres;2019;145
25906 Valls d'Aguilar, Les;Hombres;2018;151
25906 Valls d'Aguilar, Les;Hombres;2017;152
25906 Valls d'Aguilar, Les;Hombres;2016;163
25906 Valls d'Aguilar, Les;Hombres;2015;164
25906 Valls d'Aguilar, Les;Hombres;2014;156
25906 Valls d'Aguilar, Les;Hombres;2013;167
25906 Valls d'Aguilar, Les;Hombres;2012;162
25906 Valls d'Aguilar, Les;Hombres;2011;169
25906 Valls d'Aguilar, Les;Hombres;2010;169
25906 Valls d'Aguilar, Les;Hombres;2009;166
25906 Valls d'Aguilar, Les;Hombres;2008;169
25906 Valls d'Aguilar, Les;Hombres;2007;172
25906 Valls d'Aguilar, Les;Hombres;2006;172
25906 Valls d'Aguilar, Les;Hombres;2005;173
25906 Valls d'Aguilar, Les;Hombres;2004;177
25906 Valls d'Aguilar, Les;Hombres;2003;180
25906 Valls d'Aguilar, Les;Hombres;2002;170
25906 Valls d'Aguilar, Les;Hombres;2001;171
25906 Valls d'Aguilar, Les;Hombres;2000;161
25906 Valls d'Aguilar, Les;Hombres;1999;158
25906 Valls d'Aguilar, Les;Hombres;1998;158
25906 Valls d'Aguilar, Les;Hombres;1997;""
25906 Valls d'Aguilar, Les;Hombres;1996;157
25906 Valls d'Aguilar, Les;Mujeres;2025;112
25906 Valls d'Aguilar, Les;Mujeres;2024;116
25906 Valls d'Aguilar, Les;Mujeres;2023;120
25906 Valls d'Aguilar, Les;Mujeres;2022;121
25906 Valls d'Aguilar, Les;Mujeres;2021;115
25906 Valls d'Aguilar, Les;Mujeres;2020;105
25906 Valls d'Aguilar, Les;Mujeres;2019;115
25906 Valls d'Aguilar, Les;Mujeres;2018;121
25906 Valls d'Aguilar, Les;Mujeres;2017;125
25906 Valls d'Aguilar, Les;Mujeres;2016;128
25906 Valls d'Aguilar, Les;Mujeres;2015;138
25906 Valls d'Aguilar, Les;Mujeres;2014;142
25906 Valls d'Aguilar, Les;Mujeres;2013;153
25906 Valls d'Aguilar, Les;Mujeres;2012;138
25906 Valls d'Aguilar, Les;Mujeres;2011;136
25906 Valls d'Aguilar, Les;Mujeres;2010;135
25906 Valls d'Aguilar, Les;Mujeres;2009;141
25906 Valls d'Aguilar, Les;Mujeres;2008;136
25906 Valls d'Aguilar, Les;Mujeres;2007;142
25906 Valls d'Aguilar, Les;Mujeres;2006;142
25906 Valls d'Aguilar, Les;Mujeres;2005;142
25906 Valls d'Aguilar, Les;Mujeres;2004;144
25906 Valls d'Aguilar, Les;Mujeres;2003;152
25906 Valls d'Aguilar, Les;Mujeres;2002;146
25906 Valls d'Aguilar, Les;Mujeres;2001;144
25906 Valls d'Aguilar, Les;Mujeres;2000;135
25906 Valls d'Aguilar, Les;Mujeres;1999;138
25906 Valls d'Aguilar, Les;Mujeres;1998;138
25906 Valls d'Aguilar, Les;Mujeres;1997;""
25906 Valls d'Aguilar, Les;Mujeres;1996;145
25239 Valls de Valira, Les;Total;2025;845
25239 Valls de Valira, Les;Total;2024;810
25239 Valls de Valira, Les;Total;2023;792
25239 Valls de Valira, Les;Total;2022;794
25239 Valls de Valira, Les;Total;2021;800
25239 Valls de Valira, Les;Total;2020;784
25239 Valls de Valira, Les;Total;2019;791
25239 Valls de Valira, Les;Total;2018;803
25239 Valls de Valira, Les;Total;2017;808
25239 Valls de Valira, Les;Total;2016;817
25239 Valls de Valira, Les;Total;2015;845
25239 Valls de Valira, Les;Total;2014;849
25239 Valls de Valira, Les;Total;2013;879
25239 Valls de Valira, Les;Total;2012;948
25239 Valls de Valira, Les;Total;2011;953
25239 Valls de Valira, Les;Total;2010;826
25239 Valls de Valira, Les;Total;2009;832
25239 Valls de Valira, Les;Total;2008;861
25239 Valls de Valira, Les;Total;2007;875
25239 Valls de Valira, Les;Total;2006;744
25239 Valls de Valira, Les;Total;2005;810
25239 Valls de Valira, Les;Total;2004;780
25239 Valls de Valira, Les;Total;2003;803
25239 Valls de Valira, Les;Total;2002;803
25239 Valls de Valira, Les;Total;2001;775
25239 Valls de Valira, Les;Total;2000;757
25239 Valls de Valira, Les;Total;1999;751
25239 Valls de Valira, Les;Total;1998;736
25239 Valls de Valira, Les;Total;1997;""
25239 Valls de Valira, Les;Total;1996;748
25239 Valls de Valira, Les;Hombres;2025;452
25239 Valls de Valira, Les;Hombres;2024;429
25239 Valls de Valira, Les;Hombres;2023;412
25239 Valls de Valira, Les;Hombres;2022;411
25239 Valls de Valira, Les;Hombres;2021;412
25239 Valls de Valira, Les;Hombres;2020;404
25239 Valls de Valira, Les;Hombres;2019;412
25239 Valls de Valira, Les;Hombres;2018;418
25239 Valls de Valira, Les;Hombres;2017;418
25239 Valls de Valira, Les;Hombres;2016;418
25239 Valls de Valira, Les;Hombres;2015;428
25239 Valls de Valira, Les;Hombres;2014;429
25239 Valls de Valira, Les;Hombres;2013;449
25239 Valls de Valira, Les;Hombres;2012;493
25239 Valls de Valira, Les;Hombres;2011;502
25239 Valls de Valira, Les;Hombres;2010;444
25239 Valls de Valira, Les;Hombres;2009;456
25239 Valls de Valira, Les;Hombres;2008;478
25239 Valls de Valira, Les;Hombres;2007;480
25239 Valls de Valira, Les;Hombres;2006;405
25239 Valls de Valira, Les;Hombres;2005;438
25239 Valls de Valira, Les;Hombres;2004;409
25239 Valls de Valira, Les;Hombres;2003;430
25239 Valls de Valira, Les;Hombres;2002;431
25239 Valls de Valira, Les;Hombres;2001;424
25239 Valls de Valira, Les;Hombres;2000;413
25239 Valls de Valira, Les;Hombres;1999;408
25239 Valls de Valira, Les;Hombres;1998;398
25239 Valls de Valira, Les;Hombres;1997;""
25239 Valls de Valira, Les;Hombres;1996;401
25239 Valls de Valira, Les;Mujeres;2025;393
25239 Valls de Valira, Les;Mujeres;2024;381
25239 Valls de Valira, Les;Mujeres;2023;380
25239 Valls de Valira, Les;Mujeres;2022;383
25239 Valls de Valira, Les;Mujeres;2021;388
25239 Valls de Valira, Les;Mujeres;2020;380
25239 Valls de Valira, Les;Mujeres;2019;379
25239 Valls de Valira, Les;Mujeres;2018;385
25239 Valls de Valira, Les;Mujeres;2017;390
25239 Valls de Valira, Les;Mujeres;2016;399
25239 Valls de Valira, Les;Mujeres;2015;417
25239 Valls de Valira, Les;Mujeres;2014;420
25239 Valls de Valira, Les;Mujeres;2013;430
25239 Valls de Valira, Les;Mujeres;2012;455
25239 Valls de Valira, Les;Mujeres;2011;451
25239 Valls de Valira, Les;Mujeres;2010;382
25239 Valls de Valira, Les;Mujeres;2009;376
25239 Valls de Valira, Les;Mujeres;2008;383
25239 Valls de Valira, Les;Mujeres;2007;395
25239 Valls de Valira, Les;Mujeres;2006;339
25239 Valls de Valira, Les;Mujeres;2005;372
25239 Valls de Valira, Les;Mujeres;2004;371
25239 Valls de Valira, Les;Mujeres;2003;373
25239 Valls de Valira, Les;Mujeres;2002;372
25239 Valls de Valira, Les;Mujeres;2001;351
25239 Valls de Valira, Les;Mujeres;2000;344
25239 Valls de Valira, Les;Mujeres;1999;343
25239 Valls de Valira, Les;Mujeres;1998;338
25239 Valls de Valira, Les;Mujeres;1997;""
25239 Valls de Valira, Les;Mujeres;1996;347
25909 Vansa i Fórnols, La;Total;2025;187
25909 Vansa i Fórnols, La;Total;2024;188
25909 Vansa i Fórnols, La;Total;2023;181
25909 Vansa i Fórnols, La;Total;2022;166
25909 Vansa i Fórnols, La;Total;2021;156
25909 Vansa i Fórnols, La;Total;2020;149
25909 Vansa i Fórnols, La;Total;2019;161
25909 Vansa i Fórnols, La;Total;2018;168
25909 Vansa i Fórnols, La;Total;2017;180
25909 Vansa i Fórnols, La;Total;2016;200
25909 Vansa i Fórnols, La;Total;2015;210
25909 Vansa i Fórnols, La;Total;2014;210
25909 Vansa i Fórnols, La;Total;2013;206
25909 Vansa i Fórnols, La;Total;2012;206
25909 Vansa i Fórnols, La;Total;2011;214
25909 Vansa i Fórnols, La;Total;2010;219
25909 Vansa i Fórnols, La;Total;2009;213
25909 Vansa i Fórnols, La;Total;2008;188
25909 Vansa i Fórnols, La;Total;2007;195
25909 Vansa i Fórnols, La;Total;2006;196
25909 Vansa i Fórnols, La;Total;2005;191
25909 Vansa i Fórnols, La;Total;2004;192
25909 Vansa i Fórnols, La;Total;2003;200
25909 Vansa i Fórnols, La;Total;2002;182
25909 Vansa i Fórnols, La;Total;2001;166
25909 Vansa i Fórnols, La;Total;2000;170
25909 Vansa i Fórnols, La;Total;1999;172
25909 Vansa i Fórnols, La;Total;1998;171
25909 Vansa i Fórnols, La;Total;1997;""
25909 Vansa i Fórnols, La;Total;1996;174
25909 Vansa i Fórnols, La;Hombres;2025;99
25909 Vansa i Fórnols, La;Hombres;2024;97
25909 Vansa i Fórnols, La;Hombres;2023;91
25909 Vansa i Fórnols, La;Hombres;2022;85
25909 Vansa i Fórnols, La;Hombres;2021;81
25909 Vansa i Fórnols, La;Hombres;2020;78
25909 Vansa i Fórnols, La;Hombres;2019;84
25909 Vansa i Fórnols, La;Hombres;2018;87
25909 Vansa i Fórnols, La;Hombres;2017;96
25909 Vansa i Fórnols, La;Hombres;2016;103
25909 Vansa i Fórnols, La;Hombres;2015;111
25909 Vansa i Fórnols, La;Hombres;2014;110
25909 Vansa i Fórnols, La;Hombres;2013;109
25909 Vansa i Fórnols, La;Hombres;2012;112
25909 Vansa i Fórnols, La;Hombres;2011;115
25909 Vansa i Fórnols, La;Hombres;2010;121
25909 Vansa i Fórnols, La;Hombres;2009;116
25909 Vansa i Fórnols, La;Hombres;2008;104
25909 Vansa i Fórnols, La;Hombres;2007;106
25909 Vansa i Fórnols, La;Hombres;2006;108
25909 Vansa i Fórnols, La;Hombres;2005;103
25909 Vansa i Fórnols, La;Hombres;2004;101
25909 Vansa i Fórnols, La;Hombres;2003;101
25909 Vansa i Fórnols, La;Hombres;2002;93
25909 Vansa i Fórnols, La;Hombres;2001;86
25909 Vansa i Fórnols, La;Hombres;2000;87
25909 Vansa i Fórnols, La;Hombres;1999;87
25909 Vansa i Fórnols, La;Hombres;1998;87
25909 Vansa i Fórnols, La;Hombres;1997;""
25909 Vansa i Fórnols, La;Hombres;1996;88
25909 Vansa i Fórnols, La;Mujeres;2025;88
25909 Vansa i Fórnols, La;Mujeres;2024;91
25909 Vansa i Fórnols, La;Mujeres;2023;90
25909 Vansa i Fórnols, La;Mujeres;2022;81
25909 Vansa i Fórnols, La;Mujeres;2021;75
25909 Vansa i Fórnols, La;Mujeres;2020;71
25909 Vansa i Fórnols, La;Mujeres;2019;77
25909 Vansa i Fórnols, La;Mujeres;2018;81
25909 Vansa i Fórnols, La;Mujeres;2017;84
25909 Vansa i Fórnols, La;Mujeres;2016;97
25909 Vansa i Fórnols, La;Mujeres;2015;99
25909 Vansa i Fórnols, La;Mujeres;2014;100
25909 Vansa i Fórnols, La;Mujeres;2013;97
25909 Vansa i Fórnols, La;Mujeres;2012;94
25909 Vansa i Fórnols, La;Mujeres;2011;99
25909 Vansa i Fórnols, La;Mujeres;2010;98
25909 Vansa i Fórnols, La;Mujeres;2009;97
25909 Vansa i Fórnols, La;Mujeres;2008;84
25909 Vansa i Fórnols, La;Mujeres;2007;89
25909 Vansa i Fórnols, La;Mujeres;2006;88
25909 Vansa i Fórnols, La;Mujeres;2005;88
25909 Vansa i Fórnols, La;Mujeres;2004;91
25909 Vansa i Fórnols, La;Mujeres;2003;99
25909 Vansa i Fórnols, La;Mujeres;2002;89
25909 Vansa i Fórnols, La;Mujeres;2001;80
25909 Vansa i Fórnols, La;Mujeres;2000;83
25909 Vansa i Fórnols, La;Mujeres;1999;85
25909 Vansa i Fórnols, La;Mujeres;1998;84
25909 Vansa i Fórnols, La;Mujeres;1997;""
25909 Vansa i Fórnols, La;Mujeres;1996;86
25242 Verdú;Total;2025;876
25242 Verdú;Total;2024;886
25242 Verdú;Total;2023;884
25242 Verdú;Total;2022;851
25242 Verdú;Total;2021;880
25242 Verdú;Total;2020;902
25242 Verdú;Total;2019;919
25242 Verdú;Total;2018;905
25242 Verdú;Total;2017;924
25242 Verdú;Total;2016;933
25242 Verdú;Total;2015;947
25242 Verdú;Total;2014;964
25242 Verdú;Total;2013;1.002
25242 Verdú;Total;2012;1.008
25242 Verdú;Total;2011;1.006
25242 Verdú;Total;2010;1.005
25242 Verdú;Total;2009;1.025
25242 Verdú;Total;2008;1.029
25242 Verdú;Total;2007;1.014
25242 Verdú;Total;2006;1.027
25242 Verdú;Total;2005;1.072
25242 Verdú;Total;2004;1.074
25242 Verdú;Total;2003;1.112
25242 Verdú;Total;2002;1.067
25242 Verdú;Total;2001;1.067
25242 Verdú;Total;2000;1.041
25242 Verdú;Total;1999;1.015
25242 Verdú;Total;1998;991
25242 Verdú;Total;1997;""
25242 Verdú;Total;1996;994
25242 Verdú;Hombres;2025;419
25242 Verdú;Hombres;2024;425
25242 Verdú;Hombres;2023;415
25242 Verdú;Hombres;2022;395
25242 Verdú;Hombres;2021;409
25242 Verdú;Hombres;2020;421
25242 Verdú;Hombres;2019;441
25242 Verdú;Hombres;2018;434
25242 Verdú;Hombres;2017;441
25242 Verdú;Hombres;2016;443
25242 Verdú;Hombres;2015;452
25242 Verdú;Hombres;2014;457
25242 Verdú;Hombres;2013;478
25242 Verdú;Hombres;2012;482
25242 Verdú;Hombres;2011;485
25242 Verdú;Hombres;2010;482
25242 Verdú;Hombres;2009;492
25242 Verdú;Hombres;2008;506
25242 Verdú;Hombres;2007;491
25242 Verdú;Hombres;2006;504
25242 Verdú;Hombres;2005;517
25242 Verdú;Hombres;2004;504
25242 Verdú;Hombres;2003;535
25242 Verdú;Hombres;2002;505
25242 Verdú;Hombres;2001;505
25242 Verdú;Hombres;2000;498
25242 Verdú;Hombres;1999;485
25242 Verdú;Hombres;1998;477
25242 Verdú;Hombres;1997;""
25242 Verdú;Hombres;1996;479
25242 Verdú;Mujeres;2025;457
25242 Verdú;Mujeres;2024;461
25242 Verdú;Mujeres;2023;469
25242 Verdú;Mujeres;2022;456
25242 Verdú;Mujeres;2021;471
25242 Verdú;Mujeres;2020;481
25242 Verdú;Mujeres;2019;478
25242 Verdú;Mujeres;2018;471
25242 Verdú;Mujeres;2017;483
25242 Verdú;Mujeres;2016;490
25242 Verdú;Mujeres;2015;495
25242 Verdú;Mujeres;2014;507
25242 Verdú;Mujeres;2013;524
25242 Verdú;Mujeres;2012;526
25242 Verdú;Mujeres;2011;521
25242 Verdú;Mujeres;2010;523
25242 Verdú;Mujeres;2009;533
25242 Verdú;Mujeres;2008;523
25242 Verdú;Mujeres;2007;523
25242 Verdú;Mujeres;2006;523
25242 Verdú;Mujeres;2005;555
25242 Verdú;Mujeres;2004;570
25242 Verdú;Mujeres;2003;577
25242 Verdú;Mujeres;2002;562
25242 Verdú;Mujeres;2001;562
25242 Verdú;Mujeres;2000;543
25242 Verdú;Mujeres;1999;530
25242 Verdú;Mujeres;1998;514
25242 Verdú;Mujeres;1997;""
25242 Verdú;Mujeres;1996;515
25243 Vielha e Mijaran;Total;2025;5.865
25243 Vielha e Mijaran;Total;2024;5.832
25243 Vielha e Mijaran;Total;2023;5.765
25243 Vielha e Mijaran;Total;2022;5.581
25243 Vielha e Mijaran;Total;2021;5.674
25243 Vielha e Mijaran;Total;2020;5.611
25243 Vielha e Mijaran;Total;2019;5.559
25243 Vielha e Mijaran;Total;2018;5.493
25243 Vielha e Mijaran;Total;2017;5.512
25243 Vielha e Mijaran;Total;2016;5.459
25243 Vielha e Mijaran;Total;2015;5.450
25243 Vielha e Mijaran;Total;2014;5.474
25243 Vielha e Mijaran;Total;2013;5.508
25243 Vielha e Mijaran;Total;2012;5.454
25243 Vielha e Mijaran;Total;2011;5.601
25243 Vielha e Mijaran;Total;2010;5.636
25243 Vielha e Mijaran;Total;2009;5.710
25243 Vielha e Mijaran;Total;2008;5.633
25243 Vielha e Mijaran;Total;2007;5.385
25243 Vielha e Mijaran;Total;2006;5.239
25243 Vielha e Mijaran;Total;2005;5.020
25243 Vielha e Mijaran;Total;2004;4.838
25243 Vielha e Mijaran;Total;2003;4.547
25243 Vielha e Mijaran;Total;2002;4.352
25243 Vielha e Mijaran;Total;2001;4.233
25243 Vielha e Mijaran;Total;2000;4.139
25243 Vielha e Mijaran;Total;1999;4.017
25243 Vielha e Mijaran;Total;1998;3.896
25243 Vielha e Mijaran;Total;1997;""
25243 Vielha e Mijaran;Total;1996;3.692
25243 Vielha e Mijaran;Hombres;2025;2.959
25243 Vielha e Mijaran;Hombres;2024;2.955
25243 Vielha e Mijaran;Hombres;2023;2.928
25243 Vielha e Mijaran;Hombres;2022;2.852
25243 Vielha e Mijaran;Hombres;2021;2.888
25243 Vielha e Mijaran;Hombres;2020;2.858
25243 Vielha e Mijaran;Hombres;2019;2.837
25243 Vielha e Mijaran;Hombres;2018;2.787
25243 Vielha e Mijaran;Hombres;2017;2.811
25243 Vielha e Mijaran;Hombres;2016;2.772
25243 Vielha e Mijaran;Hombres;2015;2.767
25243 Vielha e Mijaran;Hombres;2014;2.764
25243 Vielha e Mijaran;Hombres;2013;2.823
25243 Vielha e Mijaran;Hombres;2012;2.796
25243 Vielha e Mijaran;Hombres;2011;2.908
25243 Vielha e Mijaran;Hombres;2010;2.942
25243 Vielha e Mijaran;Hombres;2009;3.016
25243 Vielha e Mijaran;Hombres;2008;3.038
25243 Vielha e Mijaran;Hombres;2007;2.883
25243 Vielha e Mijaran;Hombres;2006;2.776
25243 Vielha e Mijaran;Hombres;2005;2.659
25243 Vielha e Mijaran;Hombres;2004;2.525
25243 Vielha e Mijaran;Hombres;2003;2.378
25243 Vielha e Mijaran;Hombres;2002;2.241
25243 Vielha e Mijaran;Hombres;2001;2.154
25243 Vielha e Mijaran;Hombres;2000;2.079
25243 Vielha e Mijaran;Hombres;1999;2.006
25243 Vielha e Mijaran;Hombres;1998;1.955
25243 Vielha e Mijaran;Hombres;1997;""
25243 Vielha e Mijaran;Hombres;1996;1.875
25243 Vielha e Mijaran;Mujeres;2025;2.906
25243 Vielha e Mijaran;Mujeres;2024;2.877
25243 Vielha e Mijaran;Mujeres;2023;2.837
25243 Vielha e Mijaran;Mujeres;2022;2.729
25243 Vielha e Mijaran;Mujeres;2021;2.786
25243 Vielha e Mijaran;Mujeres;2020;2.753
25243 Vielha e Mijaran;Mujeres;2019;2.722
25243 Vielha e Mijaran;Mujeres;2018;2.706
25243 Vielha e Mijaran;Mujeres;2017;2.701
25243 Vielha e Mijaran;Mujeres;2016;2.687
25243 Vielha e Mijaran;Mujeres;2015;2.683
25243 Vielha e Mijaran;Mujeres;2014;2.710
25243 Vielha e Mijaran;Mujeres;2013;2.685
25243 Vielha e Mijaran;Mujeres;2012;2.658
25243 Vielha e Mijaran;Mujeres;2011;2.693
25243 Vielha e Mijaran;Mujeres;2010;2.694
25243 Vielha e Mijaran;Mujeres;2009;2.694
25243 Vielha e Mijaran;Mujeres;2008;2.595
25243 Vielha e Mijaran;Mujeres;2007;2.502
25243 Vielha e Mijaran;Mujeres;2006;2.463
25243 Vielha e Mijaran;Mujeres;2005;2.361
25243 Vielha e Mijaran;Mujeres;2004;2.313
25243 Vielha e Mijaran;Mujeres;2003;2.169
25243 Vielha e Mijaran;Mujeres;2002;2.111
25243 Vielha e Mijaran;Mujeres;2001;2.079
25243 Vielha e Mijaran;Mujeres;2000;2.060
25243 Vielha e Mijaran;Mujeres;1999;2.011
25243 Vielha e Mijaran;Mujeres;1998;1.941
25243 Vielha e Mijaran;Mujeres;1997;""
25243 Vielha e Mijaran;Mujeres;1996;1.817
25252 Vila-sana;Total;2025;753
25252 Vila-sana;Total;2024;753
25252 Vila-sana;Total;2023;766
25252 Vila-sana;Total;2022;767
25252 Vila-sana;Total;2021;761
25252 Vila-sana;Total;2020;734
25252 Vila-sana;Total;2019;742
25252 Vila-sana;Total;2018;717
25252 Vila-sana;Total;2017;721
25252 Vila-sana;Total;2016;732
25252 Vila-sana;Total;2015;718
25252 Vila-sana;Total;2014;706
25252 Vila-sana;Total;2013;719
25252 Vila-sana;Total;2012;710
25252 Vila-sana;Total;2011;698
25252 Vila-sana;Total;2010;688
25252 Vila-sana;Total;2009;696
25252 Vila-sana;Total;2008;667
25252 Vila-sana;Total;2007;618
25252 Vila-sana;Total;2006;611
25252 Vila-sana;Total;2005;568
25252 Vila-sana;Total;2004;547
25252 Vila-sana;Total;2003;570
25252 Vila-sana;Total;2002;551
25252 Vila-sana;Total;2001;528
25252 Vila-sana;Total;2000;514
25252 Vila-sana;Total;1999;523
25252 Vila-sana;Total;1998;530
25252 Vila-sana;Total;1997;""
25252 Vila-sana;Total;1996;533
25252 Vila-sana;Hombres;2025;382
25252 Vila-sana;Hombres;2024;382
25252 Vila-sana;Hombres;2023;386
25252 Vila-sana;Hombres;2022;380
25252 Vila-sana;Hombres;2021;378
25252 Vila-sana;Hombres;2020;373
25252 Vila-sana;Hombres;2019;376
25252 Vila-sana;Hombres;2018;358
25252 Vila-sana;Hombres;2017;356
25252 Vila-sana;Hombres;2016;364
25252 Vila-sana;Hombres;2015;359
25252 Vila-sana;Hombres;2014;357
25252 Vila-sana;Hombres;2013;362
25252 Vila-sana;Hombres;2012;360
25252 Vila-sana;Hombres;2011;351
25252 Vila-sana;Hombres;2010;343
25252 Vila-sana;Hombres;2009;347
25252 Vila-sana;Hombres;2008;335
25252 Vila-sana;Hombres;2007;312
25252 Vila-sana;Hombres;2006;305
25252 Vila-sana;Hombres;2005;276
25252 Vila-sana;Hombres;2004;267
25252 Vila-sana;Hombres;2003;273
25252 Vila-sana;Hombres;2002;272
25252 Vila-sana;Hombres;2001;264
25252 Vila-sana;Hombres;2000;252
25252 Vila-sana;Hombres;1999;259
25252 Vila-sana;Hombres;1998;260
25252 Vila-sana;Hombres;1997;""
25252 Vila-sana;Hombres;1996;261
25252 Vila-sana;Mujeres;2025;371
25252 Vila-sana;Mujeres;2024;371
25252 Vila-sana;Mujeres;2023;380
25252 Vila-sana;Mujeres;2022;387
25252 Vila-sana;Mujeres;2021;383
25252 Vila-sana;Mujeres;2020;361
25252 Vila-sana;Mujeres;2019;366
25252 Vila-sana;Mujeres;2018;359
25252 Vila-sana;Mujeres;2017;365
25252 Vila-sana;Mujeres;2016;368
25252 Vila-sana;Mujeres;2015;359
25252 Vila-sana;Mujeres;2014;349
25252 Vila-sana;Mujeres;2013;357
25252 Vila-sana;Mujeres;2012;350
25252 Vila-sana;Mujeres;2011;347
25252 Vila-sana;Mujeres;2010;345
25252 Vila-sana;Mujeres;2009;349
25252 Vila-sana;Mujeres;2008;332
25252 Vila-sana;Mujeres;2007;306
25252 Vila-sana;Mujeres;2006;306
25252 Vila-sana;Mujeres;2005;292
25252 Vila-sana;Mujeres;2004;280
25252 Vila-sana;Mujeres;2003;297
25252 Vila-sana;Mujeres;2002;279
25252 Vila-sana;Mujeres;2001;264
25252 Vila-sana;Mujeres;2000;262
25252 Vila-sana;Mujeres;1999;264
25252 Vila-sana;Mujeres;1998;270
25252 Vila-sana;Mujeres;1997;""
25252 Vila-sana;Mujeres;1996;272
25244 Vilagrassa;Total;2025;627
25244 Vilagrassa;Total;2024;633
25244 Vilagrassa;Total;2023;621
25244 Vilagrassa;Total;2022;605
25244 Vilagrassa;Total;2021;587
25244 Vilagrassa;Total;2020;560
25244 Vilagrassa;Total;2019;541
25244 Vilagrassa;Total;2018;510
25244 Vilagrassa;Total;2017;522
25244 Vilagrassa;Total;2016;510
25244 Vilagrassa;Total;2015;522
25244 Vilagrassa;Total;2014;514
25244 Vilagrassa;Total;2013;513
25244 Vilagrassa;Total;2012;497
25244 Vilagrassa;Total;2011;471
25244 Vilagrassa;Total;2010;458
25244 Vilagrassa;Total;2009;455
25244 Vilagrassa;Total;2008;449
25244 Vilagrassa;Total;2007;451
25244 Vilagrassa;Total;2006;467
25244 Vilagrassa;Total;2005;463
25244 Vilagrassa;Total;2004;449
25244 Vilagrassa;Total;2003;424
25244 Vilagrassa;Total;2002;424
25244 Vilagrassa;Total;2001;436
25244 Vilagrassa;Total;2000;453
25244 Vilagrassa;Total;1999;434
25244 Vilagrassa;Total;1998;431
25244 Vilagrassa;Total;1997;""
25244 Vilagrassa;Total;1996;425
25244 Vilagrassa;Hombres;2025;323
25244 Vilagrassa;Hombres;2024;332
25244 Vilagrassa;Hombres;2023;332
25244 Vilagrassa;Hombres;2022;324
25244 Vilagrassa;Hombres;2021;310
25244 Vilagrassa;Hombres;2020;294
25244 Vilagrassa;Hombres;2019;278
25244 Vilagrassa;Hombres;2018;261
25244 Vilagrassa;Hombres;2017;270
25244 Vilagrassa;Hombres;2016;264
25244 Vilagrassa;Hombres;2015;270
25244 Vilagrassa;Hombres;2014;267
25244 Vilagrassa;Hombres;2013;266
25244 Vilagrassa;Hombres;2012;256
25244 Vilagrassa;Hombres;2011;242
25244 Vilagrassa;Hombres;2010;233
25244 Vilagrassa;Hombres;2009;233
25244 Vilagrassa;Hombres;2008;236
25244 Vilagrassa;Hombres;2007;237
25244 Vilagrassa;Hombres;2006;243
25244 Vilagrassa;Hombres;2005;235
25244 Vilagrassa;Hombres;2004;231
25244 Vilagrassa;Hombres;2003;218
25244 Vilagrassa;Hombres;2002;225
25244 Vilagrassa;Hombres;2001;231
25244 Vilagrassa;Hombres;2000;243
25244 Vilagrassa;Hombres;1999;232
25244 Vilagrassa;Hombres;1998;228
25244 Vilagrassa;Hombres;1997;""
25244 Vilagrassa;Hombres;1996;220
25244 Vilagrassa;Mujeres;2025;304
25244 Vilagrassa;Mujeres;2024;301
25244 Vilagrassa;Mujeres;2023;289
25244 Vilagrassa;Mujeres;2022;281
25244 Vilagrassa;Mujeres;2021;277
25244 Vilagrassa;Mujeres;2020;266
25244 Vilagrassa;Mujeres;2019;263
25244 Vilagrassa;Mujeres;2018;249
25244 Vilagrassa;Mujeres;2017;252
25244 Vilagrassa;Mujeres;2016;246
25244 Vilagrassa;Mujeres;2015;252
25244 Vilagrassa;Mujeres;2014;247
25244 Vilagrassa;Mujeres;2013;247
25244 Vilagrassa;Mujeres;2012;241
25244 Vilagrassa;Mujeres;2011;229
25244 Vilagrassa;Mujeres;2010;225
25244 Vilagrassa;Mujeres;2009;222
25244 Vilagrassa;Mujeres;2008;213
25244 Vilagrassa;Mujeres;2007;214
25244 Vilagrassa;Mujeres;2006;224
25244 Vilagrassa;Mujeres;2005;228
25244 Vilagrassa;Mujeres;2004;218
25244 Vilagrassa;Mujeres;2003;206
25244 Vilagrassa;Mujeres;2002;199
25244 Vilagrassa;Mujeres;2001;205
25244 Vilagrassa;Mujeres;2000;210
25244 Vilagrassa;Mujeres;1999;202
25244 Vilagrassa;Mujeres;1998;203
25244 Vilagrassa;Mujeres;1997;""
25244 Vilagrassa;Mujeres;1996;205
25245 Vilaller;Total;2025;496
25245 Vilaller;Total;2024;506
25245 Vilaller;Total;2023;505
25245 Vilaller;Total;2022;532
25245 Vilaller;Total;2021;554
25245 Vilaller;Total;2020;549
25245 Vilaller;Total;2019;561
25245 Vilaller;Total;2018;536
25245 Vilaller;Total;2017;547
25245 Vilaller;Total;2016;552
25245 Vilaller;Total;2015;566
25245 Vilaller;Total;2014;563
25245 Vilaller;Total;2013;633
25245 Vilaller;Total;2012;667
25245 Vilaller;Total;2011;691
25245 Vilaller;Total;2010;696
25245 Vilaller;Total;2009;715
25245 Vilaller;Total;2008;699
25245 Vilaller;Total;2007;656
25245 Vilaller;Total;2006;678
25245 Vilaller;Total;2005;644
25245 Vilaller;Total;2004;577
25245 Vilaller;Total;2003;570
25245 Vilaller;Total;2002;579
25245 Vilaller;Total;2001;589
25245 Vilaller;Total;2000;578
25245 Vilaller;Total;1999;611
25245 Vilaller;Total;1998;618
25245 Vilaller;Total;1997;""
25245 Vilaller;Total;1996;618
25245 Vilaller;Hombres;2025;274
25245 Vilaller;Hombres;2024;282
25245 Vilaller;Hombres;2023;280
25245 Vilaller;Hombres;2022;286
25245 Vilaller;Hombres;2021;293
25245 Vilaller;Hombres;2020;291
25245 Vilaller;Hombres;2019;294
25245 Vilaller;Hombres;2018;281
25245 Vilaller;Hombres;2017;292
25245 Vilaller;Hombres;2016;295
25245 Vilaller;Hombres;2015;303
25245 Vilaller;Hombres;2014;304
25245 Vilaller;Hombres;2013;348
25245 Vilaller;Hombres;2012;382
25245 Vilaller;Hombres;2011;400
25245 Vilaller;Hombres;2010;405
25245 Vilaller;Hombres;2009;412
25245 Vilaller;Hombres;2008;405
25245 Vilaller;Hombres;2007;381
25245 Vilaller;Hombres;2006;388
25245 Vilaller;Hombres;2005;365
25245 Vilaller;Hombres;2004;306
25245 Vilaller;Hombres;2003;293
25245 Vilaller;Hombres;2002;299
25245 Vilaller;Hombres;2001;308
25245 Vilaller;Hombres;2000;303
25245 Vilaller;Hombres;1999;322
25245 Vilaller;Hombres;1998;327
25245 Vilaller;Hombres;1997;""
25245 Vilaller;Hombres;1996;328
25245 Vilaller;Mujeres;2025;222
25245 Vilaller;Mujeres;2024;224
25245 Vilaller;Mujeres;2023;225
25245 Vilaller;Mujeres;2022;246
25245 Vilaller;Mujeres;2021;261
25245 Vilaller;Mujeres;2020;258
25245 Vilaller;Mujeres;2019;267
25245 Vilaller;Mujeres;2018;255
25245 Vilaller;Mujeres;2017;255
25245 Vilaller;Mujeres;2016;257
25245 Vilaller;Mujeres;2015;263
25245 Vilaller;Mujeres;2014;259
25245 Vilaller;Mujeres;2013;285
25245 Vilaller;Mujeres;2012;285
25245 Vilaller;Mujeres;2011;291
25245 Vilaller;Mujeres;2010;291
25245 Vilaller;Mujeres;2009;303
25245 Vilaller;Mujeres;2008;294
25245 Vilaller;Mujeres;2007;275
25245 Vilaller;Mujeres;2006;290
25245 Vilaller;Mujeres;2005;279
25245 Vilaller;Mujeres;2004;271
25245 Vilaller;Mujeres;2003;277
25245 Vilaller;Mujeres;2002;280
25245 Vilaller;Mujeres;2001;281
25245 Vilaller;Mujeres;2000;275
25245 Vilaller;Mujeres;1999;289
25245 Vilaller;Mujeres;1998;291
25245 Vilaller;Mujeres;1997;""
25245 Vilaller;Mujeres;1996;290
25247 Vilamòs;Total;2025;174
25247 Vilamòs;Total;2024;175
25247 Vilamòs;Total;2023;167
25247 Vilamòs;Total;2022;172
25247 Vilamòs;Total;2021;164
25247 Vilamòs;Total;2020;178
25247 Vilamòs;Total;2019;187
25247 Vilamòs;Total;2018;159
25247 Vilamòs;Total;2017;151
25247 Vilamòs;Total;2016;151
25247 Vilamòs;Total;2015;164
25247 Vilamòs;Total;2014;171
25247 Vilamòs;Total;2013;178
25247 Vilamòs;Total;2012;180
25247 Vilamòs;Total;2011;189
25247 Vilamòs;Total;2010;202
25247 Vilamòs;Total;2009;174
25247 Vilamòs;Total;2008;187
25247 Vilamòs;Total;2007;184
25247 Vilamòs;Total;2006;173
25247 Vilamòs;Total;2005;175
25247 Vilamòs;Total;2004;166
25247 Vilamòs;Total;2003;159
25247 Vilamòs;Total;2002;151
25247 Vilamòs;Total;2001;151
25247 Vilamòs;Total;2000;152
25247 Vilamòs;Total;1999;149
25247 Vilamòs;Total;1998;148
25247 Vilamòs;Total;1997;""
25247 Vilamòs;Total;1996;148
25247 Vilamòs;Hombres;2025;101
25247 Vilamòs;Hombres;2024;100
25247 Vilamòs;Hombres;2023;92
25247 Vilamòs;Hombres;2022;99
25247 Vilamòs;Hombres;2021;90
25247 Vilamòs;Hombres;2020;95
25247 Vilamòs;Hombres;2019;100
25247 Vilamòs;Hombres;2018;90
25247 Vilamòs;Hombres;2017;83
25247 Vilamòs;Hombres;2016;81
25247 Vilamòs;Hombres;2015;92
25247 Vilamòs;Hombres;2014;95
25247 Vilamòs;Hombres;2013;100
25247 Vilamòs;Hombres;2012;104
25247 Vilamòs;Hombres;2011;103
25247 Vilamòs;Hombres;2010;108
25247 Vilamòs;Hombres;2009;95
25247 Vilamòs;Hombres;2008;99
25247 Vilamòs;Hombres;2007;100
25247 Vilamòs;Hombres;2006;94
25247 Vilamòs;Hombres;2005;94
25247 Vilamòs;Hombres;2004;91
25247 Vilamòs;Hombres;2003;88
25247 Vilamòs;Hombres;2002;76
25247 Vilamòs;Hombres;2001;76
25247 Vilamòs;Hombres;2000;78
25247 Vilamòs;Hombres;1999;76
25247 Vilamòs;Hombres;1998;73
25247 Vilamòs;Hombres;1997;""
25247 Vilamòs;Hombres;1996;72
25247 Vilamòs;Mujeres;2025;73
25247 Vilamòs;Mujeres;2024;75
25247 Vilamòs;Mujeres;2023;75
25247 Vilamòs;Mujeres;2022;73
25247 Vilamòs;Mujeres;2021;74
25247 Vilamòs;Mujeres;2020;83
25247 Vilamòs;Mujeres;2019;87
25247 Vilamòs;Mujeres;2018;69
25247 Vilamòs;Mujeres;2017;68
25247 Vilamòs;Mujeres;2016;70
25247 Vilamòs;Mujeres;2015;72
25247 Vilamòs;Mujeres;2014;76
25247 Vilamòs;Mujeres;2013;78
25247 Vilamòs;Mujeres;2012;76
25247 Vilamòs;Mujeres;2011;86
25247 Vilamòs;Mujeres;2010;94
25247 Vilamòs;Mujeres;2009;79
25247 Vilamòs;Mujeres;2008;88
25247 Vilamòs;Mujeres;2007;84
25247 Vilamòs;Mujeres;2006;79
25247 Vilamòs;Mujeres;2005;81
25247 Vilamòs;Mujeres;2004;75
25247 Vilamòs;Mujeres;2003;71
25247 Vilamòs;Mujeres;2002;75
25247 Vilamòs;Mujeres;2001;75
25247 Vilamòs;Mujeres;2000;74
25247 Vilamòs;Mujeres;1999;73
25247 Vilamòs;Mujeres;1998;75
25247 Vilamòs;Mujeres;1997;""
25247 Vilamòs;Mujeres;1996;76
25248 Vilanova de Bellpuig;Total;2025;1.150
25248 Vilanova de Bellpuig;Total;2024;1.168
25248 Vilanova de Bellpuig;Total;2023;1.183
25248 Vilanova de Bellpuig;Total;2022;1.179
25248 Vilanova de Bellpuig;Total;2021;1.178
25248 Vilanova de Bellpuig;Total;2020;1.183
25248 Vilanova de Bellpuig;Total;2019;1.181
25248 Vilanova de Bellpuig;Total;2018;1.170
25248 Vilanova de Bellpuig;Total;2017;1.159
25248 Vilanova de Bellpuig;Total;2016;1.168
25248 Vilanova de Bellpuig;Total;2015;1.175
25248 Vilanova de Bellpuig;Total;2014;1.179
25248 Vilanova de Bellpuig;Total;2013;1.164
25248 Vilanova de Bellpuig;Total;2012;1.213
25248 Vilanova de Bellpuig;Total;2011;1.206
25248 Vilanova de Bellpuig;Total;2010;1.194
25248 Vilanova de Bellpuig;Total;2009;1.170
25248 Vilanova de Bellpuig;Total;2008;1.157
25248 Vilanova de Bellpuig;Total;2007;1.119
25248 Vilanova de Bellpuig;Total;2006;1.100
25248 Vilanova de Bellpuig;Total;2005;1.112
25248 Vilanova de Bellpuig;Total;2004;1.116
25248 Vilanova de Bellpuig;Total;2003;1.111
25248 Vilanova de Bellpuig;Total;2002;1.112
25248 Vilanova de Bellpuig;Total;2001;1.136
25248 Vilanova de Bellpuig;Total;2000;1.139
25248 Vilanova de Bellpuig;Total;1999;1.159
25248 Vilanova de Bellpuig;Total;1998;1.163
25248 Vilanova de Bellpuig;Total;1997;""
25248 Vilanova de Bellpuig;Total;1996;1.184
25248 Vilanova de Bellpuig;Hombres;2025;584
25248 Vilanova de Bellpuig;Hombres;2024;593
25248 Vilanova de Bellpuig;Hombres;2023;592
25248 Vilanova de Bellpuig;Hombres;2022;596
25248 Vilanova de Bellpuig;Hombres;2021;601
25248 Vilanova de Bellpuig;Hombres;2020;600
25248 Vilanova de Bellpuig;Hombres;2019;599
25248 Vilanova de Bellpuig;Hombres;2018;582
25248 Vilanova de Bellpuig;Hombres;2017;587
25248 Vilanova de Bellpuig;Hombres;2016;602
25248 Vilanova de Bellpuig;Hombres;2015;604
25248 Vilanova de Bellpuig;Hombres;2014;603
25248 Vilanova de Bellpuig;Hombres;2013;595
25248 Vilanova de Bellpuig;Hombres;2012;630
25248 Vilanova de Bellpuig;Hombres;2011;626
25248 Vilanova de Bellpuig;Hombres;2010;623
25248 Vilanova de Bellpuig;Hombres;2009;602
25248 Vilanova de Bellpuig;Hombres;2008;605
25248 Vilanova de Bellpuig;Hombres;2007;581
25248 Vilanova de Bellpuig;Hombres;2006;568
25248 Vilanova de Bellpuig;Hombres;2005;560
25248 Vilanova de Bellpuig;Hombres;2004;549
25248 Vilanova de Bellpuig;Hombres;2003;547
25248 Vilanova de Bellpuig;Hombres;2002;545
25248 Vilanova de Bellpuig;Hombres;2001;564
25248 Vilanova de Bellpuig;Hombres;2000;567
25248 Vilanova de Bellpuig;Hombres;1999;573
25248 Vilanova de Bellpuig;Hombres;1998;576
25248 Vilanova de Bellpuig;Hombres;1997;""
25248 Vilanova de Bellpuig;Hombres;1996;582
25248 Vilanova de Bellpuig;Mujeres;2025;566
25248 Vilanova de Bellpuig;Mujeres;2024;575
25248 Vilanova de Bellpuig;Mujeres;2023;591
25248 Vilanova de Bellpuig;Mujeres;2022;583
25248 Vilanova de Bellpuig;Mujeres;2021;577
25248 Vilanova de Bellpuig;Mujeres;2020;583
25248 Vilanova de Bellpuig;Mujeres;2019;582
25248 Vilanova de Bellpuig;Mujeres;2018;588
25248 Vilanova de Bellpuig;Mujeres;2017;572
25248 Vilanova de Bellpuig;Mujeres;2016;566
25248 Vilanova de Bellpuig;Mujeres;2015;571
25248 Vilanova de Bellpuig;Mujeres;2014;576
25248 Vilanova de Bellpuig;Mujeres;2013;569
25248 Vilanova de Bellpuig;Mujeres;2012;583
25248 Vilanova de Bellpuig;Mujeres;2011;580
25248 Vilanova de Bellpuig;Mujeres;2010;571
25248 Vilanova de Bellpuig;Mujeres;2009;568
25248 Vilanova de Bellpuig;Mujeres;2008;552
25248 Vilanova de Bellpuig;Mujeres;2007;538
25248 Vilanova de Bellpuig;Mujeres;2006;532
25248 Vilanova de Bellpuig;Mujeres;2005;552
25248 Vilanova de Bellpuig;Mujeres;2004;567
25248 Vilanova de Bellpuig;Mujeres;2003;564
25248 Vilanova de Bellpuig;Mujeres;2002;567
25248 Vilanova de Bellpuig;Mujeres;2001;572
25248 Vilanova de Bellpuig;Mujeres;2000;572
25248 Vilanova de Bellpuig;Mujeres;1999;586
25248 Vilanova de Bellpuig;Mujeres;1998;587
25248 Vilanova de Bellpuig;Mujeres;1997;""
25248 Vilanova de Bellpuig;Mujeres;1996;602
25250 Vilanova de Meià;Total;2025;479
25250 Vilanova de Meià;Total;2024;466
25250 Vilanova de Meià;Total;2023;442
25250 Vilanova de Meià;Total;2022;413
25250 Vilanova de Meià;Total;2021;427
25250 Vilanova de Meià;Total;2020;415
25250 Vilanova de Meià;Total;2019;389
25250 Vilanova de Meià;Total;2018;395
25250 Vilanova de Meià;Total;2017;401
25250 Vilanova de Meià;Total;2016;414
25250 Vilanova de Meià;Total;2015;424
25250 Vilanova de Meià;Total;2014;422
25250 Vilanova de Meià;Total;2013;413
25250 Vilanova de Meià;Total;2012;423
25250 Vilanova de Meià;Total;2011;422
25250 Vilanova de Meià;Total;2010;420
25250 Vilanova de Meià;Total;2009;418
25250 Vilanova de Meià;Total;2008;405
25250 Vilanova de Meià;Total;2007;411
25250 Vilanova de Meià;Total;2006;432
25250 Vilanova de Meià;Total;2005;436
25250 Vilanova de Meià;Total;2004;433
25250 Vilanova de Meià;Total;2003;423
25250 Vilanova de Meià;Total;2002;438
25250 Vilanova de Meià;Total;2001;457
25250 Vilanova de Meià;Total;2000;473
25250 Vilanova de Meià;Total;1999;479
25250 Vilanova de Meià;Total;1998;478
25250 Vilanova de Meià;Total;1997;""
25250 Vilanova de Meià;Total;1996;485
25250 Vilanova de Meià;Hombres;2025;319
25250 Vilanova de Meià;Hombres;2024;306
25250 Vilanova de Meià;Hombres;2023;285
25250 Vilanova de Meià;Hombres;2022;249
25250 Vilanova de Meià;Hombres;2021;263
25250 Vilanova de Meià;Hombres;2020;249
25250 Vilanova de Meià;Hombres;2019;223
25250 Vilanova de Meià;Hombres;2018;225
25250 Vilanova de Meià;Hombres;2017;224
25250 Vilanova de Meià;Hombres;2016;232
25250 Vilanova de Meià;Hombres;2015;233
25250 Vilanova de Meià;Hombres;2014;224
25250 Vilanova de Meià;Hombres;2013;220
25250 Vilanova de Meià;Hombres;2012;223
25250 Vilanova de Meià;Hombres;2011;223
25250 Vilanova de Meià;Hombres;2010;218
25250 Vilanova de Meià;Hombres;2009;219
25250 Vilanova de Meià;Hombres;2008;215
25250 Vilanova de Meià;Hombres;2007;214
25250 Vilanova de Meià;Hombres;2006;226
25250 Vilanova de Meià;Hombres;2005;226
25250 Vilanova de Meià;Hombres;2004;226
25250 Vilanova de Meià;Hombres;2003;221
25250 Vilanova de Meià;Hombres;2002;224
25250 Vilanova de Meià;Hombres;2001;238
25250 Vilanova de Meià;Hombres;2000;244
25250 Vilanova de Meià;Hombres;1999;249
25250 Vilanova de Meià;Hombres;1998;252
25250 Vilanova de Meià;Hombres;1997;""
25250 Vilanova de Meià;Hombres;1996;253
25250 Vilanova de Meià;Mujeres;2025;160
25250 Vilanova de Meià;Mujeres;2024;160
25250 Vilanova de Meià;Mujeres;2023;157
25250 Vilanova de Meià;Mujeres;2022;164
25250 Vilanova de Meià;Mujeres;2021;164
25250 Vilanova de Meià;Mujeres;2020;166
25250 Vilanova de Meià;Mujeres;2019;166
25250 Vilanova de Meià;Mujeres;2018;170
25250 Vilanova de Meià;Mujeres;2017;177
25250 Vilanova de Meià;Mujeres;2016;182
25250 Vilanova de Meià;Mujeres;2015;191
25250 Vilanova de Meià;Mujeres;2014;198
25250 Vilanova de Meià;Mujeres;2013;193
25250 Vilanova de Meià;Mujeres;2012;200
25250 Vilanova de Meià;Mujeres;2011;199
25250 Vilanova de Meià;Mujeres;2010;202
25250 Vilanova de Meià;Mujeres;2009;199
25250 Vilanova de Meià;Mujeres;2008;190
25250 Vilanova de Meià;Mujeres;2007;197
25250 Vilanova de Meià;Mujeres;2006;206
25250 Vilanova de Meià;Mujeres;2005;210
25250 Vilanova de Meià;Mujeres;2004;207
25250 Vilanova de Meià;Mujeres;2003;202
25250 Vilanova de Meià;Mujeres;2002;214
25250 Vilanova de Meià;Mujeres;2001;219
25250 Vilanova de Meià;Mujeres;2000;229
25250 Vilanova de Meià;Mujeres;1999;230
25250 Vilanova de Meià;Mujeres;1998;226
25250 Vilanova de Meià;Mujeres;1997;""
25250 Vilanova de Meià;Mujeres;1996;232
25251 Vilanova de Segrià;Total;2025;1.094
25251 Vilanova de Segrià;Total;2024;1.065
25251 Vilanova de Segrià;Total;2023;1.045
25251 Vilanova de Segrià;Total;2022;1.021
25251 Vilanova de Segrià;Total;2021;1.000
25251 Vilanova de Segrià;Total;2020;985
25251 Vilanova de Segrià;Total;2019;977
25251 Vilanova de Segrià;Total;2018;945
25251 Vilanova de Segrià;Total;2017;943
25251 Vilanova de Segrià;Total;2016;941
25251 Vilanova de Segrià;Total;2015;940
25251 Vilanova de Segrià;Total;2014;930
25251 Vilanova de Segrià;Total;2013;900
25251 Vilanova de Segrià;Total;2012;896
25251 Vilanova de Segrià;Total;2011;870
25251 Vilanova de Segrià;Total;2010;862
25251 Vilanova de Segrià;Total;2009;845
25251 Vilanova de Segrià;Total;2008;822
25251 Vilanova de Segrià;Total;2007;831
25251 Vilanova de Segrià;Total;2006;809
25251 Vilanova de Segrià;Total;2005;806
25251 Vilanova de Segrià;Total;2004;765
25251 Vilanova de Segrià;Total;2003;782
25251 Vilanova de Segrià;Total;2002;800
25251 Vilanova de Segrià;Total;2001;806
25251 Vilanova de Segrià;Total;2000;789
25251 Vilanova de Segrià;Total;1999;762
25251 Vilanova de Segrià;Total;1998;749
25251 Vilanova de Segrià;Total;1997;""
25251 Vilanova de Segrià;Total;1996;705
25251 Vilanova de Segrià;Hombres;2025;590
25251 Vilanova de Segrià;Hombres;2024;573
25251 Vilanova de Segrià;Hombres;2023;563
25251 Vilanova de Segrià;Hombres;2022;547
25251 Vilanova de Segrià;Hombres;2021;544
25251 Vilanova de Segrià;Hombres;2020;529
25251 Vilanova de Segrià;Hombres;2019;518
25251 Vilanova de Segrià;Hombres;2018;494
25251 Vilanova de Segrià;Hombres;2017;497
25251 Vilanova de Segrià;Hombres;2016;498
25251 Vilanova de Segrià;Hombres;2015;497
25251 Vilanova de Segrià;Hombres;2014;487
25251 Vilanova de Segrià;Hombres;2013;473
25251 Vilanova de Segrià;Hombres;2012;465
25251 Vilanova de Segrià;Hombres;2011;457
25251 Vilanova de Segrià;Hombres;2010;454
25251 Vilanova de Segrià;Hombres;2009;446
25251 Vilanova de Segrià;Hombres;2008;435
25251 Vilanova de Segrià;Hombres;2007;447
25251 Vilanova de Segrià;Hombres;2006;427
25251 Vilanova de Segrià;Hombres;2005;416
25251 Vilanova de Segrià;Hombres;2004;388
25251 Vilanova de Segrià;Hombres;2003;396
25251 Vilanova de Segrià;Hombres;2002;402
25251 Vilanova de Segrià;Hombres;2001;417
25251 Vilanova de Segrià;Hombres;2000;405
25251 Vilanova de Segrià;Hombres;1999;390
25251 Vilanova de Segrià;Hombres;1998;382
25251 Vilanova de Segrià;Hombres;1997;""
25251 Vilanova de Segrià;Hombres;1996;351
25251 Vilanova de Segrià;Mujeres;2025;504
25251 Vilanova de Segrià;Mujeres;2024;492
25251 Vilanova de Segrià;Mujeres;2023;482
25251 Vilanova de Segrià;Mujeres;2022;474
25251 Vilanova de Segrià;Mujeres;2021;456
25251 Vilanova de Segrià;Mujeres;2020;456
25251 Vilanova de Segrià;Mujeres;2019;459
25251 Vilanova de Segrià;Mujeres;2018;451
25251 Vilanova de Segrià;Mujeres;2017;446
25251 Vilanova de Segrià;Mujeres;2016;443
25251 Vilanova de Segrià;Mujeres;2015;443
25251 Vilanova de Segrià;Mujeres;2014;443
25251 Vilanova de Segrià;Mujeres;2013;427
25251 Vilanova de Segrià;Mujeres;2012;431
25251 Vilanova de Segrià;Mujeres;2011;413
25251 Vilanova de Segrià;Mujeres;2010;408
25251 Vilanova de Segrià;Mujeres;2009;399
25251 Vilanova de Segrià;Mujeres;2008;387
25251 Vilanova de Segrià;Mujeres;2007;384
25251 Vilanova de Segrià;Mujeres;2006;382
25251 Vilanova de Segrià;Mujeres;2005;390
25251 Vilanova de Segrià;Mujeres;2004;377
25251 Vilanova de Segrià;Mujeres;2003;386
25251 Vilanova de Segrià;Mujeres;2002;398
25251 Vilanova de Segrià;Mujeres;2001;389
25251 Vilanova de Segrià;Mujeres;2000;384
25251 Vilanova de Segrià;Mujeres;1999;372
25251 Vilanova de Segrià;Mujeres;1998;367
25251 Vilanova de Segrià;Mujeres;1997;""
25251 Vilanova de Segrià;Mujeres;1996;354
25249 Vilanova de l'Aguda;Total;2025;192
25249 Vilanova de l'Aguda;Total;2024;193
25249 Vilanova de l'Aguda;Total;2023;196
25249 Vilanova de l'Aguda;Total;2022;200
25249 Vilanova de l'Aguda;Total;2021;194
25249 Vilanova de l'Aguda;Total;2020;200
25249 Vilanova de l'Aguda;Total;2019;197
25249 Vilanova de l'Aguda;Total;2018;202
25249 Vilanova de l'Aguda;Total;2017;206
25249 Vilanova de l'Aguda;Total;2016;213
25249 Vilanova de l'Aguda;Total;2015;218
25249 Vilanova de l'Aguda;Total;2014;228
25249 Vilanova de l'Aguda;Total;2013;237
25249 Vilanova de l'Aguda;Total;2012;242
25249 Vilanova de l'Aguda;Total;2011;236
25249 Vilanova de l'Aguda;Total;2010;235
25249 Vilanova de l'Aguda;Total;2009;234
25249 Vilanova de l'Aguda;Total;2008;227
25249 Vilanova de l'Aguda;Total;2007;235
25249 Vilanova de l'Aguda;Total;2006;246
25249 Vilanova de l'Aguda;Total;2005;242
25249 Vilanova de l'Aguda;Total;2004;248
25249 Vilanova de l'Aguda;Total;2003;256
25249 Vilanova de l'Aguda;Total;2002;264
25249 Vilanova de l'Aguda;Total;2001;266
25249 Vilanova de l'Aguda;Total;2000;273
25249 Vilanova de l'Aguda;Total;1999;270
25249 Vilanova de l'Aguda;Total;1998;270
25249 Vilanova de l'Aguda;Total;1997;""
25249 Vilanova de l'Aguda;Total;1996;296
25249 Vilanova de l'Aguda;Hombres;2025;101
25249 Vilanova de l'Aguda;Hombres;2024;101
25249 Vilanova de l'Aguda;Hombres;2023;95
25249 Vilanova de l'Aguda;Hombres;2022;99
25249 Vilanova de l'Aguda;Hombres;2021;95
25249 Vilanova de l'Aguda;Hombres;2020;98
25249 Vilanova de l'Aguda;Hombres;2019;97
25249 Vilanova de l'Aguda;Hombres;2018;101
25249 Vilanova de l'Aguda;Hombres;2017;102
25249 Vilanova de l'Aguda;Hombres;2016;105
25249 Vilanova de l'Aguda;Hombres;2015;108
25249 Vilanova de l'Aguda;Hombres;2014;112
25249 Vilanova de l'Aguda;Hombres;2013;119
25249 Vilanova de l'Aguda;Hombres;2012;120
25249 Vilanova de l'Aguda;Hombres;2011;120
25249 Vilanova de l'Aguda;Hombres;2010;117
25249 Vilanova de l'Aguda;Hombres;2009;117
25249 Vilanova de l'Aguda;Hombres;2008;116
25249 Vilanova de l'Aguda;Hombres;2007;121
25249 Vilanova de l'Aguda;Hombres;2006;123
25249 Vilanova de l'Aguda;Hombres;2005;120
25249 Vilanova de l'Aguda;Hombres;2004;124
25249 Vilanova de l'Aguda;Hombres;2003;130
25249 Vilanova de l'Aguda;Hombres;2002;134
25249 Vilanova de l'Aguda;Hombres;2001;135
25249 Vilanova de l'Aguda;Hombres;2000;140
25249 Vilanova de l'Aguda;Hombres;1999;138
25249 Vilanova de l'Aguda;Hombres;1998;141
25249 Vilanova de l'Aguda;Hombres;1997;""
25249 Vilanova de l'Aguda;Hombres;1996;156
25249 Vilanova de l'Aguda;Mujeres;2025;91
25249 Vilanova de l'Aguda;Mujeres;2024;92
25249 Vilanova de l'Aguda;Mujeres;2023;101
25249 Vilanova de l'Aguda;Mujeres;2022;101
25249 Vilanova de l'Aguda;Mujeres;2021;99
25249 Vilanova de l'Aguda;Mujeres;2020;102
25249 Vilanova de l'Aguda;Mujeres;2019;100
25249 Vilanova de l'Aguda;Mujeres;2018;101
25249 Vilanova de l'Aguda;Mujeres;2017;104
25249 Vilanova de l'Aguda;Mujeres;2016;108
25249 Vilanova de l'Aguda;Mujeres;2015;110
25249 Vilanova de l'Aguda;Mujeres;2014;116
25249 Vilanova de l'Aguda;Mujeres;2013;118
25249 Vilanova de l'Aguda;Mujeres;2012;122
25249 Vilanova de l'Aguda;Mujeres;2011;116
25249 Vilanova de l'Aguda;Mujeres;2010;118
25249 Vilanova de l'Aguda;Mujeres;2009;117
25249 Vilanova de l'Aguda;Mujeres;2008;111
25249 Vilanova de l'Aguda;Mujeres;2007;114
25249 Vilanova de l'Aguda;Mujeres;2006;123
25249 Vilanova de l'Aguda;Mujeres;2005;122
25249 Vilanova de l'Aguda;Mujeres;2004;124
25249 Vilanova de l'Aguda;Mujeres;2003;126
25249 Vilanova de l'Aguda;Mujeres;2002;130
25249 Vilanova de l'Aguda;Mujeres;2001;131
25249 Vilanova de l'Aguda;Mujeres;2000;133
25249 Vilanova de l'Aguda;Mujeres;1999;132
25249 Vilanova de l'Aguda;Mujeres;1998;129
25249 Vilanova de l'Aguda;Mujeres;1997;""
25249 Vilanova de l'Aguda;Mujeres;1996;140
25254 Vilanova de la Barca;Total;2025;1.163
25254 Vilanova de la Barca;Total;2024;1.107
25254 Vilanova de la Barca;Total;2023;1.090
25254 Vilanova de la Barca;Total;2022;1.110
25254 Vilanova de la Barca;Total;2021;1.127
25254 Vilanova de la Barca;Total;2020;1.088
25254 Vilanova de la Barca;Total;2019;1.036
25254 Vilanova de la Barca;Total;2018;1.039
25254 Vilanova de la Barca;Total;2017;1.044
25254 Vilanova de la Barca;Total;2016;1.054
25254 Vilanova de la Barca;Total;2015;1.099
25254 Vilanova de la Barca;Total;2014;1.120
25254 Vilanova de la Barca;Total;2013;1.141
25254 Vilanova de la Barca;Total;2012;1.160
25254 Vilanova de la Barca;Total;2011;1.185
25254 Vilanova de la Barca;Total;2010;1.235
25254 Vilanova de la Barca;Total;2009;1.273
25254 Vilanova de la Barca;Total;2008;1.181
25254 Vilanova de la Barca;Total;2007;1.105
25254 Vilanova de la Barca;Total;2006;1.122
25254 Vilanova de la Barca;Total;2005;1.050
25254 Vilanova de la Barca;Total;2004;939
25254 Vilanova de la Barca;Total;2003;904
25254 Vilanova de la Barca;Total;2002;905
25254 Vilanova de la Barca;Total;2001;915
25254 Vilanova de la Barca;Total;2000;921
25254 Vilanova de la Barca;Total;1999;907
25254 Vilanova de la Barca;Total;1998;923
25254 Vilanova de la Barca;Total;1997;""
25254 Vilanova de la Barca;Total;1996;962
25254 Vilanova de la Barca;Hombres;2025;648
25254 Vilanova de la Barca;Hombres;2024;599
25254 Vilanova de la Barca;Hombres;2023;595
25254 Vilanova de la Barca;Hombres;2022;611
25254 Vilanova de la Barca;Hombres;2021;625
25254 Vilanova de la Barca;Hombres;2020;592
25254 Vilanova de la Barca;Hombres;2019;535
25254 Vilanova de la Barca;Hombres;2018;531
25254 Vilanova de la Barca;Hombres;2017;533
25254 Vilanova de la Barca;Hombres;2016;535
25254 Vilanova de la Barca;Hombres;2015;546
25254 Vilanova de la Barca;Hombres;2014;563
25254 Vilanova de la Barca;Hombres;2013;568
25254 Vilanova de la Barca;Hombres;2012;583
25254 Vilanova de la Barca;Hombres;2011;606
25254 Vilanova de la Barca;Hombres;2010;636
25254 Vilanova de la Barca;Hombres;2009;643
25254 Vilanova de la Barca;Hombres;2008;581
25254 Vilanova de la Barca;Hombres;2007;551
25254 Vilanova de la Barca;Hombres;2006;576
25254 Vilanova de la Barca;Hombres;2005;535
25254 Vilanova de la Barca;Hombres;2004;472
25254 Vilanova de la Barca;Hombres;2003;452
25254 Vilanova de la Barca;Hombres;2002;456
25254 Vilanova de la Barca;Hombres;2001;459
25254 Vilanova de la Barca;Hombres;2000;459
25254 Vilanova de la Barca;Hombres;1999;446
25254 Vilanova de la Barca;Hombres;1998;456
25254 Vilanova de la Barca;Hombres;1997;""
25254 Vilanova de la Barca;Hombres;1996;471
25254 Vilanova de la Barca;Mujeres;2025;515
25254 Vilanova de la Barca;Mujeres;2024;508
25254 Vilanova de la Barca;Mujeres;2023;495
25254 Vilanova de la Barca;Mujeres;2022;499
25254 Vilanova de la Barca;Mujeres;2021;502
25254 Vilanova de la Barca;Mujeres;2020;496
25254 Vilanova de la Barca;Mujeres;2019;501
25254 Vilanova de la Barca;Mujeres;2018;508
25254 Vilanova de la Barca;Mujeres;2017;511
25254 Vilanova de la Barca;Mujeres;2016;519
25254 Vilanova de la Barca;Mujeres;2015;553
25254 Vilanova de la Barca;Mujeres;2014;557
25254 Vilanova de la Barca;Mujeres;2013;573
25254 Vilanova de la Barca;Mujeres;2012;577
25254 Vilanova de la Barca;Mujeres;2011;579
25254 Vilanova de la Barca;Mujeres;2010;599
25254 Vilanova de la Barca;Mujeres;2009;630
25254 Vilanova de la Barca;Mujeres;2008;600
25254 Vilanova de la Barca;Mujeres;2007;554
25254 Vilanova de la Barca;Mujeres;2006;546
25254 Vilanova de la Barca;Mujeres;2005;515
25254 Vilanova de la Barca;Mujeres;2004;467
25254 Vilanova de la Barca;Mujeres;2003;452
25254 Vilanova de la Barca;Mujeres;2002;449
25254 Vilanova de la Barca;Mujeres;2001;456
25254 Vilanova de la Barca;Mujeres;2000;462
25254 Vilanova de la Barca;Mujeres;1999;461
25254 Vilanova de la Barca;Mujeres;1998;467
25254 Vilanova de la Barca;Mujeres;1997;""
25254 Vilanova de la Barca;Mujeres;1996;491
25253 Vilosell, El;Total;2025;177
25253 Vilosell, El;Total;2024;194
25253 Vilosell, El;Total;2023;190
25253 Vilosell, El;Total;2022;195
25253 Vilosell, El;Total;2021;192
25253 Vilosell, El;Total;2020;173
25253 Vilosell, El;Total;2019;169
25253 Vilosell, El;Total;2018;168
25253 Vilosell, El;Total;2017;180
25253 Vilosell, El;Total;2016;185
25253 Vilosell, El;Total;2015;187
25253 Vilosell, El;Total;2014;188
25253 Vilosell, El;Total;2013;192
25253 Vilosell, El;Total;2012;197
25253 Vilosell, El;Total;2011;203
25253 Vilosell, El;Total;2010;200
25253 Vilosell, El;Total;2009;200
25253 Vilosell, El;Total;2008;203
25253 Vilosell, El;Total;2007;205
25253 Vilosell, El;Total;2006;202
25253 Vilosell, El;Total;2005;216
25253 Vilosell, El;Total;2004;242
25253 Vilosell, El;Total;2003;233
25253 Vilosell, El;Total;2002;194
25253 Vilosell, El;Total;2001;192
25253 Vilosell, El;Total;2000;197
25253 Vilosell, El;Total;1999;195
25253 Vilosell, El;Total;1998;195
25253 Vilosell, El;Total;1997;""
25253 Vilosell, El;Total;1996;201
25253 Vilosell, El;Hombres;2025;90
25253 Vilosell, El;Hombres;2024;98
25253 Vilosell, El;Hombres;2023;99
25253 Vilosell, El;Hombres;2022;103
25253 Vilosell, El;Hombres;2021;100
25253 Vilosell, El;Hombres;2020;89
25253 Vilosell, El;Hombres;2019;88
25253 Vilosell, El;Hombres;2018;85
25253 Vilosell, El;Hombres;2017;91
25253 Vilosell, El;Hombres;2016;91
25253 Vilosell, El;Hombres;2015;91
25253 Vilosell, El;Hombres;2014;92
25253 Vilosell, El;Hombres;2013;97
25253 Vilosell, El;Hombres;2012;101
25253 Vilosell, El;Hombres;2011;104
25253 Vilosell, El;Hombres;2010;102
25253 Vilosell, El;Hombres;2009;98
25253 Vilosell, El;Hombres;2008;101
25253 Vilosell, El;Hombres;2007;104
25253 Vilosell, El;Hombres;2006;99
25253 Vilosell, El;Hombres;2005;107
25253 Vilosell, El;Hombres;2004;120
25253 Vilosell, El;Hombres;2003;109
25253 Vilosell, El;Hombres;2002;91
25253 Vilosell, El;Hombres;2001;88
25253 Vilosell, El;Hombres;2000;88
25253 Vilosell, El;Hombres;1999;87
25253 Vilosell, El;Hombres;1998;86
25253 Vilosell, El;Hombres;1997;""
25253 Vilosell, El;Hombres;1996;89
25253 Vilosell, El;Mujeres;2025;87
25253 Vilosell, El;Mujeres;2024;96
25253 Vilosell, El;Mujeres;2023;91
25253 Vilosell, El;Mujeres;2022;92
25253 Vilosell, El;Mujeres;2021;92
25253 Vilosell, El;Mujeres;2020;84
25253 Vilosell, El;Mujeres;2019;81
25253 Vilosell, El;Mujeres;2018;83
25253 Vilosell, El;Mujeres;2017;89
25253 Vilosell, El;Mujeres;2016;94
25253 Vilosell, El;Mujeres;2015;96
25253 Vilosell, El;Mujeres;2014;96
25253 Vilosell, El;Mujeres;2013;95
25253 Vilosell, El;Mujeres;2012;96
25253 Vilosell, El;Mujeres;2011;99
25253 Vilosell, El;Mujeres;2010;98
25253 Vilosell, El;Mujeres;2009;102
25253 Vilosell, El;Mujeres;2008;102
25253 Vilosell, El;Mujeres;2007;101
25253 Vilosell, El;Mujeres;2006;103
25253 Vilosell, El;Mujeres;2005;109
25253 Vilosell, El;Mujeres;2004;122
25253 Vilosell, El;Mujeres;2003;124
25253 Vilosell, El;Mujeres;2002;103
25253 Vilosell, El;Mujeres;2001;104
25253 Vilosell, El;Mujeres;2000;109
25253 Vilosell, El;Mujeres;1999;108
25253 Vilosell, El;Mujeres;1998;109
25253 Vilosell, El;Mujeres;1997;""
25253 Vilosell, El;Mujeres;1996;112
25255 Vinaixa;Total;2025;437
25255 Vinaixa;Total;2024;450
25255 Vinaixa;Total;2023;445
25255 Vinaixa;Total;2022;465
25255 Vinaixa;Total;2021;464
25255 Vinaixa;Total;2020;450
25255 Vinaixa;Total;2019;470
25255 Vinaixa;Total;2018;482
25255 Vinaixa;Total;2017;483
25255 Vinaixa;Total;2016;499
25255 Vinaixa;Total;2015;526
25255 Vinaixa;Total;2014;546
25255 Vinaixa;Total;2013;567
25255 Vinaixa;Total;2012;572
25255 Vinaixa;Total;2011;574
25255 Vinaixa;Total;2010;609
25255 Vinaixa;Total;2009;607
25255 Vinaixa;Total;2008;602
25255 Vinaixa;Total;2007;591
25255 Vinaixa;Total;2006;604
25255 Vinaixa;Total;2005;607
25255 Vinaixa;Total;2004;586
25255 Vinaixa;Total;2003;600
25255 Vinaixa;Total;2002;618
25255 Vinaixa;Total;2001;617
25255 Vinaixa;Total;2000;627
25255 Vinaixa;Total;1999;619
25255 Vinaixa;Total;1998;639
25255 Vinaixa;Total;1997;""
25255 Vinaixa;Total;1996;650
25255 Vinaixa;Hombres;2025;232
25255 Vinaixa;Hombres;2024;239
25255 Vinaixa;Hombres;2023;234
25255 Vinaixa;Hombres;2022;244
25255 Vinaixa;Hombres;2021;244
25255 Vinaixa;Hombres;2020;235
25255 Vinaixa;Hombres;2019;249
25255 Vinaixa;Hombres;2018;252
25255 Vinaixa;Hombres;2017;254
25255 Vinaixa;Hombres;2016;257
25255 Vinaixa;Hombres;2015;268
25255 Vinaixa;Hombres;2014;278
25255 Vinaixa;Hombres;2013;291
25255 Vinaixa;Hombres;2012;292
25255 Vinaixa;Hombres;2011;297
25255 Vinaixa;Hombres;2010;310
25255 Vinaixa;Hombres;2009;313
25255 Vinaixa;Hombres;2008;309
25255 Vinaixa;Hombres;2007;305
25255 Vinaixa;Hombres;2006;307
25255 Vinaixa;Hombres;2005;310
25255 Vinaixa;Hombres;2004;292
25255 Vinaixa;Hombres;2003;298
25255 Vinaixa;Hombres;2002;309
25255 Vinaixa;Hombres;2001;299
25255 Vinaixa;Hombres;2000;302
25255 Vinaixa;Hombres;1999;301
25255 Vinaixa;Hombres;1998;311
25255 Vinaixa;Hombres;1997;""
25255 Vinaixa;Hombres;1996;319
25255 Vinaixa;Mujeres;2025;205
25255 Vinaixa;Mujeres;2024;211
25255 Vinaixa;Mujeres;2023;211
25255 Vinaixa;Mujeres;2022;221
25255 Vinaixa;Mujeres;2021;220
25255 Vinaixa;Mujeres;2020;215
25255 Vinaixa;Mujeres;2019;221
25255 Vinaixa;Mujeres;2018;230
25255 Vinaixa;Mujeres;2017;229
25255 Vinaixa;Mujeres;2016;242
25255 Vinaixa;Mujeres;2015;258
25255 Vinaixa;Mujeres;2014;268
25255 Vinaixa;Mujeres;2013;276
25255 Vinaixa;Mujeres;2012;280
25255 Vinaixa;Mujeres;2011;277
25255 Vinaixa;Mujeres;2010;299
25255 Vinaixa;Mujeres;2009;294
25255 Vinaixa;Mujeres;2008;293
25255 Vinaixa;Mujeres;2007;286
25255 Vinaixa;Mujeres;2006;297
25255 Vinaixa;Mujeres;2005;297
25255 Vinaixa;Mujeres;2004;294
25255 Vinaixa;Mujeres;2003;302
25255 Vinaixa;Mujeres;2002;309
25255 Vinaixa;Mujeres;2001;318
25255 Vinaixa;Mujeres;2000;325
25255 Vinaixa;Mujeres;1999;318
25255 Vinaixa;Mujeres;1998;328
25255 Vinaixa;Mujeres;1997;""
25255 Vinaixa;Mujeres;1996;331
25002 Àger;Total;2025;637
25002 Àger;Total;2024;602
25002 Àger;Total;2023;582
25002 Àger;Total;2022;580
25002 Àger;Total;2021;588
25002 Àger;Total;2020;580
25002 Àger;Total;2019;588
25002 Àger;Total;2018;611
25002 Àger;Total;2017;586
25002 Àger;Total;2016;602
25002 Àger;Total;2015;613
25002 Àger;Total;2014;594
25002 Àger;Total;2013;604
25002 Àger;Total;2012;593
25002 Àger;Total;2011;590
25002 Àger;Total;2010;584
25002 Àger;Total;2009;575
25002 Àger;Total;2008;557
25002 Àger;Total;2007;555
25002 Àger;Total;2006;491
25002 Àger;Total;2005;485
25002 Àger;Total;2004;502
25002 Àger;Total;2003;497
25002 Àger;Total;2002;507
25002 Àger;Total;2001;523
25002 Àger;Total;2000;528
25002 Àger;Total;1999;542
25002 Àger;Total;1998;542
25002 Àger;Total;1997;""
25002 Àger;Total;1996;553
25002 Àger;Hombres;2025;341
25002 Àger;Hombres;2024;326
25002 Àger;Hombres;2023;320
25002 Àger;Hombres;2022;318
25002 Àger;Hombres;2021;322
25002 Àger;Hombres;2020;314
25002 Àger;Hombres;2019;320
25002 Àger;Hombres;2018;324
25002 Àger;Hombres;2017;315
25002 Àger;Hombres;2016;322
25002 Àger;Hombres;2015;325
25002 Àger;Hombres;2014;314
25002 Àger;Hombres;2013;327
25002 Àger;Hombres;2012;322
25002 Àger;Hombres;2011;316
25002 Àger;Hombres;2010;313
25002 Àger;Hombres;2009;304
25002 Àger;Hombres;2008;302
25002 Àger;Hombres;2007;302
25002 Àger;Hombres;2006;270
25002 Àger;Hombres;2005;268
25002 Àger;Hombres;2004;269
25002 Àger;Hombres;2003;272
25002 Àger;Hombres;2002;279
25002 Àger;Hombres;2001;285
25002 Àger;Hombres;2000;284
25002 Àger;Hombres;1999;289
25002 Àger;Hombres;1998;289
25002 Àger;Hombres;1997;""
25002 Àger;Hombres;1996;292
25002 Àger;Mujeres;2025;296
25002 Àger;Mujeres;2024;276
25002 Àger;Mujeres;2023;262
25002 Àger;Mujeres;2022;262
25002 Àger;Mujeres;2021;266
25002 Àger;Mujeres;2020;266
25002 Àger;Mujeres;2019;268
25002 Àger;Mujeres;2018;287
25002 Àger;Mujeres;2017;271
25002 Àger;Mujeres;2016;280
25002 Àger;Mujeres;2015;288
25002 Àger;Mujeres;2014;280
25002 Àger;Mujeres;2013;277
25002 Àger;Mujeres;2012;271
25002 Àger;Mujeres;2011;274
25002 Àger;Mujeres;2010;271
25002 Àger;Mujeres;2009;271
25002 Àger;Mujeres;2008;255
25002 Àger;Mujeres;2007;253
25002 Àger;Mujeres;2006;221
25002 Àger;Mujeres;2005;217
25002 Àger;Mujeres;2004;233
25002 Àger;Mujeres;2003;225
25002 Àger;Mujeres;2002;228
25002 Àger;Mujeres;2001;238
25002 Àger;Mujeres;2000;244
25002 Àger;Mujeres;1999;253
25002 Àger;Mujeres;1998;253
25002 Àger;Mujeres;1997;""
25002 Àger;Mujeres;1996;261
